[13:34:28] [main/INFO]: ModLauncher running: args [--username, arifmini64, --version, forge-47.4.10, --gameDir, C:\Users\arifv\curseforge\minecraft\Instances\1.20.1-gregtech, --assetsDir, C:\Users\arifv\curseforge\minecraft\Install\assets, --assetIndex, 5, --uuid, f8f1bbe6f1cf43e8bda93c183c4bcbc3, --accessToken, ????????, --clientId, 87ed22-912d4e-e24aee-9d78e7-4bc13e, --xuid, 2535422421823277, --userType, msa, --versionType, release, --width, 1024, --height, 768, --quickPlayPath, C:\Users\arifv\curseforge\minecraft\Quickplay\19ae63fe-00e7-4c2f-ab82-5b8fd203fea2.json, --launchTarget, forgeclient, --fml.forgeVersion, 47.4.10, --fml.mcVersion, 1.20.1, --fml.forgeGroup, net.minecraftforge, --fml.mcpVersion, 20230612.114412]
[13:34:28] [main/INFO]: ModLauncher 10.0.9+10.0.9+main.dcd20f30 starting: java version 17.0.8 by Eclipse Adoptium; OS Windows 11 arch amd64 version 10.0
[13:34:29] [main/INFO]: Loading ImmediateWindowProvider fmlearlywindow
[13:34:30] [main/INFO]: Trying GL version 4.6
[13:34:30] [main/INFO]: Requested GL version 4.6 got version 4.6
[13:34:30] [main/INFO]: SpongePowered MIXIN Subsystem Version=0.8.5 Source=union:/C:/Users/arifv/curseforge/minecraft/Install/libraries/org/spongepowered/mixin/0.8.5/mixin-0.8.5.jar%23100!/ Service=ModLauncher Env=CLIENT
[13:34:30] [pool-2-thread-1/INFO]: GL info: NVIDIA GeForce RTX 4050 Laptop GPU/PCIe/SSE2 GL version 4.6.0 NVIDIA 572.61, NVIDIA Corporation
[13:34:31] [main/INFO]: Found mod file appliedenergistics2-forge-15.4.10.jar of type MOD with provider {mods folder locator at C:\Users\arifv\curseforge\minecraft\Instances\1.20.1-gregtech\mods}
[13:34:31] [main/INFO]: Found mod file architectury-9.2.14-forge.jar of type MOD with provider {mods folder locator at C:\Users\arifv\curseforge\minecraft\Instances\1.20.1-gregtech\mods}
[13:34:31] [main/INFO]: Found mod file balm-forge-1.20.1-7.3.42.jar of type MOD with provider {mods folder locator at C:\Users\arifv\curseforge\minecraft\Instances\1.20.1-gregtech\mods}
[13:34:31] [main/INFO]: Found mod file bibliocraft-1.20.1-1.3.1.jar of type MOD with provider {mods folder locator at C:\Users\arifv\curseforge\minecraft\Instances\1.20.1-gregtech\mods}
[13:34:31] [main/INFO]: Found mod file botarium-forge-1.20.1-2.3.4.jar of type MOD with provider {mods folder locator at C:\Users\arifv\curseforge\minecraft\Instances\1.20.1-gregtech\mods}
[13:34:31] [main/INFO]: Found mod file buildinggadgets2-1.0.8.jar of type MOD with provider {mods folder locator at C:\Users\arifv\curseforge\minecraft\Instances\1.20.1-gregtech\mods}
[13:34:31] [main/INFO]: Found mod file cloth-config-11.1.136-forge.jar of type MOD with provider {mods folder locator at C:\Users\arifv\curseforge\minecraft\Instances\1.20.1-gregtech\mods}
[13:34:31] [main/INFO]: Found mod file colormixer-1.0.0.jar of type MOD with provider {mods folder locator at C:\Users\arifv\curseforge\minecraft\Instances\1.20.1-gregtech\mods}
[13:34:31] [main/INFO]: Found mod file create-1.20.1-6.0.8.jar of type MOD with provider {mods folder locator at C:\Users\arifv\curseforge\minecraft\Instances\1.20.1-gregtech\mods}
[13:34:31] [main/INFO]: Found mod file createaddition-1.20.1-1.3.3.jar of type MOD with provider {mods folder locator at C:\Users\arifv\curseforge\minecraft\Instances\1.20.1-gregtech\mods}
[13:34:31] [main/INFO]: Found mod file FluxNetworks-1.20.1-7.2.1.15.jar of type MOD with provider {mods folder locator at C:\Users\arifv\curseforge\minecraft\Instances\1.20.1-gregtech\mods}
[13:34:31] [main/INFO]: Found mod file FramedBlocks-9.4.3.jar of type MOD with provider {mods folder locator at C:\Users\arifv\curseforge\minecraft\Instances\1.20.1-gregtech\mods}
[13:34:31] [main/INFO]: Found mod file ftb-chunks-forge-2001.3.8.jar of type MOD with provider {mods folder locator at C:\Users\arifv\curseforge\minecraft\Instances\1.20.1-gregtech\mods}
[13:34:31] [main/INFO]: Found mod file ftb-essentials-forge-2001.2.4.jar of type MOD with provider {mods folder locator at C:\Users\arifv\curseforge\minecraft\Instances\1.20.1-gregtech\mods}
[13:34:31] [main/INFO]: Found mod file ftb-library-forge-2001.2.13.jar of type MOD with provider {mods folder locator at C:\Users\arifv\curseforge\minecraft\Instances\1.20.1-gregtech\mods}
[13:34:31] [main/INFO]: Found mod file ftb-teams-forge-2001.3.2.jar of type MOD with provider {mods folder locator at C:\Users\arifv\curseforge\minecraft\Instances\1.20.1-gregtech\mods}
[13:34:31] [main/INFO]: Found mod file ftbbackups2-forge-1.20-1.0.23.jar of type MOD with provider {mods folder locator at C:\Users\arifv\curseforge\minecraft\Instances\1.20.1-gregtech\mods}
[13:34:31] [main/INFO]: Found mod file gcyr-1.20.1-0.2.9.jar of type MOD with provider {mods folder locator at C:\Users\arifv\curseforge\minecraft\Instances\1.20.1-gregtech\mods}
[13:34:31] [main/INFO]: Found mod file gcyrextras-1.20.1-0.1.2.jar of type MOD with provider {mods folder locator at C:\Users\arifv\curseforge\minecraft\Instances\1.20.1-gregtech\mods}
[13:34:31] [main/INFO]: Found mod file gcyrextras-1.20.1-0.1.3.jar of type MOD with provider {mods folder locator at C:\Users\arifv\curseforge\minecraft\Instances\1.20.1-gregtech\mods}
[13:34:31] [main/INFO]: Found mod file gregfluxology-0.0.2.jar of type MOD with provider {mods folder locator at C:\Users\arifv\curseforge\minecraft\Instances\1.20.1-gregtech\mods}
[13:34:31] [main/INFO]: Found mod file gregtech_steam_expansion-0.1.0.jar of type MOD with provider {mods folder locator at C:\Users\arifv\curseforge\minecraft\Instances\1.20.1-gregtech\mods}
[13:34:31] [main/INFO]: Found mod file gregtechterminals-6.8.5-fix.jar of type MOD with provider {mods folder locator at C:\Users\arifv\curseforge\minecraft\Instances\1.20.1-gregtech\mods}
[13:34:31] [main/INFO]: Found mod file gt_solar-1.20.1-0.2.1.jar of type MOD with provider {mods folder locator at C:\Users\arifv\curseforge\minecraft\Instances\1.20.1-gregtech\mods}
[13:34:31] [main/INFO]: Found mod file gtceu-1.20.1-7.5.3.jar of type MOD with provider {mods folder locator at C:\Users\arifv\curseforge\minecraft\Instances\1.20.1-gregtech\mods}
[13:34:31] [main/INFO]: Found mod file gtec-1.20.1-0.3.0.jar of type MOD with provider {mods folder locator at C:\Users\arifv\curseforge\minecraft\Instances\1.20.1-gregtech\mods}
[13:34:31] [main/INFO]: Found mod file gtextra-1.1.0.jar of type MOD with provider {mods folder locator at C:\Users\arifv\curseforge\minecraft\Instances\1.20.1-gregtech\mods}
[13:34:31] [main/INFO]: Found mod file gtmthings-1.6.0.jar of type MOD with provider {mods folder locator at C:\Users\arifv\curseforge\minecraft\Instances\1.20.1-gregtech\mods}
[13:34:31] [main/INFO]: Found mod file gtmutils-2.10.1.jar of type MOD with provider {mods folder locator at C:\Users\arifv\curseforge\minecraft\Instances\1.20.1-gregtech\mods}
[13:34:31] [main/INFO]: Found mod file gtnn-1.20.1-1.3.9.jar of type MOD with provider {mods folder locator at C:\Users\arifv\curseforge\minecraft\Instances\1.20.1-gregtech\mods}
[13:34:31] [main/INFO]: Found mod file gttruesteam-0.3.0.jar of type MOD with provider {mods folder locator at C:\Users\arifv\curseforge\minecraft\Instances\1.20.1-gregtech\mods}
[13:34:31] [main/INFO]: Found mod file guideme-20.1.15.jar of type MOD with provider {mods folder locator at C:\Users\arifv\curseforge\minecraft\Instances\1.20.1-gregtech\mods}
[13:34:31] [main/INFO]: Found mod file industrialdeco-1.0.2.jar of type MOD with provider {mods folder locator at C:\Users\arifv\curseforge\minecraft\Instances\1.20.1-gregtech\mods}
[13:34:31] [main/INFO]: Found mod file inventoryessentials-forge-1.20.1-8.2.19.jar of type MOD with provider {mods folder locator at C:\Users\arifv\curseforge\minecraft\Instances\1.20.1-gregtech\mods}
[13:34:31] [main/INFO]: Found mod file Jade-1.20.1-Forge-11.13.3.jar of type MOD with provider {mods folder locator at C:\Users\arifv\curseforge\minecraft\Instances\1.20.1-gregtech\mods}
[13:34:31] [main/INFO]: Found mod file kubejs-forge-2001.6.5-build.26.jar of type MOD with provider {mods folder locator at C:\Users\arifv\curseforge\minecraft\Instances\1.20.1-gregtech\mods}
[13:34:31] [main/INFO]: Found mod file markdown_manual-MC1.20.1-forge-1.2.5+c3f0b88.jar of type MOD with provider {mods folder locator at C:\Users\arifv\curseforge\minecraft\Instances\1.20.1-gregtech\mods}
[13:34:31] [main/INFO]: Found mod file mcw-bridges-3.1.2-mc1.20.1forge.jar of type MOD with provider {mods folder locator at C:\Users\arifv\curseforge\minecraft\Instances\1.20.1-gregtech\mods}
[13:34:31] [main/INFO]: Found mod file mcw-doors-1.1.5-mc1.20.1forge.jar of type MOD with provider {mods folder locator at C:\Users\arifv\curseforge\minecraft\Instances\1.20.1-gregtech\mods}
[13:34:31] [main/INFO]: Found mod file mcw-furniture-3.4.1-mc1.20.1forge.jar of type MOD with provider {mods folder locator at C:\Users\arifv\curseforge\minecraft\Instances\1.20.1-gregtech\mods}
[13:34:31] [main/INFO]: Found mod file mcw-holidays-1.1.2-mc1.20.1forge.jar of type MOD with provider {mods folder locator at C:\Users\arifv\curseforge\minecraft\Instances\1.20.1-gregtech\mods}
[13:34:31] [main/INFO]: Found mod file mcw-lights-1.1.5-mc1.20.1forge.jar of type MOD with provider {mods folder locator at C:\Users\arifv\curseforge\minecraft\Instances\1.20.1-gregtech\mods}
[13:34:31] [main/INFO]: Found mod file mcw-mcwfences-1.2.1-mc1.20.1forge.jar of type MOD with provider {mods folder locator at C:\Users\arifv\curseforge\minecraft\Instances\1.20.1-gregtech\mods}
[13:34:31] [main/INFO]: Found mod file mcw-mcwpaths-1.1.1-mc1.20.1forge.jar of type MOD with provider {mods folder locator at C:\Users\arifv\curseforge\minecraft\Instances\1.20.1-gregtech\mods}
[13:34:31] [main/INFO]: Found mod file mcw-mcwstairs-1.0.2-mc1.20.1forge.jar of type MOD with provider {mods folder locator at C:\Users\arifv\curseforge\minecraft\Instances\1.20.1-gregtech\mods}
[13:34:31] [main/INFO]: Found mod file mcw-mcwwindows-2.4.2-mc1.20.1forge.jar of type MOD with provider {mods folder locator at C:\Users\arifv\curseforge\minecraft\Instances\1.20.1-gregtech\mods}
[13:34:31] [main/INFO]: Found mod file mcw-paintings-1.1.0-mc1.20.1forge.jar of type MOD with provider {mods folder locator at C:\Users\arifv\curseforge\minecraft\Instances\1.20.1-gregtech\mods}
[13:34:31] [main/INFO]: Found mod file mcw-roofs-2.3.2-mc1.20.1forge.jar of type MOD with provider {mods folder locator at C:\Users\arifv\curseforge\minecraft\Instances\1.20.1-gregtech\mods}
[13:34:31] [main/INFO]: Found mod file mcw-trapdoors-1.1.5-mc1.20.1forge.jar of type MOD with provider {mods folder locator at C:\Users\arifv\curseforge\minecraft\Instances\1.20.1-gregtech\mods}
[13:34:31] [main/INFO]: Found mod file modnametooltip-1.20.1-1.20.0.jar of type MOD with provider {mods folder locator at C:\Users\arifv\curseforge\minecraft\Instances\1.20.1-gregtech\mods}
[13:34:31] [main/INFO]: Found mod file MouseTweaks-forge-mc1.20.1-2.25.1.jar of type MOD with provider {mods folder locator at C:\Users\arifv\curseforge\minecraft\Instances\1.20.1-gregtech\mods}
[13:34:31] [main/INFO]: Found mod file opencomputers-1.20.1-1.9.0-2.jar of type MOD with provider {mods folder locator at C:\Users\arifv\curseforge\minecraft\Instances\1.20.1-gregtech\mods}
[13:34:31] [main/INFO]: Found mod file OpenStairs 1.20.1 v1.5.jar of type MOD with provider {mods folder locator at C:\Users\arifv\curseforge\minecraft\Instances\1.20.1-gregtech\mods}
[13:34:31] [main/INFO]: Found mod file packetfixer-3.3.2-1.18-1.20.4-merged.jar of type MOD with provider {mods folder locator at C:\Users\arifv\curseforge\minecraft\Instances\1.20.1-gregtech\mods}
[13:34:31] [main/INFO]: Found mod file polylib-forge-2000.0.3-build.143.jar of type MOD with provider {mods folder locator at C:\Users\arifv\curseforge\minecraft\Instances\1.20.1-gregtech\mods}
[13:34:31] [main/INFO]: Found mod file probejs-6.0.1-forge.jar of type MOD with provider {mods folder locator at C:\Users\arifv\curseforge\minecraft\Instances\1.20.1-gregtech\mods}
[13:34:31] [main/INFO]: Found mod file REIPluginCompatibilities-forge-12.0.93.jar of type MOD with provider {mods folder locator at C:\Users\arifv\curseforge\minecraft\Instances\1.20.1-gregtech\mods}
[13:34:31] [main/INFO]: Found mod file resourcefulconfig-forge-1.20.1-2.1.3.jar of type MOD with provider {mods folder locator at C:\Users\arifv\curseforge\minecraft\Instances\1.20.1-gregtech\mods}
[13:34:31] [main/INFO]: Found mod file resourcefullib-forge-1.20.1-2.1.29.jar of type MOD with provider {mods folder locator at C:\Users\arifv\curseforge\minecraft\Instances\1.20.1-gregtech\mods}
[13:34:31] [main/INFO]: Found mod file rhino-forge-2001.2.3-build.10.jar of type MOD with provider {mods folder locator at C:\Users\arifv\curseforge\minecraft\Instances\1.20.1-gregtech\mods}
[13:34:31] [main/INFO]: Found mod file RoughlyEnoughItems-12.1.785-forge.jar of type MOD with provider {mods folder locator at C:\Users\arifv\curseforge\minecraft\Instances\1.20.1-gregtech\mods}
[13:34:31] [main/INFO]: Found mod file ScalableCatsForce-3.3.1-build-0-with-library.jar of type LANGPROVIDER with provider {mods folder locator at C:\Users\arifv\curseforge\minecraft\Instances\1.20.1-gregtech\mods}
[13:34:31] [main/INFO]: Found mod file steamadditions-1.5.2.jar of type MOD with provider {mods folder locator at C:\Users\arifv\curseforge\minecraft\Instances\1.20.1-gregtech\mods}
[13:34:31] [main/WARN]: Mod file C:\Users\arifv\curseforge\minecraft\Install\libraries\net\minecraftforge\fmlcore\1.20.1-47.4.10\fmlcore-1.20.1-47.4.10.jar is missing mods.toml file
[13:34:31] [main/WARN]: Mod file C:\Users\arifv\curseforge\minecraft\Install\libraries\net\minecraftforge\javafmllanguage\1.20.1-47.4.10\javafmllanguage-1.20.1-47.4.10.jar is missing mods.toml file
[13:34:31] [main/WARN]: Mod file C:\Users\arifv\curseforge\minecraft\Install\libraries\net\minecraftforge\lowcodelanguage\1.20.1-47.4.10\lowcodelanguage-1.20.1-47.4.10.jar is missing mods.toml file
[13:34:31] [main/WARN]: Mod file C:\Users\arifv\curseforge\minecraft\Install\libraries\net\minecraftforge\mclanguage\1.20.1-47.4.10\mclanguage-1.20.1-47.4.10.jar is missing mods.toml file
[13:34:31] [main/INFO]: Found mod file fmlcore-1.20.1-47.4.10.jar of type LIBRARY with provider net.minecraftforge.fml.loading.moddiscovery.MinecraftLocator@49b07ee3
[13:34:31] [main/INFO]: Found mod file javafmllanguage-1.20.1-47.4.10.jar of type LANGPROVIDER with provider net.minecraftforge.fml.loading.moddiscovery.MinecraftLocator@49b07ee3
[13:34:31] [main/INFO]: Found mod file lowcodelanguage-1.20.1-47.4.10.jar of type LANGPROVIDER with provider net.minecraftforge.fml.loading.moddiscovery.MinecraftLocator@49b07ee3
[13:34:31] [main/INFO]: Found mod file mclanguage-1.20.1-47.4.10.jar of type LANGPROVIDER with provider net.minecraftforge.fml.loading.moddiscovery.MinecraftLocator@49b07ee3
[13:34:31] [main/INFO]: Found mod file client-1.20.1-20230612.114412-srg.jar of type MOD with provider net.minecraftforge.fml.loading.moddiscovery.MinecraftLocator@49b07ee3
[13:34:31] [main/INFO]: Found mod file forge-1.20.1-47.4.10-universal.jar of type MOD with provider net.minecraftforge.fml.loading.moddiscovery.MinecraftLocator@49b07ee3
[13:34:32] [main/INFO]: Found 20 dependencies adding them to mods collection
[13:34:32] [main/INFO]: Found mod file MixinSquared-0.3.2-beta.4.jar of type GAMELIBRARY with provider net.minecraftforge.fml.loading.moddiscovery.JarInJarDependencyLocator@6a9b0a6f
[13:34:32] [main/INFO]: Found mod file kuma-api-forge-20.1.12+1.20.1.jar of type MOD with provider net.minecraftforge.fml.loading.moddiscovery.JarInJarDependencyLocator@6a9b0a6f
[13:34:32] [main/INFO]: Found mod file MixinExtras-0.5.3.jar of type GAMELIBRARY with provider net.minecraftforge.fml.loading.moddiscovery.JarInJarDependencyLocator@6a9b0a6f
[13:34:32] [main/INFO]: Found mod file configuration-forge-1.20.1-2.2.0.jar of type MOD with provider net.minecraftforge.fml.loading.moddiscovery.JarInJarDependencyLocator@6a9b0a6f
[13:34:32] [main/INFO]: Found mod file javaparser-symbol-solver-core-3.25.8.jar of type GAMELIBRARY with provider net.minecraftforge.fml.loading.moddiscovery.JarInJarDependencyLocator@6a9b0a6f
[13:34:32] [main/INFO]: Found mod file yabn-1.0.3.jar of type GAMELIBRARY with provider net.minecraftforge.fml.loading.moddiscovery.JarInJarDependencyLocator@6a9b0a6f
[13:34:32] [main/INFO]: Found mod file kfflang-4.20.0.jar of type LANGPROVIDER with provider net.minecraftforge.fml.loading.moddiscovery.JarInJarDependencyLocator@6a9b0a6f
[13:34:32] [main/INFO]: Found mod file Ponder-Forge-1.20.1-1.0.91.jar of type MOD with provider net.minecraftforge.fml.loading.moddiscovery.JarInJarDependencyLocator@6a9b0a6f
[13:34:32] [main/INFO]: Found mod file ldlib-forge-1.20.1-1.0.40.b.jar of type MOD with provider net.minecraftforge.fml.loading.moddiscovery.JarInJarDependencyLocator@6a9b0a6f
[13:34:32] [main/INFO]: Found mod file Registrate-MC1.20-1.3.11.jar of type GAMELIBRARY with provider net.minecraftforge.fml.loading.moddiscovery.JarInJarDependencyLocator@6a9b0a6f
[13:34:32] [main/INFO]: Found mod file mixinsquared-neoforge-0.3.2-beta.4.jar of type GAMELIBRARY with provider net.minecraftforge.fml.loading.moddiscovery.JarInJarDependencyLocator@6a9b0a6f
[13:34:32] [main/INFO]: Found mod file mixinextras-forge-0.5.3.jar of type GAMELIBRARY with provider net.minecraftforge.fml.loading.moddiscovery.JarInJarDependencyLocator@6a9b0a6f
[13:34:32] [main/INFO]: Found mod file caffeine-3.2.1.jar of type GAMELIBRARY with provider net.minecraftforge.fml.loading.moddiscovery.JarInJarDependencyLocator@6a9b0a6f
[13:34:32] [main/INFO]: Found mod file kffmod-4.20.0.jar of type MOD with provider net.minecraftforge.fml.loading.moddiscovery.JarInJarDependencyLocator@6a9b0a6f
[13:34:32] [main/INFO]: Found mod file flywheel-forge-1.20.1-1.0.5.jar of type MOD with provider net.minecraftforge.fml.loading.moddiscovery.JarInJarDependencyLocator@6a9b0a6f
[13:34:32] [main/INFO]: Found mod file bytecodecs-1.0.2.jar of type GAMELIBRARY with provider net.minecraftforge.fml.loading.moddiscovery.JarInJarDependencyLocator@6a9b0a6f
[13:34:32] [main/INFO]: Found mod file Java-WebSocket-1.5.6.jar of type GAMELIBRARY with provider net.minecraftforge.fml.loading.moddiscovery.JarInJarDependencyLocator@6a9b0a6f
[13:34:32] [main/INFO]: Found mod file vineflower-1.9.3.jar of type GAMELIBRARY with provider net.minecraftforge.fml.loading.moddiscovery.JarInJarDependencyLocator@6a9b0a6f
[13:34:32] [main/INFO]: Found mod file kotlinforforge-4.20.0.jar of type LIBRARY with provider net.minecraftforge.fml.loading.moddiscovery.JarInJarDependencyLocator@6a9b0a6f
[13:34:32] [main/INFO]: Found mod file kfflib-4.20.0.jar of type GAMELIBRARY with provider net.minecraftforge.fml.loading.moddiscovery.JarInJarDependencyLocator@6a9b0a6f
[13:34:37] [main/INFO]: Compatibility level set to JAVA_17
[13:34:37] [main/ERROR]: Mixin config rei-jei-internals-workaround.mixins.json does not specify "minVersion" property
[13:34:37] [main/ERROR]: Mixin config rei.mixins.json does not specify "minVersion" property
[13:34:37] [main/INFO]: Launching target 'forgeclient' with arguments [--version, forge-47.4.10, --gameDir, C:\Users\arifv\curseforge\minecraft\Instances\1.20.1-gregtech, --assetsDir, C:\Users\arifv\curseforge\minecraft\Install\assets, --uuid, f8f1bbe6f1cf43e8bda93c183c4bcbc3, --username, arifmini64, --assetIndex, 5, --accessToken, ????????, --clientId, 87ed22-912d4e-e24aee-9d78e7-4bc13e, --xuid, 2535422421823277, --userType, msa, --versionType, release, --width, 1024, --height, 768, --quickPlayPath, C:\Users\arifv\curseforge\minecraft\Quickplay\19ae63fe-00e7-4c2f-ab82-5b8fd203fea2.json]
[13:34:37] [main/WARN]: Reference map 'probejs-forge-refmap.json' for probejs.mixins.json could not be read. If this is a development environment you can ignore this message
[13:34:37] [main/INFO]: Packet Fixer forge 1.19.4-1.20.1 has been applied successfully.
[13:34:38] [main/WARN]: Error loading class: mezz/jei/library/gui/recipes/layout/builder/RecipeSlotBuilder (java.lang.ClassNotFoundException: mezz.jei.library.gui.recipes.layout.builder.RecipeSlotBuilder)
[13:34:38] [main/WARN]: @Mixin target mezz.jei.library.gui.recipes.layout.builder.RecipeSlotBuilder was not found ldlib-common.mixins.json:jei.RecipeSlotBuilderMixin
[13:34:38] [main/WARN]: Error loading class: mezz/jei/library/gui/ingredients/RecipeSlot (java.lang.ClassNotFoundException: mezz.jei.library.gui.ingredients.RecipeSlot)
[13:34:38] [main/WARN]: @Mixin target mezz.jei.library.gui.ingredients.RecipeSlot was not found ldlib-common.mixins.json:jei.RecipeSlotMixin
[13:34:38] [main/WARN]: Error loading class: com/simibubi/create/foundation/ponder/PonderWorld (java.lang.ClassNotFoundException: com.simibubi.create.foundation.ponder.PonderWorld)
[13:34:39] [main/WARN]: Error loading class: com/lowdragmc/shimmer/forge/platform/ForgePlatformHelper (java.lang.ClassNotFoundException: com.lowdragmc.shimmer.forge.platform.ForgePlatformHelper)
[13:34:39] [main/WARN]: @Mixin target com.lowdragmc.shimmer.forge.platform.ForgePlatformHelper was not found gtnn.mixins.json:client.ShimmerMixin
[13:34:39] [main/WARN]: Error loading class: dev/emi/emi/EmiUtil (java.lang.ClassNotFoundException: dev.emi.emi.EmiUtil)
[13:34:39] [main/WARN]: Error loading class: mezz/jei/forge/platform/FluidHelper (java.lang.ClassNotFoundException: mezz.jei.forge.platform.FluidHelper)
[13:34:39] [main/WARN]: @Mixin target mezz.jei.forge.platform.FluidHelper was not found gtceu.mixins.json:jei.FluidHelperMixin
[13:34:39] [main/WARN]: Error loading class: xaero/map/gui/GuiMap (java.lang.ClassNotFoundException: xaero.map.gui.GuiMap)
[13:34:39] [main/WARN]: @Mixin target xaero.map.gui.GuiMap was not found create.mixins.json:compat.xaeros.XaeroFullscreenMapAccessor
[13:34:39] [main/WARN]: Error loading class: xaero/map/gui/GuiMap (java.lang.ClassNotFoundException: xaero.map.gui.GuiMap)
[13:34:39] [main/WARN]: @Mixin target xaero.map.gui.GuiMap was not found create.mixins.json:compat.xaeros.XaeroFullscreenMapMixin
[13:34:39] [main/INFO]: Initializing MixinExtras via com.llamalad7.mixinextras.service.MixinExtrasServiceImpl(version=0.5.3).
[13:34:49] [Datafixer Bootstrap/INFO]: 188 Datafixer optimizations took 185 milliseconds
[13:34:51] [pool-4-thread-1/WARN]: Unable to find class com.simibubi.create.foundation.ponder.PonderWorld. Integration with PonderJS disabled.
[13:34:51] [Render thread/WARN]: Assets URL 'union:/C:/Users/arifv/curseforge/minecraft/Install/libraries/net/minecraft/client/1.20.1-20230612.114412/client-1.20.1-20230612.114412-srg.jar%23282!/assets/.mcassetsroot' uses unexpected schema
[13:34:51] [Render thread/WARN]: Assets URL 'union:/C:/Users/arifv/curseforge/minecraft/Install/libraries/net/minecraft/client/1.20.1-20230612.114412/client-1.20.1-20230612.114412-srg.jar%23282!/data/.mcassetsroot' uses unexpected schema
[13:34:52] [Render thread/INFO]: Environment: authHost='https://authserver.mojang.com', accountsHost='https://api.mojang.com', sessionHost='https://sessionserver.mojang.com', servicesHost='https://api.minecraftservices.com', name='PROD'
[13:34:52] [Render thread/INFO]: Setting user: arifmini64
[13:34:53] [Render thread/INFO]: Backend library: LWJGL version 3.3.1 build 7
[13:34:53] [Render thread/INFO]: Loaded client.properties
[13:34:53] [modloading-worker-0/INFO]: LowDragLib is initializing on platform: Forge
[13:34:53] [modloading-worker-0/INFO]: Forge mod loading, version 47.4.10, for MC 1.20.1 with MCP 20230612.114412
[13:34:53] [modloading-worker-0/INFO]: MinecraftForge v47.4.10 Initialized
[13:34:53] [modloading-worker-0/INFO]: Registering S2C receiver with id architectury:sync_ids
[13:34:53] [modloading-worker-0/INFO]: Registering C2S receiver with id architectury:sync_ids
[13:34:53] [modloading-worker-0/INFO]: Registering S2C receiver with id ftbessentials:update_tab_name
[13:34:54] [modloading-worker-0/INFO]: Create 6.0.8 initializing! Commit hash: 1a1a9a2819b4f89f78caec41b55ed8cb222fa24b
[13:34:54] [modloading-worker-0/WARN]: Error loading class: org/embeddedt/modernfix/api/entrypoint/ModernFixClientIntegration (java.lang.ClassNotFoundException: org.embeddedt.modernfix.api.entrypoint.ModernFixClientIntegration)
[13:34:55] [modloading-worker-0/INFO]: Registering S2C receiver with id ftblibrary:edit_nbt
[13:34:55] [modloading-worker-0/INFO]: GregTechCEu is initializing...
[13:34:55] [modloading-worker-0/INFO]: Registering C2S receiver with id ftblibrary:edit_nbt_response
[13:34:55] [modloading-worker-0/INFO]: Registering S2C receiver with id ftblibrary:sync_known_server_registries
[13:34:55] [modloading-worker-0/INFO]: Registering S2C receiver with id ftblibrary:edit_config
[13:34:55] [modloading-worker-0/INFO]: Loaded common.properties
[13:34:55] [modloading-worker-0/INFO]: Loaded dev.properties
[13:34:55] [modloading-worker-0/INFO]: Looking for KubeJS plugins...
[13:34:55] [modloading-worker-0/INFO]: Found plugin source kubejs
[13:34:55] [modloading-worker-0/WARN]: Plugin dev.latvian.mods.kubejs.integration.forge.gamestages.GameStagesIntegration does not have required mod gamestages loaded, skipping
[13:34:55] [modloading-worker-0/INFO]: Found plugin source gttruesteam
[13:34:55] [modloading-worker-0/INFO]: Found plugin source gtceu
[13:34:55] [modloading-worker-0/INFO]: Registered gtmthings config for auto-sync function
[13:34:55] [modloading-worker-0/INFO]: Registered gtmutils config for auto-sync function
[13:34:55] [modloading-worker-0/INFO]: Registering GTCEu Terminal creative tabs
[13:34:55] [modloading-worker-0/INFO]: Registering S2C receiver with id ftbteams:sync_teams
[13:34:55] [modloading-worker-0/INFO]: Registering S2C receiver with id ftbteams:sync_message_history
[13:34:55] [modloading-worker-0/INFO]: Registering C2S receiver with id ftbteams:open_gui
[13:34:55] [modloading-worker-0/INFO]: Found plugin source ldlib
[13:34:55] [modloading-worker-0/INFO]: Registering S2C receiver with id ftbteams:open_my_team_gui
[13:34:55] [modloading-worker-0/INFO]: Found plugin source gtceuterminal
[13:34:55] [modloading-worker-0/INFO]: Found plugin source gcyr
[13:34:55] [modloading-worker-0/INFO]: Registering C2S receiver with id ftbteams:update_settings
[13:34:55] [modloading-worker-0/INFO]: Found plugin source probejs
[13:34:55] [modloading-worker-0/INFO]: Registering C2S receiver with id ftbchunks:request_map_data
[13:34:55] [modloading-worker-0/INFO]: Registering S2C receiver with id ftbteams:update_settings_response
[13:34:55] [modloading-worker-0/INFO]: Done in 520.2 ms
[13:34:55] [modloading-worker-0/INFO]: Registering C2S receiver with id ftbchunks:share_waypoint
[13:34:55] [modloading-worker-0/INFO]: Registering C2S receiver with id ftbteams:send_message
[13:34:55] [modloading-worker-0/INFO]: Registering S2C receiver with id ftbteams:send_message_response
[13:34:55] [modloading-worker-0/INFO]: Registering S2C receiver with id ftbchunks:send_all_chunks
[13:34:55] [modloading-worker-0/INFO]: Registering S2C receiver with id ftbteams:update_presence
[13:34:55] [modloading-worker-0/INFO]: Registering S2C receiver with id ftbchunks:login_data
[13:34:55] [modloading-worker-0/INFO]: Registering C2S receiver with id ftbteams:create_party
[13:34:55] [modloading-worker-0/INFO]: Registering C2S receiver with id ftbchunks:request_chunk_change
[13:34:55] [modloading-worker-0/INFO]: Registered gtceu config for auto-sync function
[13:34:55] [modloading-worker-0/INFO]: Registering C2S receiver with id ftbteams:player_gui_operation
[13:34:55] [modloading-worker-0/INFO]: Registering S2C receiver with id ftbchunks:send_chunk
[13:34:56] [modloading-worker-0/INFO]: Registering S2C receiver with id ftbchunks:send_general_data
[13:34:56] [modloading-worker-0/INFO]: Registering C2S receiver with id ftbchunks:teleport_from_map
[13:34:56] [modloading-worker-0/INFO]: Registering S2C receiver with id ftbchunks:player_death
[13:34:56] [modloading-worker-0/INFO]: Registered gcyr config for auto-sync function
[13:34:56] [modloading-worker-0/INFO]: Registering S2C receiver with id ftbchunks:send_visible_player_list
[13:34:56] [modloading-worker-0/INFO]: Registering C2S receiver with id ftbchunks:sync_tx
[13:34:56] [modloading-worker-0/INFO]: Registering S2C receiver with id ftbchunks:sync_rx
[13:34:56] [modloading-worker-0/INFO]: Registering S2C receiver with id ftbchunks:loaded_chunk_view
[13:34:56] [modloading-worker-0/INFO]: Registering S2C receiver with id ftbchunks:send_player_position
[13:34:56] [modloading-worker-0/INFO]: Registering C2S receiver with id ftbchunks:update_force_load_expiry
[13:34:56] [modloading-worker-0/INFO]: Registering C2S receiver with id ftbchunks:server_config_request
[13:34:56] [modloading-worker-0/INFO]: Registering S2C receiver with id ftbchunks:server_config_response
[13:34:56] [modloading-worker-0/INFO]: Registering S2C receiver with id ftbchunks:chunk_change_response
[13:34:56] [modloading-worker-0/INFO]: Registering S2C receiver with id ftbchunks:request_block_color
[13:34:56] [modloading-worker-0/INFO]: Registering S2C receiver with id ftbchunks:add_waypoint
[13:34:56] [modloading-worker-0/INFO]: Network packets registered
[13:34:56] [modloading-worker-0/INFO]: High-Tier is Disabled.
[13:34:56] [modloading-worker-0/INFO]: GregTech Steam Expansion initialized!
[13:34:56] [modloading-worker-0/INFO]: Registering config for inventoryessentials:common (COMMON) with 10 properties.
[13:34:56] [modloading-worker-0/INFO]: Registering S2C receiver with id polylib:container_to_client
[13:34:56] [modloading-worker-0/INFO]: Registering S2C receiver with id polylib:tile_to_client
[13:34:56] [modloading-worker-0/INFO]: Registering C2S receiver with id polylib:container_packet_server
[13:34:56] [modloading-worker-0/INFO]: Registering C2S receiver with id polylib:tile_data_server
[13:34:56] [modloading-worker-0/INFO]: Registering C2S receiver with id polylib:tile_packet_server
[13:34:56] [modloading-worker-0/INFO]: [REI] Config loaded
[13:34:57] [modloading-worker-0/INFO]: Using default implementation for ThreadExecutor
[13:34:57] [modloading-worker-0/INFO]: Initialized Scheduler Signaller of type: class net.creeperhost.ftbbackups.repack.org.quartz.core.SchedulerSignalerImpl
[13:34:57] [modloading-worker-0/INFO]: Quartz Scheduler v.2.0.2 created.
[13:34:57] [modloading-worker-0/INFO]: RAMJobStore initialized.
[13:34:57] [modloading-worker-0/INFO]: Scheduler meta-data: Quartz Scheduler (v2.0.2) 'ftbbackups2' with instanceId 'NON_CLUSTERED'
  Scheduler class: 'net.creeperhost.ftbbackups.repack.org.quartz.core.QuartzScheduler' - running locally.
  NOT STARTED.
  Currently in standby mode.
  Number of jobs executed: 0
  Using thread pool 'net.creeperhost.ftbbackups.repack.org.quartz.simpl.SimpleThreadPool' - with 1 threads.
  Using job-store 'net.creeperhost.ftbbackups.repack.org.quartz.simpl.RAMJobStore' - which does not support persistence. and is not clustered.

[13:34:57] [modloading-worker-0/INFO]: Quartz scheduler 'ftbbackups2' initialized from an externally provided properties instance.
[13:34:57] [modloading-worker-0/INFO]: Quartz scheduler version: 2.0.2
[13:34:57] [modloading-worker-0/INFO]: [REI] Registered plugin provider AE2 [ae2] for REIPlugin
[13:34:57] [modloading-worker-0/INFO]: Scheduler ftbbackups2_$_NON_CLUSTERED started.
[13:34:57] [modloading-worker-0/INFO]: [REI] Registered plugin provider REIForgePluginStub [ftblibrary] for REIPlugin
[13:34:57] [modloading-worker-0/INFO]: [REI] Registered plugin provider REI Plugin Compatibilities Client Handler [rei_plugin_compatibilities, jei] for REIPlugin
[13:34:57] [modloading-worker-0/INFO]: [REI] Registered plugin provider REIPluginImpl [ldlib] for REIPlugin
[13:34:57] [modloading-worker-0/INFO]: [REI] Registered plugin provider FramedReiPlugin [framedblocks] for REIPlugin
[13:34:57] [modloading-worker-0/INFO]: Loading Rhino Minecraft remapper...
[13:34:57] [modloading-worker-0/INFO]: Rhino properties loaded.
[13:34:57] [modloading-worker-0/INFO]: [REI] Registered plugin provider REIForgePluginStub [kubejs] for REIPlugin
[13:34:57] [modloading-worker-0/INFO]: [REI] Registered plugin provider GTREIPlugin [gtceu] for REIPlugin
[13:34:57] [modloading-worker-0/INFO]: Loading mappings for 1.20.1
[13:34:57] [modloading-worker-0/INFO]: [REI] Registered plugin provider REI Plugin Compatibilities Adapter [rei_plugin_compatibilities, jei] for REIPlugin
[13:34:57] [modloading-worker-0/INFO]: Registering S2C receiver with id roughlyenoughitems:request_tags_s2c
[13:34:57] [modloading-worker-0/INFO]: Registering C2S receiver with id roughlyenoughitems:request_tags_c2s
[13:34:57] [modloading-worker-0/INFO]: [REI] Registered plugin provider DefaultPluginImpl [roughlyenoughitems] for REIServerPlugin
[13:34:57] [modloading-worker-0/INFO]: [REI] Registered plugin provider DefaultPluginImpl [roughlyenoughitems] for REIPlugin
[13:34:57] [modloading-worker-0/INFO]: [REI] Registered plugin provider DefaultRuntimePlugin [roughlyenoughitems] for REIServerPlugin
[13:34:57] [modloading-worker-0/INFO]: [REI] Registered plugin provider DefaultRuntimePlugin [roughlyenoughitems] for REIPlugin
[13:34:57] [modloading-worker-0/INFO]: [REI] Registered plugin provider REI Plugin Compatibilities Adapter [rei_plugin_compatibilities, jei] for REIServerPlugin
[13:34:57] [modloading-worker-0/INFO]: Registering C2S receiver with id roughlyenoughitems:delete_item
[13:34:57] [modloading-worker-0/INFO]: Registering C2S receiver with id roughlyenoughitems:create_item
[13:34:57] [modloading-worker-0/INFO]: Registering C2S receiver with id roughlyenoughitems:create_item_grab
[13:34:57] [modloading-worker-0/INFO]: Registering C2S receiver with id roughlyenoughitems:create_item_hotbar
[13:34:57] [modloading-worker-0/INFO]: Registering C2S receiver with id roughlyenoughitems:move_items
[13:34:57] [modloading-worker-0/INFO]: Registering C2S receiver with id roughlyenoughitems:move_items_new
[13:34:57] [modloading-worker-0/INFO]: Done in 0.175 s
[13:34:57] [modloading-worker-0/INFO]: [REI] Registered plugin provider DefaultClientPluginImpl [roughlyenoughitems] for REIClientPlugin
[13:34:57] [modloading-worker-0/INFO]: [REI] Registered plugin provider DefaultClientPluginImpl [roughlyenoughitems] for REIPlugin
[13:34:58] [modloading-worker-0/INFO]: [REI] Registered plugin provider DefaultClientRuntimePlugin [roughlyenoughitems] for REIClientPlugin
[13:34:58] [modloading-worker-0/INFO]: [REI] Registered plugin provider DefaultClientRuntimePlugin [roughlyenoughitems] for REIPlugin
[13:34:58] [modloading-worker-0/INFO]: [REI] Registered plugin provider HideIngredientsFromTagsPlugin [roughlyenoughitems] for REIClientPlugin
[13:34:58] [modloading-worker-0/INFO]: [REI] Registered plugin provider HideIngredientsFromTagsPlugin [roughlyenoughitems] for REIPlugin
[13:34:58] [modloading-worker-0/INFO]: [REI] Registered plugin provider AE2 [ae2] for REIClientPlugin
[13:34:58] [modloading-worker-0/INFO]: [REI] Registered plugin provider REIForgePluginStub [ftblibrary] for REIClientPlugin
[13:34:58] [modloading-worker-0/INFO]: [REI] Registered plugin provider REI Plugin Compatibilities Client Handler [rei_plugin_compatibilities, jei] for REIClientPlugin
[13:34:58] [modloading-worker-0/INFO]: [REI] Registered plugin provider REIPluginImpl [ldlib] for REIClientPlugin
[13:34:58] [modloading-worker-0/INFO]: [REI] Registered plugin provider FramedReiPlugin [framedblocks] for REIClientPlugin
[13:34:58] [modloading-worker-0/INFO]: [REI] Registered plugin provider REIForgePluginStub [kubejs] for REIClientPlugin
[13:34:58] [modloading-worker-0/INFO]: [REI] Registered plugin provider GTREIPlugin [gtceu] for REIClientPlugin
[13:34:58] [modloading-worker-0/INFO]: [REI] Registered plugin provider REI Plugin Compatibilities Adapter [rei_plugin_compatibilities, jei] for REIClientPlugin
[13:34:58] [modloading-worker-0/INFO]: Registering S2C receiver with id roughlyenoughitems:ci_msg
[13:34:58] [modloading-worker-0/INFO]: Registering S2C receiver with id roughlyenoughitems:og_not_enough
[13:34:58] [modloading-worker-0/INFO]: Kotlin For Forge Enabled!
[13:34:59] [modloading-worker-0/INFO]: Updating config from version '1.9.0' to '1.9.0'.
[13:34:59] [modloading-worker-0/INFO]: Initializing OpenComputers API.
[13:35:00] [modloading-worker-0/INFO]: Found a compatible native library: 'OpenComputersMod-1.9.0-beta-52-libjnlua52-windows-x86_64.dll'.
[13:35:00] [modloading-worker-0/INFO]: Found a compatible native library: 'OpenComputersMod-1.9.0-beta-53-libjnlua53-windows-x86_64.dll'.
[13:35:00] [modloading-worker-0/INFO]: Found a compatible native library: 'OpenComputersMod-1.9.0-beta-54-libjnlua54-windows-x86_64.dll'.
[13:35:00] [modloading-worker-0/INFO]: example.js#5: Hello, World! (Loaded startup scripts)
[13:35:00] [modloading-worker-0/INFO]: Loaded script startup_scripts:example.js in 0.168 s
[13:35:00] [modloading-worker-0/INFO]: Loaded 1/1 KubeJS startup scripts in 2.757 s with 0 errors and 0 warnings
[13:35:00] [modloading-worker-0/INFO]: example.js#5: Hello, World! (Loaded client scripts)
[13:35:00] [modloading-worker-0/INFO]: Loaded script client_scripts:example.js in 0.004 s
[13:35:00] [modloading-worker-0/INFO]: Loaded 1/1 KubeJS client scripts in 0.04 s with 0 errors and 0 warnings
[13:35:00] [modloading-worker-0/INFO]: Registering C2S receiver with id kubejs:send_data_from_client
[13:35:00] [modloading-worker-0/INFO]: Registering S2C receiver with id kubejs:send_data_from_server
[13:35:00] [modloading-worker-0/INFO]: Registering S2C receiver with id kubejs:paint
[13:35:00] [modloading-worker-0/INFO]: Registering S2C receiver with id kubejs:add_stage
[13:35:00] [modloading-worker-0/INFO]: Registering S2C receiver with id kubejs:remove_stage
[13:35:00] [modloading-worker-0/INFO]: Registering S2C receiver with id kubejs:sync_stages
[13:35:00] [modloading-worker-0/INFO]: Registering C2S receiver with id kubejs:first_click
[13:35:00] [modloading-worker-0/INFO]: Registering S2C receiver with id kubejs:toast
[13:35:00] [modloading-worker-0/INFO]: Registering S2C receiver with id kubejs:reload_startup_scripts
[13:35:00] [modloading-worker-0/INFO]: Registering S2C receiver with id kubejs:display_server_errors
[13:35:00] [modloading-worker-0/INFO]: Registering S2C receiver with id kubejs:display_client_errors
[13:35:01] [Render thread/INFO]: GTCEu common proxy init!
[13:35:01] [Render thread/INFO]: Registering material registries
[13:35:01] [Render thread/INFO]: register GTNN Materials
[13:35:01] [Render thread/INFO]: Registering GTCEu Materials
[13:35:01] [Render thread/INFO]: Registering addon Materials
[13:35:01] [Render thread/INFO]: Registered gtnn config for auto-sync function
[13:35:02] [Render thread/WARN]: FluidStorageKey{gtceu:liquid} already has an associated fluid for material gtceu:water
[13:35:02] [Render thread/WARN]: FluidStorageKey{gtceu:liquid} already has an associated fluid for material gtceu:lava
[13:35:02] [Render thread/WARN]: FluidStorageKey{gtceu:liquid} already has an associated fluid for material gtceu:milk
[13:35:02] [Render thread/INFO]: register GTNN Machines
[13:35:03] [Render thread/INFO]: GTNN Loaded!
[13:35:03] [Render thread/INFO]: Registering KeyBinds
[13:35:03] [Render thread/WARN]: Mod 'gtceu' took 1.829 s to run a deferred task.
[13:35:06] [FTB Backups Config Watcher 0/INFO]: Config at C:\Users\arifv\curseforge\minecraft\Instances\1.20.1-gregtech\config\ftbbackups2.json has changed, reloaded!
[13:35:08] [Render thread/INFO]: SchematicInterfaceItem constructor called - behavior created
[13:35:10] [Render thread/INFO]: Key mappings registered
[13:35:10] [Render thread/INFO]: GUI overlays registered
[13:35:11] [Render thread/INFO]: Reloading ResourceManager: gtceu:dynamic_assets, vanilla, mod_resources, file/Power of Sounds 1.1, KubeJS Resource Pack [assets], file/Gregtech_CEu_Modern_Programmer_Art.zip, ldlib
[13:35:11] [Thread-4/ERROR]: Exception caught during firing event: Cannot get config value before spec is built
	Index: 1
	Listeners:
		0: NORMAL
		1: ASM: class gregfluxology.GFyConfig onReload(Lnet/minecraftforge/fml/event/config/ModConfigEvent$Reloading;)V
java.lang.NullPointerException: Cannot get config value before spec is built
	at MC-BOOTSTRAP/com.google.common@31.1-jre/com.google.common.base.Preconditions.checkNotNull(Preconditions.java:907)
	at TRANSFORMER/forge@47.4.10/net.minecraftforge.common.ForgeConfigSpec$ConfigValue.get(ForgeConfigSpec.java:842)
	at TRANSFORMER/gregfluxology@0.0.2/gregfluxology.GFyConfig.onReload(GFyConfig.java:21)
	at TRANSFORMER/gregfluxology@0.0.2/gregfluxology.__GFyConfig_onReload_Reloading.invoke(.dynamic)
	at MC-BOOTSTRAP/net.minecraftforge.eventbus/net.minecraftforge.eventbus.ASMEventHandler.invoke(ASMEventHandler.java:73)
	at MC-BOOTSTRAP/net.minecraftforge.eventbus/net.minecraftforge.eventbus.EventBus.post(EventBus.java:315)
	at MC-BOOTSTRAP/net.minecraftforge.eventbus/net.minecraftforge.eventbus.EventBus.post(EventBus.java:296)
	at LAYER PLUGIN/javafmllanguage@1.20.1-47.4.10/net.minecraftforge.fml.javafmlmod.FMLModContainer.lambda$new$0(FMLModContainer.java:46)
	at LAYER PLUGIN/fmlcore@1.20.1-47.4.10/net.minecraftforge.fml.ModContainer.lambda$dispatchConfigEvent$9(ModContainer.java:172)
	at java.base/java.util.Optional.ifPresent(Unknown Source)
	at LAYER PLUGIN/fmlcore@1.20.1-47.4.10/net.minecraftforge.fml.ModContainer.dispatchConfigEvent(ModContainer.java:172)
	at LAYER PLUGIN/fmlcore@1.20.1-47.4.10/net.minecraftforge.fml.config.ModConfig.fireEvent(ModConfig.java:77)
	at LAYER PLUGIN/fmlcore@1.20.1-47.4.10/net.minecraftforge.fml.config.ConfigFileTypeHandler$ConfigWatcher.run(ConfigFileTypeHandler.java:147)
	at MC-BOOTSTRAP/com.electronwill.nightconfig.core@3.6.4/com.electronwill.nightconfig.core.file.FileWatcher$WatcherThread.run(FileWatcher.java:181)

[13:35:11] [Forge Version Check/INFO]: [mcwwindows] Starting version check at https://raw.githubusercontent.com/sketchmacaw/macawsmods/master/window.json
[13:35:11] [Worker-Main-9/INFO]: Found unifont_all_no_pua-15.0.06.hex, loading
[13:35:11] [Worker-Main-3/INFO]: TerminalNetwork: registered 22 packets
[13:35:11] [Forge Version Check/INFO]: [mcwwindows] Found status: UP_TO_DATE Current: 2.4.2 Target: null
[13:35:11] [Forge Version Check/INFO]: [mcwholidays] Starting version check at https://raw.githubusercontent.com/sketchmacaw/macawsmods/master/holidays.json
[13:35:11] [Forge Version Check/INFO]: [mcwholidays] Found status: UP_TO_DATE Current: 1.1.2 Target: null
[13:35:11] [Forge Version Check/INFO]: [mcwpaintings] Starting version check at https://raw.githubusercontent.com/sketchmacaw/macawsmods/master/paintings.json
[13:35:11] [Forge Version Check/INFO]: [mcwpaintings] Found status: AHEAD Current: 1.1.0 Target: null
[13:35:11] [Forge Version Check/INFO]: [mcwstairs] Starting version check at https://raw.githubusercontent.com/sketchmacaw/macawsmods/master/stairs.json
[13:35:11] [Forge Version Check/INFO]: [mcwstairs] Found status: UP_TO_DATE Current: 1.0.2 Target: null
[13:35:11] [Forge Version Check/INFO]: [mcwdoors] Starting version check at https://raw.githubusercontent.com/sketchmacaw/macawsmods/master/doors.json
[13:35:11] [Forge Version Check/INFO]: [mcwdoors] Found status: AHEAD Current: 1.1.5 Target: null
[13:35:11] [Forge Version Check/INFO]: [forge] Starting version check at https://files.minecraftforge.net/net/minecraftforge/forge/promotions_slim.json
[13:35:12] [Forge Version Check/INFO]: [forge] Found status: UP_TO_DATE Current: 47.4.10 Target: null
[13:35:12] [Forge Version Check/INFO]: [mcwpaths] Starting version check at https://raw.githubusercontent.com/sketchmacaw/macawsmods/master/paths.json
[13:35:12] [Forge Version Check/INFO]: [mcwpaths] Found status: UP_TO_DATE Current: 1.1.1 Target: null
[13:35:12] [Forge Version Check/INFO]: [mcwbridges] Starting version check at https://raw.githubusercontent.com/sketchmacaw/macawsmods/master/bridges.json
[13:35:12] [Forge Version Check/INFO]: [mcwbridges] Found status: AHEAD Current: 3.1.2 Target: null
[13:35:12] [Forge Version Check/INFO]: [configuration] Starting version check at https://raw.githubusercontent.com/Toma1O6/UpdateSchemas/master/configuration-forge.json
[13:35:12] [Render thread/INFO]: GregTech Model loading took 1302ms
[13:35:12] [Forge Version Check/INFO]: [configuration] Found status: OUTDATED Current: 2.2.0 Target: 2.2.1
[13:35:12] [Forge Version Check/INFO]: [mcwtrpdoors] Starting version check at https://raw.githubusercontent.com/sketchmacaw/macawsmods/master/trapdoors.json
[13:35:12] [Forge Version Check/INFO]: [mcwtrpdoors] Found status: UP_TO_DATE Current: 1.1.5 Target: null
[13:35:12] [Forge Version Check/INFO]: [mcwfences] Starting version check at https://raw.githubusercontent.com/sketchmacaw/macawsmods/master/fences.json
[13:35:12] [Forge Version Check/INFO]: [mcwfences] Found status: UP_TO_DATE Current: 1.2.1 Target: null
[13:35:12] [Forge Version Check/INFO]: [mcwroofs] Starting version check at https://raw.githubusercontent.com/sketchmacaw/macawsmods/master/roofs.json
[13:35:12] [Forge Version Check/INFO]: [mcwroofs] Found status: UP_TO_DATE Current: 2.3.2 Target: null
[13:35:12] [Forge Version Check/INFO]: [mcwfurnitures] Starting version check at https://raw.githubusercontent.com/sketchmacaw/macawsmods/master/furniture.json
[13:35:12] [Forge Version Check/INFO]: [mcwfurnitures] Found status: UP_TO_DATE Current: 3.4.1 Target: null
[13:35:12] [Forge Version Check/INFO]: [mcwlights] Starting version check at https://raw.githubusercontent.com/sketchmacaw/macawsmods/master/lights.json
[13:35:12] [Forge Version Check/INFO]: [mcwlights] Found status: UP_TO_DATE Current: 1.1.5 Target: null
[13:35:12] [Render thread/INFO]: Client resource reload complete!
[13:35:12] [Render thread/INFO]: Loading Unicode glyphs...
[13:35:12] [Worker-Main-3/WARN]: Invalid path in datapack: gtceu:textures/block/cover/OVERLAY_SCREEN.png, ignoring
[13:35:12] [Worker-Main-3/WARN]: Invalid path in datapack: gtceu:textures/block/multiblock/large_turbine/rotor_idle (1).png, ignoring
[13:35:13] [Render thread/INFO]: Initializing font glyph width cache...
[13:35:13] [Render thread/INFO]: Initialized font glyph width cache in 67 milliseconds.
[13:35:13] [Render thread/INFO]: Initializing font glyph width overrides...
[13:35:13] [Render thread/INFO]: Initialized font glyph width overrides in 268 milliseconds.
[13:35:13] [Worker-Main-3/WARN]: Invalid path in datapack: gtceu:textures/block/cover/OVERLAY_SCREEN.png, ignoring
[13:35:13] [Worker-Main-3/WARN]: Invalid path in datapack: gtceu:textures/block/multiblock/large_turbine/rotor_idle (1).png, ignoring
[13:35:13] [Render thread/INFO]: Loaded 75843 glyphs in 867 milliseconds.
[13:35:14] [Render thread/INFO]: Found extended redstone mods, enabling tier two redstone card.
[13:35:14] [Render thread/INFO]: Initializing capabilities.
[13:35:14] [Render thread/WARN]: Mod 'opencomputers' took 1.091 s to run a deferred task.
[13:35:15] [Worker-Main-3/WARN]: Missing sprite: gtnn:textures/block/casings/transparent/transcendent_mental_borosilicate_glass_ctm.png
[13:35:15] [Render thread/INFO]: Hello from common setup! This is *after* registries are done, so we can do this:
[13:35:15] [Render thread/INFO]: Look, I found a diamond!
[13:35:15] [Render thread/INFO]: Hello from common setup! This is *after* registries are done, so we can do this:
[13:35:15] [Render thread/INFO]: Look, I found a diamond!
[13:35:15] [Worker-Main-12/WARN]: Unused frames in sprite gttruesteam:item/polarization_catalyst: [7]
[13:35:15] [Worker-Main-4/WARN]: Unused frames in sprite gtceu:block/material_sets/powder/fluid: [20, 21, 22, 23, 24, 25, 26, 27, 28, 29, 30, 31]
[13:35:15] [Render thread/INFO]: ItemsConfig loaded — EnergyAnalyzer: maxMachines=16, refresh=20t, history=30s | Manager: maxMultiblocks=32, allowME=true | Schematic: ae2Copy=true
[13:35:15] [Render thread/INFO]: ThemeBundleRegistry: 1 bundle(s) loaded: terrafirmagreg
[13:35:15] [Render thread/INFO]: Registered Multi-Structure Manager with AE2 GridLinkables
[13:35:15] [Render thread/INFO]: Registered Schematic Interface with AE2 GridLinkables
[13:35:15] [Render thread/INFO]: AE2 Integration initialized successfully
[13:35:15] [Worker-Main-3/WARN]: Unused frames in sprite gtceu:block/material_sets/paper/fluid: [20, 21, 22, 23, 24, 25, 26, 27, 28, 29, 30, 31]
[13:35:15] [Worker-Main-14/WARN]: Invalid frame index on sprite gtceu:item/wetware_processor_mainframe frame 1: 1
[13:35:15] [Worker-Main-14/WARN]: Invalid frame index on sprite gtceu:item/wetware_processor_mainframe frame 2: 2
[13:35:15] [Worker-Main-14/WARN]: Invalid frame index on sprite gtceu:item/wetware_processor_mainframe frame 3: 3
[13:35:15] [Worker-Main-14/WARN]: Invalid frame index on sprite gtceu:item/wetware_processor_mainframe frame 4: 4
[13:35:15] [Worker-Main-14/WARN]: Invalid frame index on sprite gtceu:item/wetware_processor_mainframe frame 5: 3
[13:35:15] [Worker-Main-14/WARN]: Invalid frame index on sprite gtceu:item/wetware_processor_mainframe frame 6: 2
[13:35:15] [Worker-Main-14/WARN]: Invalid frame index on sprite gtceu:item/wetware_processor_mainframe frame 7: 1
[13:35:15] [Worker-Main-12/INFO]: Hey, we're on Minecraft version forge-47.4.10!
[13:35:15] [Worker-Main-3/WARN]: Invalid frame index on sprite gtceu:item/wetware_processor frame 0: 2
[13:35:15] [Worker-Main-3/WARN]: Invalid frame index on sprite gtceu:item/wetware_processor frame 1: 1
[13:35:15] [Worker-Main-3/WARN]: Invalid frame index on sprite gtceu:item/wetware_processor frame 3: 1
[13:35:15] [Worker-Main-3/WARN]: Invalid frame index on sprite gtceu:item/wetware_processor frame 4: 2
[13:35:15] [Worker-Main-3/WARN]: Invalid frame index on sprite gtceu:item/wetware_processor frame 5: 1
[13:35:15] [Worker-Main-3/WARN]: Invalid frame index on sprite gtceu:item/wetware_processor frame 7: 1
[13:35:15] [Worker-Main-3/WARN]: Invalid frame index on sprite gtceu:item/wetware_processor frame 8: 2
[13:35:15] [Worker-Main-3/WARN]: Invalid frame index on sprite gtceu:item/wetware_processor frame 9: 1
[13:35:15] [Worker-Main-3/WARN]: Invalid frame index on sprite gtceu:item/wetware_processor frame 11: 3
[13:35:16] [Worker-Main-6/WARN]: Texture gtceu:block/cover/cover_interface_computer_button with size 18x36 limits mip level from 4 to 1
[13:35:16] [Worker-Main-6/WARN]: Texture gtceu:block/cover/cover_interface_machine_off_proxy with size 14x5 limits mip level from 1 to 0
[13:35:16] [Worker-Main-11/WARN]: Exception loading blockstate definition: 'gtextra:blockstates/mega_chemical_reactor.json' in resourcepack: 'mod_resources' for variant: 'facing=east,upwards_facing=up': Unknown value: 'up' for blockstate property: 'upwards_facing' [north, south, west, east]
[13:35:16] [Worker-Main-11/WARN]: Exception loading blockstate definition: 'gtextra:blockstates/mega_chemical_reactor.json' in resourcepack: 'mod_resources' for variant: 'facing=east,upwards_facing=down': Unknown value: 'down' for blockstate property: 'upwards_facing' [north, south, west, east]
[13:35:16] [Worker-Main-11/WARN]: Exception loading blockstate definition: 'gtextra:blockstates/mega_chemical_reactor.json' in resourcepack: 'mod_resources' for variant: 'facing=west,upwards_facing=down': Unknown value: 'down' for blockstate property: 'upwards_facing' [north, south, west, east]
[13:35:16] [Worker-Main-11/WARN]: Exception loading blockstate definition: 'gtextra:blockstates/mega_chemical_reactor.json' in resourcepack: 'mod_resources' for variant: 'facing=west,upwards_facing=up': Unknown value: 'up' for blockstate property: 'upwards_facing' [north, south, west, east]
[13:35:16] [Worker-Main-11/WARN]: Exception loading blockstate definition: 'gtextra:blockstates/mega_chemical_reactor.json' in resourcepack: 'mod_resources' for variant: 'facing=up,upwards_facing=up': Unknown value: 'up' for blockstate property: 'upwards_facing' [north, south, west, east]
[13:35:16] [Worker-Main-11/WARN]: Exception loading blockstate definition: 'gtextra:blockstates/mega_chemical_reactor.json' in resourcepack: 'mod_resources' for variant: 'facing=north,upwards_facing=down': Unknown value: 'down' for blockstate property: 'upwards_facing' [north, south, west, east]
[13:35:16] [Worker-Main-11/WARN]: Exception loading blockstate definition: 'gtextra:blockstates/mega_chemical_reactor.json' in resourcepack: 'mod_resources' for variant: 'facing=down,upwards_facing=up': Unknown value: 'up' for blockstate property: 'upwards_facing' [north, south, west, east]
[13:35:16] [Worker-Main-11/WARN]: Exception loading blockstate definition: 'gtextra:blockstates/mega_chemical_reactor.json' in resourcepack: 'mod_resources' for variant: 'facing=down,upwards_facing=down': Unknown value: 'down' for blockstate property: 'upwards_facing' [north, south, west, east]
[13:35:16] [Worker-Main-11/WARN]: Exception loading blockstate definition: 'gtextra:blockstates/mega_chemical_reactor.json' in resourcepack: 'mod_resources' for variant: 'facing=north,upwards_facing=up': Unknown value: 'up' for blockstate property: 'upwards_facing' [north, south, west, east]
[13:35:16] [Worker-Main-11/WARN]: Exception loading blockstate definition: 'gtextra:blockstates/mega_chemical_reactor.json' in resourcepack: 'mod_resources' for variant: 'facing=south,upwards_facing=down': Unknown value: 'down' for blockstate property: 'upwards_facing' [north, south, west, east]
[13:35:16] [Worker-Main-11/WARN]: Exception loading blockstate definition: 'gtextra:blockstates/mega_chemical_reactor.json' in resourcepack: 'mod_resources' for variant: 'facing=up,upwards_facing=down': Unknown value: 'down' for blockstate property: 'upwards_facing' [north, south, west, east]
[13:35:16] [Worker-Main-11/WARN]: Exception loading blockstate definition: 'gtextra:blockstates/mega_chemical_reactor.json' in resourcepack: 'mod_resources' for variant: 'facing=south,upwards_facing=up': Unknown value: 'up' for blockstate property: 'upwards_facing' [north, south, west, east]
[13:35:16] [Worker-Main-11/WARN]: Exception loading blockstate definition: 'gtextra:blockstates/greenhouse.json' in resourcepack: 'mod_resources' for variant: 'facing=down,upwards_facing=east': Unknown value: 'down' for blockstate property: 'facing' [north, south, west, east]
[13:35:16] [Worker-Main-11/WARN]: Exception loading blockstate definition: 'gtextra:blockstates/greenhouse.json' in resourcepack: 'mod_resources' for variant: 'facing=east,upwards_facing=up': Unknown value: 'up' for blockstate property: 'upwards_facing' [north, south, west, east]
[13:35:16] [Worker-Main-11/WARN]: Exception loading blockstate definition: 'gtextra:blockstates/greenhouse.json' in resourcepack: 'mod_resources' for variant: 'facing=up,upwards_facing=south': Unknown value: 'up' for blockstate property: 'facing' [north, south, west, east]
[13:35:16] [Worker-Main-11/WARN]: Exception loading blockstate definition: 'gtextra:blockstates/greenhouse.json' in resourcepack: 'mod_resources' for variant: 'facing=up,upwards_facing=west': Unknown value: 'up' for blockstate property: 'facing' [north, south, west, east]
[13:35:16] [Worker-Main-11/WARN]: Exception loading blockstate definition: 'gtextra:blockstates/greenhouse.json' in resourcepack: 'mod_resources' for variant: 'facing=east,upwards_facing=down': Unknown value: 'down' for blockstate property: 'upwards_facing' [north, south, west, east]
[13:35:16] [Worker-Main-11/WARN]: Exception loading blockstate definition: 'gtextra:blockstates/greenhouse.json' in resourcepack: 'mod_resources' for variant: 'facing=west,upwards_facing=down': Unknown value: 'down' for blockstate property: 'upwards_facing' [north, south, west, east]
[13:35:16] [Worker-Main-11/WARN]: Exception loading blockstate definition: 'gtextra:blockstates/greenhouse.json' in resourcepack: 'mod_resources' for variant: 'facing=up,upwards_facing=east': Unknown value: 'up' for blockstate property: 'facing' [north, south, west, east]
[13:35:16] [Worker-Main-11/WARN]: Exception loading blockstate definition: 'gtextra:blockstates/greenhouse.json' in resourcepack: 'mod_resources' for variant: 'facing=west,upwards_facing=up': Unknown value: 'up' for blockstate property: 'upwards_facing' [north, south, west, east]
[13:35:16] [Worker-Main-11/WARN]: Exception loading blockstate definition: 'gtextra:blockstates/greenhouse.json' in resourcepack: 'mod_resources' for variant: 'facing=up,upwards_facing=up': Unknown value: 'up' for blockstate property: 'facing' [north, south, west, east]
[13:35:16] [Worker-Main-11/WARN]: Exception loading blockstate definition: 'gtextra:blockstates/greenhouse.json' in resourcepack: 'mod_resources' for variant: 'facing=down,upwards_facing=west': Unknown value: 'down' for blockstate property: 'facing' [north, south, west, east]
[13:35:16] [Worker-Main-11/WARN]: Exception loading blockstate definition: 'gtextra:blockstates/greenhouse.json' in resourcepack: 'mod_resources' for variant: 'facing=north,upwards_facing=down': Unknown value: 'down' for blockstate property: 'upwards_facing' [north, south, west, east]
[13:35:16] [Worker-Main-11/WARN]: Exception loading blockstate definition: 'gtextra:blockstates/greenhouse.json' in resourcepack: 'mod_resources' for variant: 'facing=up,upwards_facing=north': Unknown value: 'up' for blockstate property: 'facing' [north, south, west, east]
[13:35:16] [Worker-Main-11/WARN]: Exception loading blockstate definition: 'gtextra:blockstates/greenhouse.json' in resourcepack: 'mod_resources' for variant: 'facing=down,upwards_facing=up': Unknown value: 'down' for blockstate property: 'facing' [north, south, west, east]
[13:35:16] [Worker-Main-11/WARN]: Exception loading blockstate definition: 'gtextra:blockstates/greenhouse.json' in resourcepack: 'mod_resources' for variant: 'facing=down,upwards_facing=north': Unknown value: 'down' for blockstate property: 'facing' [north, south, west, east]
[13:35:16] [Worker-Main-11/WARN]: Exception loading blockstate definition: 'gtextra:blockstates/greenhouse.json' in resourcepack: 'mod_resources' for variant: 'facing=down,upwards_facing=down': Unknown value: 'down' for blockstate property: 'facing' [north, south, west, east]
[13:35:16] [Worker-Main-11/WARN]: Exception loading blockstate definition: 'gtextra:blockstates/greenhouse.json' in resourcepack: 'mod_resources' for variant: 'facing=north,upwards_facing=up': Unknown value: 'up' for blockstate property: 'upwards_facing' [north, south, west, east]
[13:35:16] [Worker-Main-11/WARN]: Exception loading blockstate definition: 'gtextra:blockstates/greenhouse.json' in resourcepack: 'mod_resources' for variant: 'facing=south,upwards_facing=down': Unknown value: 'down' for blockstate property: 'upwards_facing' [north, south, west, east]
[13:35:16] [Worker-Main-11/WARN]: Exception loading blockstate definition: 'gtextra:blockstates/greenhouse.json' in resourcepack: 'mod_resources' for variant: 'facing=up,upwards_facing=down': Unknown value: 'up' for blockstate property: 'facing' [north, south, west, east]
[13:35:16] [Worker-Main-11/WARN]: Exception loading blockstate definition: 'gtextra:blockstates/greenhouse.json' in resourcepack: 'mod_resources' for variant: 'facing=south,upwards_facing=up': Unknown value: 'up' for blockstate property: 'upwards_facing' [north, south, west, east]
[13:35:16] [Worker-Main-11/WARN]: Exception loading blockstate definition: 'gtextra:blockstates/greenhouse.json' in resourcepack: 'mod_resources' for variant: 'facing=down,upwards_facing=south': Unknown value: 'down' for blockstate property: 'facing' [north, south, west, east]
[13:35:16] [Worker-Main-11/WARN]: Exception loading blockstate definition: 'gtextra:blockstates/industrial_coke_oven.json' in resourcepack: 'mod_resources' for variant: 'facing=down': Unknown value: 'down' for blockstate property: 'facing' [north, south, west, east]
[13:35:16] [Worker-Main-11/WARN]: Exception loading blockstate definition: 'gtextra:blockstates/industrial_coke_oven.json' in resourcepack: 'mod_resources' for variant: 'facing=up': Unknown value: 'up' for blockstate property: 'facing' [north, south, west, east]
[13:35:17] [Render thread/INFO]: Client setup completed
[13:35:17] [Worker-Main-11/WARN]: Exception loading blockstate definition: 'gtceu:blockstates/ice.json' missing model for variant: 'gtceu:ice#level=15'
[13:35:17] [Worker-Main-11/WARN]: Exception loading blockstate definition: 'gtceu:blockstates/ice.json' missing model for variant: 'gtceu:ice#level=0'
[13:35:17] [Worker-Main-11/WARN]: Exception loading blockstate definition: 'gtceu:blockstates/ice.json' missing model for variant: 'gtceu:ice#level=1'
[13:35:17] [Worker-Main-11/WARN]: Exception loading blockstate definition: 'gtceu:blockstates/ice.json' missing model for variant: 'gtceu:ice#level=2'
[13:35:17] [Worker-Main-11/WARN]: Exception loading blockstate definition: 'gtceu:blockstates/ice.json' missing model for variant: 'gtceu:ice#level=3'
[13:35:17] [Worker-Main-11/WARN]: Exception loading blockstate definition: 'gtceu:blockstates/ice.json' missing model for variant: 'gtceu:ice#level=4'
[13:35:17] [Worker-Main-11/WARN]: Exception loading blockstate definition: 'gtceu:blockstates/ice.json' missing model for variant: 'gtceu:ice#level=5'
[13:35:17] [Worker-Main-11/WARN]: Exception loading blockstate definition: 'gtceu:blockstates/ice.json' missing model for variant: 'gtceu:ice#level=6'
[13:35:17] [Worker-Main-11/WARN]: Exception loading blockstate definition: 'gtceu:blockstates/ice.json' missing model for variant: 'gtceu:ice#level=7'
[13:35:17] [Worker-Main-11/WARN]: Exception loading blockstate definition: 'gtceu:blockstates/ice.json' missing model for variant: 'gtceu:ice#level=8'
[13:35:17] [Worker-Main-11/WARN]: Exception loading blockstate definition: 'gtceu:blockstates/ice.json' missing model for variant: 'gtceu:ice#level=10'
[13:35:17] [Worker-Main-11/WARN]: Exception loading blockstate definition: 'gtceu:blockstates/ice.json' missing model for variant: 'gtceu:ice#level=9'
[13:35:17] [Worker-Main-11/WARN]: Exception loading blockstate definition: 'gtceu:blockstates/ice.json' missing model for variant: 'gtceu:ice#level=12'
[13:35:17] [Worker-Main-11/WARN]: Exception loading blockstate definition: 'gtceu:blockstates/ice.json' missing model for variant: 'gtceu:ice#level=11'
[13:35:17] [Worker-Main-11/WARN]: Exception loading blockstate definition: 'gtceu:blockstates/ice.json' missing model for variant: 'gtceu:ice#level=14'
[13:35:17] [Worker-Main-11/WARN]: Exception loading blockstate definition: 'gtceu:blockstates/ice.json' missing model for variant: 'gtceu:ice#level=13'
[13:35:17] [Worker-Main-11/WARN]: Exception loading blockstate definition: 'gtceu:blockstates/blaze.json' missing model for variant: 'gtceu:blaze#level=0'
[13:35:17] [Worker-Main-11/WARN]: Exception loading blockstate definition: 'gtceu:blockstates/blaze.json' missing model for variant: 'gtceu:blaze#level=14'
[13:35:17] [Worker-Main-11/WARN]: Exception loading blockstate definition: 'gtceu:blockstates/blaze.json' missing model for variant: 'gtceu:blaze#level=15'
[13:35:17] [Worker-Main-11/WARN]: Exception loading blockstate definition: 'gtceu:blockstates/blaze.json' missing model for variant: 'gtceu:blaze#level=3'
[13:35:17] [Worker-Main-11/WARN]: Exception loading blockstate definition: 'gtceu:blockstates/blaze.json' missing model for variant: 'gtceu:blaze#level=4'
[13:35:17] [Worker-Main-11/WARN]: Exception loading blockstate definition: 'gtceu:blockstates/blaze.json' missing model for variant: 'gtceu:blaze#level=1'
[13:35:17] [Worker-Main-11/WARN]: Exception loading blockstate definition: 'gtceu:blockstates/blaze.json' missing model for variant: 'gtceu:blaze#level=2'
[13:35:17] [Worker-Main-11/WARN]: Exception loading blockstate definition: 'gtceu:blockstates/blaze.json' missing model for variant: 'gtceu:blaze#level=7'
[13:35:17] [Worker-Main-11/WARN]: Exception loading blockstate definition: 'gtceu:blockstates/blaze.json' missing model for variant: 'gtceu:blaze#level=8'
[13:35:17] [Worker-Main-11/WARN]: Exception loading blockstate definition: 'gtceu:blockstates/blaze.json' missing model for variant: 'gtceu:blaze#level=5'
[13:35:17] [Worker-Main-11/WARN]: Exception loading blockstate definition: 'gtceu:blockstates/blaze.json' missing model for variant: 'gtceu:blaze#level=6'
[13:35:17] [Worker-Main-11/WARN]: Exception loading blockstate definition: 'gtceu:blockstates/blaze.json' missing model for variant: 'gtceu:blaze#level=12'
[13:35:17] [Worker-Main-11/WARN]: Exception loading blockstate definition: 'gtceu:blockstates/blaze.json' missing model for variant: 'gtceu:blaze#level=13'
[13:35:17] [Worker-Main-11/WARN]: Exception loading blockstate definition: 'gtceu:blockstates/blaze.json' missing model for variant: 'gtceu:blaze#level=9'
[13:35:17] [Worker-Main-11/WARN]: Exception loading blockstate definition: 'gtceu:blockstates/blaze.json' missing model for variant: 'gtceu:blaze#level=10'
[13:35:17] [Worker-Main-11/WARN]: Exception loading blockstate definition: 'gtceu:blockstates/blaze.json' missing model for variant: 'gtceu:blaze#level=11'
[13:35:17] [Worker-Main-11/WARN]: Exception loading blockstate definition: 'gtceu:blockstates/liquid_ender_air.json' missing model for variant: 'gtceu:liquid_ender_air#level=4'
[13:35:17] [Worker-Main-11/WARN]: Exception loading blockstate definition: 'gtceu:blockstates/liquid_ender_air.json' missing model for variant: 'gtceu:liquid_ender_air#level=3'
[13:35:17] [Worker-Main-11/WARN]: Exception loading blockstate definition: 'gtceu:blockstates/liquid_ender_air.json' missing model for variant: 'gtceu:liquid_ender_air#level=6'
[13:35:17] [Worker-Main-11/WARN]: Exception loading blockstate definition: 'gtceu:blockstates/liquid_ender_air.json' missing model for variant: 'gtceu:liquid_ender_air#level=5'
[13:35:17] [Worker-Main-11/WARN]: Exception loading blockstate definition: 'gtceu:blockstates/liquid_ender_air.json' missing model for variant: 'gtceu:liquid_ender_air#level=8'
[13:35:17] [Worker-Main-11/WARN]: Exception loading blockstate definition: 'gtceu:blockstates/liquid_ender_air.json' missing model for variant: 'gtceu:liquid_ender_air#level=7'
[13:35:17] [Worker-Main-11/WARN]: Exception loading blockstate definition: 'gtceu:blockstates/liquid_ender_air.json' missing model for variant: 'gtceu:liquid_ender_air#level=9'
[13:35:17] [Worker-Main-11/WARN]: Exception loading blockstate definition: 'gtceu:blockstates/liquid_ender_air.json' missing model for variant: 'gtceu:liquid_ender_air#level=14'
[13:35:17] [Worker-Main-11/WARN]: Exception loading blockstate definition: 'gtceu:blockstates/liquid_ender_air.json' missing model for variant: 'gtceu:liquid_ender_air#level=15'
[13:35:17] [Worker-Main-11/WARN]: Exception loading blockstate definition: 'gtceu:blockstates/liquid_ender_air.json' missing model for variant: 'gtceu:liquid_ender_air#level=12'
[13:35:17] [Worker-Main-11/WARN]: Exception loading blockstate definition: 'gtceu:blockstates/liquid_ender_air.json' missing model for variant: 'gtceu:liquid_ender_air#level=13'
[13:35:17] [Worker-Main-11/WARN]: Exception loading blockstate definition: 'gtceu:blockstates/liquid_ender_air.json' missing model for variant: 'gtceu:liquid_ender_air#level=10'
[13:35:17] [Worker-Main-11/WARN]: Exception loading blockstate definition: 'gtceu:blockstates/liquid_ender_air.json' missing model for variant: 'gtceu:liquid_ender_air#level=11'
[13:35:17] [Worker-Main-11/WARN]: Exception loading blockstate definition: 'gtceu:blockstates/liquid_ender_air.json' missing model for variant: 'gtceu:liquid_ender_air#level=0'
[13:35:17] [Worker-Main-11/WARN]: Exception loading blockstate definition: 'gtceu:blockstates/liquid_ender_air.json' missing model for variant: 'gtceu:liquid_ender_air#level=2'
[13:35:17] [Worker-Main-11/WARN]: Exception loading blockstate definition: 'gtceu:blockstates/liquid_ender_air.json' missing model for variant: 'gtceu:liquid_ender_air#level=1'
[13:35:18] [Worker-Main-11/WARN]: bibliocraft:block/color/purple/table_cloth_none#inventory
java.io.FileNotFoundException: bibliocraft:models/item/block/color/purple/table_cloth_none.json
	at net.minecraft.client.resources.model.ModelBakery.m_119364_(ModelBakery.java:417) ~[client-1.20.1-20230612.114412-srg.jar%23282!/:?]
	at net.minecraft.client.resources.model.ModelBakery.m_119362_(ModelBakery.java:266) ~[client-1.20.1-20230612.114412-srg.jar%23282!/:?]
	at net.minecraft.client.resources.model.ModelBakery.m_119341_(ModelBakery.java:243) ~[client-1.20.1-20230612.114412-srg.jar%23282!/:?]
	at net.minecraft.client.resources.model.ModelBakery.<init>(ModelBakery.java:159) ~[client-1.20.1-20230612.114412-srg.jar%23282!/:?]
	at net.minecraft.client.resources.model.ModelManager.m_246505_(ModelManager.java:83) ~[client-1.20.1-20230612.114412-srg.jar%23282!/:?]
	at java.util.concurrent.CompletableFuture.biApply(Unknown Source) ~[?:?]
	at java.util.concurrent.CompletableFuture$BiApply.tryFire(Unknown Source) ~[?:?]
	at java.util.concurrent.CompletableFuture$Completion.exec(Unknown Source) ~[?:?]
	at java.util.concurrent.ForkJoinTask.doExec(Unknown Source) ~[?:?]
	at java.util.concurrent.ForkJoinPool$WorkQueue.topLevelExec(Unknown Source) ~[?:?]
	at java.util.concurrent.ForkJoinPool.scan(Unknown Source) ~[?:?]
	at java.util.concurrent.ForkJoinPool.runWorker(Unknown Source) ~[?:?]
	at java.util.concurrent.ForkJoinWorkerThread.run(Unknown Source) ~[?:?]
[13:35:18] [Worker-Main-11/WARN]: bibliocraft:block/color/red/table_cloth_curve#inventory
java.io.FileNotFoundException: bibliocraft:models/item/block/color/red/table_cloth_curve.json
	at net.minecraft.client.resources.model.ModelBakery.m_119364_(ModelBakery.java:417) ~[client-1.20.1-20230612.114412-srg.jar%23282!/:?]
	at net.minecraft.client.resources.model.ModelBakery.m_119362_(ModelBakery.java:266) ~[client-1.20.1-20230612.114412-srg.jar%23282!/:?]
	at net.minecraft.client.resources.model.ModelBakery.m_119341_(ModelBakery.java:243) ~[client-1.20.1-20230612.114412-srg.jar%23282!/:?]
	at net.minecraft.client.resources.model.ModelBakery.<init>(ModelBakery.java:159) ~[client-1.20.1-20230612.114412-srg.jar%23282!/:?]
	at net.minecraft.client.resources.model.ModelManager.m_246505_(ModelManager.java:83) ~[client-1.20.1-20230612.114412-srg.jar%23282!/:?]
	at java.util.concurrent.CompletableFuture.biApply(Unknown Source) ~[?:?]
	at java.util.concurrent.CompletableFuture$BiApply.tryFire(Unknown Source) ~[?:?]
	at java.util.concurrent.CompletableFuture$Completion.exec(Unknown Source) ~[?:?]
	at java.util.concurrent.ForkJoinTask.doExec(Unknown Source) ~[?:?]
	at java.util.concurrent.ForkJoinPool$WorkQueue.topLevelExec(Unknown Source) ~[?:?]
	at java.util.concurrent.ForkJoinPool.scan(Unknown Source) ~[?:?]
	at java.util.concurrent.ForkJoinPool.runWorker(Unknown Source) ~[?:?]
	at java.util.concurrent.ForkJoinWorkerThread.run(Unknown Source) ~[?:?]
[13:35:18] [Worker-Main-11/WARN]: bibliocraft:block/color/yellow/table_cloth_curve#inventory
java.io.FileNotFoundException: bibliocraft:models/item/block/color/yellow/table_cloth_curve.json
	at net.minecraft.client.resources.model.ModelBakery.m_119364_(ModelBakery.java:417) ~[client-1.20.1-20230612.114412-srg.jar%23282!/:?]
	at net.minecraft.client.resources.model.ModelBakery.m_119362_(ModelBakery.java:266) ~[client-1.20.1-20230612.114412-srg.jar%23282!/:?]
	at net.minecraft.client.resources.model.ModelBakery.m_119341_(ModelBakery.java:243) ~[client-1.20.1-20230612.114412-srg.jar%23282!/:?]
	at net.minecraft.client.resources.model.ModelBakery.<init>(ModelBakery.java:159) ~[client-1.20.1-20230612.114412-srg.jar%23282!/:?]
	at net.minecraft.client.resources.model.ModelManager.m_246505_(ModelManager.java:83) ~[client-1.20.1-20230612.114412-srg.jar%23282!/:?]
	at java.util.concurrent.CompletableFuture.biApply(Unknown Source) ~[?:?]
	at java.util.concurrent.CompletableFuture$BiApply.tryFire(Unknown Source) ~[?:?]
	at java.util.concurrent.CompletableFuture$Completion.exec(Unknown Source) ~[?:?]
	at java.util.concurrent.ForkJoinTask.doExec(Unknown Source) ~[?:?]
	at java.util.concurrent.ForkJoinPool$WorkQueue.topLevelExec(Unknown Source) ~[?:?]
	at java.util.concurrent.ForkJoinPool.scan(Unknown Source) ~[?:?]
	at java.util.concurrent.ForkJoinPool.runWorker(Unknown Source) ~[?:?]
	at java.util.concurrent.ForkJoinWorkerThread.run(Unknown Source) ~[?:?]
[13:35:18] [Worker-Main-11/WARN]: bibliocraft:block/color/orange/table_cloth_three#inventory
java.io.FileNotFoundException: bibliocraft:models/item/block/color/orange/table_cloth_three.json
	at net.minecraft.client.resources.model.ModelBakery.m_119364_(ModelBakery.java:417) ~[client-1.20.1-20230612.114412-srg.jar%23282!/:?]
	at net.minecraft.client.resources.model.ModelBakery.m_119362_(ModelBakery.java:266) ~[client-1.20.1-20230612.114412-srg.jar%23282!/:?]
	at net.minecraft.client.resources.model.ModelBakery.m_119341_(ModelBakery.java:243) ~[client-1.20.1-20230612.114412-srg.jar%23282!/:?]
	at net.minecraft.client.resources.model.ModelBakery.<init>(ModelBakery.java:159) ~[client-1.20.1-20230612.114412-srg.jar%23282!/:?]
	at net.minecraft.client.resources.model.ModelManager.m_246505_(ModelManager.java:83) ~[client-1.20.1-20230612.114412-srg.jar%23282!/:?]
	at java.util.concurrent.CompletableFuture.biApply(Unknown Source) ~[?:?]
	at java.util.concurrent.CompletableFuture$BiApply.tryFire(Unknown Source) ~[?:?]
	at java.util.concurrent.CompletableFuture$Completion.exec(Unknown Source) ~[?:?]
	at java.util.concurrent.ForkJoinTask.doExec(Unknown Source) ~[?:?]
	at java.util.concurrent.ForkJoinPool$WorkQueue.topLevelExec(Unknown Source) ~[?:?]
	at java.util.concurrent.ForkJoinPool.scan(Unknown Source) ~[?:?]
	at java.util.concurrent.ForkJoinPool.runWorker(Unknown Source) ~[?:?]
	at java.util.concurrent.ForkJoinWorkerThread.run(Unknown Source) ~[?:?]
[13:35:18] [Worker-Main-11/WARN]: bibliocraft:block/color/gray/table_cloth_none#inventory
java.io.FileNotFoundException: bibliocraft:models/item/block/color/gray/table_cloth_none.json
	at net.minecraft.client.resources.model.ModelBakery.m_119364_(ModelBakery.java:417) ~[client-1.20.1-20230612.114412-srg.jar%23282!/:?]
	at net.minecraft.client.resources.model.ModelBakery.m_119362_(ModelBakery.java:266) ~[client-1.20.1-20230612.114412-srg.jar%23282!/:?]
	at net.minecraft.client.resources.model.ModelBakery.m_119341_(ModelBakery.java:243) ~[client-1.20.1-20230612.114412-srg.jar%23282!/:?]
	at net.minecraft.client.resources.model.ModelBakery.<init>(ModelBakery.java:159) ~[client-1.20.1-20230612.114412-srg.jar%23282!/:?]
	at net.minecraft.client.resources.model.ModelManager.m_246505_(ModelManager.java:83) ~[client-1.20.1-20230612.114412-srg.jar%23282!/:?]
	at java.util.concurrent.CompletableFuture.biApply(Unknown Source) ~[?:?]
	at java.util.concurrent.CompletableFuture$BiApply.tryFire(Unknown Source) ~[?:?]
	at java.util.concurrent.CompletableFuture$Completion.exec(Unknown Source) ~[?:?]
	at java.util.concurrent.ForkJoinTask.doExec(Unknown Source) ~[?:?]
	at java.util.concurrent.ForkJoinPool$WorkQueue.topLevelExec(Unknown Source) ~[?:?]
	at java.util.concurrent.ForkJoinPool.scan(Unknown Source) ~[?:?]
	at java.util.concurrent.ForkJoinPool.runWorker(Unknown Source) ~[?:?]
	at java.util.concurrent.ForkJoinWorkerThread.run(Unknown Source) ~[?:?]
[13:35:18] [Worker-Main-11/WARN]: bibliocraft:block/color/magenta/table_cloth_all#inventory
java.io.FileNotFoundException: bibliocraft:models/item/block/color/magenta/table_cloth_all.json
	at net.minecraft.client.resources.model.ModelBakery.m_119364_(ModelBakery.java:417) ~[client-1.20.1-20230612.114412-srg.jar%23282!/:?]
	at net.minecraft.client.resources.model.ModelBakery.m_119362_(ModelBakery.java:266) ~[client-1.20.1-20230612.114412-srg.jar%23282!/:?]
	at net.minecraft.client.resources.model.ModelBakery.m_119341_(ModelBakery.java:243) ~[client-1.20.1-20230612.114412-srg.jar%23282!/:?]
	at net.minecraft.client.resources.model.ModelBakery.<init>(ModelBakery.java:159) ~[client-1.20.1-20230612.114412-srg.jar%23282!/:?]
	at net.minecraft.client.resources.model.ModelManager.m_246505_(ModelManager.java:83) ~[client-1.20.1-20230612.114412-srg.jar%23282!/:?]
	at java.util.concurrent.CompletableFuture.biApply(Unknown Source) ~[?:?]
	at java.util.concurrent.CompletableFuture$BiApply.tryFire(Unknown Source) ~[?:?]
	at java.util.concurrent.CompletableFuture$Completion.exec(Unknown Source) ~[?:?]
	at java.util.concurrent.ForkJoinTask.doExec(Unknown Source) ~[?:?]
	at java.util.concurrent.ForkJoinPool$WorkQueue.topLevelExec(Unknown Source) ~[?:?]
	at java.util.concurrent.ForkJoinPool.scan(Unknown Source) ~[?:?]
	at java.util.concurrent.ForkJoinPool.runWorker(Unknown Source) ~[?:?]
	at java.util.concurrent.ForkJoinWorkerThread.run(Unknown Source) ~[?:?]
[13:35:18] [Worker-Main-11/WARN]: bibliocraft:block/color/red/table_cloth_one#inventory
java.io.FileNotFoundException: bibliocraft:models/item/block/color/red/table_cloth_one.json
	at net.minecraft.client.resources.model.ModelBakery.m_119364_(ModelBakery.java:417) ~[client-1.20.1-20230612.114412-srg.jar%23282!/:?]
	at net.minecraft.client.resources.model.ModelBakery.m_119362_(ModelBakery.java:266) ~[client-1.20.1-20230612.114412-srg.jar%23282!/:?]
	at net.minecraft.client.resources.model.ModelBakery.m_119341_(ModelBakery.java:243) ~[client-1.20.1-20230612.114412-srg.jar%23282!/:?]
	at net.minecraft.client.resources.model.ModelBakery.<init>(ModelBakery.java:159) ~[client-1.20.1-20230612.114412-srg.jar%23282!/:?]
	at net.minecraft.client.resources.model.ModelManager.m_246505_(ModelManager.java:83) ~[client-1.20.1-20230612.114412-srg.jar%23282!/:?]
	at java.util.concurrent.CompletableFuture.biApply(Unknown Source) ~[?:?]
	at java.util.concurrent.CompletableFuture$BiApply.tryFire(Unknown Source) ~[?:?]
	at java.util.concurrent.CompletableFuture$Completion.exec(Unknown Source) ~[?:?]
	at java.util.concurrent.ForkJoinTask.doExec(Unknown Source) ~[?:?]
	at java.util.concurrent.ForkJoinPool$WorkQueue.topLevelExec(Unknown Source) ~[?:?]
	at java.util.concurrent.ForkJoinPool.scan(Unknown Source) ~[?:?]
	at java.util.concurrent.ForkJoinPool.runWorker(Unknown Source) ~[?:?]
	at java.util.concurrent.ForkJoinWorkerThread.run(Unknown Source) ~[?:?]
[13:35:18] [Worker-Main-11/WARN]: bibliocraft:block/color/cyan/table_cloth_three#inventory
java.io.FileNotFoundException: bibliocraft:models/item/block/color/cyan/table_cloth_three.json
	at net.minecraft.client.resources.model.ModelBakery.m_119364_(ModelBakery.java:417) ~[client-1.20.1-20230612.114412-srg.jar%23282!/:?]
	at net.minecraft.client.resources.model.ModelBakery.m_119362_(ModelBakery.java:266) ~[client-1.20.1-20230612.114412-srg.jar%23282!/:?]
	at net.minecraft.client.resources.model.ModelBakery.m_119341_(ModelBakery.java:243) ~[client-1.20.1-20230612.114412-srg.jar%23282!/:?]
	at net.minecraft.client.resources.model.ModelBakery.<init>(ModelBakery.java:159) ~[client-1.20.1-20230612.114412-srg.jar%23282!/:?]
	at net.minecraft.client.resources.model.ModelManager.m_246505_(ModelManager.java:83) ~[client-1.20.1-20230612.114412-srg.jar%23282!/:?]
	at java.util.concurrent.CompletableFuture.biApply(Unknown Source) ~[?:?]
	at java.util.concurrent.CompletableFuture$BiApply.tryFire(Unknown Source) ~[?:?]
	at java.util.concurrent.CompletableFuture$Completion.exec(Unknown Source) ~[?:?]
	at java.util.concurrent.ForkJoinTask.doExec(Unknown Source) ~[?:?]
	at java.util.concurrent.ForkJoinPool$WorkQueue.topLevelExec(Unknown Source) ~[?:?]
	at java.util.concurrent.ForkJoinPool.scan(Unknown Source) ~[?:?]
	at java.util.concurrent.ForkJoinPool.runWorker(Unknown Source) ~[?:?]
	at java.util.concurrent.ForkJoinWorkerThread.run(Unknown Source) ~[?:?]
[13:35:18] [Worker-Main-11/WARN]: bibliocraft:block/color/pink/table_cloth_one#inventory
java.io.FileNotFoundException: bibliocraft:models/item/block/color/pink/table_cloth_one.json
	at net.minecraft.client.resources.model.ModelBakery.m_119364_(ModelBakery.java:417) ~[client-1.20.1-20230612.114412-srg.jar%23282!/:?]
	at net.minecraft.client.resources.model.ModelBakery.m_119362_(ModelBakery.java:266) ~[client-1.20.1-20230612.114412-srg.jar%23282!/:?]
	at net.minecraft.client.resources.model.ModelBakery.m_119341_(ModelBakery.java:243) ~[client-1.20.1-20230612.114412-srg.jar%23282!/:?]
	at net.minecraft.client.resources.model.ModelBakery.<init>(ModelBakery.java:159) ~[client-1.20.1-20230612.114412-srg.jar%23282!/:?]
	at net.minecraft.client.resources.model.ModelManager.m_246505_(ModelManager.java:83) ~[client-1.20.1-20230612.114412-srg.jar%23282!/:?]
	at java.util.concurrent.CompletableFuture.biApply(Unknown Source) ~[?:?]
	at java.util.concurrent.CompletableFuture$BiApply.tryFire(Unknown Source) ~[?:?]
	at java.util.concurrent.CompletableFuture$Completion.exec(Unknown Source) ~[?:?]
	at java.util.concurrent.ForkJoinTask.doExec(Unknown Source) ~[?:?]
	at java.util.concurrent.ForkJoinPool$WorkQueue.topLevelExec(Unknown Source) ~[?:?]
	at java.util.concurrent.ForkJoinPool.scan(Unknown Source) ~[?:?]
	at java.util.concurrent.ForkJoinPool.runWorker(Unknown Source) ~[?:?]
	at java.util.concurrent.ForkJoinWorkerThread.run(Unknown Source) ~[?:?]
[13:35:18] [Worker-Main-11/WARN]: bibliocraft:block/color/magenta/table_cloth_curve#inventory
java.io.FileNotFoundException: bibliocraft:models/item/block/color/magenta/table_cloth_curve.json
	at net.minecraft.client.resources.model.ModelBakery.m_119364_(ModelBakery.java:417) ~[client-1.20.1-20230612.114412-srg.jar%23282!/:?]
	at net.minecraft.client.resources.model.ModelBakery.m_119362_(ModelBakery.java:266) ~[client-1.20.1-20230612.114412-srg.jar%23282!/:?]
	at net.minecraft.client.resources.model.ModelBakery.m_119341_(ModelBakery.java:243) ~[client-1.20.1-20230612.114412-srg.jar%23282!/:?]
	at net.minecraft.client.resources.model.ModelBakery.<init>(ModelBakery.java:159) ~[client-1.20.1-20230612.114412-srg.jar%23282!/:?]
	at net.minecraft.client.resources.model.ModelManager.m_246505_(ModelManager.java:83) ~[client-1.20.1-20230612.114412-srg.jar%23282!/:?]
	at java.util.concurrent.CompletableFuture.biApply(Unknown Source) ~[?:?]
	at java.util.concurrent.CompletableFuture$BiApply.tryFire(Unknown Source) ~[?:?]
	at java.util.concurrent.CompletableFuture$Completion.exec(Unknown Source) ~[?:?]
	at java.util.concurrent.ForkJoinTask.doExec(Unknown Source) ~[?:?]
	at java.util.concurrent.ForkJoinPool$WorkQueue.topLevelExec(Unknown Source) ~[?:?]
	at java.util.concurrent.ForkJoinPool.scan(Unknown Source) ~[?:?]
	at java.util.concurrent.ForkJoinPool.runWorker(Unknown Source) ~[?:?]
	at java.util.concurrent.ForkJoinWorkerThread.run(Unknown Source) ~[?:?]
[13:35:18] [Worker-Main-11/WARN]: bibliocraft:block/color/lime/table_cloth_three#inventory
java.io.FileNotFoundException: bibliocraft:models/item/block/color/lime/table_cloth_three.json
	at net.minecraft.client.resources.model.ModelBakery.m_119364_(ModelBakery.java:417) ~[client-1.20.1-20230612.114412-srg.jar%23282!/:?]
	at net.minecraft.client.resources.model.ModelBakery.m_119362_(ModelBakery.java:266) ~[client-1.20.1-20230612.114412-srg.jar%23282!/:?]
	at net.minecraft.client.resources.model.ModelBakery.m_119341_(ModelBakery.java:243) ~[client-1.20.1-20230612.114412-srg.jar%23282!/:?]
	at net.minecraft.client.resources.model.ModelBakery.<init>(ModelBakery.java:159) ~[client-1.20.1-20230612.114412-srg.jar%23282!/:?]
	at net.minecraft.client.resources.model.ModelManager.m_246505_(ModelManager.java:83) ~[client-1.20.1-20230612.114412-srg.jar%23282!/:?]
	at java.util.concurrent.CompletableFuture.biApply(Unknown Source) ~[?:?]
	at java.util.concurrent.CompletableFuture$BiApply.tryFire(Unknown Source) ~[?:?]
	at java.util.concurrent.CompletableFuture$Completion.exec(Unknown Source) ~[?:?]
	at java.util.concurrent.ForkJoinTask.doExec(Unknown Source) ~[?:?]
	at java.util.concurrent.ForkJoinPool$WorkQueue.topLevelExec(Unknown Source) ~[?:?]
	at java.util.concurrent.ForkJoinPool.scan(Unknown Source) ~[?:?]
	at java.util.concurrent.ForkJoinPool.runWorker(Unknown Source) ~[?:?]
	at java.util.concurrent.ForkJoinWorkerThread.run(Unknown Source) ~[?:?]
[13:35:18] [Worker-Main-11/WARN]: bibliocraft:block/color/red/table_cloth_all#inventory
java.io.FileNotFoundException: bibliocraft:models/item/block/color/red/table_cloth_all.json
	at net.minecraft.client.resources.model.ModelBakery.m_119364_(ModelBakery.java:417) ~[client-1.20.1-20230612.114412-srg.jar%23282!/:?]
	at net.minecraft.client.resources.model.ModelBakery.m_119362_(ModelBakery.java:266) ~[client-1.20.1-20230612.114412-srg.jar%23282!/:?]
	at net.minecraft.client.resources.model.ModelBakery.m_119341_(ModelBakery.java:243) ~[client-1.20.1-20230612.114412-srg.jar%23282!/:?]
	at net.minecraft.client.resources.model.ModelBakery.<init>(ModelBakery.java:159) ~[client-1.20.1-20230612.114412-srg.jar%23282!/:?]
	at net.minecraft.client.resources.model.ModelManager.m_246505_(ModelManager.java:83) ~[client-1.20.1-20230612.114412-srg.jar%23282!/:?]
	at java.util.concurrent.CompletableFuture.biApply(Unknown Source) ~[?:?]
	at java.util.concurrent.CompletableFuture$BiApply.tryFire(Unknown Source) ~[?:?]
	at java.util.concurrent.CompletableFuture$Completion.exec(Unknown Source) ~[?:?]
	at java.util.concurrent.ForkJoinTask.doExec(Unknown Source) ~[?:?]
	at java.util.concurrent.ForkJoinPool$WorkQueue.topLevelExec(Unknown Source) ~[?:?]
	at java.util.concurrent.ForkJoinPool.scan(Unknown Source) ~[?:?]
	at java.util.concurrent.ForkJoinPool.runWorker(Unknown Source) ~[?:?]
	at java.util.concurrent.ForkJoinWorkerThread.run(Unknown Source) ~[?:?]
[13:35:18] [Worker-Main-11/WARN]: bibliocraft:block/color/pink/table_cloth_all#inventory
java.io.FileNotFoundException: bibliocraft:models/item/block/color/pink/table_cloth_all.json
	at net.minecraft.client.resources.model.ModelBakery.m_119364_(ModelBakery.java:417) ~[client-1.20.1-20230612.114412-srg.jar%23282!/:?]
	at net.minecraft.client.resources.model.ModelBakery.m_119362_(ModelBakery.java:266) ~[client-1.20.1-20230612.114412-srg.jar%23282!/:?]
	at net.minecraft.client.resources.model.ModelBakery.m_119341_(ModelBakery.java:243) ~[client-1.20.1-20230612.114412-srg.jar%23282!/:?]
	at net.minecraft.client.resources.model.ModelBakery.<init>(ModelBakery.java:159) ~[client-1.20.1-20230612.114412-srg.jar%23282!/:?]
	at net.minecraft.client.resources.model.ModelManager.m_246505_(ModelManager.java:83) ~[client-1.20.1-20230612.114412-srg.jar%23282!/:?]
	at java.util.concurrent.CompletableFuture.biApply(Unknown Source) ~[?:?]
	at java.util.concurrent.CompletableFuture$BiApply.tryFire(Unknown Source) ~[?:?]
	at java.util.concurrent.CompletableFuture$Completion.exec(Unknown Source) ~[?:?]
	at java.util.concurrent.ForkJoinTask.doExec(Unknown Source) ~[?:?]
	at java.util.concurrent.ForkJoinPool$WorkQueue.topLevelExec(Unknown Source) ~[?:?]
	at java.util.concurrent.ForkJoinPool.scan(Unknown Source) ~[?:?]
	at java.util.concurrent.ForkJoinPool.runWorker(Unknown Source) ~[?:?]
	at java.util.concurrent.ForkJoinWorkerThread.run(Unknown Source) ~[?:?]
[13:35:18] [Worker-Main-11/WARN]: bibliocraft:block/color/brown/table_cloth_three#inventory
java.io.FileNotFoundException: bibliocraft:models/item/block/color/brown/table_cloth_three.json
	at net.minecraft.client.resources.model.ModelBakery.m_119364_(ModelBakery.java:417) ~[client-1.20.1-20230612.114412-srg.jar%23282!/:?]
	at net.minecraft.client.resources.model.ModelBakery.m_119362_(ModelBakery.java:266) ~[client-1.20.1-20230612.114412-srg.jar%23282!/:?]
	at net.minecraft.client.resources.model.ModelBakery.m_119341_(ModelBakery.java:243) ~[client-1.20.1-20230612.114412-srg.jar%23282!/:?]
	at net.minecraft.client.resources.model.ModelBakery.<init>(ModelBakery.java:159) ~[client-1.20.1-20230612.114412-srg.jar%23282!/:?]
	at net.minecraft.client.resources.model.ModelManager.m_246505_(ModelManager.java:83) ~[client-1.20.1-20230612.114412-srg.jar%23282!/:?]
	at java.util.concurrent.CompletableFuture.biApply(Unknown Source) ~[?:?]
	at java.util.concurrent.CompletableFuture$BiApply.tryFire(Unknown Source) ~[?:?]
	at java.util.concurrent.CompletableFuture$Completion.exec(Unknown Source) ~[?:?]
	at java.util.concurrent.ForkJoinTask.doExec(Unknown Source) ~[?:?]
	at java.util.concurrent.ForkJoinPool$WorkQueue.topLevelExec(Unknown Source) ~[?:?]
	at java.util.concurrent.ForkJoinPool.scan(Unknown Source) ~[?:?]
	at java.util.concurrent.ForkJoinPool.runWorker(Unknown Source) ~[?:?]
	at java.util.concurrent.ForkJoinWorkerThread.run(Unknown Source) ~[?:?]
[13:35:18] [Worker-Main-11/WARN]: bibliocraft:block/color/blue/table_cloth_curve#inventory
java.io.FileNotFoundException: bibliocraft:models/item/block/color/blue/table_cloth_curve.json
	at net.minecraft.client.resources.model.ModelBakery.m_119364_(ModelBakery.java:417) ~[client-1.20.1-20230612.114412-srg.jar%23282!/:?]
	at net.minecraft.client.resources.model.ModelBakery.m_119362_(ModelBakery.java:266) ~[client-1.20.1-20230612.114412-srg.jar%23282!/:?]
	at net.minecraft.client.resources.model.ModelBakery.m_119341_(ModelBakery.java:243) ~[client-1.20.1-20230612.114412-srg.jar%23282!/:?]
	at net.minecraft.client.resources.model.ModelBakery.<init>(ModelBakery.java:159) ~[client-1.20.1-20230612.114412-srg.jar%23282!/:?]
	at net.minecraft.client.resources.model.ModelManager.m_246505_(ModelManager.java:83) ~[client-1.20.1-20230612.114412-srg.jar%23282!/:?]
	at java.util.concurrent.CompletableFuture.biApply(Unknown Source) ~[?:?]
	at java.util.concurrent.CompletableFuture$BiApply.tryFire(Unknown Source) ~[?:?]
	at java.util.concurrent.CompletableFuture$Completion.exec(Unknown Source) ~[?:?]
	at java.util.concurrent.ForkJoinTask.doExec(Unknown Source) ~[?:?]
	at java.util.concurrent.ForkJoinPool$WorkQueue.topLevelExec(Unknown Source) ~[?:?]
	at java.util.concurrent.ForkJoinPool.scan(Unknown Source) ~[?:?]
	at java.util.concurrent.ForkJoinPool.runWorker(Unknown Source) ~[?:?]
	at java.util.concurrent.ForkJoinWorkerThread.run(Unknown Source) ~[?:?]
[13:35:18] [Worker-Main-11/WARN]: bibliocraft:block/color/brown/table_cloth_straight#inventory
java.io.FileNotFoundException: bibliocraft:models/item/block/color/brown/table_cloth_straight.json
	at net.minecraft.client.resources.model.ModelBakery.m_119364_(ModelBakery.java:417) ~[client-1.20.1-20230612.114412-srg.jar%23282!/:?]
	at net.minecraft.client.resources.model.ModelBakery.m_119362_(ModelBakery.java:266) ~[client-1.20.1-20230612.114412-srg.jar%23282!/:?]
	at net.minecraft.client.resources.model.ModelBakery.m_119341_(ModelBakery.java:243) ~[client-1.20.1-20230612.114412-srg.jar%23282!/:?]
	at net.minecraft.client.resources.model.ModelBakery.<init>(ModelBakery.java:159) ~[client-1.20.1-20230612.114412-srg.jar%23282!/:?]
	at net.minecraft.client.resources.model.ModelManager.m_246505_(ModelManager.java:83) ~[client-1.20.1-20230612.114412-srg.jar%23282!/:?]
	at java.util.concurrent.CompletableFuture.biApply(Unknown Source) ~[?:?]
	at java.util.concurrent.CompletableFuture$BiApply.tryFire(Unknown Source) ~[?:?]
	at java.util.concurrent.CompletableFuture$Completion.exec(Unknown Source) ~[?:?]
	at java.util.concurrent.ForkJoinTask.doExec(Unknown Source) ~[?:?]
	at java.util.concurrent.ForkJoinPool$WorkQueue.topLevelExec(Unknown Source) ~[?:?]
	at java.util.concurrent.ForkJoinPool.scan(Unknown Source) ~[?:?]
	at java.util.concurrent.ForkJoinPool.runWorker(Unknown Source) ~[?:?]
	at java.util.concurrent.ForkJoinWorkerThread.run(Unknown Source) ~[?:?]
[13:35:18] [Worker-Main-11/WARN]: bibliocraft:block/color/lime/table_cloth_none#inventory
java.io.FileNotFoundException: bibliocraft:models/item/block/color/lime/table_cloth_none.json
	at net.minecraft.client.resources.model.ModelBakery.m_119364_(ModelBakery.java:417) ~[client-1.20.1-20230612.114412-srg.jar%23282!/:?]
	at net.minecraft.client.resources.model.ModelBakery.m_119362_(ModelBakery.java:266) ~[client-1.20.1-20230612.114412-srg.jar%23282!/:?]
	at net.minecraft.client.resources.model.ModelBakery.m_119341_(ModelBakery.java:243) ~[client-1.20.1-20230612.114412-srg.jar%23282!/:?]
	at net.minecraft.client.resources.model.ModelBakery.<init>(ModelBakery.java:159) ~[client-1.20.1-20230612.114412-srg.jar%23282!/:?]
	at net.minecraft.client.resources.model.ModelManager.m_246505_(ModelManager.java:83) ~[client-1.20.1-20230612.114412-srg.jar%23282!/:?]
	at java.util.concurrent.CompletableFuture.biApply(Unknown Source) ~[?:?]
	at java.util.concurrent.CompletableFuture$BiApply.tryFire(Unknown Source) ~[?:?]
	at java.util.concurrent.CompletableFuture$Completion.exec(Unknown Source) ~[?:?]
	at java.util.concurrent.ForkJoinTask.doExec(Unknown Source) ~[?:?]
	at java.util.concurrent.ForkJoinPool$WorkQueue.topLevelExec(Unknown Source) ~[?:?]
	at java.util.concurrent.ForkJoinPool.scan(Unknown Source) ~[?:?]
	at java.util.concurrent.ForkJoinPool.runWorker(Unknown Source) ~[?:?]
	at java.util.concurrent.ForkJoinWorkerThread.run(Unknown Source) ~[?:?]
[13:35:18] [Worker-Main-11/WARN]: bibliocraft:block/color/light_blue/table_cloth_one#inventory
java.io.FileNotFoundException: bibliocraft:models/item/block/color/light_blue/table_cloth_one.json
	at net.minecraft.client.resources.model.ModelBakery.m_119364_(ModelBakery.java:417) ~[client-1.20.1-20230612.114412-srg.jar%23282!/:?]
	at net.minecraft.client.resources.model.ModelBakery.m_119362_(ModelBakery.java:266) ~[client-1.20.1-20230612.114412-srg.jar%23282!/:?]
	at net.minecraft.client.resources.model.ModelBakery.m_119341_(ModelBakery.java:243) ~[client-1.20.1-20230612.114412-srg.jar%23282!/:?]
	at net.minecraft.client.resources.model.ModelBakery.<init>(ModelBakery.java:159) ~[client-1.20.1-20230612.114412-srg.jar%23282!/:?]
	at net.minecraft.client.resources.model.ModelManager.m_246505_(ModelManager.java:83) ~[client-1.20.1-20230612.114412-srg.jar%23282!/:?]
	at java.util.concurrent.CompletableFuture.biApply(Unknown Source) ~[?:?]
	at java.util.concurrent.CompletableFuture$BiApply.tryFire(Unknown Source) ~[?:?]
	at java.util.concurrent.CompletableFuture$Completion.exec(Unknown Source) ~[?:?]
	at java.util.concurrent.ForkJoinTask.doExec(Unknown Source) ~[?:?]
	at java.util.concurrent.ForkJoinPool$WorkQueue.topLevelExec(Unknown Source) ~[?:?]
	at java.util.concurrent.ForkJoinPool.scan(Unknown Source) ~[?:?]
	at java.util.concurrent.ForkJoinPool.runWorker(Unknown Source) ~[?:?]
	at java.util.concurrent.ForkJoinWorkerThread.run(Unknown Source) ~[?:?]
[13:35:18] [Worker-Main-11/WARN]: bibliocraft:block/color/light_gray/table_cloth_three#inventory
java.io.FileNotFoundException: bibliocraft:models/item/block/color/light_gray/table_cloth_three.json
	at net.minecraft.client.resources.model.ModelBakery.m_119364_(ModelBakery.java:417) ~[client-1.20.1-20230612.114412-srg.jar%23282!/:?]
	at net.minecraft.client.resources.model.ModelBakery.m_119362_(ModelBakery.java:266) ~[client-1.20.1-20230612.114412-srg.jar%23282!/:?]
	at net.minecraft.client.resources.model.ModelBakery.m_119341_(ModelBakery.java:243) ~[client-1.20.1-20230612.114412-srg.jar%23282!/:?]
	at net.minecraft.client.resources.model.ModelBakery.<init>(ModelBakery.java:159) ~[client-1.20.1-20230612.114412-srg.jar%23282!/:?]
	at net.minecraft.client.resources.model.ModelManager.m_246505_(ModelManager.java:83) ~[client-1.20.1-20230612.114412-srg.jar%23282!/:?]
	at java.util.concurrent.CompletableFuture.biApply(Unknown Source) ~[?:?]
	at java.util.concurrent.CompletableFuture$BiApply.tryFire(Unknown Source) ~[?:?]
	at java.util.concurrent.CompletableFuture$Completion.exec(Unknown Source) ~[?:?]
	at java.util.concurrent.ForkJoinTask.doExec(Unknown Source) ~[?:?]
	at java.util.concurrent.ForkJoinPool$WorkQueue.topLevelExec(Unknown Source) ~[?:?]
	at java.util.concurrent.ForkJoinPool.scan(Unknown Source) ~[?:?]
	at java.util.concurrent.ForkJoinPool.runWorker(Unknown Source) ~[?:?]
	at java.util.concurrent.ForkJoinWorkerThread.run(Unknown Source) ~[?:?]
[13:35:18] [Worker-Main-11/WARN]: bibliocraft:block/color/cyan/table_cloth_none#inventory
java.io.FileNotFoundException: bibliocraft:models/item/block/color/cyan/table_cloth_none.json
	at net.minecraft.client.resources.model.ModelBakery.m_119364_(ModelBakery.java:417) ~[client-1.20.1-20230612.114412-srg.jar%23282!/:?]
	at net.minecraft.client.resources.model.ModelBakery.m_119362_(ModelBakery.java:266) ~[client-1.20.1-20230612.114412-srg.jar%23282!/:?]
	at net.minecraft.client.resources.model.ModelBakery.m_119341_(ModelBakery.java:243) ~[client-1.20.1-20230612.114412-srg.jar%23282!/:?]
	at net.minecraft.client.resources.model.ModelBakery.<init>(ModelBakery.java:159) ~[client-1.20.1-20230612.114412-srg.jar%23282!/:?]
	at net.minecraft.client.resources.model.ModelManager.m_246505_(ModelManager.java:83) ~[client-1.20.1-20230612.114412-srg.jar%23282!/:?]
	at java.util.concurrent.CompletableFuture.biApply(Unknown Source) ~[?:?]
	at java.util.concurrent.CompletableFuture$BiApply.tryFire(Unknown Source) ~[?:?]
	at java.util.concurrent.CompletableFuture$Completion.exec(Unknown Source) ~[?:?]
	at java.util.concurrent.ForkJoinTask.doExec(Unknown Source) ~[?:?]
	at java.util.concurrent.ForkJoinPool$WorkQueue.topLevelExec(Unknown Source) ~[?:?]
	at java.util.concurrent.ForkJoinPool.scan(Unknown Source) ~[?:?]
	at java.util.concurrent.ForkJoinPool.runWorker(Unknown Source) ~[?:?]
	at java.util.concurrent.ForkJoinWorkerThread.run(Unknown Source) ~[?:?]
[13:35:18] [Worker-Main-11/WARN]: bibliocraft:block/color/cyan/table_cloth_curve#inventory
java.io.FileNotFoundException: bibliocraft:models/item/block/color/cyan/table_cloth_curve.json
	at net.minecraft.client.resources.model.ModelBakery.m_119364_(ModelBakery.java:417) ~[client-1.20.1-20230612.114412-srg.jar%23282!/:?]
	at net.minecraft.client.resources.model.ModelBakery.m_119362_(ModelBakery.java:266) ~[client-1.20.1-20230612.114412-srg.jar%23282!/:?]
	at net.minecraft.client.resources.model.ModelBakery.m_119341_(ModelBakery.java:243) ~[client-1.20.1-20230612.114412-srg.jar%23282!/:?]
	at net.minecraft.client.resources.model.ModelBakery.<init>(ModelBakery.java:159) ~[client-1.20.1-20230612.114412-srg.jar%23282!/:?]
	at net.minecraft.client.resources.model.ModelManager.m_246505_(ModelManager.java:83) ~[client-1.20.1-20230612.114412-srg.jar%23282!/:?]
	at java.util.concurrent.CompletableFuture.biApply(Unknown Source) ~[?:?]
	at java.util.concurrent.CompletableFuture$BiApply.tryFire(Unknown Source) ~[?:?]
	at java.util.concurrent.CompletableFuture$Completion.exec(Unknown Source) ~[?:?]
	at java.util.concurrent.ForkJoinTask.doExec(Unknown Source) ~[?:?]
	at java.util.concurrent.ForkJoinPool$WorkQueue.topLevelExec(Unknown Source) ~[?:?]
	at java.util.concurrent.ForkJoinPool.scan(Unknown Source) ~[?:?]
	at java.util.concurrent.ForkJoinPool.runWorker(Unknown Source) ~[?:?]
	at java.util.concurrent.ForkJoinWorkerThread.run(Unknown Source) ~[?:?]
[13:35:18] [Worker-Main-11/WARN]: bibliocraft:block/color/gray/table_cloth_curve#inventory
java.io.FileNotFoundException: bibliocraft:models/item/block/color/gray/table_cloth_curve.json
	at net.minecraft.client.resources.model.ModelBakery.m_119364_(ModelBakery.java:417) ~[client-1.20.1-20230612.114412-srg.jar%23282!/:?]
	at net.minecraft.client.resources.model.ModelBakery.m_119362_(ModelBakery.java:266) ~[client-1.20.1-20230612.114412-srg.jar%23282!/:?]
	at net.minecraft.client.resources.model.ModelBakery.m_119341_(ModelBakery.java:243) ~[client-1.20.1-20230612.114412-srg.jar%23282!/:?]
	at net.minecraft.client.resources.model.ModelBakery.<init>(ModelBakery.java:159) ~[client-1.20.1-20230612.114412-srg.jar%23282!/:?]
	at net.minecraft.client.resources.model.ModelManager.m_246505_(ModelManager.java:83) ~[client-1.20.1-20230612.114412-srg.jar%23282!/:?]
	at java.util.concurrent.CompletableFuture.biApply(Unknown Source) ~[?:?]
	at java.util.concurrent.CompletableFuture$BiApply.tryFire(Unknown Source) ~[?:?]
	at java.util.concurrent.CompletableFuture$Completion.exec(Unknown Source) ~[?:?]
	at java.util.concurrent.ForkJoinTask.doExec(Unknown Source) ~[?:?]
	at java.util.concurrent.ForkJoinPool$WorkQueue.topLevelExec(Unknown Source) ~[?:?]
	at java.util.concurrent.ForkJoinPool.scan(Unknown Source) ~[?:?]
	at java.util.concurrent.ForkJoinPool.runWorker(Unknown Source) ~[?:?]
	at java.util.concurrent.ForkJoinWorkerThread.run(Unknown Source) ~[?:?]
[13:35:18] [Worker-Main-11/WARN]: bibliocraft:block/color/light_blue/table_cloth_three#inventory
java.io.FileNotFoundException: bibliocraft:models/item/block/color/light_blue/table_cloth_three.json
	at net.minecraft.client.resources.model.ModelBakery.m_119364_(ModelBakery.java:417) ~[client-1.20.1-20230612.114412-srg.jar%23282!/:?]
	at net.minecraft.client.resources.model.ModelBakery.m_119362_(ModelBakery.java:266) ~[client-1.20.1-20230612.114412-srg.jar%23282!/:?]
	at net.minecraft.client.resources.model.ModelBakery.m_119341_(ModelBakery.java:243) ~[client-1.20.1-20230612.114412-srg.jar%23282!/:?]
	at net.minecraft.client.resources.model.ModelBakery.<init>(ModelBakery.java:159) ~[client-1.20.1-20230612.114412-srg.jar%23282!/:?]
	at net.minecraft.client.resources.model.ModelManager.m_246505_(ModelManager.java:83) ~[client-1.20.1-20230612.114412-srg.jar%23282!/:?]
	at java.util.concurrent.CompletableFuture.biApply(Unknown Source) ~[?:?]
	at java.util.concurrent.CompletableFuture$BiApply.tryFire(Unknown Source) ~[?:?]
	at java.util.concurrent.CompletableFuture$Completion.exec(Unknown Source) ~[?:?]
	at java.util.concurrent.ForkJoinTask.doExec(Unknown Source) ~[?:?]
	at java.util.concurrent.ForkJoinPool$WorkQueue.topLevelExec(Unknown Source) ~[?:?]
	at java.util.concurrent.ForkJoinPool.scan(Unknown Source) ~[?:?]
	at java.util.concurrent.ForkJoinPool.runWorker(Unknown Source) ~[?:?]
	at java.util.concurrent.ForkJoinWorkerThread.run(Unknown Source) ~[?:?]
[13:35:18] [Worker-Main-11/WARN]: bibliocraft:block/color/light_blue/table_cloth_all#inventory
java.io.FileNotFoundException: bibliocraft:models/item/block/color/light_blue/table_cloth_all.json
	at net.minecraft.client.resources.model.ModelBakery.m_119364_(ModelBakery.java:417) ~[client-1.20.1-20230612.114412-srg.jar%23282!/:?]
	at net.minecraft.client.resources.model.ModelBakery.m_119362_(ModelBakery.java:266) ~[client-1.20.1-20230612.114412-srg.jar%23282!/:?]
	at net.minecraft.client.resources.model.ModelBakery.m_119341_(ModelBakery.java:243) ~[client-1.20.1-20230612.114412-srg.jar%23282!/:?]
	at net.minecraft.client.resources.model.ModelBakery.<init>(ModelBakery.java:159) ~[client-1.20.1-20230612.114412-srg.jar%23282!/:?]
	at net.minecraft.client.resources.model.ModelManager.m_246505_(ModelManager.java:83) ~[client-1.20.1-20230612.114412-srg.jar%23282!/:?]
	at java.util.concurrent.CompletableFuture.biApply(Unknown Source) ~[?:?]
	at java.util.concurrent.CompletableFuture$BiApply.tryFire(Unknown Source) ~[?:?]
	at java.util.concurrent.CompletableFuture$Completion.exec(Unknown Source) ~[?:?]
	at java.util.concurrent.ForkJoinTask.doExec(Unknown Source) ~[?:?]
	at java.util.concurrent.ForkJoinPool$WorkQueue.topLevelExec(Unknown Source) ~[?:?]
	at java.util.concurrent.ForkJoinPool.scan(Unknown Source) ~[?:?]
	at java.util.concurrent.ForkJoinPool.runWorker(Unknown Source) ~[?:?]
	at java.util.concurrent.ForkJoinWorkerThread.run(Unknown Source) ~[?:?]
[13:35:18] [Worker-Main-11/WARN]: bibliocraft:block/color/lime/table_cloth_curve#inventory
java.io.FileNotFoundException: bibliocraft:models/item/block/color/lime/table_cloth_curve.json
	at net.minecraft.client.resources.model.ModelBakery.m_119364_(ModelBakery.java:417) ~[client-1.20.1-20230612.114412-srg.jar%23282!/:?]
	at net.minecraft.client.resources.model.ModelBakery.m_119362_(ModelBakery.java:266) ~[client-1.20.1-20230612.114412-srg.jar%23282!/:?]
	at net.minecraft.client.resources.model.ModelBakery.m_119341_(ModelBakery.java:243) ~[client-1.20.1-20230612.114412-srg.jar%23282!/:?]
	at net.minecraft.client.resources.model.ModelBakery.<init>(ModelBakery.java:159) ~[client-1.20.1-20230612.114412-srg.jar%23282!/:?]
	at net.minecraft.client.resources.model.ModelManager.m_246505_(ModelManager.java:83) ~[client-1.20.1-20230612.114412-srg.jar%23282!/:?]
	at java.util.concurrent.CompletableFuture.biApply(Unknown Source) ~[?:?]
	at java.util.concurrent.CompletableFuture$BiApply.tryFire(Unknown Source) ~[?:?]
	at java.util.concurrent.CompletableFuture$Completion.exec(Unknown Source) ~[?:?]
	at java.util.concurrent.ForkJoinTask.doExec(Unknown Source) ~[?:?]
	at java.util.concurrent.ForkJoinPool$WorkQueue.topLevelExec(Unknown Source) ~[?:?]
	at java.util.concurrent.ForkJoinPool.scan(Unknown Source) ~[?:?]
	at java.util.concurrent.ForkJoinPool.runWorker(Unknown Source) ~[?:?]
	at java.util.concurrent.ForkJoinWorkerThread.run(Unknown Source) ~[?:?]
[13:35:18] [Worker-Main-11/WARN]: bibliocraft:block/color/pink/table_cloth_curve#inventory
java.io.FileNotFoundException: bibliocraft:models/item/block/color/pink/table_cloth_curve.json
	at net.minecraft.client.resources.model.ModelBakery.m_119364_(ModelBakery.java:417) ~[client-1.20.1-20230612.114412-srg.jar%23282!/:?]
	at net.minecraft.client.resources.model.ModelBakery.m_119362_(ModelBakery.java:266) ~[client-1.20.1-20230612.114412-srg.jar%23282!/:?]
	at net.minecraft.client.resources.model.ModelBakery.m_119341_(ModelBakery.java:243) ~[client-1.20.1-20230612.114412-srg.jar%23282!/:?]
	at net.minecraft.client.resources.model.ModelBakery.<init>(ModelBakery.java:159) ~[client-1.20.1-20230612.114412-srg.jar%23282!/:?]
	at net.minecraft.client.resources.model.ModelManager.m_246505_(ModelManager.java:83) ~[client-1.20.1-20230612.114412-srg.jar%23282!/:?]
	at java.util.concurrent.CompletableFuture.biApply(Unknown Source) ~[?:?]
	at java.util.concurrent.CompletableFuture$BiApply.tryFire(Unknown Source) ~[?:?]
	at java.util.concurrent.CompletableFuture$Completion.exec(Unknown Source) ~[?:?]
	at java.util.concurrent.ForkJoinTask.doExec(Unknown Source) ~[?:?]
	at java.util.concurrent.ForkJoinPool$WorkQueue.topLevelExec(Unknown Source) ~[?:?]
	at java.util.concurrent.ForkJoinPool.scan(Unknown Source) ~[?:?]
	at java.util.concurrent.ForkJoinPool.runWorker(Unknown Source) ~[?:?]
	at java.util.concurrent.ForkJoinWorkerThread.run(Unknown Source) ~[?:?]
[13:35:18] [Worker-Main-11/WARN]: bibliocraft:block/color/brown/table_cloth_one#inventory
java.io.FileNotFoundException: bibliocraft:models/item/block/color/brown/table_cloth_one.json
	at net.minecraft.client.resources.model.ModelBakery.m_119364_(ModelBakery.java:417) ~[client-1.20.1-20230612.114412-srg.jar%23282!/:?]
	at net.minecraft.client.resources.model.ModelBakery.m_119362_(ModelBakery.java:266) ~[client-1.20.1-20230612.114412-srg.jar%23282!/:?]
	at net.minecraft.client.resources.model.ModelBakery.m_119341_(ModelBakery.java:243) ~[client-1.20.1-20230612.114412-srg.jar%23282!/:?]
	at net.minecraft.client.resources.model.ModelBakery.<init>(ModelBakery.java:159) ~[client-1.20.1-20230612.114412-srg.jar%23282!/:?]
	at net.minecraft.client.resources.model.ModelManager.m_246505_(ModelManager.java:83) ~[client-1.20.1-20230612.114412-srg.jar%23282!/:?]
	at java.util.concurrent.CompletableFuture.biApply(Unknown Source) ~[?:?]
	at java.util.concurrent.CompletableFuture$BiApply.tryFire(Unknown Source) ~[?:?]
	at java.util.concurrent.CompletableFuture$Completion.exec(Unknown Source) ~[?:?]
	at java.util.concurrent.ForkJoinTask.doExec(Unknown Source) ~[?:?]
	at java.util.concurrent.ForkJoinPool$WorkQueue.topLevelExec(Unknown Source) ~[?:?]
	at java.util.concurrent.ForkJoinPool.scan(Unknown Source) ~[?:?]
	at java.util.concurrent.ForkJoinPool.runWorker(Unknown Source) ~[?:?]
	at java.util.concurrent.ForkJoinWorkerThread.run(Unknown Source) ~[?:?]
[13:35:18] [Worker-Main-11/WARN]: bibliocraft:block/color/light_gray/table_cloth_curve#inventory
java.io.FileNotFoundException: bibliocraft:models/item/block/color/light_gray/table_cloth_curve.json
	at net.minecraft.client.resources.model.ModelBakery.m_119364_(ModelBakery.java:417) ~[client-1.20.1-20230612.114412-srg.jar%23282!/:?]
	at net.minecraft.client.resources.model.ModelBakery.m_119362_(ModelBakery.java:266) ~[client-1.20.1-20230612.114412-srg.jar%23282!/:?]
	at net.minecraft.client.resources.model.ModelBakery.m_119341_(ModelBakery.java:243) ~[client-1.20.1-20230612.114412-srg.jar%23282!/:?]
	at net.minecraft.client.resources.model.ModelBakery.<init>(ModelBakery.java:159) ~[client-1.20.1-20230612.114412-srg.jar%23282!/:?]
	at net.minecraft.client.resources.model.ModelManager.m_246505_(ModelManager.java:83) ~[client-1.20.1-20230612.114412-srg.jar%23282!/:?]
	at java.util.concurrent.CompletableFuture.biApply(Unknown Source) ~[?:?]
	at java.util.concurrent.CompletableFuture$BiApply.tryFire(Unknown Source) ~[?:?]
	at java.util.concurrent.CompletableFuture$Completion.exec(Unknown Source) ~[?:?]
	at java.util.concurrent.ForkJoinTask.doExec(Unknown Source) ~[?:?]
	at java.util.concurrent.ForkJoinPool$WorkQueue.topLevelExec(Unknown Source) ~[?:?]
	at java.util.concurrent.ForkJoinPool.scan(Unknown Source) ~[?:?]
	at java.util.concurrent.ForkJoinPool.runWorker(Unknown Source) ~[?:?]
	at java.util.concurrent.ForkJoinWorkerThread.run(Unknown Source) ~[?:?]
[13:35:18] [Worker-Main-11/WARN]: bibliocraft:block/color/white/table_cloth_three#inventory
java.io.FileNotFoundException: bibliocraft:models/item/block/color/white/table_cloth_three.json
	at net.minecraft.client.resources.model.ModelBakery.m_119364_(ModelBakery.java:417) ~[client-1.20.1-20230612.114412-srg.jar%23282!/:?]
	at net.minecraft.client.resources.model.ModelBakery.m_119362_(ModelBakery.java:266) ~[client-1.20.1-20230612.114412-srg.jar%23282!/:?]
	at net.minecraft.client.resources.model.ModelBakery.m_119341_(ModelBakery.java:243) ~[client-1.20.1-20230612.114412-srg.jar%23282!/:?]
	at net.minecraft.client.resources.model.ModelBakery.<init>(ModelBakery.java:159) ~[client-1.20.1-20230612.114412-srg.jar%23282!/:?]
	at net.minecraft.client.resources.model.ModelManager.m_246505_(ModelManager.java:83) ~[client-1.20.1-20230612.114412-srg.jar%23282!/:?]
	at java.util.concurrent.CompletableFuture.biApply(Unknown Source) ~[?:?]
	at java.util.concurrent.CompletableFuture$BiApply.tryFire(Unknown Source) ~[?:?]
	at java.util.concurrent.CompletableFuture$Completion.exec(Unknown Source) ~[?:?]
	at java.util.concurrent.ForkJoinTask.doExec(Unknown Source) ~[?:?]
	at java.util.concurrent.ForkJoinPool$WorkQueue.topLevelExec(Unknown Source) ~[?:?]
	at java.util.concurrent.ForkJoinPool.scan(Unknown Source) ~[?:?]
	at java.util.concurrent.ForkJoinPool.runWorker(Unknown Source) ~[?:?]
	at java.util.concurrent.ForkJoinWorkerThread.run(Unknown Source) ~[?:?]
[13:35:18] [Worker-Main-11/WARN]: bibliocraft:block/color/blue/table_cloth_none#inventory
java.io.FileNotFoundException: bibliocraft:models/item/block/color/blue/table_cloth_none.json
	at net.minecraft.client.resources.model.ModelBakery.m_119364_(ModelBakery.java:417) ~[client-1.20.1-20230612.114412-srg.jar%23282!/:?]
	at net.minecraft.client.resources.model.ModelBakery.m_119362_(ModelBakery.java:266) ~[client-1.20.1-20230612.114412-srg.jar%23282!/:?]
	at net.minecraft.client.resources.model.ModelBakery.m_119341_(ModelBakery.java:243) ~[client-1.20.1-20230612.114412-srg.jar%23282!/:?]
	at net.minecraft.client.resources.model.ModelBakery.<init>(ModelBakery.java:159) ~[client-1.20.1-20230612.114412-srg.jar%23282!/:?]
	at net.minecraft.client.resources.model.ModelManager.m_246505_(ModelManager.java:83) ~[client-1.20.1-20230612.114412-srg.jar%23282!/:?]
	at java.util.concurrent.CompletableFuture.biApply(Unknown Source) ~[?:?]
	at java.util.concurrent.CompletableFuture$BiApply.tryFire(Unknown Source) ~[?:?]
	at java.util.concurrent.CompletableFuture$Completion.exec(Unknown Source) ~[?:?]
	at java.util.concurrent.ForkJoinTask.doExec(Unknown Source) ~[?:?]
	at java.util.concurrent.ForkJoinPool$WorkQueue.topLevelExec(Unknown Source) ~[?:?]
	at java.util.concurrent.ForkJoinPool.scan(Unknown Source) ~[?:?]
	at java.util.concurrent.ForkJoinPool.runWorker(Unknown Source) ~[?:?]
	at java.util.concurrent.ForkJoinWorkerThread.run(Unknown Source) ~[?:?]
[13:35:18] [Worker-Main-11/WARN]: bibliocraft:block/color/black/table_cloth_none#inventory
java.io.FileNotFoundException: bibliocraft:models/item/block/color/black/table_cloth_none.json
	at net.minecraft.client.resources.model.ModelBakery.m_119364_(ModelBakery.java:417) ~[client-1.20.1-20230612.114412-srg.jar%23282!/:?]
	at net.minecraft.client.resources.model.ModelBakery.m_119362_(ModelBakery.java:266) ~[client-1.20.1-20230612.114412-srg.jar%23282!/:?]
	at net.minecraft.client.resources.model.ModelBakery.m_119341_(ModelBakery.java:243) ~[client-1.20.1-20230612.114412-srg.jar%23282!/:?]
	at net.minecraft.client.resources.model.ModelBakery.<init>(ModelBakery.java:159) ~[client-1.20.1-20230612.114412-srg.jar%23282!/:?]
	at net.minecraft.client.resources.model.ModelManager.m_246505_(ModelManager.java:83) ~[client-1.20.1-20230612.114412-srg.jar%23282!/:?]
	at java.util.concurrent.CompletableFuture.biApply(Unknown Source) ~[?:?]
	at java.util.concurrent.CompletableFuture$BiApply.tryFire(Unknown Source) ~[?:?]
	at java.util.concurrent.CompletableFuture$Completion.exec(Unknown Source) ~[?:?]
	at java.util.concurrent.ForkJoinTask.doExec(Unknown Source) ~[?:?]
	at java.util.concurrent.ForkJoinPool$WorkQueue.topLevelExec(Unknown Source) ~[?:?]
	at java.util.concurrent.ForkJoinPool.scan(Unknown Source) ~[?:?]
	at java.util.concurrent.ForkJoinPool.runWorker(Unknown Source) ~[?:?]
	at java.util.concurrent.ForkJoinWorkerThread.run(Unknown Source) ~[?:?]
[13:35:18] [Worker-Main-11/WARN]: bibliocraft:block/color/yellow/table_cloth_one#inventory
java.io.FileNotFoundException: bibliocraft:models/item/block/color/yellow/table_cloth_one.json
	at net.minecraft.client.resources.model.ModelBakery.m_119364_(ModelBakery.java:417) ~[client-1.20.1-20230612.114412-srg.jar%23282!/:?]
	at net.minecraft.client.resources.model.ModelBakery.m_119362_(ModelBakery.java:266) ~[client-1.20.1-20230612.114412-srg.jar%23282!/:?]
	at net.minecraft.client.resources.model.ModelBakery.m_119341_(ModelBakery.java:243) ~[client-1.20.1-20230612.114412-srg.jar%23282!/:?]
	at net.minecraft.client.resources.model.ModelBakery.<init>(ModelBakery.java:159) ~[client-1.20.1-20230612.114412-srg.jar%23282!/:?]
	at net.minecraft.client.resources.model.ModelManager.m_246505_(ModelManager.java:83) ~[client-1.20.1-20230612.114412-srg.jar%23282!/:?]
	at java.util.concurrent.CompletableFuture.biApply(Unknown Source) ~[?:?]
	at java.util.concurrent.CompletableFuture$BiApply.tryFire(Unknown Source) ~[?:?]
	at java.util.concurrent.CompletableFuture$Completion.exec(Unknown Source) ~[?:?]
	at java.util.concurrent.ForkJoinTask.doExec(Unknown Source) ~[?:?]
	at java.util.concurrent.ForkJoinPool$WorkQueue.topLevelExec(Unknown Source) ~[?:?]
	at java.util.concurrent.ForkJoinPool.scan(Unknown Source) ~[?:?]
	at java.util.concurrent.ForkJoinPool.runWorker(Unknown Source) ~[?:?]
	at java.util.concurrent.ForkJoinWorkerThread.run(Unknown Source) ~[?:?]
[13:35:18] [Worker-Main-11/WARN]: bibliocraft:block/color/blue/table_cloth_three#inventory
java.io.FileNotFoundException: bibliocraft:models/item/block/color/blue/table_cloth_three.json
	at net.minecraft.client.resources.model.ModelBakery.m_119364_(ModelBakery.java:417) ~[client-1.20.1-20230612.114412-srg.jar%23282!/:?]
	at net.minecraft.client.resources.model.ModelBakery.m_119362_(ModelBakery.java:266) ~[client-1.20.1-20230612.114412-srg.jar%23282!/:?]
	at net.minecraft.client.resources.model.ModelBakery.m_119341_(ModelBakery.java:243) ~[client-1.20.1-20230612.114412-srg.jar%23282!/:?]
	at net.minecraft.client.resources.model.ModelBakery.<init>(ModelBakery.java:159) ~[client-1.20.1-20230612.114412-srg.jar%23282!/:?]
	at net.minecraft.client.resources.model.ModelManager.m_246505_(ModelManager.java:83) ~[client-1.20.1-20230612.114412-srg.jar%23282!/:?]
	at java.util.concurrent.CompletableFuture.biApply(Unknown Source) ~[?:?]
	at java.util.concurrent.CompletableFuture$BiApply.tryFire(Unknown Source) ~[?:?]
	at java.util.concurrent.CompletableFuture$Completion.exec(Unknown Source) ~[?:?]
	at java.util.concurrent.ForkJoinTask.doExec(Unknown Source) ~[?:?]
	at java.util.concurrent.ForkJoinPool$WorkQueue.topLevelExec(Unknown Source) ~[?:?]
	at java.util.concurrent.ForkJoinPool.scan(Unknown Source) ~[?:?]
	at java.util.concurrent.ForkJoinPool.runWorker(Unknown Source) ~[?:?]
	at java.util.concurrent.ForkJoinWorkerThread.run(Unknown Source) ~[?:?]
[13:35:18] [Worker-Main-11/WARN]: bibliocraft:block/color/magenta/table_cloth_none#inventory
java.io.FileNotFoundException: bibliocraft:models/item/block/color/magenta/table_cloth_none.json
	at net.minecraft.client.resources.model.ModelBakery.m_119364_(ModelBakery.java:417) ~[client-1.20.1-20230612.114412-srg.jar%23282!/:?]
	at net.minecraft.client.resources.model.ModelBakery.m_119362_(ModelBakery.java:266) ~[client-1.20.1-20230612.114412-srg.jar%23282!/:?]
	at net.minecraft.client.resources.model.ModelBakery.m_119341_(ModelBakery.java:243) ~[client-1.20.1-20230612.114412-srg.jar%23282!/:?]
	at net.minecraft.client.resources.model.ModelBakery.<init>(ModelBakery.java:159) ~[client-1.20.1-20230612.114412-srg.jar%23282!/:?]
	at net.minecraft.client.resources.model.ModelManager.m_246505_(ModelManager.java:83) ~[client-1.20.1-20230612.114412-srg.jar%23282!/:?]
	at java.util.concurrent.CompletableFuture.biApply(Unknown Source) ~[?:?]
	at java.util.concurrent.CompletableFuture$BiApply.tryFire(Unknown Source) ~[?:?]
	at java.util.concurrent.CompletableFuture$Completion.exec(Unknown Source) ~[?:?]
	at java.util.concurrent.ForkJoinTask.doExec(Unknown Source) ~[?:?]
	at java.util.concurrent.ForkJoinPool$WorkQueue.topLevelExec(Unknown Source) ~[?:?]
	at java.util.concurrent.ForkJoinPool.scan(Unknown Source) ~[?:?]
	at java.util.concurrent.ForkJoinPool.runWorker(Unknown Source) ~[?:?]
	at java.util.concurrent.ForkJoinWorkerThread.run(Unknown Source) ~[?:?]
[13:35:18] [Worker-Main-11/WARN]: bibliocraft:block/color/cyan/table_cloth_straight#inventory
java.io.FileNotFoundException: bibliocraft:models/item/block/color/cyan/table_cloth_straight.json
	at net.minecraft.client.resources.model.ModelBakery.m_119364_(ModelBakery.java:417) ~[client-1.20.1-20230612.114412-srg.jar%23282!/:?]
	at net.minecraft.client.resources.model.ModelBakery.m_119362_(ModelBakery.java:266) ~[client-1.20.1-20230612.114412-srg.jar%23282!/:?]
	at net.minecraft.client.resources.model.ModelBakery.m_119341_(ModelBakery.java:243) ~[client-1.20.1-20230612.114412-srg.jar%23282!/:?]
	at net.minecraft.client.resources.model.ModelBakery.<init>(ModelBakery.java:159) ~[client-1.20.1-20230612.114412-srg.jar%23282!/:?]
	at net.minecraft.client.resources.model.ModelManager.m_246505_(ModelManager.java:83) ~[client-1.20.1-20230612.114412-srg.jar%23282!/:?]
	at java.util.concurrent.CompletableFuture.biApply(Unknown Source) ~[?:?]
	at java.util.concurrent.CompletableFuture$BiApply.tryFire(Unknown Source) ~[?:?]
	at java.util.concurrent.CompletableFuture$Completion.exec(Unknown Source) ~[?:?]
	at java.util.concurrent.ForkJoinTask.doExec(Unknown Source) ~[?:?]
	at java.util.concurrent.ForkJoinPool$WorkQueue.topLevelExec(Unknown Source) ~[?:?]
	at java.util.concurrent.ForkJoinPool.scan(Unknown Source) ~[?:?]
	at java.util.concurrent.ForkJoinPool.runWorker(Unknown Source) ~[?:?]
	at java.util.concurrent.ForkJoinWorkerThread.run(Unknown Source) ~[?:?]
[13:35:18] [Worker-Main-11/WARN]: bibliocraft:block/color/purple/table_cloth_straight#inventory
java.io.FileNotFoundException: bibliocraft:models/item/block/color/purple/table_cloth_straight.json
	at net.minecraft.client.resources.model.ModelBakery.m_119364_(ModelBakery.java:417) ~[client-1.20.1-20230612.114412-srg.jar%23282!/:?]
	at net.minecraft.client.resources.model.ModelBakery.m_119362_(ModelBakery.java:266) ~[client-1.20.1-20230612.114412-srg.jar%23282!/:?]
	at net.minecraft.client.resources.model.ModelBakery.m_119341_(ModelBakery.java:243) ~[client-1.20.1-20230612.114412-srg.jar%23282!/:?]
	at net.minecraft.client.resources.model.ModelBakery.<init>(ModelBakery.java:159) ~[client-1.20.1-20230612.114412-srg.jar%23282!/:?]
	at net.minecraft.client.resources.model.ModelManager.m_246505_(ModelManager.java:83) ~[client-1.20.1-20230612.114412-srg.jar%23282!/:?]
	at java.util.concurrent.CompletableFuture.biApply(Unknown Source) ~[?:?]
	at java.util.concurrent.CompletableFuture$BiApply.tryFire(Unknown Source) ~[?:?]
	at java.util.concurrent.CompletableFuture$Completion.exec(Unknown Source) ~[?:?]
	at java.util.concurrent.ForkJoinTask.doExec(Unknown Source) ~[?:?]
	at java.util.concurrent.ForkJoinPool$WorkQueue.topLevelExec(Unknown Source) ~[?:?]
	at java.util.concurrent.ForkJoinPool.scan(Unknown Source) ~[?:?]
	at java.util.concurrent.ForkJoinPool.runWorker(Unknown Source) ~[?:?]
	at java.util.concurrent.ForkJoinWorkerThread.run(Unknown Source) ~[?:?]
[13:35:18] [Worker-Main-11/WARN]: bibliocraft:block/color/yellow/table_cloth_none#inventory
java.io.FileNotFoundException: bibliocraft:models/item/block/color/yellow/table_cloth_none.json
	at net.minecraft.client.resources.model.ModelBakery.m_119364_(ModelBakery.java:417) ~[client-1.20.1-20230612.114412-srg.jar%23282!/:?]
	at net.minecraft.client.resources.model.ModelBakery.m_119362_(ModelBakery.java:266) ~[client-1.20.1-20230612.114412-srg.jar%23282!/:?]
	at net.minecraft.client.resources.model.ModelBakery.m_119341_(ModelBakery.java:243) ~[client-1.20.1-20230612.114412-srg.jar%23282!/:?]
	at net.minecraft.client.resources.model.ModelBakery.<init>(ModelBakery.java:159) ~[client-1.20.1-20230612.114412-srg.jar%23282!/:?]
	at net.minecraft.client.resources.model.ModelManager.m_246505_(ModelManager.java:83) ~[client-1.20.1-20230612.114412-srg.jar%23282!/:?]
	at java.util.concurrent.CompletableFuture.biApply(Unknown Source) ~[?:?]
	at java.util.concurrent.CompletableFuture$BiApply.tryFire(Unknown Source) ~[?:?]
	at java.util.concurrent.CompletableFuture$Completion.exec(Unknown Source) ~[?:?]
	at java.util.concurrent.ForkJoinTask.doExec(Unknown Source) ~[?:?]
	at java.util.concurrent.ForkJoinPool$WorkQueue.topLevelExec(Unknown Source) ~[?:?]
	at java.util.concurrent.ForkJoinPool.scan(Unknown Source) ~[?:?]
	at java.util.concurrent.ForkJoinPool.runWorker(Unknown Source) ~[?:?]
	at java.util.concurrent.ForkJoinWorkerThread.run(Unknown Source) ~[?:?]
[13:35:18] [Worker-Main-11/WARN]: bibliocraft:block/color/white/table_cloth_one#inventory
java.io.FileNotFoundException: bibliocraft:models/item/block/color/white/table_cloth_one.json
	at net.minecraft.client.resources.model.ModelBakery.m_119364_(ModelBakery.java:417) ~[client-1.20.1-20230612.114412-srg.jar%23282!/:?]
	at net.minecraft.client.resources.model.ModelBakery.m_119362_(ModelBakery.java:266) ~[client-1.20.1-20230612.114412-srg.jar%23282!/:?]
	at net.minecraft.client.resources.model.ModelBakery.m_119341_(ModelBakery.java:243) ~[client-1.20.1-20230612.114412-srg.jar%23282!/:?]
	at net.minecraft.client.resources.model.ModelBakery.<init>(ModelBakery.java:159) ~[client-1.20.1-20230612.114412-srg.jar%23282!/:?]
	at net.minecraft.client.resources.model.ModelManager.m_246505_(ModelManager.java:83) ~[client-1.20.1-20230612.114412-srg.jar%23282!/:?]
	at java.util.concurrent.CompletableFuture.biApply(Unknown Source) ~[?:?]
	at java.util.concurrent.CompletableFuture$BiApply.tryFire(Unknown Source) ~[?:?]
	at java.util.concurrent.CompletableFuture$Completion.exec(Unknown Source) ~[?:?]
	at java.util.concurrent.ForkJoinTask.doExec(Unknown Source) ~[?:?]
	at java.util.concurrent.ForkJoinPool$WorkQueue.topLevelExec(Unknown Source) ~[?:?]
	at java.util.concurrent.ForkJoinPool.scan(Unknown Source) ~[?:?]
	at java.util.concurrent.ForkJoinPool.runWorker(Unknown Source) ~[?:?]
	at java.util.concurrent.ForkJoinWorkerThread.run(Unknown Source) ~[?:?]
[13:35:18] [Worker-Main-11/WARN]: bibliocraft:block/color/magenta/table_cloth_three#inventory
java.io.FileNotFoundException: bibliocraft:models/item/block/color/magenta/table_cloth_three.json
	at net.minecraft.client.resources.model.ModelBakery.m_119364_(ModelBakery.java:417) ~[client-1.20.1-20230612.114412-srg.jar%23282!/:?]
	at net.minecraft.client.resources.model.ModelBakery.m_119362_(ModelBakery.java:266) ~[client-1.20.1-20230612.114412-srg.jar%23282!/:?]
	at net.minecraft.client.resources.model.ModelBakery.m_119341_(ModelBakery.java:243) ~[client-1.20.1-20230612.114412-srg.jar%23282!/:?]
	at net.minecraft.client.resources.model.ModelBakery.<init>(ModelBakery.java:159) ~[client-1.20.1-20230612.114412-srg.jar%23282!/:?]
	at net.minecraft.client.resources.model.ModelManager.m_246505_(ModelManager.java:83) ~[client-1.20.1-20230612.114412-srg.jar%23282!/:?]
	at java.util.concurrent.CompletableFuture.biApply(Unknown Source) ~[?:?]
	at java.util.concurrent.CompletableFuture$BiApply.tryFire(Unknown Source) ~[?:?]
	at java.util.concurrent.CompletableFuture$Completion.exec(Unknown Source) ~[?:?]
	at java.util.concurrent.ForkJoinTask.doExec(Unknown Source) ~[?:?]
	at java.util.concurrent.ForkJoinPool$WorkQueue.topLevelExec(Unknown Source) ~[?:?]
	at java.util.concurrent.ForkJoinPool.scan(Unknown Source) ~[?:?]
	at java.util.concurrent.ForkJoinPool.runWorker(Unknown Source) ~[?:?]
	at java.util.concurrent.ForkJoinWorkerThread.run(Unknown Source) ~[?:?]
[13:35:18] [Worker-Main-11/WARN]: bibliocraft:block/color/black/table_cloth_three#inventory
java.io.FileNotFoundException: bibliocraft:models/item/block/color/black/table_cloth_three.json
	at net.minecraft.client.resources.model.ModelBakery.m_119364_(ModelBakery.java:417) ~[client-1.20.1-20230612.114412-srg.jar%23282!/:?]
	at net.minecraft.client.resources.model.ModelBakery.m_119362_(ModelBakery.java:266) ~[client-1.20.1-20230612.114412-srg.jar%23282!/:?]
	at net.minecraft.client.resources.model.ModelBakery.m_119341_(ModelBakery.java:243) ~[client-1.20.1-20230612.114412-srg.jar%23282!/:?]
	at net.minecraft.client.resources.model.ModelBakery.<init>(ModelBakery.java:159) ~[client-1.20.1-20230612.114412-srg.jar%23282!/:?]
	at net.minecraft.client.resources.model.ModelManager.m_246505_(ModelManager.java:83) ~[client-1.20.1-20230612.114412-srg.jar%23282!/:?]
	at java.util.concurrent.CompletableFuture.biApply(Unknown Source) ~[?:?]
	at java.util.concurrent.CompletableFuture$BiApply.tryFire(Unknown Source) ~[?:?]
	at java.util.concurrent.CompletableFuture$Completion.exec(Unknown Source) ~[?:?]
	at java.util.concurrent.ForkJoinTask.doExec(Unknown Source) ~[?:?]
	at java.util.concurrent.ForkJoinPool$WorkQueue.topLevelExec(Unknown Source) ~[?:?]
	at java.util.concurrent.ForkJoinPool.scan(Unknown Source) ~[?:?]
	at java.util.concurrent.ForkJoinPool.runWorker(Unknown Source) ~[?:?]
	at java.util.concurrent.ForkJoinWorkerThread.run(Unknown Source) ~[?:?]
[13:35:18] [Worker-Main-11/WARN]: bibliocraft:block/color/red/table_cloth_three#inventory
java.io.FileNotFoundException: bibliocraft:models/item/block/color/red/table_cloth_three.json
	at net.minecraft.client.resources.model.ModelBakery.m_119364_(ModelBakery.java:417) ~[client-1.20.1-20230612.114412-srg.jar%23282!/:?]
	at net.minecraft.client.resources.model.ModelBakery.m_119362_(ModelBakery.java:266) ~[client-1.20.1-20230612.114412-srg.jar%23282!/:?]
	at net.minecraft.client.resources.model.ModelBakery.m_119341_(ModelBakery.java:243) ~[client-1.20.1-20230612.114412-srg.jar%23282!/:?]
	at net.minecraft.client.resources.model.ModelBakery.<init>(ModelBakery.java:159) ~[client-1.20.1-20230612.114412-srg.jar%23282!/:?]
	at net.minecraft.client.resources.model.ModelManager.m_246505_(ModelManager.java:83) ~[client-1.20.1-20230612.114412-srg.jar%23282!/:?]
	at java.util.concurrent.CompletableFuture.biApply(Unknown Source) ~[?:?]
	at java.util.concurrent.CompletableFuture$BiApply.tryFire(Unknown Source) ~[?:?]
	at java.util.concurrent.CompletableFuture$Completion.exec(Unknown Source) ~[?:?]
	at java.util.concurrent.ForkJoinTask.doExec(Unknown Source) ~[?:?]
	at java.util.concurrent.ForkJoinPool$WorkQueue.topLevelExec(Unknown Source) ~[?:?]
	at java.util.concurrent.ForkJoinPool.scan(Unknown Source) ~[?:?]
	at java.util.concurrent.ForkJoinPool.runWorker(Unknown Source) ~[?:?]
	at java.util.concurrent.ForkJoinWorkerThread.run(Unknown Source) ~[?:?]
[13:35:18] [Worker-Main-11/WARN]: bibliocraft:block/color/green/table_cloth_curve#inventory
java.io.FileNotFoundException: bibliocraft:models/item/block/color/green/table_cloth_curve.json
	at net.minecraft.client.resources.model.ModelBakery.m_119364_(ModelBakery.java:417) ~[client-1.20.1-20230612.114412-srg.jar%23282!/:?]
	at net.minecraft.client.resources.model.ModelBakery.m_119362_(ModelBakery.java:266) ~[client-1.20.1-20230612.114412-srg.jar%23282!/:?]
	at net.minecraft.client.resources.model.ModelBakery.m_119341_(ModelBakery.java:243) ~[client-1.20.1-20230612.114412-srg.jar%23282!/:?]
	at net.minecraft.client.resources.model.ModelBakery.<init>(ModelBakery.java:159) ~[client-1.20.1-20230612.114412-srg.jar%23282!/:?]
	at net.minecraft.client.resources.model.ModelManager.m_246505_(ModelManager.java:83) ~[client-1.20.1-20230612.114412-srg.jar%23282!/:?]
	at java.util.concurrent.CompletableFuture.biApply(Unknown Source) ~[?:?]
	at java.util.concurrent.CompletableFuture$BiApply.tryFire(Unknown Source) ~[?:?]
	at java.util.concurrent.CompletableFuture$Completion.exec(Unknown Source) ~[?:?]
	at java.util.concurrent.ForkJoinTask.doExec(Unknown Source) ~[?:?]
	at java.util.concurrent.ForkJoinPool$WorkQueue.topLevelExec(Unknown Source) ~[?:?]
	at java.util.concurrent.ForkJoinPool.scan(Unknown Source) ~[?:?]
	at java.util.concurrent.ForkJoinPool.runWorker(Unknown Source) ~[?:?]
	at java.util.concurrent.ForkJoinWorkerThread.run(Unknown Source) ~[?:?]
[13:35:18] [Worker-Main-11/WARN]: bibliocraft:block/color/light_gray/table_cloth_none#inventory
java.io.FileNotFoundException: bibliocraft:models/item/block/color/light_gray/table_cloth_none.json
	at net.minecraft.client.resources.model.ModelBakery.m_119364_(ModelBakery.java:417) ~[client-1.20.1-20230612.114412-srg.jar%23282!/:?]
	at net.minecraft.client.resources.model.ModelBakery.m_119362_(ModelBakery.java:266) ~[client-1.20.1-20230612.114412-srg.jar%23282!/:?]
	at net.minecraft.client.resources.model.ModelBakery.m_119341_(ModelBakery.java:243) ~[client-1.20.1-20230612.114412-srg.jar%23282!/:?]
	at net.minecraft.client.resources.model.ModelBakery.<init>(ModelBakery.java:159) ~[client-1.20.1-20230612.114412-srg.jar%23282!/:?]
	at net.minecraft.client.resources.model.ModelManager.m_246505_(ModelManager.java:83) ~[client-1.20.1-20230612.114412-srg.jar%23282!/:?]
	at java.util.concurrent.CompletableFuture.biApply(Unknown Source) ~[?:?]
	at java.util.concurrent.CompletableFuture$BiApply.tryFire(Unknown Source) ~[?:?]
	at java.util.concurrent.CompletableFuture$Completion.exec(Unknown Source) ~[?:?]
	at java.util.concurrent.ForkJoinTask.doExec(Unknown Source) ~[?:?]
	at java.util.concurrent.ForkJoinPool$WorkQueue.topLevelExec(Unknown Source) ~[?:?]
	at java.util.concurrent.ForkJoinPool.scan(Unknown Source) ~[?:?]
	at java.util.concurrent.ForkJoinPool.runWorker(Unknown Source) ~[?:?]
	at java.util.concurrent.ForkJoinWorkerThread.run(Unknown Source) ~[?:?]
[13:35:18] [Worker-Main-11/WARN]: bibliocraft:block/color/green/table_cloth_all#inventory
java.io.FileNotFoundException: bibliocraft:models/item/block/color/green/table_cloth_all.json
	at net.minecraft.client.resources.model.ModelBakery.m_119364_(ModelBakery.java:417) ~[client-1.20.1-20230612.114412-srg.jar%23282!/:?]
	at net.minecraft.client.resources.model.ModelBakery.m_119362_(ModelBakery.java:266) ~[client-1.20.1-20230612.114412-srg.jar%23282!/:?]
	at net.minecraft.client.resources.model.ModelBakery.m_119341_(ModelBakery.java:243) ~[client-1.20.1-20230612.114412-srg.jar%23282!/:?]
	at net.minecraft.client.resources.model.ModelBakery.<init>(ModelBakery.java:159) ~[client-1.20.1-20230612.114412-srg.jar%23282!/:?]
	at net.minecraft.client.resources.model.ModelManager.m_246505_(ModelManager.java:83) ~[client-1.20.1-20230612.114412-srg.jar%23282!/:?]
	at java.util.concurrent.CompletableFuture.biApply(Unknown Source) ~[?:?]
	at java.util.concurrent.CompletableFuture$BiApply.tryFire(Unknown Source) ~[?:?]
	at java.util.concurrent.CompletableFuture$Completion.exec(Unknown Source) ~[?:?]
	at java.util.concurrent.ForkJoinTask.doExec(Unknown Source) ~[?:?]
	at java.util.concurrent.ForkJoinPool$WorkQueue.topLevelExec(Unknown Source) ~[?:?]
	at java.util.concurrent.ForkJoinPool.scan(Unknown Source) ~[?:?]
	at java.util.concurrent.ForkJoinPool.runWorker(Unknown Source) ~[?:?]
	at java.util.concurrent.ForkJoinWorkerThread.run(Unknown Source) ~[?:?]
[13:35:18] [Worker-Main-11/WARN]: bibliocraft:block/color/green/table_cloth_one#inventory
java.io.FileNotFoundException: bibliocraft:models/item/block/color/green/table_cloth_one.json
	at net.minecraft.client.resources.model.ModelBakery.m_119364_(ModelBakery.java:417) ~[client-1.20.1-20230612.114412-srg.jar%23282!/:?]
	at net.minecraft.client.resources.model.ModelBakery.m_119362_(ModelBakery.java:266) ~[client-1.20.1-20230612.114412-srg.jar%23282!/:?]
	at net.minecraft.client.resources.model.ModelBakery.m_119341_(ModelBakery.java:243) ~[client-1.20.1-20230612.114412-srg.jar%23282!/:?]
	at net.minecraft.client.resources.model.ModelBakery.<init>(ModelBakery.java:159) ~[client-1.20.1-20230612.114412-srg.jar%23282!/:?]
	at net.minecraft.client.resources.model.ModelManager.m_246505_(ModelManager.java:83) ~[client-1.20.1-20230612.114412-srg.jar%23282!/:?]
	at java.util.concurrent.CompletableFuture.biApply(Unknown Source) ~[?:?]
	at java.util.concurrent.CompletableFuture$BiApply.tryFire(Unknown Source) ~[?:?]
	at java.util.concurrent.CompletableFuture$Completion.exec(Unknown Source) ~[?:?]
	at java.util.concurrent.ForkJoinTask.doExec(Unknown Source) ~[?:?]
	at java.util.concurrent.ForkJoinPool$WorkQueue.topLevelExec(Unknown Source) ~[?:?]
	at java.util.concurrent.ForkJoinPool.scan(Unknown Source) ~[?:?]
	at java.util.concurrent.ForkJoinPool.runWorker(Unknown Source) ~[?:?]
	at java.util.concurrent.ForkJoinWorkerThread.run(Unknown Source) ~[?:?]
[13:35:18] [Worker-Main-11/WARN]: bibliocraft:block/color/pink/table_cloth_none#inventory
java.io.FileNotFoundException: bibliocraft:models/item/block/color/pink/table_cloth_none.json
	at net.minecraft.client.resources.model.ModelBakery.m_119364_(ModelBakery.java:417) ~[client-1.20.1-20230612.114412-srg.jar%23282!/:?]
	at net.minecraft.client.resources.model.ModelBakery.m_119362_(ModelBakery.java:266) ~[client-1.20.1-20230612.114412-srg.jar%23282!/:?]
	at net.minecraft.client.resources.model.ModelBakery.m_119341_(ModelBakery.java:243) ~[client-1.20.1-20230612.114412-srg.jar%23282!/:?]
	at net.minecraft.client.resources.model.ModelBakery.<init>(ModelBakery.java:159) ~[client-1.20.1-20230612.114412-srg.jar%23282!/:?]
	at net.minecraft.client.resources.model.ModelManager.m_246505_(ModelManager.java:83) ~[client-1.20.1-20230612.114412-srg.jar%23282!/:?]
	at java.util.concurrent.CompletableFuture.biApply(Unknown Source) ~[?:?]
	at java.util.concurrent.CompletableFuture$BiApply.tryFire(Unknown Source) ~[?:?]
	at java.util.concurrent.CompletableFuture$Completion.exec(Unknown Source) ~[?:?]
	at java.util.concurrent.ForkJoinTask.doExec(Unknown Source) ~[?:?]
	at java.util.concurrent.ForkJoinPool$WorkQueue.topLevelExec(Unknown Source) ~[?:?]
	at java.util.concurrent.ForkJoinPool.scan(Unknown Source) ~[?:?]
	at java.util.concurrent.ForkJoinPool.runWorker(Unknown Source) ~[?:?]
	at java.util.concurrent.ForkJoinWorkerThread.run(Unknown Source) ~[?:?]
[13:35:18] [Worker-Main-11/WARN]: bibliocraft:block/color/brown/table_cloth_all#inventory
java.io.FileNotFoundException: bibliocraft:models/item/block/color/brown/table_cloth_all.json
	at net.minecraft.client.resources.model.ModelBakery.m_119364_(ModelBakery.java:417) ~[client-1.20.1-20230612.114412-srg.jar%23282!/:?]
	at net.minecraft.client.resources.model.ModelBakery.m_119362_(ModelBakery.java:266) ~[client-1.20.1-20230612.114412-srg.jar%23282!/:?]
	at net.minecraft.client.resources.model.ModelBakery.m_119341_(ModelBakery.java:243) ~[client-1.20.1-20230612.114412-srg.jar%23282!/:?]
	at net.minecraft.client.resources.model.ModelBakery.<init>(ModelBakery.java:159) ~[client-1.20.1-20230612.114412-srg.jar%23282!/:?]
	at net.minecraft.client.resources.model.ModelManager.m_246505_(ModelManager.java:83) ~[client-1.20.1-20230612.114412-srg.jar%23282!/:?]
	at java.util.concurrent.CompletableFuture.biApply(Unknown Source) ~[?:?]
	at java.util.concurrent.CompletableFuture$BiApply.tryFire(Unknown Source) ~[?:?]
	at java.util.concurrent.CompletableFuture$Completion.exec(Unknown Source) ~[?:?]
	at java.util.concurrent.ForkJoinTask.doExec(Unknown Source) ~[?:?]
	at java.util.concurrent.ForkJoinPool$WorkQueue.topLevelExec(Unknown Source) ~[?:?]
	at java.util.concurrent.ForkJoinPool.scan(Unknown Source) ~[?:?]
	at java.util.concurrent.ForkJoinPool.runWorker(Unknown Source) ~[?:?]
	at java.util.concurrent.ForkJoinWorkerThread.run(Unknown Source) ~[?:?]
[13:35:18] [Worker-Main-11/WARN]: bibliocraft:block/color/pink/table_cloth_straight#inventory
java.io.FileNotFoundException: bibliocraft:models/item/block/color/pink/table_cloth_straight.json
	at net.minecraft.client.resources.model.ModelBakery.m_119364_(ModelBakery.java:417) ~[client-1.20.1-20230612.114412-srg.jar%23282!/:?]
	at net.minecraft.client.resources.model.ModelBakery.m_119362_(ModelBakery.java:266) ~[client-1.20.1-20230612.114412-srg.jar%23282!/:?]
	at net.minecraft.client.resources.model.ModelBakery.m_119341_(ModelBakery.java:243) ~[client-1.20.1-20230612.114412-srg.jar%23282!/:?]
	at net.minecraft.client.resources.model.ModelBakery.<init>(ModelBakery.java:159) ~[client-1.20.1-20230612.114412-srg.jar%23282!/:?]
	at net.minecraft.client.resources.model.ModelManager.m_246505_(ModelManager.java:83) ~[client-1.20.1-20230612.114412-srg.jar%23282!/:?]
	at java.util.concurrent.CompletableFuture.biApply(Unknown Source) ~[?:?]
	at java.util.concurrent.CompletableFuture$BiApply.tryFire(Unknown Source) ~[?:?]
	at java.util.concurrent.CompletableFuture$Completion.exec(Unknown Source) ~[?:?]
	at java.util.concurrent.ForkJoinTask.doExec(Unknown Source) ~[?:?]
	at java.util.concurrent.ForkJoinPool$WorkQueue.topLevelExec(Unknown Source) ~[?:?]
	at java.util.concurrent.ForkJoinPool.scan(Unknown Source) ~[?:?]
	at java.util.concurrent.ForkJoinPool.runWorker(Unknown Source) ~[?:?]
	at java.util.concurrent.ForkJoinWorkerThread.run(Unknown Source) ~[?:?]
[13:35:18] [Worker-Main-11/WARN]: bibliocraft:block/color/light_gray/table_cloth_one#inventory
java.io.FileNotFoundException: bibliocraft:models/item/block/color/light_gray/table_cloth_one.json
	at net.minecraft.client.resources.model.ModelBakery.m_119364_(ModelBakery.java:417) ~[client-1.20.1-20230612.114412-srg.jar%23282!/:?]
	at net.minecraft.client.resources.model.ModelBakery.m_119362_(ModelBakery.java:266) ~[client-1.20.1-20230612.114412-srg.jar%23282!/:?]
	at net.minecraft.client.resources.model.ModelBakery.m_119341_(ModelBakery.java:243) ~[client-1.20.1-20230612.114412-srg.jar%23282!/:?]
	at net.minecraft.client.resources.model.ModelBakery.<init>(ModelBakery.java:159) ~[client-1.20.1-20230612.114412-srg.jar%23282!/:?]
	at net.minecraft.client.resources.model.ModelManager.m_246505_(ModelManager.java:83) ~[client-1.20.1-20230612.114412-srg.jar%23282!/:?]
	at java.util.concurrent.CompletableFuture.biApply(Unknown Source) ~[?:?]
	at java.util.concurrent.CompletableFuture$BiApply.tryFire(Unknown Source) ~[?:?]
	at java.util.concurrent.CompletableFuture$Completion.exec(Unknown Source) ~[?:?]
	at java.util.concurrent.ForkJoinTask.doExec(Unknown Source) ~[?:?]
	at java.util.concurrent.ForkJoinPool$WorkQueue.topLevelExec(Unknown Source) ~[?:?]
	at java.util.concurrent.ForkJoinPool.scan(Unknown Source) ~[?:?]
	at java.util.concurrent.ForkJoinPool.runWorker(Unknown Source) ~[?:?]
	at java.util.concurrent.ForkJoinWorkerThread.run(Unknown Source) ~[?:?]
[13:35:18] [Worker-Main-11/WARN]: bibliocraft:block/color/white/table_cloth_straight#inventory
java.io.FileNotFoundException: bibliocraft:models/item/block/color/white/table_cloth_straight.json
	at net.minecraft.client.resources.model.ModelBakery.m_119364_(ModelBakery.java:417) ~[client-1.20.1-20230612.114412-srg.jar%23282!/:?]
	at net.minecraft.client.resources.model.ModelBakery.m_119362_(ModelBakery.java:266) ~[client-1.20.1-20230612.114412-srg.jar%23282!/:?]
	at net.minecraft.client.resources.model.ModelBakery.m_119341_(ModelBakery.java:243) ~[client-1.20.1-20230612.114412-srg.jar%23282!/:?]
	at net.minecraft.client.resources.model.ModelBakery.<init>(ModelBakery.java:159) ~[client-1.20.1-20230612.114412-srg.jar%23282!/:?]
	at net.minecraft.client.resources.model.ModelManager.m_246505_(ModelManager.java:83) ~[client-1.20.1-20230612.114412-srg.jar%23282!/:?]
	at java.util.concurrent.CompletableFuture.biApply(Unknown Source) ~[?:?]
	at java.util.concurrent.CompletableFuture$BiApply.tryFire(Unknown Source) ~[?:?]
	at java.util.concurrent.CompletableFuture$Completion.exec(Unknown Source) ~[?:?]
	at java.util.concurrent.ForkJoinTask.doExec(Unknown Source) ~[?:?]
	at java.util.concurrent.ForkJoinPool$WorkQueue.topLevelExec(Unknown Source) ~[?:?]
	at java.util.concurrent.ForkJoinPool.scan(Unknown Source) ~[?:?]
	at java.util.concurrent.ForkJoinPool.runWorker(Unknown Source) ~[?:?]
	at java.util.concurrent.ForkJoinWorkerThread.run(Unknown Source) ~[?:?]
[13:35:18] [Worker-Main-11/WARN]: bibliocraft:block/color/light_blue/table_cloth_curve#inventory
java.io.FileNotFoundException: bibliocraft:models/item/block/color/light_blue/table_cloth_curve.json
	at net.minecraft.client.resources.model.ModelBakery.m_119364_(ModelBakery.java:417) ~[client-1.20.1-20230612.114412-srg.jar%23282!/:?]
	at net.minecraft.client.resources.model.ModelBakery.m_119362_(ModelBakery.java:266) ~[client-1.20.1-20230612.114412-srg.jar%23282!/:?]
	at net.minecraft.client.resources.model.ModelBakery.m_119341_(ModelBakery.java:243) ~[client-1.20.1-20230612.114412-srg.jar%23282!/:?]
	at net.minecraft.client.resources.model.ModelBakery.<init>(ModelBakery.java:159) ~[client-1.20.1-20230612.114412-srg.jar%23282!/:?]
	at net.minecraft.client.resources.model.ModelManager.m_246505_(ModelManager.java:83) ~[client-1.20.1-20230612.114412-srg.jar%23282!/:?]
	at java.util.concurrent.CompletableFuture.biApply(Unknown Source) ~[?:?]
	at java.util.concurrent.CompletableFuture$BiApply.tryFire(Unknown Source) ~[?:?]
	at java.util.concurrent.CompletableFuture$Completion.exec(Unknown Source) ~[?:?]
	at java.util.concurrent.ForkJoinTask.doExec(Unknown Source) ~[?:?]
	at java.util.concurrent.ForkJoinPool$WorkQueue.topLevelExec(Unknown Source) ~[?:?]
	at java.util.concurrent.ForkJoinPool.scan(Unknown Source) ~[?:?]
	at java.util.concurrent.ForkJoinPool.runWorker(Unknown Source) ~[?:?]
	at java.util.concurrent.ForkJoinWorkerThread.run(Unknown Source) ~[?:?]
[13:35:18] [Worker-Main-11/WARN]: bibliocraft:block/color/light_blue/table_cloth_straight#inventory
java.io.FileNotFoundException: bibliocraft:models/item/block/color/light_blue/table_cloth_straight.json
	at net.minecraft.client.resources.model.ModelBakery.m_119364_(ModelBakery.java:417) ~[client-1.20.1-20230612.114412-srg.jar%23282!/:?]
	at net.minecraft.client.resources.model.ModelBakery.m_119362_(ModelBakery.java:266) ~[client-1.20.1-20230612.114412-srg.jar%23282!/:?]
	at net.minecraft.client.resources.model.ModelBakery.m_119341_(ModelBakery.java:243) ~[client-1.20.1-20230612.114412-srg.jar%23282!/:?]
	at net.minecraft.client.resources.model.ModelBakery.<init>(ModelBakery.java:159) ~[client-1.20.1-20230612.114412-srg.jar%23282!/:?]
	at net.minecraft.client.resources.model.ModelManager.m_246505_(ModelManager.java:83) ~[client-1.20.1-20230612.114412-srg.jar%23282!/:?]
	at java.util.concurrent.CompletableFuture.biApply(Unknown Source) ~[?:?]
	at java.util.concurrent.CompletableFuture$BiApply.tryFire(Unknown Source) ~[?:?]
	at java.util.concurrent.CompletableFuture$Completion.exec(Unknown Source) ~[?:?]
	at java.util.concurrent.ForkJoinTask.doExec(Unknown Source) ~[?:?]
	at java.util.concurrent.ForkJoinPool$WorkQueue.topLevelExec(Unknown Source) ~[?:?]
	at java.util.concurrent.ForkJoinPool.scan(Unknown Source) ~[?:?]
	at java.util.concurrent.ForkJoinPool.runWorker(Unknown Source) ~[?:?]
	at java.util.concurrent.ForkJoinWorkerThread.run(Unknown Source) ~[?:?]
[13:35:18] [Worker-Main-11/WARN]: bibliocraft:block/color/gray/table_cloth_three#inventory
java.io.FileNotFoundException: bibliocraft:models/item/block/color/gray/table_cloth_three.json
	at net.minecraft.client.resources.model.ModelBakery.m_119364_(ModelBakery.java:417) ~[client-1.20.1-20230612.114412-srg.jar%23282!/:?]
	at net.minecraft.client.resources.model.ModelBakery.m_119362_(ModelBakery.java:266) ~[client-1.20.1-20230612.114412-srg.jar%23282!/:?]
	at net.minecraft.client.resources.model.ModelBakery.m_119341_(ModelBakery.java:243) ~[client-1.20.1-20230612.114412-srg.jar%23282!/:?]
	at net.minecraft.client.resources.model.ModelBakery.<init>(ModelBakery.java:159) ~[client-1.20.1-20230612.114412-srg.jar%23282!/:?]
	at net.minecraft.client.resources.model.ModelManager.m_246505_(ModelManager.java:83) ~[client-1.20.1-20230612.114412-srg.jar%23282!/:?]
	at java.util.concurrent.CompletableFuture.biApply(Unknown Source) ~[?:?]
	at java.util.concurrent.CompletableFuture$BiApply.tryFire(Unknown Source) ~[?:?]
	at java.util.concurrent.CompletableFuture$Completion.exec(Unknown Source) ~[?:?]
	at java.util.concurrent.ForkJoinTask.doExec(Unknown Source) ~[?:?]
	at java.util.concurrent.ForkJoinPool$WorkQueue.topLevelExec(Unknown Source) ~[?:?]
	at java.util.concurrent.ForkJoinPool.scan(Unknown Source) ~[?:?]
	at java.util.concurrent.ForkJoinPool.runWorker(Unknown Source) ~[?:?]
	at java.util.concurrent.ForkJoinWorkerThread.run(Unknown Source) ~[?:?]
[13:35:18] [Worker-Main-11/WARN]: bibliocraft:block/color/black/table_cloth_straight#inventory
java.io.FileNotFoundException: bibliocraft:models/item/block/color/black/table_cloth_straight.json
	at net.minecraft.client.resources.model.ModelBakery.m_119364_(ModelBakery.java:417) ~[client-1.20.1-20230612.114412-srg.jar%23282!/:?]
	at net.minecraft.client.resources.model.ModelBakery.m_119362_(ModelBakery.java:266) ~[client-1.20.1-20230612.114412-srg.jar%23282!/:?]
	at net.minecraft.client.resources.model.ModelBakery.m_119341_(ModelBakery.java:243) ~[client-1.20.1-20230612.114412-srg.jar%23282!/:?]
	at net.minecraft.client.resources.model.ModelBakery.<init>(ModelBakery.java:159) ~[client-1.20.1-20230612.114412-srg.jar%23282!/:?]
	at net.minecraft.client.resources.model.ModelManager.m_246505_(ModelManager.java:83) ~[client-1.20.1-20230612.114412-srg.jar%23282!/:?]
	at java.util.concurrent.CompletableFuture.biApply(Unknown Source) ~[?:?]
	at java.util.concurrent.CompletableFuture$BiApply.tryFire(Unknown Source) ~[?:?]
	at java.util.concurrent.CompletableFuture$Completion.exec(Unknown Source) ~[?:?]
	at java.util.concurrent.ForkJoinTask.doExec(Unknown Source) ~[?:?]
	at java.util.concurrent.ForkJoinPool$WorkQueue.topLevelExec(Unknown Source) ~[?:?]
	at java.util.concurrent.ForkJoinPool.scan(Unknown Source) ~[?:?]
	at java.util.concurrent.ForkJoinPool.runWorker(Unknown Source) ~[?:?]
	at java.util.concurrent.ForkJoinWorkerThread.run(Unknown Source) ~[?:?]
[13:35:18] [Worker-Main-11/WARN]: bibliocraft:block/color/white/table_cloth_none#inventory
java.io.FileNotFoundException: bibliocraft:models/item/block/color/white/table_cloth_none.json
	at net.minecraft.client.resources.model.ModelBakery.m_119364_(ModelBakery.java:417) ~[client-1.20.1-20230612.114412-srg.jar%23282!/:?]
	at net.minecraft.client.resources.model.ModelBakery.m_119362_(ModelBakery.java:266) ~[client-1.20.1-20230612.114412-srg.jar%23282!/:?]
	at net.minecraft.client.resources.model.ModelBakery.m_119341_(ModelBakery.java:243) ~[client-1.20.1-20230612.114412-srg.jar%23282!/:?]
	at net.minecraft.client.resources.model.ModelBakery.<init>(ModelBakery.java:159) ~[client-1.20.1-20230612.114412-srg.jar%23282!/:?]
	at net.minecraft.client.resources.model.ModelManager.m_246505_(ModelManager.java:83) ~[client-1.20.1-20230612.114412-srg.jar%23282!/:?]
	at java.util.concurrent.CompletableFuture.biApply(Unknown Source) ~[?:?]
	at java.util.concurrent.CompletableFuture$BiApply.tryFire(Unknown Source) ~[?:?]
	at java.util.concurrent.CompletableFuture$Completion.exec(Unknown Source) ~[?:?]
	at java.util.concurrent.ForkJoinTask.doExec(Unknown Source) ~[?:?]
	at java.util.concurrent.ForkJoinPool$WorkQueue.topLevelExec(Unknown Source) ~[?:?]
	at java.util.concurrent.ForkJoinPool.scan(Unknown Source) ~[?:?]
	at java.util.concurrent.ForkJoinPool.runWorker(Unknown Source) ~[?:?]
	at java.util.concurrent.ForkJoinWorkerThread.run(Unknown Source) ~[?:?]
[13:35:18] [Worker-Main-11/WARN]: bibliocraft:block/color/pink/table_cloth_three#inventory
java.io.FileNotFoundException: bibliocraft:models/item/block/color/pink/table_cloth_three.json
	at net.minecraft.client.resources.model.ModelBakery.m_119364_(ModelBakery.java:417) ~[client-1.20.1-20230612.114412-srg.jar%23282!/:?]
	at net.minecraft.client.resources.model.ModelBakery.m_119362_(ModelBakery.java:266) ~[client-1.20.1-20230612.114412-srg.jar%23282!/:?]
	at net.minecraft.client.resources.model.ModelBakery.m_119341_(ModelBakery.java:243) ~[client-1.20.1-20230612.114412-srg.jar%23282!/:?]
	at net.minecraft.client.resources.model.ModelBakery.<init>(ModelBakery.java:159) ~[client-1.20.1-20230612.114412-srg.jar%23282!/:?]
	at net.minecraft.client.resources.model.ModelManager.m_246505_(ModelManager.java:83) ~[client-1.20.1-20230612.114412-srg.jar%23282!/:?]
	at java.util.concurrent.CompletableFuture.biApply(Unknown Source) ~[?:?]
	at java.util.concurrent.CompletableFuture$BiApply.tryFire(Unknown Source) ~[?:?]
	at java.util.concurrent.CompletableFuture$Completion.exec(Unknown Source) ~[?:?]
	at java.util.concurrent.ForkJoinTask.doExec(Unknown Source) ~[?:?]
	at java.util.concurrent.ForkJoinPool$WorkQueue.topLevelExec(Unknown Source) ~[?:?]
	at java.util.concurrent.ForkJoinPool.scan(Unknown Source) ~[?:?]
	at java.util.concurrent.ForkJoinPool.runWorker(Unknown Source) ~[?:?]
	at java.util.concurrent.ForkJoinWorkerThread.run(Unknown Source) ~[?:?]
[13:35:18] [Worker-Main-11/WARN]: bibliocraft:block/color/white/table_cloth_all#inventory
java.io.FileNotFoundException: bibliocraft:models/item/block/color/white/table_cloth_all.json
	at net.minecraft.client.resources.model.ModelBakery.m_119364_(ModelBakery.java:417) ~[client-1.20.1-20230612.114412-srg.jar%23282!/:?]
	at net.minecraft.client.resources.model.ModelBakery.m_119362_(ModelBakery.java:266) ~[client-1.20.1-20230612.114412-srg.jar%23282!/:?]
	at net.minecraft.client.resources.model.ModelBakery.m_119341_(ModelBakery.java:243) ~[client-1.20.1-20230612.114412-srg.jar%23282!/:?]
	at net.minecraft.client.resources.model.ModelBakery.<init>(ModelBakery.java:159) ~[client-1.20.1-20230612.114412-srg.jar%23282!/:?]
	at net.minecraft.client.resources.model.ModelManager.m_246505_(ModelManager.java:83) ~[client-1.20.1-20230612.114412-srg.jar%23282!/:?]
	at java.util.concurrent.CompletableFuture.biApply(Unknown Source) ~[?:?]
	at java.util.concurrent.CompletableFuture$BiApply.tryFire(Unknown Source) ~[?:?]
	at java.util.concurrent.CompletableFuture$Completion.exec(Unknown Source) ~[?:?]
	at java.util.concurrent.ForkJoinTask.doExec(Unknown Source) ~[?:?]
	at java.util.concurrent.ForkJoinPool$WorkQueue.topLevelExec(Unknown Source) ~[?:?]
	at java.util.concurrent.ForkJoinPool.scan(Unknown Source) ~[?:?]
	at java.util.concurrent.ForkJoinPool.runWorker(Unknown Source) ~[?:?]
	at java.util.concurrent.ForkJoinWorkerThread.run(Unknown Source) ~[?:?]
[13:35:18] [Worker-Main-11/WARN]: bibliocraft:block/color/purple/table_cloth_curve#inventory
java.io.FileNotFoundException: bibliocraft:models/item/block/color/purple/table_cloth_curve.json
	at net.minecraft.client.resources.model.ModelBakery.m_119364_(ModelBakery.java:417) ~[client-1.20.1-20230612.114412-srg.jar%23282!/:?]
	at net.minecraft.client.resources.model.ModelBakery.m_119362_(ModelBakery.java:266) ~[client-1.20.1-20230612.114412-srg.jar%23282!/:?]
	at net.minecraft.client.resources.model.ModelBakery.m_119341_(ModelBakery.java:243) ~[client-1.20.1-20230612.114412-srg.jar%23282!/:?]
	at net.minecraft.client.resources.model.ModelBakery.<init>(ModelBakery.java:159) ~[client-1.20.1-20230612.114412-srg.jar%23282!/:?]
	at net.minecraft.client.resources.model.ModelManager.m_246505_(ModelManager.java:83) ~[client-1.20.1-20230612.114412-srg.jar%23282!/:?]
	at java.util.concurrent.CompletableFuture.biApply(Unknown Source) ~[?:?]
	at java.util.concurrent.CompletableFuture$BiApply.tryFire(Unknown Source) ~[?:?]
	at java.util.concurrent.CompletableFuture$Completion.exec(Unknown Source) ~[?:?]
	at java.util.concurrent.ForkJoinTask.doExec(Unknown Source) ~[?:?]
	at java.util.concurrent.ForkJoinPool$WorkQueue.topLevelExec(Unknown Source) ~[?:?]
	at java.util.concurrent.ForkJoinPool.scan(Unknown Source) ~[?:?]
	at java.util.concurrent.ForkJoinPool.runWorker(Unknown Source) ~[?:?]
	at java.util.concurrent.ForkJoinWorkerThread.run(Unknown Source) ~[?:?]
[13:35:18] [Worker-Main-11/WARN]: bibliocraft:block/color/lime/table_cloth_straight#inventory
java.io.FileNotFoundException: bibliocraft:models/item/block/color/lime/table_cloth_straight.json
	at net.minecraft.client.resources.model.ModelBakery.m_119364_(ModelBakery.java:417) ~[client-1.20.1-20230612.114412-srg.jar%23282!/:?]
	at net.minecraft.client.resources.model.ModelBakery.m_119362_(ModelBakery.java:266) ~[client-1.20.1-20230612.114412-srg.jar%23282!/:?]
	at net.minecraft.client.resources.model.ModelBakery.m_119341_(ModelBakery.java:243) ~[client-1.20.1-20230612.114412-srg.jar%23282!/:?]
	at net.minecraft.client.resources.model.ModelBakery.<init>(ModelBakery.java:159) ~[client-1.20.1-20230612.114412-srg.jar%23282!/:?]
	at net.minecraft.client.resources.model.ModelManager.m_246505_(ModelManager.java:83) ~[client-1.20.1-20230612.114412-srg.jar%23282!/:?]
	at java.util.concurrent.CompletableFuture.biApply(Unknown Source) ~[?:?]
	at java.util.concurrent.CompletableFuture$BiApply.tryFire(Unknown Source) ~[?:?]
	at java.util.concurrent.CompletableFuture$Completion.exec(Unknown Source) ~[?:?]
	at java.util.concurrent.ForkJoinTask.doExec(Unknown Source) ~[?:?]
	at java.util.concurrent.ForkJoinPool$WorkQueue.topLevelExec(Unknown Source) ~[?:?]
	at java.util.concurrent.ForkJoinPool.scan(Unknown Source) ~[?:?]
	at java.util.concurrent.ForkJoinPool.runWorker(Unknown Source) ~[?:?]
	at java.util.concurrent.ForkJoinWorkerThread.run(Unknown Source) ~[?:?]
[13:35:18] [Worker-Main-11/WARN]: bibliocraft:block/color/orange/table_cloth_straight#inventory
java.io.FileNotFoundException: bibliocraft:models/item/block/color/orange/table_cloth_straight.json
	at net.minecraft.client.resources.model.ModelBakery.m_119364_(ModelBakery.java:417) ~[client-1.20.1-20230612.114412-srg.jar%23282!/:?]
	at net.minecraft.client.resources.model.ModelBakery.m_119362_(ModelBakery.java:266) ~[client-1.20.1-20230612.114412-srg.jar%23282!/:?]
	at net.minecraft.client.resources.model.ModelBakery.m_119341_(ModelBakery.java:243) ~[client-1.20.1-20230612.114412-srg.jar%23282!/:?]
	at net.minecraft.client.resources.model.ModelBakery.<init>(ModelBakery.java:159) ~[client-1.20.1-20230612.114412-srg.jar%23282!/:?]
	at net.minecraft.client.resources.model.ModelManager.m_246505_(ModelManager.java:83) ~[client-1.20.1-20230612.114412-srg.jar%23282!/:?]
	at java.util.concurrent.CompletableFuture.biApply(Unknown Source) ~[?:?]
	at java.util.concurrent.CompletableFuture$BiApply.tryFire(Unknown Source) ~[?:?]
	at java.util.concurrent.CompletableFuture$Completion.exec(Unknown Source) ~[?:?]
	at java.util.concurrent.ForkJoinTask.doExec(Unknown Source) ~[?:?]
	at java.util.concurrent.ForkJoinPool$WorkQueue.topLevelExec(Unknown Source) ~[?:?]
	at java.util.concurrent.ForkJoinPool.scan(Unknown Source) ~[?:?]
	at java.util.concurrent.ForkJoinPool.runWorker(Unknown Source) ~[?:?]
	at java.util.concurrent.ForkJoinWorkerThread.run(Unknown Source) ~[?:?]
[13:35:18] [Worker-Main-11/WARN]: bibliocraft:block/color/yellow/table_cloth_all#inventory
java.io.FileNotFoundException: bibliocraft:models/item/block/color/yellow/table_cloth_all.json
	at net.minecraft.client.resources.model.ModelBakery.m_119364_(ModelBakery.java:417) ~[client-1.20.1-20230612.114412-srg.jar%23282!/:?]
	at net.minecraft.client.resources.model.ModelBakery.m_119362_(ModelBakery.java:266) ~[client-1.20.1-20230612.114412-srg.jar%23282!/:?]
	at net.minecraft.client.resources.model.ModelBakery.m_119341_(ModelBakery.java:243) ~[client-1.20.1-20230612.114412-srg.jar%23282!/:?]
	at net.minecraft.client.resources.model.ModelBakery.<init>(ModelBakery.java:159) ~[client-1.20.1-20230612.114412-srg.jar%23282!/:?]
	at net.minecraft.client.resources.model.ModelManager.m_246505_(ModelManager.java:83) ~[client-1.20.1-20230612.114412-srg.jar%23282!/:?]
	at java.util.concurrent.CompletableFuture.biApply(Unknown Source) ~[?:?]
	at java.util.concurrent.CompletableFuture$BiApply.tryFire(Unknown Source) ~[?:?]
	at java.util.concurrent.CompletableFuture$Completion.exec(Unknown Source) ~[?:?]
	at java.util.concurrent.ForkJoinTask.doExec(Unknown Source) ~[?:?]
	at java.util.concurrent.ForkJoinPool$WorkQueue.topLevelExec(Unknown Source) ~[?:?]
	at java.util.concurrent.ForkJoinPool.scan(Unknown Source) ~[?:?]
	at java.util.concurrent.ForkJoinPool.runWorker(Unknown Source) ~[?:?]
	at java.util.concurrent.ForkJoinWorkerThread.run(Unknown Source) ~[?:?]
[13:35:18] [Worker-Main-11/WARN]: bibliocraft:block/color/magenta/table_cloth_straight#inventory
java.io.FileNotFoundException: bibliocraft:models/item/block/color/magenta/table_cloth_straight.json
	at net.minecraft.client.resources.model.ModelBakery.m_119364_(ModelBakery.java:417) ~[client-1.20.1-20230612.114412-srg.jar%23282!/:?]
	at net.minecraft.client.resources.model.ModelBakery.m_119362_(ModelBakery.java:266) ~[client-1.20.1-20230612.114412-srg.jar%23282!/:?]
	at net.minecraft.client.resources.model.ModelBakery.m_119341_(ModelBakery.java:243) ~[client-1.20.1-20230612.114412-srg.jar%23282!/:?]
	at net.minecraft.client.resources.model.ModelBakery.<init>(ModelBakery.java:159) ~[client-1.20.1-20230612.114412-srg.jar%23282!/:?]
	at net.minecraft.client.resources.model.ModelManager.m_246505_(ModelManager.java:83) ~[client-1.20.1-20230612.114412-srg.jar%23282!/:?]
	at java.util.concurrent.CompletableFuture.biApply(Unknown Source) ~[?:?]
	at java.util.concurrent.CompletableFuture$BiApply.tryFire(Unknown Source) ~[?:?]
	at java.util.concurrent.CompletableFuture$Completion.exec(Unknown Source) ~[?:?]
	at java.util.concurrent.ForkJoinTask.doExec(Unknown Source) ~[?:?]
	at java.util.concurrent.ForkJoinPool$WorkQueue.topLevelExec(Unknown Source) ~[?:?]
	at java.util.concurrent.ForkJoinPool.scan(Unknown Source) ~[?:?]
	at java.util.concurrent.ForkJoinPool.runWorker(Unknown Source) ~[?:?]
	at java.util.concurrent.ForkJoinWorkerThread.run(Unknown Source) ~[?:?]
[13:35:18] [Worker-Main-11/WARN]: bibliocraft:block/color/gray/table_cloth_straight#inventory
java.io.FileNotFoundException: bibliocraft:models/item/block/color/gray/table_cloth_straight.json
	at net.minecraft.client.resources.model.ModelBakery.m_119364_(ModelBakery.java:417) ~[client-1.20.1-20230612.114412-srg.jar%23282!/:?]
	at net.minecraft.client.resources.model.ModelBakery.m_119362_(ModelBakery.java:266) ~[client-1.20.1-20230612.114412-srg.jar%23282!/:?]
	at net.minecraft.client.resources.model.ModelBakery.m_119341_(ModelBakery.java:243) ~[client-1.20.1-20230612.114412-srg.jar%23282!/:?]
	at net.minecraft.client.resources.model.ModelBakery.<init>(ModelBakery.java:159) ~[client-1.20.1-20230612.114412-srg.jar%23282!/:?]
	at net.minecraft.client.resources.model.ModelManager.m_246505_(ModelManager.java:83) ~[client-1.20.1-20230612.114412-srg.jar%23282!/:?]
	at java.util.concurrent.CompletableFuture.biApply(Unknown Source) ~[?:?]
	at java.util.concurrent.CompletableFuture$BiApply.tryFire(Unknown Source) ~[?:?]
	at java.util.concurrent.CompletableFuture$Completion.exec(Unknown Source) ~[?:?]
	at java.util.concurrent.ForkJoinTask.doExec(Unknown Source) ~[?:?]
	at java.util.concurrent.ForkJoinPool$WorkQueue.topLevelExec(Unknown Source) ~[?:?]
	at java.util.concurrent.ForkJoinPool.scan(Unknown Source) ~[?:?]
	at java.util.concurrent.ForkJoinPool.runWorker(Unknown Source) ~[?:?]
	at java.util.concurrent.ForkJoinWorkerThread.run(Unknown Source) ~[?:?]
[13:35:18] [Worker-Main-11/WARN]: bibliocraft:block/color/brown/table_cloth_none#inventory
java.io.FileNotFoundException: bibliocraft:models/item/block/color/brown/table_cloth_none.json
	at net.minecraft.client.resources.model.ModelBakery.m_119364_(ModelBakery.java:417) ~[client-1.20.1-20230612.114412-srg.jar%23282!/:?]
	at net.minecraft.client.resources.model.ModelBakery.m_119362_(ModelBakery.java:266) ~[client-1.20.1-20230612.114412-srg.jar%23282!/:?]
	at net.minecraft.client.resources.model.ModelBakery.m_119341_(ModelBakery.java:243) ~[client-1.20.1-20230612.114412-srg.jar%23282!/:?]
	at net.minecraft.client.resources.model.ModelBakery.<init>(ModelBakery.java:159) ~[client-1.20.1-20230612.114412-srg.jar%23282!/:?]
	at net.minecraft.client.resources.model.ModelManager.m_246505_(ModelManager.java:83) ~[client-1.20.1-20230612.114412-srg.jar%23282!/:?]
	at java.util.concurrent.CompletableFuture.biApply(Unknown Source) ~[?:?]
	at java.util.concurrent.CompletableFuture$BiApply.tryFire(Unknown Source) ~[?:?]
	at java.util.concurrent.CompletableFuture$Completion.exec(Unknown Source) ~[?:?]
	at java.util.concurrent.ForkJoinTask.doExec(Unknown Source) ~[?:?]
	at java.util.concurrent.ForkJoinPool$WorkQueue.topLevelExec(Unknown Source) ~[?:?]
	at java.util.concurrent.ForkJoinPool.scan(Unknown Source) ~[?:?]
	at java.util.concurrent.ForkJoinPool.runWorker(Unknown Source) ~[?:?]
	at java.util.concurrent.ForkJoinWorkerThread.run(Unknown Source) ~[?:?]
[13:35:18] [Worker-Main-11/WARN]: bibliocraft:block/color/yellow/table_cloth_straight#inventory
java.io.FileNotFoundException: bibliocraft:models/item/block/color/yellow/table_cloth_straight.json
	at net.minecraft.client.resources.model.ModelBakery.m_119364_(ModelBakery.java:417) ~[client-1.20.1-20230612.114412-srg.jar%23282!/:?]
	at net.minecraft.client.resources.model.ModelBakery.m_119362_(ModelBakery.java:266) ~[client-1.20.1-20230612.114412-srg.jar%23282!/:?]
	at net.minecraft.client.resources.model.ModelBakery.m_119341_(ModelBakery.java:243) ~[client-1.20.1-20230612.114412-srg.jar%23282!/:?]
	at net.minecraft.client.resources.model.ModelBakery.<init>(ModelBakery.java:159) ~[client-1.20.1-20230612.114412-srg.jar%23282!/:?]
	at net.minecraft.client.resources.model.ModelManager.m_246505_(ModelManager.java:83) ~[client-1.20.1-20230612.114412-srg.jar%23282!/:?]
	at java.util.concurrent.CompletableFuture.biApply(Unknown Source) ~[?:?]
	at java.util.concurrent.CompletableFuture$BiApply.tryFire(Unknown Source) ~[?:?]
	at java.util.concurrent.CompletableFuture$Completion.exec(Unknown Source) ~[?:?]
	at java.util.concurrent.ForkJoinTask.doExec(Unknown Source) ~[?:?]
	at java.util.concurrent.ForkJoinPool$WorkQueue.topLevelExec(Unknown Source) ~[?:?]
	at java.util.concurrent.ForkJoinPool.scan(Unknown Source) ~[?:?]
	at java.util.concurrent.ForkJoinPool.runWorker(Unknown Source) ~[?:?]
	at java.util.concurrent.ForkJoinWorkerThread.run(Unknown Source) ~[?:?]
[13:35:18] [Worker-Main-11/WARN]: bibliocraft:block/color/purple/table_cloth_three#inventory
java.io.FileNotFoundException: bibliocraft:models/item/block/color/purple/table_cloth_three.json
	at net.minecraft.client.resources.model.ModelBakery.m_119364_(ModelBakery.java:417) ~[client-1.20.1-20230612.114412-srg.jar%23282!/:?]
	at net.minecraft.client.resources.model.ModelBakery.m_119362_(ModelBakery.java:266) ~[client-1.20.1-20230612.114412-srg.jar%23282!/:?]
	at net.minecraft.client.resources.model.ModelBakery.m_119341_(ModelBakery.java:243) ~[client-1.20.1-20230612.114412-srg.jar%23282!/:?]
	at net.minecraft.client.resources.model.ModelBakery.<init>(ModelBakery.java:159) ~[client-1.20.1-20230612.114412-srg.jar%23282!/:?]
	at net.minecraft.client.resources.model.ModelManager.m_246505_(ModelManager.java:83) ~[client-1.20.1-20230612.114412-srg.jar%23282!/:?]
	at java.util.concurrent.CompletableFuture.biApply(Unknown Source) ~[?:?]
	at java.util.concurrent.CompletableFuture$BiApply.tryFire(Unknown Source) ~[?:?]
	at java.util.concurrent.CompletableFuture$Completion.exec(Unknown Source) ~[?:?]
	at java.util.concurrent.ForkJoinTask.doExec(Unknown Source) ~[?:?]
	at java.util.concurrent.ForkJoinPool$WorkQueue.topLevelExec(Unknown Source) ~[?:?]
	at java.util.concurrent.ForkJoinPool.scan(Unknown Source) ~[?:?]
	at java.util.concurrent.ForkJoinPool.runWorker(Unknown Source) ~[?:?]
	at java.util.concurrent.ForkJoinWorkerThread.run(Unknown Source) ~[?:?]
[13:35:18] [Worker-Main-11/WARN]: bibliocraft:block/color/green/table_cloth_none#inventory
java.io.FileNotFoundException: bibliocraft:models/item/block/color/green/table_cloth_none.json
	at net.minecraft.client.resources.model.ModelBakery.m_119364_(ModelBakery.java:417) ~[client-1.20.1-20230612.114412-srg.jar%23282!/:?]
	at net.minecraft.client.resources.model.ModelBakery.m_119362_(ModelBakery.java:266) ~[client-1.20.1-20230612.114412-srg.jar%23282!/:?]
	at net.minecraft.client.resources.model.ModelBakery.m_119341_(ModelBakery.java:243) ~[client-1.20.1-20230612.114412-srg.jar%23282!/:?]
	at net.minecraft.client.resources.model.ModelBakery.<init>(ModelBakery.java:159) ~[client-1.20.1-20230612.114412-srg.jar%23282!/:?]
	at net.minecraft.client.resources.model.ModelManager.m_246505_(ModelManager.java:83) ~[client-1.20.1-20230612.114412-srg.jar%23282!/:?]
	at java.util.concurrent.CompletableFuture.biApply(Unknown Source) ~[?:?]
	at java.util.concurrent.CompletableFuture$BiApply.tryFire(Unknown Source) ~[?:?]
	at java.util.concurrent.CompletableFuture$Completion.exec(Unknown Source) ~[?:?]
	at java.util.concurrent.ForkJoinTask.doExec(Unknown Source) ~[?:?]
	at java.util.concurrent.ForkJoinPool$WorkQueue.topLevelExec(Unknown Source) ~[?:?]
	at java.util.concurrent.ForkJoinPool.scan(Unknown Source) ~[?:?]
	at java.util.concurrent.ForkJoinPool.runWorker(Unknown Source) ~[?:?]
	at java.util.concurrent.ForkJoinWorkerThread.run(Unknown Source) ~[?:?]
[13:35:18] [Worker-Main-11/WARN]: bibliocraft:block/color/brown/table_cloth_curve#inventory
java.io.FileNotFoundException: bibliocraft:models/item/block/color/brown/table_cloth_curve.json
	at net.minecraft.client.resources.model.ModelBakery.m_119364_(ModelBakery.java:417) ~[client-1.20.1-20230612.114412-srg.jar%23282!/:?]
	at net.minecraft.client.resources.model.ModelBakery.m_119362_(ModelBakery.java:266) ~[client-1.20.1-20230612.114412-srg.jar%23282!/:?]
	at net.minecraft.client.resources.model.ModelBakery.m_119341_(ModelBakery.java:243) ~[client-1.20.1-20230612.114412-srg.jar%23282!/:?]
	at net.minecraft.client.resources.model.ModelBakery.<init>(ModelBakery.java:159) ~[client-1.20.1-20230612.114412-srg.jar%23282!/:?]
	at net.minecraft.client.resources.model.ModelManager.m_246505_(ModelManager.java:83) ~[client-1.20.1-20230612.114412-srg.jar%23282!/:?]
	at java.util.concurrent.CompletableFuture.biApply(Unknown Source) ~[?:?]
	at java.util.concurrent.CompletableFuture$BiApply.tryFire(Unknown Source) ~[?:?]
	at java.util.concurrent.CompletableFuture$Completion.exec(Unknown Source) ~[?:?]
	at java.util.concurrent.ForkJoinTask.doExec(Unknown Source) ~[?:?]
	at java.util.concurrent.ForkJoinPool$WorkQueue.topLevelExec(Unknown Source) ~[?:?]
	at java.util.concurrent.ForkJoinPool.scan(Unknown Source) ~[?:?]
	at java.util.concurrent.ForkJoinPool.runWorker(Unknown Source) ~[?:?]
	at java.util.concurrent.ForkJoinWorkerThread.run(Unknown Source) ~[?:?]
[13:35:18] [Worker-Main-11/WARN]: bibliocraft:block/color/light_gray/table_cloth_all#inventory
java.io.FileNotFoundException: bibliocraft:models/item/block/color/light_gray/table_cloth_all.json
	at net.minecraft.client.resources.model.ModelBakery.m_119364_(ModelBakery.java:417) ~[client-1.20.1-20230612.114412-srg.jar%23282!/:?]
	at net.minecraft.client.resources.model.ModelBakery.m_119362_(ModelBakery.java:266) ~[client-1.20.1-20230612.114412-srg.jar%23282!/:?]
	at net.minecraft.client.resources.model.ModelBakery.m_119341_(ModelBakery.java:243) ~[client-1.20.1-20230612.114412-srg.jar%23282!/:?]
	at net.minecraft.client.resources.model.ModelBakery.<init>(ModelBakery.java:159) ~[client-1.20.1-20230612.114412-srg.jar%23282!/:?]
	at net.minecraft.client.resources.model.ModelManager.m_246505_(ModelManager.java:83) ~[client-1.20.1-20230612.114412-srg.jar%23282!/:?]
	at java.util.concurrent.CompletableFuture.biApply(Unknown Source) ~[?:?]
	at java.util.concurrent.CompletableFuture$BiApply.tryFire(Unknown Source) ~[?:?]
	at java.util.concurrent.CompletableFuture$Completion.exec(Unknown Source) ~[?:?]
	at java.util.concurrent.ForkJoinTask.doExec(Unknown Source) ~[?:?]
	at java.util.concurrent.ForkJoinPool$WorkQueue.topLevelExec(Unknown Source) ~[?:?]
	at java.util.concurrent.ForkJoinPool.scan(Unknown Source) ~[?:?]
	at java.util.concurrent.ForkJoinPool.runWorker(Unknown Source) ~[?:?]
	at java.util.concurrent.ForkJoinWorkerThread.run(Unknown Source) ~[?:?]
[13:35:18] [Worker-Main-11/WARN]: bibliocraft:block/color/lime/table_cloth_all#inventory
java.io.FileNotFoundException: bibliocraft:models/item/block/color/lime/table_cloth_all.json
	at net.minecraft.client.resources.model.ModelBakery.m_119364_(ModelBakery.java:417) ~[client-1.20.1-20230612.114412-srg.jar%23282!/:?]
	at net.minecraft.client.resources.model.ModelBakery.m_119362_(ModelBakery.java:266) ~[client-1.20.1-20230612.114412-srg.jar%23282!/:?]
	at net.minecraft.client.resources.model.ModelBakery.m_119341_(ModelBakery.java:243) ~[client-1.20.1-20230612.114412-srg.jar%23282!/:?]
	at net.minecraft.client.resources.model.ModelBakery.<init>(ModelBakery.java:159) ~[client-1.20.1-20230612.114412-srg.jar%23282!/:?]
	at net.minecraft.client.resources.model.ModelManager.m_246505_(ModelManager.java:83) ~[client-1.20.1-20230612.114412-srg.jar%23282!/:?]
	at java.util.concurrent.CompletableFuture.biApply(Unknown Source) ~[?:?]
	at java.util.concurrent.CompletableFuture$BiApply.tryFire(Unknown Source) ~[?:?]
	at java.util.concurrent.CompletableFuture$Completion.exec(Unknown Source) ~[?:?]
	at java.util.concurrent.ForkJoinTask.doExec(Unknown Source) ~[?:?]
	at java.util.concurrent.ForkJoinPool$WorkQueue.topLevelExec(Unknown Source) ~[?:?]
	at java.util.concurrent.ForkJoinPool.scan(Unknown Source) ~[?:?]
	at java.util.concurrent.ForkJoinPool.runWorker(Unknown Source) ~[?:?]
	at java.util.concurrent.ForkJoinWorkerThread.run(Unknown Source) ~[?:?]
[13:35:18] [Worker-Main-11/WARN]: bibliocraft:block/color/red/table_cloth_straight#inventory
java.io.FileNotFoundException: bibliocraft:models/item/block/color/red/table_cloth_straight.json
	at net.minecraft.client.resources.model.ModelBakery.m_119364_(ModelBakery.java:417) ~[client-1.20.1-20230612.114412-srg.jar%23282!/:?]
	at net.minecraft.client.resources.model.ModelBakery.m_119362_(ModelBakery.java:266) ~[client-1.20.1-20230612.114412-srg.jar%23282!/:?]
	at net.minecraft.client.resources.model.ModelBakery.m_119341_(ModelBakery.java:243) ~[client-1.20.1-20230612.114412-srg.jar%23282!/:?]
	at net.minecraft.client.resources.model.ModelBakery.<init>(ModelBakery.java:159) ~[client-1.20.1-20230612.114412-srg.jar%23282!/:?]
	at net.minecraft.client.resources.model.ModelManager.m_246505_(ModelManager.java:83) ~[client-1.20.1-20230612.114412-srg.jar%23282!/:?]
	at java.util.concurrent.CompletableFuture.biApply(Unknown Source) ~[?:?]
	at java.util.concurrent.CompletableFuture$BiApply.tryFire(Unknown Source) ~[?:?]
	at java.util.concurrent.CompletableFuture$Completion.exec(Unknown Source) ~[?:?]
	at java.util.concurrent.ForkJoinTask.doExec(Unknown Source) ~[?:?]
	at java.util.concurrent.ForkJoinPool$WorkQueue.topLevelExec(Unknown Source) ~[?:?]
	at java.util.concurrent.ForkJoinPool.scan(Unknown Source) ~[?:?]
	at java.util.concurrent.ForkJoinPool.runWorker(Unknown Source) ~[?:?]
	at java.util.concurrent.ForkJoinWorkerThread.run(Unknown Source) ~[?:?]
[13:35:18] [Worker-Main-11/WARN]: bibliocraft:block/color/black/table_cloth_one#inventory
java.io.FileNotFoundException: bibliocraft:models/item/block/color/black/table_cloth_one.json
	at net.minecraft.client.resources.model.ModelBakery.m_119364_(ModelBakery.java:417) ~[client-1.20.1-20230612.114412-srg.jar%23282!/:?]
	at net.minecraft.client.resources.model.ModelBakery.m_119362_(ModelBakery.java:266) ~[client-1.20.1-20230612.114412-srg.jar%23282!/:?]
	at net.minecraft.client.resources.model.ModelBakery.m_119341_(ModelBakery.java:243) ~[client-1.20.1-20230612.114412-srg.jar%23282!/:?]
	at net.minecraft.client.resources.model.ModelBakery.<init>(ModelBakery.java:159) ~[client-1.20.1-20230612.114412-srg.jar%23282!/:?]
	at net.minecraft.client.resources.model.ModelManager.m_246505_(ModelManager.java:83) ~[client-1.20.1-20230612.114412-srg.jar%23282!/:?]
	at java.util.concurrent.CompletableFuture.biApply(Unknown Source) ~[?:?]
	at java.util.concurrent.CompletableFuture$BiApply.tryFire(Unknown Source) ~[?:?]
	at java.util.concurrent.CompletableFuture$Completion.exec(Unknown Source) ~[?:?]
	at java.util.concurrent.ForkJoinTask.doExec(Unknown Source) ~[?:?]
	at java.util.concurrent.ForkJoinPool$WorkQueue.topLevelExec(Unknown Source) ~[?:?]
	at java.util.concurrent.ForkJoinPool.scan(Unknown Source) ~[?:?]
	at java.util.concurrent.ForkJoinPool.runWorker(Unknown Source) ~[?:?]
	at java.util.concurrent.ForkJoinWorkerThread.run(Unknown Source) ~[?:?]
[13:35:18] [Worker-Main-11/WARN]: bibliocraft:block/color/light_gray/table_cloth_straight#inventory
java.io.FileNotFoundException: bibliocraft:models/item/block/color/light_gray/table_cloth_straight.json
	at net.minecraft.client.resources.model.ModelBakery.m_119364_(ModelBakery.java:417) ~[client-1.20.1-20230612.114412-srg.jar%23282!/:?]
	at net.minecraft.client.resources.model.ModelBakery.m_119362_(ModelBakery.java:266) ~[client-1.20.1-20230612.114412-srg.jar%23282!/:?]
	at net.minecraft.client.resources.model.ModelBakery.m_119341_(ModelBakery.java:243) ~[client-1.20.1-20230612.114412-srg.jar%23282!/:?]
	at net.minecraft.client.resources.model.ModelBakery.<init>(ModelBakery.java:159) ~[client-1.20.1-20230612.114412-srg.jar%23282!/:?]
	at net.minecraft.client.resources.model.ModelManager.m_246505_(ModelManager.java:83) ~[client-1.20.1-20230612.114412-srg.jar%23282!/:?]
	at java.util.concurrent.CompletableFuture.biApply(Unknown Source) ~[?:?]
	at java.util.concurrent.CompletableFuture$BiApply.tryFire(Unknown Source) ~[?:?]
	at java.util.concurrent.CompletableFuture$Completion.exec(Unknown Source) ~[?:?]
	at java.util.concurrent.ForkJoinTask.doExec(Unknown Source) ~[?:?]
	at java.util.concurrent.ForkJoinPool$WorkQueue.topLevelExec(Unknown Source) ~[?:?]
	at java.util.concurrent.ForkJoinPool.scan(Unknown Source) ~[?:?]
	at java.util.concurrent.ForkJoinPool.runWorker(Unknown Source) ~[?:?]
	at java.util.concurrent.ForkJoinWorkerThread.run(Unknown Source) ~[?:?]
[13:35:18] [Worker-Main-11/WARN]: bibliocraft:block/color/gray/table_cloth_all#inventory
java.io.FileNotFoundException: bibliocraft:models/item/block/color/gray/table_cloth_all.json
	at net.minecraft.client.resources.model.ModelBakery.m_119364_(ModelBakery.java:417) ~[client-1.20.1-20230612.114412-srg.jar%23282!/:?]
	at net.minecraft.client.resources.model.ModelBakery.m_119362_(ModelBakery.java:266) ~[client-1.20.1-20230612.114412-srg.jar%23282!/:?]
	at net.minecraft.client.resources.model.ModelBakery.m_119341_(ModelBakery.java:243) ~[client-1.20.1-20230612.114412-srg.jar%23282!/:?]
	at net.minecraft.client.resources.model.ModelBakery.<init>(ModelBakery.java:159) ~[client-1.20.1-20230612.114412-srg.jar%23282!/:?]
	at net.minecraft.client.resources.model.ModelManager.m_246505_(ModelManager.java:83) ~[client-1.20.1-20230612.114412-srg.jar%23282!/:?]
	at java.util.concurrent.CompletableFuture.biApply(Unknown Source) ~[?:?]
	at java.util.concurrent.CompletableFuture$BiApply.tryFire(Unknown Source) ~[?:?]
	at java.util.concurrent.CompletableFuture$Completion.exec(Unknown Source) ~[?:?]
	at java.util.concurrent.ForkJoinTask.doExec(Unknown Source) ~[?:?]
	at java.util.concurrent.ForkJoinPool$WorkQueue.topLevelExec(Unknown Source) ~[?:?]
	at java.util.concurrent.ForkJoinPool.scan(Unknown Source) ~[?:?]
	at java.util.concurrent.ForkJoinPool.runWorker(Unknown Source) ~[?:?]
	at java.util.concurrent.ForkJoinWorkerThread.run(Unknown Source) ~[?:?]
[13:35:18] [Worker-Main-11/WARN]: bibliocraft:block/color/orange/table_cloth_all#inventory
java.io.FileNotFoundException: bibliocraft:models/item/block/color/orange/table_cloth_all.json
	at net.minecraft.client.resources.model.ModelBakery.m_119364_(ModelBakery.java:417) ~[client-1.20.1-20230612.114412-srg.jar%23282!/:?]
	at net.minecraft.client.resources.model.ModelBakery.m_119362_(ModelBakery.java:266) ~[client-1.20.1-20230612.114412-srg.jar%23282!/:?]
	at net.minecraft.client.resources.model.ModelBakery.m_119341_(ModelBakery.java:243) ~[client-1.20.1-20230612.114412-srg.jar%23282!/:?]
	at net.minecraft.client.resources.model.ModelBakery.<init>(ModelBakery.java:159) ~[client-1.20.1-20230612.114412-srg.jar%23282!/:?]
	at net.minecraft.client.resources.model.ModelManager.m_246505_(ModelManager.java:83) ~[client-1.20.1-20230612.114412-srg.jar%23282!/:?]
	at java.util.concurrent.CompletableFuture.biApply(Unknown Source) ~[?:?]
	at java.util.concurrent.CompletableFuture$BiApply.tryFire(Unknown Source) ~[?:?]
	at java.util.concurrent.CompletableFuture$Completion.exec(Unknown Source) ~[?:?]
	at java.util.concurrent.ForkJoinTask.doExec(Unknown Source) ~[?:?]
	at java.util.concurrent.ForkJoinPool$WorkQueue.topLevelExec(Unknown Source) ~[?:?]
	at java.util.concurrent.ForkJoinPool.scan(Unknown Source) ~[?:?]
	at java.util.concurrent.ForkJoinPool.runWorker(Unknown Source) ~[?:?]
	at java.util.concurrent.ForkJoinWorkerThread.run(Unknown Source) ~[?:?]
[13:35:18] [Worker-Main-11/WARN]: bibliocraft:block/color/yellow/table_cloth_three#inventory
java.io.FileNotFoundException: bibliocraft:models/item/block/color/yellow/table_cloth_three.json
	at net.minecraft.client.resources.model.ModelBakery.m_119364_(ModelBakery.java:417) ~[client-1.20.1-20230612.114412-srg.jar%23282!/:?]
	at net.minecraft.client.resources.model.ModelBakery.m_119362_(ModelBakery.java:266) ~[client-1.20.1-20230612.114412-srg.jar%23282!/:?]
	at net.minecraft.client.resources.model.ModelBakery.m_119341_(ModelBakery.java:243) ~[client-1.20.1-20230612.114412-srg.jar%23282!/:?]
	at net.minecraft.client.resources.model.ModelBakery.<init>(ModelBakery.java:159) ~[client-1.20.1-20230612.114412-srg.jar%23282!/:?]
	at net.minecraft.client.resources.model.ModelManager.m_246505_(ModelManager.java:83) ~[client-1.20.1-20230612.114412-srg.jar%23282!/:?]
	at java.util.concurrent.CompletableFuture.biApply(Unknown Source) ~[?:?]
	at java.util.concurrent.CompletableFuture$BiApply.tryFire(Unknown Source) ~[?:?]
	at java.util.concurrent.CompletableFuture$Completion.exec(Unknown Source) ~[?:?]
	at java.util.concurrent.ForkJoinTask.doExec(Unknown Source) ~[?:?]
	at java.util.concurrent.ForkJoinPool$WorkQueue.topLevelExec(Unknown Source) ~[?:?]
	at java.util.concurrent.ForkJoinPool.scan(Unknown Source) ~[?:?]
	at java.util.concurrent.ForkJoinPool.runWorker(Unknown Source) ~[?:?]
	at java.util.concurrent.ForkJoinWorkerThread.run(Unknown Source) ~[?:?]
[13:35:18] [Worker-Main-11/WARN]: bibliocraft:block/color/black/table_cloth_all#inventory
java.io.FileNotFoundException: bibliocraft:models/item/block/color/black/table_cloth_all.json
	at net.minecraft.client.resources.model.ModelBakery.m_119364_(ModelBakery.java:417) ~[client-1.20.1-20230612.114412-srg.jar%23282!/:?]
	at net.minecraft.client.resources.model.ModelBakery.m_119362_(ModelBakery.java:266) ~[client-1.20.1-20230612.114412-srg.jar%23282!/:?]
	at net.minecraft.client.resources.model.ModelBakery.m_119341_(ModelBakery.java:243) ~[client-1.20.1-20230612.114412-srg.jar%23282!/:?]
	at net.minecraft.client.resources.model.ModelBakery.<init>(ModelBakery.java:159) ~[client-1.20.1-20230612.114412-srg.jar%23282!/:?]
	at net.minecraft.client.resources.model.ModelManager.m_246505_(ModelManager.java:83) ~[client-1.20.1-20230612.114412-srg.jar%23282!/:?]
	at java.util.concurrent.CompletableFuture.biApply(Unknown Source) ~[?:?]
	at java.util.concurrent.CompletableFuture$BiApply.tryFire(Unknown Source) ~[?:?]
	at java.util.concurrent.CompletableFuture$Completion.exec(Unknown Source) ~[?:?]
	at java.util.concurrent.ForkJoinTask.doExec(Unknown Source) ~[?:?]
	at java.util.concurrent.ForkJoinPool$WorkQueue.topLevelExec(Unknown Source) ~[?:?]
	at java.util.concurrent.ForkJoinPool.scan(Unknown Source) ~[?:?]
	at java.util.concurrent.ForkJoinPool.runWorker(Unknown Source) ~[?:?]
	at java.util.concurrent.ForkJoinWorkerThread.run(Unknown Source) ~[?:?]
[13:35:18] [Worker-Main-11/WARN]: bibliocraft:block/color/gray/table_cloth_one#inventory
java.io.FileNotFoundException: bibliocraft:models/item/block/color/gray/table_cloth_one.json
	at net.minecraft.client.resources.model.ModelBakery.m_119364_(ModelBakery.java:417) ~[client-1.20.1-20230612.114412-srg.jar%23282!/:?]
	at net.minecraft.client.resources.model.ModelBakery.m_119362_(ModelBakery.java:266) ~[client-1.20.1-20230612.114412-srg.jar%23282!/:?]
	at net.minecraft.client.resources.model.ModelBakery.m_119341_(ModelBakery.java:243) ~[client-1.20.1-20230612.114412-srg.jar%23282!/:?]
	at net.minecraft.client.resources.model.ModelBakery.<init>(ModelBakery.java:159) ~[client-1.20.1-20230612.114412-srg.jar%23282!/:?]
	at net.minecraft.client.resources.model.ModelManager.m_246505_(ModelManager.java:83) ~[client-1.20.1-20230612.114412-srg.jar%23282!/:?]
	at java.util.concurrent.CompletableFuture.biApply(Unknown Source) ~[?:?]
	at java.util.concurrent.CompletableFuture$BiApply.tryFire(Unknown Source) ~[?:?]
	at java.util.concurrent.CompletableFuture$Completion.exec(Unknown Source) ~[?:?]
	at java.util.concurrent.ForkJoinTask.doExec(Unknown Source) ~[?:?]
	at java.util.concurrent.ForkJoinPool$WorkQueue.topLevelExec(Unknown Source) ~[?:?]
	at java.util.concurrent.ForkJoinPool.scan(Unknown Source) ~[?:?]
	at java.util.concurrent.ForkJoinPool.runWorker(Unknown Source) ~[?:?]
	at java.util.concurrent.ForkJoinWorkerThread.run(Unknown Source) ~[?:?]
[13:35:18] [Worker-Main-11/WARN]: bibliocraft:block/color/light_blue/table_cloth_none#inventory
java.io.FileNotFoundException: bibliocraft:models/item/block/color/light_blue/table_cloth_none.json
	at net.minecraft.client.resources.model.ModelBakery.m_119364_(ModelBakery.java:417) ~[client-1.20.1-20230612.114412-srg.jar%23282!/:?]
	at net.minecraft.client.resources.model.ModelBakery.m_119362_(ModelBakery.java:266) ~[client-1.20.1-20230612.114412-srg.jar%23282!/:?]
	at net.minecraft.client.resources.model.ModelBakery.m_119341_(ModelBakery.java:243) ~[client-1.20.1-20230612.114412-srg.jar%23282!/:?]
	at net.minecraft.client.resources.model.ModelBakery.<init>(ModelBakery.java:159) ~[client-1.20.1-20230612.114412-srg.jar%23282!/:?]
	at net.minecraft.client.resources.model.ModelManager.m_246505_(ModelManager.java:83) ~[client-1.20.1-20230612.114412-srg.jar%23282!/:?]
	at java.util.concurrent.CompletableFuture.biApply(Unknown Source) ~[?:?]
	at java.util.concurrent.CompletableFuture$BiApply.tryFire(Unknown Source) ~[?:?]
	at java.util.concurrent.CompletableFuture$Completion.exec(Unknown Source) ~[?:?]
	at java.util.concurrent.ForkJoinTask.doExec(Unknown Source) ~[?:?]
	at java.util.concurrent.ForkJoinPool$WorkQueue.topLevelExec(Unknown Source) ~[?:?]
	at java.util.concurrent.ForkJoinPool.scan(Unknown Source) ~[?:?]
	at java.util.concurrent.ForkJoinPool.runWorker(Unknown Source) ~[?:?]
	at java.util.concurrent.ForkJoinWorkerThread.run(Unknown Source) ~[?:?]
[13:35:18] [Worker-Main-11/WARN]: bibliocraft:block/color/green/table_cloth_straight#inventory
java.io.FileNotFoundException: bibliocraft:models/item/block/color/green/table_cloth_straight.json
	at net.minecraft.client.resources.model.ModelBakery.m_119364_(ModelBakery.java:417) ~[client-1.20.1-20230612.114412-srg.jar%23282!/:?]
	at net.minecraft.client.resources.model.ModelBakery.m_119362_(ModelBakery.java:266) ~[client-1.20.1-20230612.114412-srg.jar%23282!/:?]
	at net.minecraft.client.resources.model.ModelBakery.m_119341_(ModelBakery.java:243) ~[client-1.20.1-20230612.114412-srg.jar%23282!/:?]
	at net.minecraft.client.resources.model.ModelBakery.<init>(ModelBakery.java:159) ~[client-1.20.1-20230612.114412-srg.jar%23282!/:?]
	at net.minecraft.client.resources.model.ModelManager.m_246505_(ModelManager.java:83) ~[client-1.20.1-20230612.114412-srg.jar%23282!/:?]
	at java.util.concurrent.CompletableFuture.biApply(Unknown Source) ~[?:?]
	at java.util.concurrent.CompletableFuture$BiApply.tryFire(Unknown Source) ~[?:?]
	at java.util.concurrent.CompletableFuture$Completion.exec(Unknown Source) ~[?:?]
	at java.util.concurrent.ForkJoinTask.doExec(Unknown Source) ~[?:?]
	at java.util.concurrent.ForkJoinPool$WorkQueue.topLevelExec(Unknown Source) ~[?:?]
	at java.util.concurrent.ForkJoinPool.scan(Unknown Source) ~[?:?]
	at java.util.concurrent.ForkJoinPool.runWorker(Unknown Source) ~[?:?]
	at java.util.concurrent.ForkJoinWorkerThread.run(Unknown Source) ~[?:?]
[13:35:18] [Worker-Main-11/WARN]: bibliocraft:block/color/orange/table_cloth_none#inventory
java.io.FileNotFoundException: bibliocraft:models/item/block/color/orange/table_cloth_none.json
	at net.minecraft.client.resources.model.ModelBakery.m_119364_(ModelBakery.java:417) ~[client-1.20.1-20230612.114412-srg.jar%23282!/:?]
	at net.minecraft.client.resources.model.ModelBakery.m_119362_(ModelBakery.java:266) ~[client-1.20.1-20230612.114412-srg.jar%23282!/:?]
	at net.minecraft.client.resources.model.ModelBakery.m_119341_(ModelBakery.java:243) ~[client-1.20.1-20230612.114412-srg.jar%23282!/:?]
	at net.minecraft.client.resources.model.ModelBakery.<init>(ModelBakery.java:159) ~[client-1.20.1-20230612.114412-srg.jar%23282!/:?]
	at net.minecraft.client.resources.model.ModelManager.m_246505_(ModelManager.java:83) ~[client-1.20.1-20230612.114412-srg.jar%23282!/:?]
	at java.util.concurrent.CompletableFuture.biApply(Unknown Source) ~[?:?]
	at java.util.concurrent.CompletableFuture$BiApply.tryFire(Unknown Source) ~[?:?]
	at java.util.concurrent.CompletableFuture$Completion.exec(Unknown Source) ~[?:?]
	at java.util.concurrent.ForkJoinTask.doExec(Unknown Source) ~[?:?]
	at java.util.concurrent.ForkJoinPool$WorkQueue.topLevelExec(Unknown Source) ~[?:?]
	at java.util.concurrent.ForkJoinPool.scan(Unknown Source) ~[?:?]
	at java.util.concurrent.ForkJoinPool.runWorker(Unknown Source) ~[?:?]
	at java.util.concurrent.ForkJoinWorkerThread.run(Unknown Source) ~[?:?]
[13:35:18] [Worker-Main-11/WARN]: bibliocraft:block/color/blue/table_cloth_straight#inventory
java.io.FileNotFoundException: bibliocraft:models/item/block/color/blue/table_cloth_straight.json
	at net.minecraft.client.resources.model.ModelBakery.m_119364_(ModelBakery.java:417) ~[client-1.20.1-20230612.114412-srg.jar%23282!/:?]
	at net.minecraft.client.resources.model.ModelBakery.m_119362_(ModelBakery.java:266) ~[client-1.20.1-20230612.114412-srg.jar%23282!/:?]
	at net.minecraft.client.resources.model.ModelBakery.m_119341_(ModelBakery.java:243) ~[client-1.20.1-20230612.114412-srg.jar%23282!/:?]
	at net.minecraft.client.resources.model.ModelBakery.<init>(ModelBakery.java:159) ~[client-1.20.1-20230612.114412-srg.jar%23282!/:?]
	at net.minecraft.client.resources.model.ModelManager.m_246505_(ModelManager.java:83) ~[client-1.20.1-20230612.114412-srg.jar%23282!/:?]
	at java.util.concurrent.CompletableFuture.biApply(Unknown Source) ~[?:?]
	at java.util.concurrent.CompletableFuture$BiApply.tryFire(Unknown Source) ~[?:?]
	at java.util.concurrent.CompletableFuture$Completion.exec(Unknown Source) ~[?:?]
	at java.util.concurrent.ForkJoinTask.doExec(Unknown Source) ~[?:?]
	at java.util.concurrent.ForkJoinPool$WorkQueue.topLevelExec(Unknown Source) ~[?:?]
	at java.util.concurrent.ForkJoinPool.scan(Unknown Source) ~[?:?]
	at java.util.concurrent.ForkJoinPool.runWorker(Unknown Source) ~[?:?]
	at java.util.concurrent.ForkJoinWorkerThread.run(Unknown Source) ~[?:?]
[13:35:18] [Worker-Main-11/WARN]: bibliocraft:block/color/lime/table_cloth_one#inventory
java.io.FileNotFoundException: bibliocraft:models/item/block/color/lime/table_cloth_one.json
	at net.minecraft.client.resources.model.ModelBakery.m_119364_(ModelBakery.java:417) ~[client-1.20.1-20230612.114412-srg.jar%23282!/:?]
	at net.minecraft.client.resources.model.ModelBakery.m_119362_(ModelBakery.java:266) ~[client-1.20.1-20230612.114412-srg.jar%23282!/:?]
	at net.minecraft.client.resources.model.ModelBakery.m_119341_(ModelBakery.java:243) ~[client-1.20.1-20230612.114412-srg.jar%23282!/:?]
	at net.minecraft.client.resources.model.ModelBakery.<init>(ModelBakery.java:159) ~[client-1.20.1-20230612.114412-srg.jar%23282!/:?]
	at net.minecraft.client.resources.model.ModelManager.m_246505_(ModelManager.java:83) ~[client-1.20.1-20230612.114412-srg.jar%23282!/:?]
	at java.util.concurrent.CompletableFuture.biApply(Unknown Source) ~[?:?]
	at java.util.concurrent.CompletableFuture$BiApply.tryFire(Unknown Source) ~[?:?]
	at java.util.concurrent.CompletableFuture$Completion.exec(Unknown Source) ~[?:?]
	at java.util.concurrent.ForkJoinTask.doExec(Unknown Source) ~[?:?]
	at java.util.concurrent.ForkJoinPool$WorkQueue.topLevelExec(Unknown Source) ~[?:?]
	at java.util.concurrent.ForkJoinPool.scan(Unknown Source) ~[?:?]
	at java.util.concurrent.ForkJoinPool.runWorker(Unknown Source) ~[?:?]
	at java.util.concurrent.ForkJoinWorkerThread.run(Unknown Source) ~[?:?]
[13:35:18] [Worker-Main-11/WARN]: bibliocraft:block/color/red/table_cloth_none#inventory
java.io.FileNotFoundException: bibliocraft:models/item/block/color/red/table_cloth_none.json
	at net.minecraft.client.resources.model.ModelBakery.m_119364_(ModelBakery.java:417) ~[client-1.20.1-20230612.114412-srg.jar%23282!/:?]
	at net.minecraft.client.resources.model.ModelBakery.m_119362_(ModelBakery.java:266) ~[client-1.20.1-20230612.114412-srg.jar%23282!/:?]
	at net.minecraft.client.resources.model.ModelBakery.m_119341_(ModelBakery.java:243) ~[client-1.20.1-20230612.114412-srg.jar%23282!/:?]
	at net.minecraft.client.resources.model.ModelBakery.<init>(ModelBakery.java:159) ~[client-1.20.1-20230612.114412-srg.jar%23282!/:?]
	at net.minecraft.client.resources.model.ModelManager.m_246505_(ModelManager.java:83) ~[client-1.20.1-20230612.114412-srg.jar%23282!/:?]
	at java.util.concurrent.CompletableFuture.biApply(Unknown Source) ~[?:?]
	at java.util.concurrent.CompletableFuture$BiApply.tryFire(Unknown Source) ~[?:?]
	at java.util.concurrent.CompletableFuture$Completion.exec(Unknown Source) ~[?:?]
	at java.util.concurrent.ForkJoinTask.doExec(Unknown Source) ~[?:?]
	at java.util.concurrent.ForkJoinPool$WorkQueue.topLevelExec(Unknown Source) ~[?:?]
	at java.util.concurrent.ForkJoinPool.scan(Unknown Source) ~[?:?]
	at java.util.concurrent.ForkJoinPool.runWorker(Unknown Source) ~[?:?]
	at java.util.concurrent.ForkJoinWorkerThread.run(Unknown Source) ~[?:?]
[13:35:18] [Worker-Main-11/WARN]: bibliocraft:block/color/purple/table_cloth_one#inventory
java.io.FileNotFoundException: bibliocraft:models/item/block/color/purple/table_cloth_one.json
	at net.minecraft.client.resources.model.ModelBakery.m_119364_(ModelBakery.java:417) ~[client-1.20.1-20230612.114412-srg.jar%23282!/:?]
	at net.minecraft.client.resources.model.ModelBakery.m_119362_(ModelBakery.java:266) ~[client-1.20.1-20230612.114412-srg.jar%23282!/:?]
	at net.minecraft.client.resources.model.ModelBakery.m_119341_(ModelBakery.java:243) ~[client-1.20.1-20230612.114412-srg.jar%23282!/:?]
	at net.minecraft.client.resources.model.ModelBakery.<init>(ModelBakery.java:159) ~[client-1.20.1-20230612.114412-srg.jar%23282!/:?]
	at net.minecraft.client.resources.model.ModelManager.m_246505_(ModelManager.java:83) ~[client-1.20.1-20230612.114412-srg.jar%23282!/:?]
	at java.util.concurrent.CompletableFuture.biApply(Unknown Source) ~[?:?]
	at java.util.concurrent.CompletableFuture$BiApply.tryFire(Unknown Source) ~[?:?]
	at java.util.concurrent.CompletableFuture$Completion.exec(Unknown Source) ~[?:?]
	at java.util.concurrent.ForkJoinTask.doExec(Unknown Source) ~[?:?]
	at java.util.concurrent.ForkJoinPool$WorkQueue.topLevelExec(Unknown Source) ~[?:?]
	at java.util.concurrent.ForkJoinPool.scan(Unknown Source) ~[?:?]
	at java.util.concurrent.ForkJoinPool.runWorker(Unknown Source) ~[?:?]
	at java.util.concurrent.ForkJoinWorkerThread.run(Unknown Source) ~[?:?]
[13:35:18] [Worker-Main-11/WARN]: bibliocraft:block/color/green/table_cloth_three#inventory
java.io.FileNotFoundException: bibliocraft:models/item/block/color/green/table_cloth_three.json
	at net.minecraft.client.resources.model.ModelBakery.m_119364_(ModelBakery.java:417) ~[client-1.20.1-20230612.114412-srg.jar%23282!/:?]
	at net.minecraft.client.resources.model.ModelBakery.m_119362_(ModelBakery.java:266) ~[client-1.20.1-20230612.114412-srg.jar%23282!/:?]
	at net.minecraft.client.resources.model.ModelBakery.m_119341_(ModelBakery.java:243) ~[client-1.20.1-20230612.114412-srg.jar%23282!/:?]
	at net.minecraft.client.resources.model.ModelBakery.<init>(ModelBakery.java:159) ~[client-1.20.1-20230612.114412-srg.jar%23282!/:?]
	at net.minecraft.client.resources.model.ModelManager.m_246505_(ModelManager.java:83) ~[client-1.20.1-20230612.114412-srg.jar%23282!/:?]
	at java.util.concurrent.CompletableFuture.biApply(Unknown Source) ~[?:?]
	at java.util.concurrent.CompletableFuture$BiApply.tryFire(Unknown Source) ~[?:?]
	at java.util.concurrent.CompletableFuture$Completion.exec(Unknown Source) ~[?:?]
	at java.util.concurrent.ForkJoinTask.doExec(Unknown Source) ~[?:?]
	at java.util.concurrent.ForkJoinPool$WorkQueue.topLevelExec(Unknown Source) ~[?:?]
	at java.util.concurrent.ForkJoinPool.scan(Unknown Source) ~[?:?]
	at java.util.concurrent.ForkJoinPool.runWorker(Unknown Source) ~[?:?]
	at java.util.concurrent.ForkJoinWorkerThread.run(Unknown Source) ~[?:?]
[13:35:18] [Worker-Main-11/WARN]: bibliocraft:block/color/cyan/table_cloth_all#inventory
java.io.FileNotFoundException: bibliocraft:models/item/block/color/cyan/table_cloth_all.json
	at net.minecraft.client.resources.model.ModelBakery.m_119364_(ModelBakery.java:417) ~[client-1.20.1-20230612.114412-srg.jar%23282!/:?]
	at net.minecraft.client.resources.model.ModelBakery.m_119362_(ModelBakery.java:266) ~[client-1.20.1-20230612.114412-srg.jar%23282!/:?]
	at net.minecraft.client.resources.model.ModelBakery.m_119341_(ModelBakery.java:243) ~[client-1.20.1-20230612.114412-srg.jar%23282!/:?]
	at net.minecraft.client.resources.model.ModelBakery.<init>(ModelBakery.java:159) ~[client-1.20.1-20230612.114412-srg.jar%23282!/:?]
	at net.minecraft.client.resources.model.ModelManager.m_246505_(ModelManager.java:83) ~[client-1.20.1-20230612.114412-srg.jar%23282!/:?]
	at java.util.concurrent.CompletableFuture.biApply(Unknown Source) ~[?:?]
	at java.util.concurrent.CompletableFuture$BiApply.tryFire(Unknown Source) ~[?:?]
	at java.util.concurrent.CompletableFuture$Completion.exec(Unknown Source) ~[?:?]
	at java.util.concurrent.ForkJoinTask.doExec(Unknown Source) ~[?:?]
	at java.util.concurrent.ForkJoinPool$WorkQueue.topLevelExec(Unknown Source) ~[?:?]
	at java.util.concurrent.ForkJoinPool.scan(Unknown Source) ~[?:?]
	at java.util.concurrent.ForkJoinPool.runWorker(Unknown Source) ~[?:?]
	at java.util.concurrent.ForkJoinWorkerThread.run(Unknown Source) ~[?:?]
[13:35:18] [Worker-Main-11/WARN]: bibliocraft:block/color/purple/table_cloth_all#inventory
java.io.FileNotFoundException: bibliocraft:models/item/block/color/purple/table_cloth_all.json
	at net.minecraft.client.resources.model.ModelBakery.m_119364_(ModelBakery.java:417) ~[client-1.20.1-20230612.114412-srg.jar%23282!/:?]
	at net.minecraft.client.resources.model.ModelBakery.m_119362_(ModelBakery.java:266) ~[client-1.20.1-20230612.114412-srg.jar%23282!/:?]
	at net.minecraft.client.resources.model.ModelBakery.m_119341_(ModelBakery.java:243) ~[client-1.20.1-20230612.114412-srg.jar%23282!/:?]
	at net.minecraft.client.resources.model.ModelBakery.<init>(ModelBakery.java:159) ~[client-1.20.1-20230612.114412-srg.jar%23282!/:?]
	at net.minecraft.client.resources.model.ModelManager.m_246505_(ModelManager.java:83) ~[client-1.20.1-20230612.114412-srg.jar%23282!/:?]
	at java.util.concurrent.CompletableFuture.biApply(Unknown Source) ~[?:?]
	at java.util.concurrent.CompletableFuture$BiApply.tryFire(Unknown Source) ~[?:?]
	at java.util.concurrent.CompletableFuture$Completion.exec(Unknown Source) ~[?:?]
	at java.util.concurrent.ForkJoinTask.doExec(Unknown Source) ~[?:?]
	at java.util.concurrent.ForkJoinPool$WorkQueue.topLevelExec(Unknown Source) ~[?:?]
	at java.util.concurrent.ForkJoinPool.scan(Unknown Source) ~[?:?]
	at java.util.concurrent.ForkJoinPool.runWorker(Unknown Source) ~[?:?]
	at java.util.concurrent.ForkJoinWorkerThread.run(Unknown Source) ~[?:?]
[13:35:18] [Worker-Main-11/WARN]: bibliocraft:block/color/black/table_cloth_curve#inventory
java.io.FileNotFoundException: bibliocraft:models/item/block/color/black/table_cloth_curve.json
	at net.minecraft.client.resources.model.ModelBakery.m_119364_(ModelBakery.java:417) ~[client-1.20.1-20230612.114412-srg.jar%23282!/:?]
	at net.minecraft.client.resources.model.ModelBakery.m_119362_(ModelBakery.java:266) ~[client-1.20.1-20230612.114412-srg.jar%23282!/:?]
	at net.minecraft.client.resources.model.ModelBakery.m_119341_(ModelBakery.java:243) ~[client-1.20.1-20230612.114412-srg.jar%23282!/:?]
	at net.minecraft.client.resources.model.ModelBakery.<init>(ModelBakery.java:159) ~[client-1.20.1-20230612.114412-srg.jar%23282!/:?]
	at net.minecraft.client.resources.model.ModelManager.m_246505_(ModelManager.java:83) ~[client-1.20.1-20230612.114412-srg.jar%23282!/:?]
	at java.util.concurrent.CompletableFuture.biApply(Unknown Source) ~[?:?]
	at java.util.concurrent.CompletableFuture$BiApply.tryFire(Unknown Source) ~[?:?]
	at java.util.concurrent.CompletableFuture$Completion.exec(Unknown Source) ~[?:?]
	at java.util.concurrent.ForkJoinTask.doExec(Unknown Source) ~[?:?]
	at java.util.concurrent.ForkJoinPool$WorkQueue.topLevelExec(Unknown Source) ~[?:?]
	at java.util.concurrent.ForkJoinPool.scan(Unknown Source) ~[?:?]
	at java.util.concurrent.ForkJoinPool.runWorker(Unknown Source) ~[?:?]
	at java.util.concurrent.ForkJoinWorkerThread.run(Unknown Source) ~[?:?]
[13:35:18] [Worker-Main-11/WARN]: bibliocraft:block/color/magenta/table_cloth_one#inventory
java.io.FileNotFoundException: bibliocraft:models/item/block/color/magenta/table_cloth_one.json
	at net.minecraft.client.resources.model.ModelBakery.m_119364_(ModelBakery.java:417) ~[client-1.20.1-20230612.114412-srg.jar%23282!/:?]
	at net.minecraft.client.resources.model.ModelBakery.m_119362_(ModelBakery.java:266) ~[client-1.20.1-20230612.114412-srg.jar%23282!/:?]
	at net.minecraft.client.resources.model.ModelBakery.m_119341_(ModelBakery.java:243) ~[client-1.20.1-20230612.114412-srg.jar%23282!/:?]
	at net.minecraft.client.resources.model.ModelBakery.<init>(ModelBakery.java:159) ~[client-1.20.1-20230612.114412-srg.jar%23282!/:?]
	at net.minecraft.client.resources.model.ModelManager.m_246505_(ModelManager.java:83) ~[client-1.20.1-20230612.114412-srg.jar%23282!/:?]
	at java.util.concurrent.CompletableFuture.biApply(Unknown Source) ~[?:?]
	at java.util.concurrent.CompletableFuture$BiApply.tryFire(Unknown Source) ~[?:?]
	at java.util.concurrent.CompletableFuture$Completion.exec(Unknown Source) ~[?:?]
	at java.util.concurrent.ForkJoinTask.doExec(Unknown Source) ~[?:?]
	at java.util.concurrent.ForkJoinPool$WorkQueue.topLevelExec(Unknown Source) ~[?:?]
	at java.util.concurrent.ForkJoinPool.scan(Unknown Source) ~[?:?]
	at java.util.concurrent.ForkJoinPool.runWorker(Unknown Source) ~[?:?]
	at java.util.concurrent.ForkJoinWorkerThread.run(Unknown Source) ~[?:?]
[13:35:18] [Worker-Main-11/WARN]: bibliocraft:block/color/blue/table_cloth_one#inventory
java.io.FileNotFoundException: bibliocraft:models/item/block/color/blue/table_cloth_one.json
	at net.minecraft.client.resources.model.ModelBakery.m_119364_(ModelBakery.java:417) ~[client-1.20.1-20230612.114412-srg.jar%23282!/:?]
	at net.minecraft.client.resources.model.ModelBakery.m_119362_(ModelBakery.java:266) ~[client-1.20.1-20230612.114412-srg.jar%23282!/:?]
	at net.minecraft.client.resources.model.ModelBakery.m_119341_(ModelBakery.java:243) ~[client-1.20.1-20230612.114412-srg.jar%23282!/:?]
	at net.minecraft.client.resources.model.ModelBakery.<init>(ModelBakery.java:159) ~[client-1.20.1-20230612.114412-srg.jar%23282!/:?]
	at net.minecraft.client.resources.model.ModelManager.m_246505_(ModelManager.java:83) ~[client-1.20.1-20230612.114412-srg.jar%23282!/:?]
	at java.util.concurrent.CompletableFuture.biApply(Unknown Source) ~[?:?]
	at java.util.concurrent.CompletableFuture$BiApply.tryFire(Unknown Source) ~[?:?]
	at java.util.concurrent.CompletableFuture$Completion.exec(Unknown Source) ~[?:?]
	at java.util.concurrent.ForkJoinTask.doExec(Unknown Source) ~[?:?]
	at java.util.concurrent.ForkJoinPool$WorkQueue.topLevelExec(Unknown Source) ~[?:?]
	at java.util.concurrent.ForkJoinPool.scan(Unknown Source) ~[?:?]
	at java.util.concurrent.ForkJoinPool.runWorker(Unknown Source) ~[?:?]
	at java.util.concurrent.ForkJoinWorkerThread.run(Unknown Source) ~[?:?]
[13:35:18] [Worker-Main-11/WARN]: bibliocraft:block/color/cyan/table_cloth_one#inventory
java.io.FileNotFoundException: bibliocraft:models/item/block/color/cyan/table_cloth_one.json
	at net.minecraft.client.resources.model.ModelBakery.m_119364_(ModelBakery.java:417) ~[client-1.20.1-20230612.114412-srg.jar%23282!/:?]
	at net.minecraft.client.resources.model.ModelBakery.m_119362_(ModelBakery.java:266) ~[client-1.20.1-20230612.114412-srg.jar%23282!/:?]
	at net.minecraft.client.resources.model.ModelBakery.m_119341_(ModelBakery.java:243) ~[client-1.20.1-20230612.114412-srg.jar%23282!/:?]
	at net.minecraft.client.resources.model.ModelBakery.<init>(ModelBakery.java:159) ~[client-1.20.1-20230612.114412-srg.jar%23282!/:?]
	at net.minecraft.client.resources.model.ModelManager.m_246505_(ModelManager.java:83) ~[client-1.20.1-20230612.114412-srg.jar%23282!/:?]
	at java.util.concurrent.CompletableFuture.biApply(Unknown Source) ~[?:?]
	at java.util.concurrent.CompletableFuture$BiApply.tryFire(Unknown Source) ~[?:?]
	at java.util.concurrent.CompletableFuture$Completion.exec(Unknown Source) ~[?:?]
	at java.util.concurrent.ForkJoinTask.doExec(Unknown Source) ~[?:?]
	at java.util.concurrent.ForkJoinPool$WorkQueue.topLevelExec(Unknown Source) ~[?:?]
	at java.util.concurrent.ForkJoinPool.scan(Unknown Source) ~[?:?]
	at java.util.concurrent.ForkJoinPool.runWorker(Unknown Source) ~[?:?]
	at java.util.concurrent.ForkJoinWorkerThread.run(Unknown Source) ~[?:?]
[13:35:18] [Worker-Main-11/WARN]: bibliocraft:block/color/white/table_cloth_curve#inventory
java.io.FileNotFoundException: bibliocraft:models/item/block/color/white/table_cloth_curve.json
	at net.minecraft.client.resources.model.ModelBakery.m_119364_(ModelBakery.java:417) ~[client-1.20.1-20230612.114412-srg.jar%23282!/:?]
	at net.minecraft.client.resources.model.ModelBakery.m_119362_(ModelBakery.java:266) ~[client-1.20.1-20230612.114412-srg.jar%23282!/:?]
	at net.minecraft.client.resources.model.ModelBakery.m_119341_(ModelBakery.java:243) ~[client-1.20.1-20230612.114412-srg.jar%23282!/:?]
	at net.minecraft.client.resources.model.ModelBakery.<init>(ModelBakery.java:159) ~[client-1.20.1-20230612.114412-srg.jar%23282!/:?]
	at net.minecraft.client.resources.model.ModelManager.m_246505_(ModelManager.java:83) ~[client-1.20.1-20230612.114412-srg.jar%23282!/:?]
	at java.util.concurrent.CompletableFuture.biApply(Unknown Source) ~[?:?]
	at java.util.concurrent.CompletableFuture$BiApply.tryFire(Unknown Source) ~[?:?]
	at java.util.concurrent.CompletableFuture$Completion.exec(Unknown Source) ~[?:?]
	at java.util.concurrent.ForkJoinTask.doExec(Unknown Source) ~[?:?]
	at java.util.concurrent.ForkJoinPool$WorkQueue.topLevelExec(Unknown Source) ~[?:?]
	at java.util.concurrent.ForkJoinPool.scan(Unknown Source) ~[?:?]
	at java.util.concurrent.ForkJoinPool.runWorker(Unknown Source) ~[?:?]
	at java.util.concurrent.ForkJoinWorkerThread.run(Unknown Source) ~[?:?]
[13:35:18] [Worker-Main-11/WARN]: bibliocraft:block/color/orange/table_cloth_curve#inventory
java.io.FileNotFoundException: bibliocraft:models/item/block/color/orange/table_cloth_curve.json
	at net.minecraft.client.resources.model.ModelBakery.m_119364_(ModelBakery.java:417) ~[client-1.20.1-20230612.114412-srg.jar%23282!/:?]
	at net.minecraft.client.resources.model.ModelBakery.m_119362_(ModelBakery.java:266) ~[client-1.20.1-20230612.114412-srg.jar%23282!/:?]
	at net.minecraft.client.resources.model.ModelBakery.m_119341_(ModelBakery.java:243) ~[client-1.20.1-20230612.114412-srg.jar%23282!/:?]
	at net.minecraft.client.resources.model.ModelBakery.<init>(ModelBakery.java:159) ~[client-1.20.1-20230612.114412-srg.jar%23282!/:?]
	at net.minecraft.client.resources.model.ModelManager.m_246505_(ModelManager.java:83) ~[client-1.20.1-20230612.114412-srg.jar%23282!/:?]
	at java.util.concurrent.CompletableFuture.biApply(Unknown Source) ~[?:?]
	at java.util.concurrent.CompletableFuture$BiApply.tryFire(Unknown Source) ~[?:?]
	at java.util.concurrent.CompletableFuture$Completion.exec(Unknown Source) ~[?:?]
	at java.util.concurrent.ForkJoinTask.doExec(Unknown Source) ~[?:?]
	at java.util.concurrent.ForkJoinPool$WorkQueue.topLevelExec(Unknown Source) ~[?:?]
	at java.util.concurrent.ForkJoinPool.scan(Unknown Source) ~[?:?]
	at java.util.concurrent.ForkJoinPool.runWorker(Unknown Source) ~[?:?]
	at java.util.concurrent.ForkJoinWorkerThread.run(Unknown Source) ~[?:?]
[13:35:18] [Worker-Main-11/WARN]: bibliocraft:block/color/blue/table_cloth_all#inventory
java.io.FileNotFoundException: bibliocraft:models/item/block/color/blue/table_cloth_all.json
	at net.minecraft.client.resources.model.ModelBakery.m_119364_(ModelBakery.java:417) ~[client-1.20.1-20230612.114412-srg.jar%23282!/:?]
	at net.minecraft.client.resources.model.ModelBakery.m_119362_(ModelBakery.java:266) ~[client-1.20.1-20230612.114412-srg.jar%23282!/:?]
	at net.minecraft.client.resources.model.ModelBakery.m_119341_(ModelBakery.java:243) ~[client-1.20.1-20230612.114412-srg.jar%23282!/:?]
	at net.minecraft.client.resources.model.ModelBakery.<init>(ModelBakery.java:159) ~[client-1.20.1-20230612.114412-srg.jar%23282!/:?]
	at net.minecraft.client.resources.model.ModelManager.m_246505_(ModelManager.java:83) ~[client-1.20.1-20230612.114412-srg.jar%23282!/:?]
	at java.util.concurrent.CompletableFuture.biApply(Unknown Source) ~[?:?]
	at java.util.concurrent.CompletableFuture$BiApply.tryFire(Unknown Source) ~[?:?]
	at java.util.concurrent.CompletableFuture$Completion.exec(Unknown Source) ~[?:?]
	at java.util.concurrent.ForkJoinTask.doExec(Unknown Source) ~[?:?]
	at java.util.concurrent.ForkJoinPool$WorkQueue.topLevelExec(Unknown Source) ~[?:?]
	at java.util.concurrent.ForkJoinPool.scan(Unknown Source) ~[?:?]
	at java.util.concurrent.ForkJoinPool.runWorker(Unknown Source) ~[?:?]
	at java.util.concurrent.ForkJoinWorkerThread.run(Unknown Source) ~[?:?]
[13:35:18] [Worker-Main-11/WARN]: bibliocraft:block/color/orange/table_cloth_one#inventory
java.io.FileNotFoundException: bibliocraft:models/item/block/color/orange/table_cloth_one.json
	at net.minecraft.client.resources.model.ModelBakery.m_119364_(ModelBakery.java:417) ~[client-1.20.1-20230612.114412-srg.jar%23282!/:?]
	at net.minecraft.client.resources.model.ModelBakery.m_119362_(ModelBakery.java:266) ~[client-1.20.1-20230612.114412-srg.jar%23282!/:?]
	at net.minecraft.client.resources.model.ModelBakery.m_119341_(ModelBakery.java:243) ~[client-1.20.1-20230612.114412-srg.jar%23282!/:?]
	at net.minecraft.client.resources.model.ModelBakery.<init>(ModelBakery.java:159) ~[client-1.20.1-20230612.114412-srg.jar%23282!/:?]
	at net.minecraft.client.resources.model.ModelManager.m_246505_(ModelManager.java:83) ~[client-1.20.1-20230612.114412-srg.jar%23282!/:?]
	at java.util.concurrent.CompletableFuture.biApply(Unknown Source) ~[?:?]
	at java.util.concurrent.CompletableFuture$BiApply.tryFire(Unknown Source) ~[?:?]
	at java.util.concurrent.CompletableFuture$Completion.exec(Unknown Source) ~[?:?]
	at java.util.concurrent.ForkJoinTask.doExec(Unknown Source) ~[?:?]
	at java.util.concurrent.ForkJoinPool$WorkQueue.topLevelExec(Unknown Source) ~[?:?]
	at java.util.concurrent.ForkJoinPool.scan(Unknown Source) ~[?:?]
	at java.util.concurrent.ForkJoinPool.runWorker(Unknown Source) ~[?:?]
	at java.util.concurrent.ForkJoinWorkerThread.run(Unknown Source) ~[?:?]
[13:35:24] [Worker-Main-11/WARN]: Missing textures in model bibliocraft:soul_fancy_gold_lantern#facing=east,lit=true,type=standing,waterlogged=true:
    minecraft:textures/atlas/blocks.png:buzzier_bees:block/soul_candle_lit
[13:35:24] [Worker-Main-11/WARN]: Missing textures in model bibliocraft:soul_fancy_gold_lantern#facing=south,lit=true,type=standing,waterlogged=false:
    minecraft:textures/atlas/blocks.png:buzzier_bees:block/soul_candle_lit
[13:35:24] [Worker-Main-11/WARN]: Missing textures in model bibliocraft:soul_fancy_gold_lantern#facing=north,lit=true,type=standing,waterlogged=true:
    minecraft:textures/atlas/blocks.png:buzzier_bees:block/soul_candle_lit
[13:35:24] [Worker-Main-11/WARN]: Missing textures in model bibliocraft:soul_fancy_gold_lantern#facing=north,lit=true,type=hanging,waterlogged=false:
    minecraft:textures/atlas/blocks.png:buzzier_bees:block/soul_candle_lit
[13:35:24] [Worker-Main-11/WARN]: Missing textures in model bibliocraft:soul_fancy_iron_lantern#facing=south,lit=true,type=wall,waterlogged=true:
    minecraft:textures/atlas/blocks.png:buzzier_bees:block/soul_candle_lit
[13:35:24] [Worker-Main-11/WARN]: Missing textures in model bibliocraft:soul_fancy_iron_lantern#facing=east,lit=false,type=wall,waterlogged=true:
    minecraft:textures/atlas/blocks.png:buzzier_bees:block/soul_candle_lit
[13:35:24] [Worker-Main-11/WARN]: Missing textures in model bibliocraft:soul_fancy_gold_lantern#facing=east,lit=false,type=wall,waterlogged=true:
    minecraft:textures/atlas/blocks.png:buzzier_bees:block/soul_candle_lit
[13:35:24] [Worker-Main-11/WARN]: Missing textures in model bibliocraft:soul_fancy_gold_lantern#facing=west,lit=true,type=wall,waterlogged=false:
    minecraft:textures/atlas/blocks.png:buzzier_bees:block/soul_candle_lit
[13:35:24] [Worker-Main-11/WARN]: Missing textures in model kubejs:potassium_ingot#inventory:
    minecraft:textures/atlas/blocks.png:kubejs:item/potassium_ingot
[13:35:24] [Worker-Main-11/WARN]: Missing textures in model kubejs:debug1#inventory:
    minecraft:textures/atlas/blocks.png:kubejs:item/debug1
[13:35:24] [Worker-Main-11/WARN]: Missing textures in model bibliocraft:soul_fancy_iron_lantern#facing=south,lit=true,type=standing,waterlogged=false:
    minecraft:textures/atlas/blocks.png:buzzier_bees:block/soul_candle_lit
[13:35:24] [Worker-Main-11/WARN]: Missing textures in model bibliocraft:soul_fancy_iron_lantern#facing=north,lit=true,type=hanging,waterlogged=false:
    minecraft:textures/atlas/blocks.png:buzzier_bees:block/soul_candle_lit
[13:35:24] [Worker-Main-11/WARN]: Missing textures in model kubejs:debug3#inventory:
    minecraft:textures/atlas/blocks.png:kubejs:item/debug3
[13:35:24] [Worker-Main-11/WARN]: Missing textures in model bibliocraft:soul_fancy_gold_lantern#facing=east,lit=false,type=hanging,waterlogged=false:
    minecraft:textures/atlas/blocks.png:buzzier_bees:block/soul_candle_lit
[13:35:24] [Worker-Main-11/WARN]: Missing textures in model kubejs:token#inventory:
    minecraft:textures/atlas/blocks.png:kubejs:item/token
[13:35:24] [Worker-Main-11/WARN]: Missing textures in model bibliocraft:soul_fancy_iron_lantern#facing=east,lit=false,type=hanging,waterlogged=false:
    minecraft:textures/atlas/blocks.png:buzzier_bees:block/soul_candle_lit
[13:35:24] [Worker-Main-11/WARN]: Missing textures in model bibliocraft:soul_fancy_iron_lantern#facing=west,lit=true,type=wall,waterlogged=false:
    minecraft:textures/atlas/blocks.png:buzzier_bees:block/soul_candle_lit
[13:35:24] [Worker-Main-11/WARN]: Missing textures in model bibliocraft:soul_fancy_gold_lantern#facing=south,lit=true,type=hanging,waterlogged=true:
    minecraft:textures/atlas/blocks.png:buzzier_bees:block/soul_candle_lit
[13:35:24] [Worker-Main-11/WARN]: Missing textures in model bibliocraft:soul_fancy_gold_lantern#facing=west,lit=false,type=hanging,waterlogged=false:
    minecraft:textures/atlas/blocks.png:buzzier_bees:block/soul_candle_lit
[13:35:24] [Worker-Main-11/WARN]: Missing textures in model bibliocraft:soul_fancy_iron_lantern#facing=west,lit=false,type=hanging,waterlogged=false:
    minecraft:textures/atlas/blocks.png:buzzier_bees:block/soul_candle_lit
[13:35:24] [Worker-Main-11/WARN]: Missing textures in model bibliocraft:soul_fancy_iron_lantern#inventory:
    minecraft:textures/atlas/blocks.png:buzzier_bees:block/soul_candle_lit
[13:35:24] [Worker-Main-11/WARN]: Missing textures in model bibliocraft:soul_fancy_gold_lantern#inventory:
    minecraft:textures/atlas/blocks.png:buzzier_bees:block/soul_candle_lit
[13:35:24] [Worker-Main-11/WARN]: Missing textures in model bibliocraft:soul_fancy_iron_lantern#facing=east,lit=true,type=standing,waterlogged=false:
    minecraft:textures/atlas/blocks.png:buzzier_bees:block/soul_candle_lit
[13:35:24] [Worker-Main-11/WARN]: Missing textures in model createaddition:small_light_connector#facing=west,mode=push,powered=true,rotation=x_clockwise_180,variant=default:
    minecraft:textures/atlas/blocks.png:create:block/chute_block
[13:35:24] [Worker-Main-11/WARN]: Missing textures in model bibliocraft:soul_fancy_iron_lantern#facing=south,lit=true,type=hanging,waterlogged=false:
    minecraft:textures/atlas/blocks.png:buzzier_bees:block/soul_candle_lit
[13:35:24] [Worker-Main-11/WARN]: Missing textures in model kubejs:debug2#inventory:
    minecraft:textures/atlas/blocks.png:kubejs:item/debug2
[13:35:24] [Worker-Main-11/WARN]: Missing textures in model bibliocraft:soul_fancy_iron_lantern#facing=north,lit=true,type=standing,waterlogged=true:
    minecraft:textures/atlas/blocks.png:buzzier_bees:block/soul_candle_lit
[13:35:24] [Worker-Main-11/WARN]: Missing textures in model kubejs:debug4#inventory:
    minecraft:textures/atlas/blocks.png:kubejs:item/debug4
[13:35:24] [Worker-Main-11/WARN]: Missing textures in model bibliocraft:soul_fancy_gold_lantern#facing=south,lit=true,type=wall,waterlogged=true:
    minecraft:textures/atlas/blocks.png:buzzier_bees:block/soul_candle_lit
[13:35:24] [Worker-Main-11/WARN]: Missing textures in model bibliocraft:soul_fancy_iron_lantern#facing=north,lit=false,type=wall,waterlogged=true:
    minecraft:textures/atlas/blocks.png:buzzier_bees:block/soul_candle_lit
[13:35:24] [Worker-Main-11/WARN]: Missing textures in model bibliocraft:soul_fancy_gold_lantern#facing=north,lit=false,type=wall,waterlogged=true:
    minecraft:textures/atlas/blocks.png:buzzier_bees:block/soul_candle_lit
[13:35:24] [Worker-Main-11/WARN]: Missing textures in model bibliocraft:soul_fancy_iron_lantern#facing=west,lit=true,type=standing,waterlogged=false:
    minecraft:textures/atlas/blocks.png:buzzier_bees:block/soul_candle_lit
[13:35:24] [Worker-Main-11/WARN]: Missing textures in model bibliocraft:soul_fancy_gold_lantern#facing=west,lit=true,type=standing,waterlogged=false:
    minecraft:textures/atlas/blocks.png:buzzier_bees:block/soul_candle_lit
[13:35:28] [Worker-Main-13/INFO]: Start loading plugin at net.blay09.mods.balm.forge.compat.hudinfo.ForgeJadeModCompat
[13:35:28] [Worker-Main-13/INFO]: Start loading plugin at snownee.jade.addon.vanilla.VanillaPlugin
[13:35:28] [Worker-Main-13/INFO]: Start loading plugin at snownee.jade.addon.universal.UniversalPlugin
[13:35:28] [Worker-Main-13/INFO]: Start loading plugin at snownee.jade.addon.core.CorePlugin
[13:35:28] [Worker-Main-13/INFO]: Start loading plugin at appeng.integration.modules.jade.JadeModule
[13:35:28] [Worker-Main-13/INFO]: Start loading plugin at xfacthd.framedblocks.common.compat.jade.FramedJadePlugin
[13:35:28] [Worker-Main-13/INFO]: Start loading plugin at com.gregtechceu.gtceu.integration.jade.GTJadePlugin
[13:35:28] [Worker-Main-14/INFO]: Registering Ponder Scenes took 138.0 ms
[13:35:28] [Worker-Main-14/INFO]: Registering Ponder Tags took 8.483 ms
[13:35:28] [Worker-Main-13/INFO]: Start loading plugin at net.neganote.gtutilities.integration.jade.UtilJadePlugin
[13:35:28] [Worker-Main-13/INFO]: Start loading plugin at com.hepdd.gtmthings.integration.jade.GTJadePlugin
[13:35:30] [Render thread/WARN]: Mod 'gtextra' took 1.394 s to run a deferred task.
[13:35:36] [Render thread/WARN]: Missing sound for event: minecraft:item.goat_horn.play
[13:35:36] [Render thread/WARN]: Missing sound for event: minecraft:entity.goat.screaming.horn_break
[13:35:37] [Render thread/INFO]: OpenAL initialized on device OpenAL Soft on Speakers (Realtek(R) Audio)
[13:35:37] [Render thread/INFO]: Sound engine started
[13:35:37] [Render thread/INFO]: Created: 4096x2048x4 minecraft:textures/atlas/blocks.png-atlas
[13:35:37] [Render thread/INFO]: Created: 256x256x4 minecraft:textures/atlas/signs.png-atlas
[13:35:37] [Render thread/INFO]: Created: 512x512x4 minecraft:textures/atlas/banner_patterns.png-atlas
[13:35:37] [Render thread/INFO]: Created: 512x512x4 minecraft:textures/atlas/shield_patterns.png-atlas
[13:35:37] [Render thread/INFO]: Created: 2048x1024x4 minecraft:textures/atlas/armor_trims.png-atlas
[13:35:37] [Render thread/INFO]: Created: 256x256x4 minecraft:textures/atlas/chest.png-atlas
[13:35:37] [Render thread/INFO]: Created: 128x64x4 minecraft:textures/atlas/decorated_pot.png-atlas
[13:35:37] [Render thread/INFO]: Created: 512x256x4 minecraft:textures/atlas/beds.png-atlas
[13:35:37] [Render thread/INFO]: Created: 512x256x4 minecraft:textures/atlas/shulker_boxes.png-atlas
[13:35:38] [Render thread/WARN]: Shader rendertype_entity_translucent_emissive could not find sampler named Sampler2 in the specified shader program.
[13:35:38] [Render thread/WARN]: Shader gtmutils:rendertype_wormhole could not find uniform named GameTime in the specified shader program.
[13:35:38] [Render thread/WARN]: Shader gtmutils:rendertype_wormhole could not find uniform named ScrollSpeed in the specified shader program.
[13:35:38] [Render thread/WARN]: Shader gcyr:black_hole could not find uniform named GameTime in the specified shader program.
[13:35:38] [Render thread/WARN]: Shader gcyr:black_hole could not find uniform named ScreenSize in the specified shader program.
[13:35:38] [Render thread/INFO]: Created: 512x512x0 minecraft:textures/atlas/particles.png-atlas
[13:35:38] [Render thread/INFO]: Created: 512x256x0 minecraft:textures/atlas/paintings.png-atlas
[13:35:38] [Render thread/INFO]: Created: 256x128x0 minecraft:textures/atlas/mob_effects.png-atlas
[13:35:38] [Render thread/INFO]: Data driven guides: []
[13:35:38] [Render thread/INFO]: Created: 128x64x0 guideme:textures/atlas/gui.png-atlas
[13:35:38] [Render thread/INFO]: Loaded 77 shader sources in 33.234 ms
[13:35:38] [Render thread/INFO]: Loaded 56 train hat configurations.
[13:35:38] [Render thread/INFO]: Created: 512x256x0 polylib:textures/atlas/gui.png-atlas
[13:35:46] [Render thread/INFO]: Created 171 recipes which will be injected into the game
[13:35:46] [Render thread/INFO]: Created 1 tags which will be injected into the game
[13:35:46] [Render thread/INFO]: Did not find bolt for bisalloy_400, skipping wirecutter recipe
[13:35:53] [Render thread/WARN]: Recipe gtceu:iridium_chloride_separation is trying to add more outputs than its recipe type can support, Max item outputs: 2
[13:35:53] [Render thread/ERROR]: EUt can't be explicitly set to 0, id: gcyr:gasoline
[13:35:53] [Render thread/ERROR]: EUt can't be explicitly set to 0, id: gcyr:diesel
[13:35:53] [Render thread/ERROR]: EUt can't be explicitly set to 0, id: gcyrextras:rp_1_mixed_fuel
[13:35:53] [Render thread/ERROR]: EUt can't be explicitly set to 0, id: gcyrextras:dense_hydrazine_mixed_fuel
[13:35:53] [Render thread/ERROR]: EUt can't be explicitly set to 0, id: gcyrextras:methylhydrazine_nitrate_rocket_fuel
[13:35:53] [Render thread/ERROR]: EUt can't be explicitly set to 0, id: gcyrextras:udmh_rocket_fuel
[13:35:53] [Render thread/WARN]: Recipe gtceu:iridium_chloride_separation is trying to add more outputs than its recipe type can support, Max item outputs: 2
[13:35:54] [Render thread/INFO]: Registering dungeon loot...
[13:35:54] [Render thread/INFO]: GregTech Data loading took 8568ms
[13:35:54] [Render thread/INFO]: Injecting existing registry data into this CLIENT instance
[13:35:59] [Render thread/INFO]: example.js#5: Hello, World! (Loaded server scripts)
[13:35:59] [Render thread/INFO]: Loaded script server_scripts:example.js in 0.01 s
[13:35:59] [Render thread/INFO]: Loaded 1/1 KubeJS server scripts in 0.026 s with 0 errors and 0 warnings
[13:35:59] [Render thread/INFO]: Scripts loaded
[13:35:59] [Render thread/INFO]: Initializing recipe event...
[13:36:01] [Render thread/INFO]: Scanning class appeng.server.testplots.TestPlots for plots
[13:36:01] [Render thread/INFO]: Scanning class appeng.server.testplots.AutoCraftingTestPlots for plots
[13:36:01] [Render thread/INFO]: Scanning class appeng.server.testplots.InscriberTestPlots for plots
[13:36:01] [Render thread/INFO]: Scanning class appeng.server.testplots.P2PTestPlots for plots
[13:36:01] [Render thread/INFO]: Scanning class appeng.server.testplots.ItemP2PTestPlots for plots
[13:36:01] [Render thread/INFO]: Scanning class appeng.server.testplots.MemoryCardTestPlots for plots
[13:36:01] [Render thread/INFO]: Scanning class appeng.server.testplots.PatternProviderLockModePlots for plots
[13:36:01] [Render thread/INFO]: Scanning class appeng.server.testplots.PatternProviderPlots for plots
[13:36:01] [Render thread/INFO]: Scanning class appeng.server.testplots.SpatialTestPlots for plots
[13:36:01] [Render thread/INFO]: Scanning class appeng.server.testplots.QnbTestPlots for plots
[13:36:01] [Render thread/INFO]: Scanning class appeng.server.testplots.GuidebookPlot for plots
[13:36:01] [Render thread/INFO]: Scanning class appeng.server.testplots.SubnetPlots for plots
[13:36:01] [Render thread/INFO]: Scanning class appeng.server.testplots.ChannelTests for plots
[13:36:01] [Render thread/INFO]: Scanning class appeng.server.testplots.AnnihilationPlaneTests for plots
[13:36:01] [Worker-Main-3/ERROR]: Couldn't load tag gcyr:passes_flood_fill as it is missing following references: gcyr:uev_oxygen_spreader (from gcyr-1.20.1-0.2.9.jar), 
	gcyr:uiv_oxygen_spreader (from gcyr-1.20.1-0.2.9.jar), 
	gcyr:uxv_oxygen_spreader (from gcyr-1.20.1-0.2.9.jar), 
	gcyr:opv_oxygen_spreader (from gcyr-1.20.1-0.2.9.jar)
[13:36:01] [Worker-Main-5/ERROR]: Couldn't load tag bibliocraft:disc_rack_discs as it is missing following references: #forge:music_discs (from bibliocraft-1.20.1-1.3.1.jar)
[13:36:01] [Worker-Main-5/ERROR]: Couldn't load tag bibliocraft:potion_shelf_potions as it is missing following references: minecraft:ominous_bottle (from bibliocraft-1.20.1-1.3.1.jar)
[13:36:01] [Worker-Main-5/ERROR]: Couldn't load tag ae2:p2p_attunements/fluid_p2p_tunnel as it is missing following references: gtec:formic_acid_bucket (from gtec-1.20.1-0.3.0.jar), 
	gtec:sodium_formate_bucket (from gtec-1.20.1-0.3.0.jar)
[13:36:02] [Render thread/INFO]: Processing recipes...
[13:36:05] [Render thread/INFO]: Found 60071 recipes in 2.726 s
[13:36:05] [Render thread/INFO]: Posted recipe events in 62.45 ms
[13:36:05] [KubeJS Recipe Event Worker 0/WARN]: Error parsing recipe gtceu:shapeless/centrifuged_ore_to_dust_neutronium[minecraft:crafting_shapeless]: {"type":"minecraft:crafting_shapeless","ingredients":[{"tag":"gtceu:tools/crafting_hammers"},[]],"result":{"item":"gtceu:neutronium_mixture_dust"}}: Item array cannot be empty, at least one item must be defined
[13:36:05] [KubeJS Recipe Event Worker 0/WARN]: Your custom createaddition:rolling/iron_ingot recipe (createaddition:rolling/iron_ingot) specified a duration. Durations have no impact on this type of recipe.
[13:36:05] [KubeJS Recipe Event Worker 0/WARN]: Your custom createaddition:rolling/electrum_plate recipe (createaddition:rolling/electrum_plate) specified a duration. Durations have no impact on this type of recipe.
[13:36:05] [KubeJS Recipe Event Worker 0/WARN]: Your custom createaddition:rolling/brass_ingot recipe (createaddition:rolling/brass_ingot) specified a duration. Durations have no impact on this type of recipe.
[13:36:05] [KubeJS Recipe Event Worker 0/WARN]: Your custom createaddition:rolling/copper_ingot recipe (createaddition:rolling/copper_ingot) specified a duration. Durations have no impact on this type of recipe.
[13:36:05] [KubeJS Recipe Event Worker 0/WARN]: Your custom createaddition:rolling/copper_plate recipe (createaddition:rolling/copper_plate) specified a duration. Durations have no impact on this type of recipe.
[13:36:05] [KubeJS Recipe Event Worker 0/WARN]: Your custom createaddition:rolling/straw recipe (createaddition:rolling/straw) specified a duration. Durations have no impact on this type of recipe.
[13:36:05] [KubeJS Recipe Event Worker 0/WARN]: Your custom createaddition:rolling/gold_plate recipe (createaddition:rolling/gold_plate) specified a duration. Durations have no impact on this type of recipe.
[13:36:05] [KubeJS Recipe Event Worker 0/WARN]: Error parsing recipe bibliocraft:enchanted_book_cloning_in_printing_table[bibliocraft:printing_table_cloning_with_enchantments]: {"type":"bibliocraft:printing_table_cloning_with_enchantments","duration":600,"experience_cost":{"type":"bibliocraft:enchantment_levels","data_component":"minecraft:stored_enchantments","normal_cost":1.0,"treasure_cost":2.0},"ingredients":[{"item":"minecraft:book"}],"result":{"count":1,"item":"minecraft:enchanted_book"}}: Failed to decode from JSON
[13:36:06] [KubeJS Recipe Event Worker 0/WARN]: Your custom createaddition:rolling/gold_ingot recipe (createaddition:rolling/gold_ingot) specified a duration. Durations have no impact on this type of recipe.
[13:36:06] [KubeJS Recipe Event Worker 0/WARN]: Your custom createaddition:rolling/electrum_ingot recipe (createaddition:rolling/electrum_ingot) specified a duration. Durations have no impact on this type of recipe.
[13:36:06] [KubeJS Recipe Event Worker 0/WARN]: Your custom createaddition:rolling/iron_plate recipe (createaddition:rolling/iron_plate) specified a duration. Durations have no impact on this type of recipe.
[13:36:07] [Render thread/WARN]: failed to add recipe from staging into lookup DB: gtceu:bender/bend_lanthanum_plate_to_dense_plate
[13:36:07] [Render thread/WARN]: failed to add recipe from staging into lookup DB: gtec:chemical_reactor/formic_acid
[13:36:07] [Render thread/WARN]: failed to add recipe from staging into lookup DB: gtceu:chemical_reactor/platinum_group_sludge_tiny_dust2
[13:36:07] [Render thread/WARN]: failed to add recipe from staging into lookup DB: gtec:chemical_reactor/potassium_disulfate
[13:36:07] [Render thread/WARN]: failed to add recipe from staging into lookup DB: gtceu:chemical_reactor/sodium_formate
[13:36:07] [Render thread/WARN]: failed to add recipe from staging into lookup DB: gtceu:chemical_reactor/iridium_dioxide_dissolving
[13:36:07] [Render thread/WARN]: failed to add recipe from staging into lookup DB: gtec:chemical_reactor/sodium_nitrate
[13:36:07] [Render thread/WARN]: failed to add recipe from staging into lookup DB: gcyr:chemical_reactor/pyrometillic_dianhydride
[13:36:07] [Render thread/WARN]: failed to add recipe from staging into lookup DB: gtceu:chemical_reactor/platinum_group_sludge_tiny_dust1
[13:36:07] [Render thread/WARN]: failed to add recipe from staging into lookup DB: gtceu:distillery/acidic_osmium_solution_separation_to_water
[13:36:07] [Render thread/WARN]: failed to add recipe from staging into lookup DB: gtceu:distillery/distill_coal_tar_to_anthracene
[13:36:07] [Render thread/WARN]: failed to add recipe from staging into lookup DB: gtceu:distillery/hot_ruthenium_tetroxide_distill_to_water
[13:36:07] [Render thread/WARN]: failed to add recipe from staging into lookup DB: gtceu:distillery/acidic_osmium_solution_distill_to_osmium_tetroxide
[13:36:07] [Render thread/WARN]: failed to add recipe from staging into lookup DB: gtceu:extractor/extract_potassium_pyrosulfate_dust
[13:36:07] [Render thread/WARN]: failed to add recipe from staging into lookup DB: gtceu:mixer/rhodium_filter_cake_solution
[13:36:07] [Render thread/WARN]: failed to add recipe from staging into lookup DB: gtec:mixer/rhodium_salt_solution
[13:36:07] [Render thread/WARN]: failed to add recipe from staging into lookup DB: gtec:sifter/salt_to_metallic_powder_palladium
[13:36:07] [Render thread/WARN]: failed to add recipe from staging into lookup DB: gtec:sifter/rhodium_filter_cake
[13:36:07] [Render thread/WARN]: failed to add recipe from staging into lookup DB: gtceu:sifter/refined_platinum_salt
[13:36:08] [Render thread/WARN]: failed to add recipe from staging into lookup DB: gtec:electric_blast_furnace/refined_platlinum_salt_to_metallic
[13:36:08] [Render thread/WARN]: failed to add recipe from staging into lookup DB: gtceu:electric_blast_furnace/iridium_metal_residue_process
[13:36:08] [Render thread/WARN]: failed to add recipe from staging into lookup DB: gtceu:distillation_tower/acidic_osmium_solution_separation
[13:36:08] [Render thread/WARN]: failed to add recipe from staging into lookup DB: gtceu:large_chemical_reactor/platinum_group_sludge_tiny_dust1
[13:36:08] [Render thread/WARN]: failed to add recipe from staging into lookup DB: gtceu:large_chemical_reactor/platinum_group_sludge_tiny_dust2
[13:36:08] [Render thread/WARN]: failed to add recipe from staging into lookup DB: gtec:large_chemical_reactor/sodium_nitrate
[13:36:08] [Render thread/WARN]: failed to add recipe from staging into lookup DB: gtec:large_chemical_reactor/sodium_formate
[13:36:08] [Render thread/WARN]: failed to add recipe from staging into lookup DB: gtec:large_chemical_reactor/formic_acid
[13:36:08] [Render thread/WARN]: failed to add recipe from staging into lookup DB: gtec:large_chemical_reactor/cerium_oxidesed_rare_earth_oxides_dust
[13:36:08] [Render thread/WARN]: failed to add recipe from staging into lookup DB: gtceu:large_chemical_reactor/iridium_dioxide_dissolving
[13:36:08] [Render thread/WARN]: failed to add recipe from staging into lookup DB: gtceu:large_chemical_reactor/potassium_pyrosulfate_dust
[13:36:08] [Render thread/WARN]: failed to add recipe from staging into lookup DB: gcyr:large_chemical_reactor/potassium_hydroxide
[13:36:08] [Render thread/INFO]: Added 9 recipes, removed 12 recipes, modified 6 recipes, with 2 failed recipes in 2.735 s
[13:36:08] [Render thread/INFO]: Loaded 3801 advancements
[13:36:12] [Render thread/INFO]: Released client Flux Networks cache
[13:36:12] [Server thread/INFO]: Starting integrated minecraft server version 1.20.1
[13:36:12] [Server thread/INFO]: Generating keypair
[13:36:13] [Server thread/INFO]: Energy blacklist loaded: 1 block entries, 0 item entries
[13:36:13] [Thread-4/INFO]: Energy blacklist loaded: 1 block entries, 0 item entries
[13:36:13] [Thread-4/INFO]: Energy blacklist loaded: 1 block entries, 0 item entries
[13:36:13] [Thread-4/INFO]: Energy blacklist loaded: 1 block entries, 0 item entries
[13:36:13] [Thread-4/INFO]: Energy blacklist loaded: 1 block entries, 0 item entries
[13:36:13] [Server thread/INFO]: loaded team data: 1 known players, 1 teams total
[13:36:13] [Server thread/INFO]: Successfully applied 3 Internet Card filtering rules.
[13:36:14] [Server thread/INFO]: Preparing start region for dimension minecraft:overworld
[13:36:14] [Server thread/INFO]: Server resource reload complete!
[13:36:16] [Render thread/INFO]: Preparing spawn area: 0%
[13:36:16] [Render thread/INFO]: Preparing spawn area: 0%
[13:36:16] [Render thread/INFO]: Preparing spawn area: 0%
[13:36:16] [Render thread/INFO]: Preparing spawn area: 0%
[13:36:16] [Render thread/INFO]: Preparing spawn area: 0%
[13:36:16] [Render thread/INFO]: Preparing spawn area: 0%
[13:36:17] [Render thread/INFO]: Preparing spawn area: 1%
[13:36:17] [Render thread/INFO]: Preparing spawn area: 13%
[13:36:18] [Render thread/INFO]: Preparing spawn area: 88%
[13:36:18] [Render thread/INFO]: Time elapsed: 4209 ms
[13:36:18] [Server thread/INFO]: Successfully initialized permission handler forge:default_handler
[13:36:18] [Server thread/INFO]: ItemsConfig loaded — EnergyAnalyzer: maxMachines=16, refresh=20t, history=30s | Manager: maxMultiblocks=32, allowME=true | Schematic: ae2Copy=true
[13:36:18] [Server thread/INFO]: DefaultThemeConfig: loaded from config\gtceuterminal\default_theme.json
[13:36:18] [Server thread/INFO]: DefaultThemeConfig: broadcast to 0 players
[13:36:18] [Server thread/INFO]: GregTech Steam Expansion: Server starting
[13:36:18] [Server thread/INFO]: Changing view distance to 12, from 10
[13:36:18] [Server thread/INFO]: Changing simulation distance to 12, from 0
[13:36:19] [Render thread/WARN]: Unable to parse the boolean system property 'java.net.preferIPv6Addresses':system - using the default value: false
[13:36:20] [Netty Local Client IO #0/INFO]: Connected to a modded server.
[13:36:21] [Server thread/INFO]: arifmini64[local:E:3e46548d] logged in with entity id 14 at (3.2293119645748734, -15.948893092719263, -30.32743597898281)
[13:36:21] [Server thread/INFO]: arifmini64 joined the game
[13:36:21] [Server thread/INFO]: Syncing config to arifmini64 (f8f1bbe6-f1cf-43e8-bda9-3c183c4bcbc3)
[13:36:21] [scala-execution-context-global-133/INFO]: Starting OpenComputers version check.
[13:36:21] [Render thread/INFO]: Started 10 worker threads
[13:36:22] [Render thread/WARN]: Unknown recipe category: ae2:charger/ae2:charger/meteorite_compass
[13:36:22] [REI-ReloadPlugins/INFO]: [REI] Detected JEI plugin from [bibliocraft]: com.github.minecraftschurlimods.bibliocraft.client.jei.BCJeiPlugin
[13:36:22] [REI-ReloadPlugins/INFO]: [REI] Detected JEI plugin from [ldlib]: com.lowdragmc.lowdraglib.jei.JEIPlugin
[13:36:22] [REI-ReloadPlugins/INFO]: [REI] Detected JEI plugin from [jade]: snownee.jade.compat.JEICompat
[13:36:22] [REI-ReloadPlugins/INFO]: [REI] Detected JEI plugin from [ae2]: appeng.integration.modules.jei.JEIPlugin
[13:36:22] [REI-ReloadPlugins/INFO]: [REI] Detected JEI plugin from [create]: com.simibubi.create.compat.jei.CreateJEI
[13:36:22] [REI-ReloadPlugins/INFO]: [REI] Detected JEI plugin from [fluxnetworks]: sonar.fluxnetworks.client.jei.JEIIntegration
[13:36:22] [REI-ReloadPlugins/INFO]: [REI] Detected JEI plugin from [framedblocks] but IGNORED: xfacthd.framedblocks.common.compat.jei.FramedJeiPlugin
[13:36:22] [REI-ReloadPlugins/INFO]: [REI] Detected JEI plugin from [kubejs]: dev.latvian.mods.kubejs.integration.forge.jei.JEIPlugin
[13:36:22] [REI-ReloadPlugins/INFO]: [REI] Detected JEI plugin from [ftblibrary]: dev.ftb.mods.ftblibrary.integration.forge.JEIIntegration
[13:36:22] [REI-ReloadPlugins/INFO]: [REI] Detected JEI plugin from [gtceu]: com.gregtechceu.gtceu.integration.jei.GTJEIPlugin
[13:36:22] [REI-ReloadPlugins/INFO]: [REI] Detected JEI plugin from [gregtech_steam_expansion]: ua.zayasik.GTSE.integration.jei.GTSEJEIPlugin
[13:36:22] [REI-ReloadPlugins/INFO]: [REI] Detected JEI plugin from [polylib]: net.creeperhost.polylib.compat.jei.PolyJEIPlugin
[13:36:22] [REI-ReloadPlugins/INFO]: [REI] Detected JEI plugin from [createaddition]: com.mrh0.createaddition.compat.jei.CreateAdditionJEI
[13:36:22] [REI-ReloadPlugins/INFO]: [REI] Detected 12 JEI plugins
[13:36:22] [Render thread/WARN]: Unknown recipe category: ae2:charger/ae2:charger/guide
[13:36:22] [REI-ReloadPlugins/INFO]: [REI] @@@@@@@@@@@@@@@@@@@@@@@@@@@@@@@@@@@@@@@@
[13:36:22] [REI-ReloadPlugins/INFO]: [REI] REIPlugin starting main-reload for START.
[13:36:22] [REI-ReloadPlugins/INFO]: [REI] Plugins (24):
[13:36:22] [REI-ReloadPlugins/INFO]: [REI]  - (-100.00) DefaultClientPluginImpl of DefaultClientPluginImpl [roughlyenoughitems]
[13:36:22] [REI-ReloadPlugins/INFO]: [REI]  - (-100.00) DefaultPluginImpl of DefaultPluginImpl [roughlyenoughitems]
[13:36:22] [REI-ReloadPlugins/INFO]: [REI]  - (0.00) HideIngredientsFromTagsPlugin of HideIngredientsFromTagsPlugin [roughlyenoughitems]
[13:36:22] [REI-ReloadPlugins/INFO]: [REI]  - (0.00) DefaultClientRuntimePlugin of DefaultClientRuntimePlugin [roughlyenoughitems]
[13:36:22] [REI-ReloadPlugins/INFO]: [REI]  - (0.00) DefaultRuntimePlugin of DefaultRuntimePlugin [roughlyenoughitems]
[13:36:22] [REI-ReloadPlugins/INFO]: [REI]  - (0.00) JEI Plugin [CreateAdditionJEI:createaddition:jei_plugin] of REI Plugin Compatibilities Adapter [rei_plugin_compatibilities, jei]
[13:36:22] [REI-ReloadPlugins/INFO]: [REI]  - (0.00) JEI Plugin [PolyJEIPlugin:polylib:jei_plugin] of REI Plugin Compatibilities Adapter [rei_plugin_compatibilities, jei]
[13:36:22] [REI-ReloadPlugins/INFO]: [REI]  - (0.00) JEI Plugin [GTSEJEIPlugin:gregtech_steam_expansion:jei_plugin] of REI Plugin Compatibilities Adapter [rei_plugin_compatibilities, jei]
[13:36:22] [REI-ReloadPlugins/INFO]: [REI]  - (0.00) JEI Plugin [GTJEIPlugin:gtceu:jei_plugin] of REI Plugin Compatibilities Adapter [rei_plugin_compatibilities, jei]
[13:36:22] [REI-ReloadPlugins/INFO]: [REI]  - (0.00) JEI Plugin [JEIIntegration:ftblibrary:jei] of REI Plugin Compatibilities Adapter [rei_plugin_compatibilities, jei]
[13:36:22] [REI-ReloadPlugins/INFO]: [REI]  - (0.00) JEI Plugin [JEIPlugin:kubejs:jei] of REI Plugin Compatibilities Adapter [rei_plugin_compatibilities, jei]
[13:36:22] [REI-ReloadPlugins/INFO]: [REI]  - (0.00) JEI Plugin [JEIIntegration:fluxnetworks:jei] of REI Plugin Compatibilities Adapter [rei_plugin_compatibilities, jei]
[13:36:22] [REI-ReloadPlugins/INFO]: [REI]  - (0.00) JEI Plugin [CreateJEI:create:jei_plugin] of REI Plugin Compatibilities Adapter [rei_plugin_compatibilities, jei]
[13:36:22] [REI-ReloadPlugins/INFO]: [REI]  - (0.00) JEI Plugin [JEIPlugin:ae2:core] of REI Plugin Compatibilities Adapter [rei_plugin_compatibilities, jei]
[13:36:22] [REI-ReloadPlugins/INFO]: [REI]  - (0.00) JEI Plugin [JEICompat:jade:main] of REI Plugin Compatibilities Adapter [rei_plugin_compatibilities, jei]
[13:36:22] [REI-ReloadPlugins/INFO]: [REI]  - (0.00) JEI Plugin [JEIPlugin:ldlib:jei_plugin] of REI Plugin Compatibilities Adapter [rei_plugin_compatibilities, jei]
[13:36:22] [REI-ReloadPlugins/INFO]: [REI]  - (0.00) JEI Plugin [BCJeiPlugin:bibliocraft:jei_plugin] of REI Plugin Compatibilities Adapter [rei_plugin_compatibilities, jei]
[13:36:22] [REI-ReloadPlugins/INFO]: [REI]  - (0.00) GTREIPlugin of GTREIPlugin [gtceu]
[13:36:22] [REI-ReloadPlugins/INFO]: [REI]  - (0.00) FramedReiPlugin of FramedReiPlugin [framedblocks]
[13:36:22] [REI-ReloadPlugins/INFO]: [REI]  - (0.00) REIPluginImpl of REIPluginImpl [ldlib]
[13:36:22] [REI-ReloadPlugins/INFO]: [REI]  - (0.00) REI Plugin Compatibilities Client Handler of REI Plugin Compatibilities Client Handler [rei_plugin_compatibilities, jei]
[13:36:22] [REI-ReloadPlugins/INFO]: [REI]  - (0.00) REIForgePluginStub of REIForgePluginStub [ftblibrary]
[13:36:22] [REI-ReloadPlugins/INFO]: [REI]  - (0.00) AE2 of AE2 [ae2]
[13:36:22] [REI-ReloadPlugins/INFO]: [REI]  - (10000000.00) REIForgePluginStub of REIForgePluginStub [kubejs]
[13:36:22] [REI-ReloadPlugins/INFO]: [REI] @@@@@@@@@@@@@@@@@@@@@@@@@@@@@@@@@@@@@@@@
[13:36:22] [Render thread/WARN]: Unknown recipe category: ae2:charger/ae2:charger/charged_certus_quartz_crystal
[13:36:22] [REI-ReloadPlugins/INFO]: [REI] @@@@@@@@@@@@@@@@@@@@@@@@@@@@@@@@@@@@@@@@
[13:36:22] [REI-ReloadPlugins/INFO]: [REI] REIClientPlugin starting main-reload for START.
[13:36:22] [REI-ReloadPlugins/INFO]: [REI] Plugins (22):
[13:36:22] [REI-ReloadPlugins/INFO]: [REI]  - (-100.00) DefaultClientPluginImpl of DefaultClientPluginImpl [roughlyenoughitems]
[13:36:22] [REI-ReloadPlugins/INFO]: [REI]  - (0.00) JEI Plugin [CreateAdditionJEI:createaddition:jei_plugin] of REI Plugin Compatibilities Adapter [rei_plugin_compatibilities, jei]
[13:36:22] [REI-ReloadPlugins/INFO]: [REI]  - (0.00) JEI Plugin [PolyJEIPlugin:polylib:jei_plugin] of REI Plugin Compatibilities Adapter [rei_plugin_compatibilities, jei]
[13:36:22] [REI-ReloadPlugins/INFO]: [REI]  - (0.00) JEI Plugin [GTSEJEIPlugin:gregtech_steam_expansion:jei_plugin] of REI Plugin Compatibilities Adapter [rei_plugin_compatibilities, jei]
[13:36:22] [REI-ReloadPlugins/INFO]: [REI]  - (0.00) JEI Plugin [GTJEIPlugin:gtceu:jei_plugin] of REI Plugin Compatibilities Adapter [rei_plugin_compatibilities, jei]
[13:36:22] [REI-ReloadPlugins/INFO]: [REI]  - (0.00) JEI Plugin [JEIIntegration:ftblibrary:jei] of REI Plugin Compatibilities Adapter [rei_plugin_compatibilities, jei]
[13:36:22] [REI-ReloadPlugins/INFO]: [REI]  - (0.00) JEI Plugin [JEIPlugin:kubejs:jei] of REI Plugin Compatibilities Adapter [rei_plugin_compatibilities, jei]
[13:36:22] [REI-ReloadPlugins/INFO]: [REI]  - (0.00) JEI Plugin [JEIIntegration:fluxnetworks:jei] of REI Plugin Compatibilities Adapter [rei_plugin_compatibilities, jei]
[13:36:22] [REI-ReloadPlugins/INFO]: [REI]  - (0.00) JEI Plugin [CreateJEI:create:jei_plugin] of REI Plugin Compatibilities Adapter [rei_plugin_compatibilities, jei]
[13:36:22] [REI-ReloadPlugins/INFO]: [REI]  - (0.00) JEI Plugin [JEIPlugin:ae2:core] of REI Plugin Compatibilities Adapter [rei_plugin_compatibilities, jei]
[13:36:22] [REI-ReloadPlugins/INFO]: [REI]  - (0.00) JEI Plugin [JEICompat:jade:main] of REI Plugin Compatibilities Adapter [rei_plugin_compatibilities, jei]
[13:36:22] [REI-ReloadPlugins/INFO]: [REI]  - (0.00) JEI Plugin [JEIPlugin:ldlib:jei_plugin] of REI Plugin Compatibilities Adapter [rei_plugin_compatibilities, jei]
[13:36:22] [REI-ReloadPlugins/INFO]: [REI]  - (0.00) JEI Plugin [BCJeiPlugin:bibliocraft:jei_plugin] of REI Plugin Compatibilities Adapter [rei_plugin_compatibilities, jei]
[13:36:22] [REI-ReloadPlugins/INFO]: [REI]  - (0.00) GTREIPlugin of GTREIPlugin [gtceu]
[13:36:22] [REI-ReloadPlugins/INFO]: [REI]  - (0.00) FramedReiPlugin of FramedReiPlugin [framedblocks]
[13:36:22] [REI-ReloadPlugins/INFO]: [REI]  - (0.00) REIPluginImpl of REIPluginImpl [ldlib]
[13:36:22] [REI-ReloadPlugins/INFO]: [REI]  - (0.00) REI Plugin Compatibilities Client Handler of REI Plugin Compatibilities Client Handler [rei_plugin_compatibilities, jei]
[13:36:22] [REI-ReloadPlugins/INFO]: [REI]  - (0.00) REIForgePluginStub of REIForgePluginStub [ftblibrary]
[13:36:22] [REI-ReloadPlugins/INFO]: [REI]  - (0.00) AE2 of AE2 [ae2]
[13:36:22] [REI-ReloadPlugins/INFO]: [REI]  - (0.00) HideIngredientsFromTagsPlugin of HideIngredientsFromTagsPlugin [roughlyenoughitems]
[13:36:22] [REI-ReloadPlugins/INFO]: [REI]  - (0.00) DefaultClientRuntimePlugin of DefaultClientRuntimePlugin [roughlyenoughitems]
[13:36:22] [REI-ReloadPlugins/INFO]: [REI]  - (10000000.00) REIForgePluginStub of REIForgePluginStub [kubejs]
[13:36:22] [REI-ReloadPlugins/INFO]: [REI] @@@@@@@@@@@@@@@@@@@@@@@@@@@@@@@@@@@@@@@@
[13:36:22] [REI-ReloadPlugins/WARN]: Attempt to get ItemStack for block Block{opencomputers:robotafterimage} without item form
[13:36:23] [Render thread/INFO]: AE2 detected - ME Network integration enabled
[13:36:25] [REI-ReloadPlugins/INFO]: [REI] ++++++++++++++++++++++++++++++++++++++++
[13:36:25] [REI-ReloadPlugins/INFO]: [REI] REIServerPlugin starting main-reload for START.
[13:36:25] [REI-ReloadPlugins/INFO]: [REI] Plugins (2):
[13:36:25] [REI-ReloadPlugins/INFO]: [REI]  - (-100.00) DefaultPluginImpl of DefaultPluginImpl [roughlyenoughitems]
[13:36:25] [REI-ReloadPlugins/INFO]: [REI]  - (0.00) DefaultRuntimePlugin of DefaultRuntimePlugin [roughlyenoughitems]
[13:36:25] [REI-ReloadPlugins/INFO]: [REI] ++++++++++++++++++++++++++++++++++++++++
[13:36:25] [REI-ReloadPlugins/INFO]: [REI] REIPlugin finished post-reload for START in 7.295 ms, totaling 304.2 ms.
[13:36:25] [REI-ReloadPlugins/INFO]: [REI] REIClientPlugin finished post-reload for START in 3.491 ms, totaling 2.528 s.
[13:36:25] [REI-ReloadPlugins/INFO]: [REI] REIServerPlugin finished post-reload for START in 655.9 ?s, totaling 5.159 ms.
[13:36:26] [REI-ReloadPlugins/INFO]: [REI] ++++++++++++++++++++++++++++++++++++++++
[13:36:26] [REI-ReloadPlugins/INFO]: [REI] REIPlugin starting main-reload for END.
[13:36:26] [REI-ReloadPlugins/INFO]: [REI] Plugins (24):
[13:36:26] [REI-ReloadPlugins/INFO]: [REI]  - (-100.00) DefaultClientPluginImpl of DefaultClientPluginImpl [roughlyenoughitems]
[13:36:26] [REI-ReloadPlugins/INFO]: [REI]  - (-100.00) DefaultPluginImpl of DefaultPluginImpl [roughlyenoughitems]
[13:36:26] [REI-ReloadPlugins/INFO]: [REI]  - (0.00) HideIngredientsFromTagsPlugin of HideIngredientsFromTagsPlugin [roughlyenoughitems]
[13:36:26] [REI-ReloadPlugins/INFO]: [REI]  - (0.00) DefaultClientRuntimePlugin of DefaultClientRuntimePlugin [roughlyenoughitems]
[13:36:26] [REI-ReloadPlugins/INFO]: [REI]  - (0.00) DefaultRuntimePlugin of DefaultRuntimePlugin [roughlyenoughitems]
[13:36:26] [REI-ReloadPlugins/INFO]: [REI]  - (0.00) JEI Plugin [CreateAdditionJEI:createaddition:jei_plugin] of REI Plugin Compatibilities Adapter [rei_plugin_compatibilities, jei]
[13:36:26] [REI-ReloadPlugins/INFO]: [REI]  - (0.00) JEI Plugin [PolyJEIPlugin:polylib:jei_plugin] of REI Plugin Compatibilities Adapter [rei_plugin_compatibilities, jei]
[13:36:26] [REI-ReloadPlugins/INFO]: [REI]  - (0.00) JEI Plugin [GTSEJEIPlugin:gregtech_steam_expansion:jei_plugin] of REI Plugin Compatibilities Adapter [rei_plugin_compatibilities, jei]
[13:36:26] [REI-ReloadPlugins/INFO]: [REI]  - (0.00) JEI Plugin [GTJEIPlugin:gtceu:jei_plugin] of REI Plugin Compatibilities Adapter [rei_plugin_compatibilities, jei]
[13:36:26] [REI-ReloadPlugins/INFO]: [REI]  - (0.00) JEI Plugin [JEIIntegration:ftblibrary:jei] of REI Plugin Compatibilities Adapter [rei_plugin_compatibilities, jei]
[13:36:26] [REI-ReloadPlugins/INFO]: [REI]  - (0.00) JEI Plugin [JEIPlugin:kubejs:jei] of REI Plugin Compatibilities Adapter [rei_plugin_compatibilities, jei]
[13:36:26] [REI-ReloadPlugins/INFO]: [REI]  - (0.00) JEI Plugin [JEIIntegration:fluxnetworks:jei] of REI Plugin Compatibilities Adapter [rei_plugin_compatibilities, jei]
[13:36:26] [REI-ReloadPlugins/INFO]: [REI]  - (0.00) JEI Plugin [CreateJEI:create:jei_plugin] of REI Plugin Compatibilities Adapter [rei_plugin_compatibilities, jei]
[13:36:26] [REI-ReloadPlugins/INFO]: [REI]  - (0.00) JEI Plugin [JEIPlugin:ae2:core] of REI Plugin Compatibilities Adapter [rei_plugin_compatibilities, jei]
[13:36:26] [REI-ReloadPlugins/INFO]: [REI]  - (0.00) JEI Plugin [JEICompat:jade:main] of REI Plugin Compatibilities Adapter [rei_plugin_compatibilities, jei]
[13:36:26] [REI-ReloadPlugins/INFO]: [REI]  - (0.00) JEI Plugin [JEIPlugin:ldlib:jei_plugin] of REI Plugin Compatibilities Adapter [rei_plugin_compatibilities, jei]
[13:36:26] [REI-ReloadPlugins/INFO]: [REI]  - (0.00) JEI Plugin [BCJeiPlugin:bibliocraft:jei_plugin] of REI Plugin Compatibilities Adapter [rei_plugin_compatibilities, jei]
[13:36:26] [REI-ReloadPlugins/INFO]: [REI]  - (0.00) GTREIPlugin of GTREIPlugin [gtceu]
[13:36:26] [REI-ReloadPlugins/INFO]: [REI]  - (0.00) FramedReiPlugin of FramedReiPlugin [framedblocks]
[13:36:26] [REI-ReloadPlugins/INFO]: [REI]  - (0.00) REIPluginImpl of REIPluginImpl [ldlib]
[13:36:26] [REI-ReloadPlugins/INFO]: [REI]  - (0.00) REI Plugin Compatibilities Client Handler of REI Plugin Compatibilities Client Handler [rei_plugin_compatibilities, jei]
[13:36:26] [REI-ReloadPlugins/INFO]: [REI]  - (0.00) REIForgePluginStub of REIForgePluginStub [ftblibrary]
[13:36:26] [REI-ReloadPlugins/INFO]: [REI]  - (0.00) AE2 of AE2 [ae2]
[13:36:26] [REI-ReloadPlugins/INFO]: [REI]  - (10000000.00) REIForgePluginStub of REIForgePluginStub [kubejs]
[13:36:26] [REI-ReloadPlugins/INFO]: [REI] ++++++++++++++++++++++++++++++++++++++++
[13:36:26] [REI-ReloadPlugins/INFO]: [REI] ~~~~~~~~~~~~~~~~~~~~~~~~~~~~~~~~~~~~~~~~
[13:36:26] [REI-ReloadPlugins/INFO]: [REI] REIClientPlugin starting main-reload for END.
[13:36:26] [REI-ReloadPlugins/INFO]: [REI] Plugins (22):
[13:36:26] [REI-ReloadPlugins/INFO]: [REI]  - (-100.00) DefaultClientPluginImpl of DefaultClientPluginImpl [roughlyenoughitems]
[13:36:26] [REI-ReloadPlugins/INFO]: [REI]  - (0.00) JEI Plugin [CreateAdditionJEI:createaddition:jei_plugin] of REI Plugin Compatibilities Adapter [rei_plugin_compatibilities, jei]
[13:36:26] [REI-ReloadPlugins/INFO]: [REI]  - (0.00) JEI Plugin [PolyJEIPlugin:polylib:jei_plugin] of REI Plugin Compatibilities Adapter [rei_plugin_compatibilities, jei]
[13:36:26] [REI-ReloadPlugins/INFO]: [REI]  - (0.00) JEI Plugin [GTSEJEIPlugin:gregtech_steam_expansion:jei_plugin] of REI Plugin Compatibilities Adapter [rei_plugin_compatibilities, jei]
[13:36:26] [REI-ReloadPlugins/INFO]: [REI]  - (0.00) JEI Plugin [GTJEIPlugin:gtceu:jei_plugin] of REI Plugin Compatibilities Adapter [rei_plugin_compatibilities, jei]
[13:36:26] [REI-ReloadPlugins/INFO]: [REI]  - (0.00) JEI Plugin [JEIIntegration:ftblibrary:jei] of REI Plugin Compatibilities Adapter [rei_plugin_compatibilities, jei]
[13:36:26] [REI-ReloadPlugins/INFO]: [REI]  - (0.00) JEI Plugin [JEIPlugin:kubejs:jei] of REI Plugin Compatibilities Adapter [rei_plugin_compatibilities, jei]
[13:36:26] [REI-ReloadPlugins/INFO]: [REI]  - (0.00) JEI Plugin [JEIIntegration:fluxnetworks:jei] of REI Plugin Compatibilities Adapter [rei_plugin_compatibilities, jei]
[13:36:26] [REI-ReloadPlugins/INFO]: [REI]  - (0.00) JEI Plugin [CreateJEI:create:jei_plugin] of REI Plugin Compatibilities Adapter [rei_plugin_compatibilities, jei]
[13:36:26] [REI-ReloadPlugins/INFO]: [REI]  - (0.00) JEI Plugin [JEIPlugin:ae2:core] of REI Plugin Compatibilities Adapter [rei_plugin_compatibilities, jei]
[13:36:26] [REI-ReloadPlugins/INFO]: [REI]  - (0.00) JEI Plugin [JEICompat:jade:main] of REI Plugin Compatibilities Adapter [rei_plugin_compatibilities, jei]
[13:36:26] [REI-ReloadPlugins/INFO]: [REI]  - (0.00) JEI Plugin [JEIPlugin:ldlib:jei_plugin] of REI Plugin Compatibilities Adapter [rei_plugin_compatibilities, jei]
[13:36:26] [REI-ReloadPlugins/INFO]: [REI]  - (0.00) JEI Plugin [BCJeiPlugin:bibliocraft:jei_plugin] of REI Plugin Compatibilities Adapter [rei_plugin_compatibilities, jei]
[13:36:26] [REI-ReloadPlugins/INFO]: [REI]  - (0.00) GTREIPlugin of GTREIPlugin [gtceu]
[13:36:26] [REI-ReloadPlugins/INFO]: [REI]  - (0.00) FramedReiPlugin of FramedReiPlugin [framedblocks]
[13:36:26] [REI-ReloadPlugins/INFO]: [REI]  - (0.00) REIPluginImpl of REIPluginImpl [ldlib]
[13:36:26] [REI-ReloadPlugins/INFO]: [REI]  - (0.00) REI Plugin Compatibilities Client Handler of REI Plugin Compatibilities Client Handler [rei_plugin_compatibilities, jei]
[13:36:26] [REI-ReloadPlugins/INFO]: [REI]  - (0.00) REIForgePluginStub of REIForgePluginStub [ftblibrary]
[13:36:26] [REI-ReloadPlugins/INFO]: [REI]  - (0.00) AE2 of AE2 [ae2]
[13:36:26] [REI-ReloadPlugins/INFO]: [REI]  - (0.00) HideIngredientsFromTagsPlugin of HideIngredientsFromTagsPlugin [roughlyenoughitems]
[13:36:26] [REI-ReloadPlugins/INFO]: [REI]  - (0.00) DefaultClientRuntimePlugin of DefaultClientRuntimePlugin [roughlyenoughitems]
[13:36:26] [REI-ReloadPlugins/INFO]: [REI]  - (10000000.00) REIForgePluginStub of REIForgePluginStub [kubejs]
[13:36:26] [REI-ReloadPlugins/INFO]: [REI] ~~~~~~~~~~~~~~~~~~~~~~~~~~~~~~~~~~~~~~~~
[13:36:27] [REI-ReloadPlugins/WARN]: [REI] Collapsible entry group [gtceu:tool/shears] Shears has no entries, ignoring.
[13:36:27] [REI-ReloadPlugins/WARN]: [REI] Collapsible entry group [gtceu:ore/bisalloy_400] Bisalloy 400 Ore has no entries, ignoring.
[13:36:27] [REI-ReloadPlugins/WARN]: [REI] Collapsible entry group [gtceu:ore/extraction_infused_cometal] Extraction Infused Cometal Ore has no entries, ignoring.
[13:36:27] [REI-ReloadPlugins/WARN]: [REI] Collapsible entry group [gtceu:ore/cooling_infused_cometal] Cooling Infused Cometal Ore has no entries, ignoring.
[13:36:27] [REI-ReloadPlugins/WARN]: [REI] Collapsible entry group [gtceu:ore/bathing_infused_cometal] Bathing Infused Cometal Ore has no entries, ignoring.
[13:36:27] [REI-ReloadPlugins/WARN]: [REI] Collapsible entry group [gtceu:ore/corrosion_tempered_brass] Corrosion Tempered Brass Ore has no entries, ignoring.
[13:36:27] [REI-ReloadPlugins/WARN]: [REI] Collapsible entry group [gtceu:ore/lava_coated_steel] Lava Coated Steel Ore has no entries, ignoring.
[13:36:27] [REI-ReloadPlugins/WARN]: [REI] Collapsible entry group [gtceu:ore/conceptualized_steel] Conceptualized Steel Ore has no entries, ignoring.
[13:36:27] [REI-ReloadPlugins/WARN]: [REI] Collapsible entry group [gtceu:ore/compression_infused_cometal] Compression Infused Cometal Ore has no entries, ignoring.
[13:36:27] [REI-ReloadPlugins/WARN]: [REI] Collapsible entry group [gtceu:ore/frostbite_magnalium] Frostbite Magnalium Ore has no entries, ignoring.
[13:36:27] [REI-ReloadPlugins/WARN]: [REI] Collapsible entry group [gtceu:ore/infernal_alloy] Infernal Alloy Ore has no entries, ignoring.
[13:36:27] [REI-ReloadPlugins/WARN]: [REI] Collapsible entry group [gtceu:ore/blue_alloy] Blue Alloy Ore has no entries, ignoring.
[13:36:27] [REI-ReloadPlugins/WARN]: [REI] Collapsible entry group [gtceu:ore/polytetrafluoroethylene] Polytetrafluoroethylene Ore has no entries, ignoring.
[13:36:27] [REI-ReloadPlugins/WARN]: [REI] Collapsible entry group [gtceu:ore/hsse] Hsse Ore has no entries, ignoring.
[13:36:27] [REI-ReloadPlugins/WARN]: [REI] Collapsible entry group [gtceu:ore/ruridit] Ruridit Ore has no entries, ignoring.
[13:36:27] [REI-ReloadPlugins/WARN]: [REI] Collapsible entry group [gtceu:ore/invar] Invar Ore has no entries, ignoring.
[13:36:27] [REI-ReloadPlugins/WARN]: [REI] Collapsible entry group [gtceu:ore/titanium_carbide] Titanium Carbide Ore has no entries, ignoring.
[13:36:27] [REI-ReloadPlugins/WARN]: [REI] Collapsible entry group [gtceu:ore/watertight_steel] Watertight Steel Ore has no entries, ignoring.
[13:36:27] [REI-ReloadPlugins/WARN]: [REI] Collapsible entry group [gtceu:ore/steel] Steel Ore has no entries, ignoring.
[13:36:27] [REI-ReloadPlugins/WARN]: [REI] Collapsible entry group [gtceu:ore/shadow_steel] Shadow Steel Ore has no entries, ignoring.
[13:36:27] [REI-ReloadPlugins/WARN]: [REI] Collapsible entry group [gtceu:ore/europium] Europium Ore has no entries, ignoring.
[13:36:27] [REI-ReloadPlugins/WARN]: [REI] Collapsible entry group [gtceu:ore/hastelloy_c_276] Hastelloy C 276 Ore has no entries, ignoring.
[13:36:27] [REI-ReloadPlugins/WARN]: [REI] Collapsible entry group [gtceu:ore/neutronium] Neutronium Ore has no entries, ignoring.
[13:36:27] [REI-ReloadPlugins/WARN]: [REI] Collapsible entry group [gtceu:ore/mar_m_200_steel] Mar M 200 Steel Ore has no entries, ignoring.
[13:36:27] [REI-ReloadPlugins/WARN]: [REI] Collapsible entry group [gtceu:ore/tungsten_steel] Tungsten Steel Ore has no entries, ignoring.
[13:36:27] [REI-ReloadPlugins/WARN]: [REI] Collapsible entry group [gtceu:ore/incoloy_ma_956] Incoloy Ma 956 Ore has no entries, ignoring.
[13:36:27] [REI-ReloadPlugins/WARN]: [REI] Collapsible entry group [gtceu:ore/bronze] Bronze Ore has no entries, ignoring.
[13:36:27] [REI-ReloadPlugins/WARN]: [REI] Collapsible entry group [gtceu:ore/hastelloy_x] Hastelloy X Ore has no entries, ignoring.
[13:36:27] [REI-ReloadPlugins/WARN]: [REI] Collapsible entry group [gtceu:ore/polybenzimidazole] Polybenzimidazole Ore has no entries, ignoring.
[13:36:27] [REI-ReloadPlugins/WARN]: [REI] Collapsible entry group [gtceu:ore/electrum] Electrum Ore has no entries, ignoring.
[13:36:27] [REI-ReloadPlugins/WARN]: [REI] Collapsible entry group [gtceu:ore/steam_alloy] Steam Alloy Ore has no entries, ignoring.
[13:36:27] [REI-ReloadPlugins/WARN]: [REI] Collapsible entry group [gtceu:ore/black_matter] Black Matter Ore has no entries, ignoring.
[13:36:27] [REI-ReloadPlugins/WARN]: [REI] Collapsible entry group [gtceu:ore/tritanium] Tritanium Ore has no entries, ignoring.
[13:36:27] [REI-ReloadPlugins/WARN]: [REI] Collapsible entry group [gtceu:ore/tungsten_carbide] Tungsten Carbide Ore has no entries, ignoring.
[13:36:27] [REI-ReloadPlugins/WARN]: [REI] Collapsible entry group [gtceu:ore/hsss] Hsss Ore has no entries, ignoring.
[13:36:27] [REI-ReloadPlugins/WARN]: [REI] Collapsible entry group [gtceu:ore/tungsten] Tungsten Ore has no entries, ignoring.
[13:36:27] [REI-ReloadPlugins/WARN]: [REI] Collapsible entry group [gtceu:ore/black_steel] Black Steel Ore has no entries, ignoring.
[13:36:27] [REI-ReloadPlugins/WARN]: [REI] Collapsible entry group [gtceu:ore/hssg] Hssg Ore has no entries, ignoring.
[13:36:27] [REI-ReloadPlugins/WARN]: [REI] Collapsible entry group [gtceu:ore/maraging_steel_300] Maraging Steel 300 Ore has no entries, ignoring.
[13:36:27] [REI-ReloadPlugins/WARN]: [REI] Collapsible entry group [gtceu:ore/naquadah_alloy] Naquadah Alloy Ore has no entries, ignoring.
[13:36:27] [REI-ReloadPlugins/WARN]: [REI] Collapsible entry group [gtceu:ore/stainless_steel] Stainless Steel Ore has no entries, ignoring.
[13:36:27] [REI-ReloadPlugins/WARN]: [REI] Collapsible entry group [gtceu:ore/ultimet] Ultimet Ore has no entries, ignoring.
[13:36:27] [REI-ReloadPlugins/WARN]: [REI] Collapsible entry group [gtceu:ore/refined_radiance] Refined Radiance Ore has no entries, ignoring.
[13:36:27] [REI-ReloadPlugins/WARN]: [REI] Collapsible entry group [gtceu:ore/iridium] Iridium Ore has no entries, ignoring.
[13:36:27] [REI-ReloadPlugins/WARN]: [REI] Collapsible entry group [gtceu:ore/hsla_steel] Hsla Steel Ore has no entries, ignoring.
[13:36:27] [REI-ReloadPlugins/WARN]: [REI] Collapsible entry group [gtceu:ore/blue_steel] Blue Steel Ore has no entries, ignoring.
[13:36:27] [Render thread/INFO]: Loading FTB Chunks client data from world 47da8a67-75d6-43b9-8468-ca8e555cd424
[13:36:27] [Render thread/INFO]: Received config from the server: 
[13:36:29] [Render thread/INFO]: Loaded 428 advancements
[13:36:29] [scala-execution-context-global-133/INFO]: A newer version of OpenComputers is available: v1.9.0-2.
[13:36:29] [Render thread/INFO]: [System] [CHAT] §aOpenComputers§f: A new version is available: v1.9.0-2
[13:36:30] [REI-ReloadPlugins/ERROR]: [REI] JEI Plugin [CreateAdditionJEI:createaddition:jei_plugin] of REI Plugin Compatibilities Adapter [rei_plugin_compatibilities, jei] plugin failed to reloadable-plugin/DisplayRegistryImpl/!
java.lang.NoSuchMethodError: 'java.util.Optional mezz.jei.api.helpers.IJeiHelpers.getRecipeType(net.minecraft.resources.ResourceLocation, java.lang.Class)'
	at com.mrh0.createaddition.compat.jei.CreateAdditionJEI.registerRecipeCatalysts(CreateAdditionJEI.java:92) ~[createaddition-1.20.1-1.3.3.jar%23228!/:1.20.1-1.3.3]
	at me.shedaniel.rei.jeicompat.JEIPluginDetector$JEIPluginWrapper.registerDisplays(JEIPluginDetector.java:563) ~[REIPluginCompatibilities-forge-12.0.93.jar%23275!/:?]
	at me.shedaniel.rei.impl.client.registry.display.DisplayRegistryImpl.acceptPlugin(DisplayRegistryImpl.java:63) ~[RoughlyEnoughItems-12.1.785-forge.jar%23279!/:?]
	at me.shedaniel.rei.impl.client.registry.display.DisplayRegistryImpl.acceptPlugin(DisplayRegistryImpl.java:53) ~[RoughlyEnoughItems-12.1.785-forge.jar%23279!/:?]
	at me.shedaniel.rei.api.common.registry.Reloadable.acceptPlugin(Reloadable.java:78) ~[RoughlyEnoughItems-12.1.785-forge.jar%23279!/:?]
	at me.shedaniel.rei.impl.common.plugins.PluginManagerImpl.lambda$reload$12(PluginManagerImpl.java:430) ~[RoughlyEnoughItems-12.1.785-forge.jar%23279!/:?]
	at me.shedaniel.rei.impl.common.plugins.PluginManagerImpl.lambda$pluginSection$4(PluginManagerImpl.java:193) ~[RoughlyEnoughItems-12.1.785-forge.jar%23279!/:?]
	at me.shedaniel.rei.impl.common.plugins.PluginManagerImpl.lambda$reload$13(PluginManagerImpl.java:420) ~[RoughlyEnoughItems-12.1.785-forge.jar%23279!/:?]
	at me.shedaniel.rei.impl.common.plugins.PluginManagerImpl.pluginSection(PluginManagerImpl.java:191) ~[RoughlyEnoughItems-12.1.785-forge.jar%23279!/:?]
	at me.shedaniel.rei.impl.common.plugins.PluginManagerImpl.reload(PluginManagerImpl.java:418) ~[RoughlyEnoughItems-12.1.785-forge.jar%23279!/:?]
	at me.shedaniel.rei.api.common.plugins.PluginView$1.reload(PluginView.java:71) ~[RoughlyEnoughItems-12.1.785-forge.jar%23279!/:?]
	at me.shedaniel.rei.impl.common.plugins.ReloadManagerImpl.reloadPlugins0(ReloadManagerImpl.java:155) ~[RoughlyEnoughItems-12.1.785-forge.jar%23279!/:?]
	at me.shedaniel.rei.impl.common.plugins.ReloadManagerImpl.reloadPlugins0(ReloadManagerImpl.java:144) ~[RoughlyEnoughItems-12.1.785-forge.jar%23279!/:?]
	at me.shedaniel.rei.impl.common.plugins.ReloadManagerImpl.lambda$reloadPlugins$7(ReloadManagerImpl.java:122) ~[RoughlyEnoughItems-12.1.785-forge.jar%23279!/:?]
	at java.util.concurrent.CompletableFuture$AsyncRun.run(Unknown Source) ~[?:?]
	at java.util.concurrent.Executors$RunnableAdapter.call(Unknown Source) ~[?:?]
	at java.util.concurrent.FutureTask.run(Unknown Source) ~[?:?]
	at java.util.concurrent.ScheduledThreadPoolExecutor$ScheduledFutureTask.run(Unknown Source) ~[?:?]
	at java.util.concurrent.ThreadPoolExecutor.runWorker(Unknown Source) ~[?:?]
	at java.util.concurrent.ThreadPoolExecutor$Worker.run(Unknown Source) ~[?:?]
	at java.lang.Thread.run(Unknown Source) ~[?:?]
[13:36:49] [REI-ReloadPlugins/INFO]: [REI] ----------------------------------------
[13:36:49] [REI-ReloadPlugins/INFO]: [REI] REIServerPlugin starting main-reload for END.
[13:36:49] [REI-ReloadPlugins/INFO]: [REI] Plugins (2):
[13:36:49] [REI-ReloadPlugins/INFO]: [REI]  - (-100.00) DefaultPluginImpl of DefaultPluginImpl [roughlyenoughitems]
[13:36:49] [REI-ReloadPlugins/INFO]: [REI]  - (0.00) DefaultRuntimePlugin of DefaultRuntimePlugin [roughlyenoughitems]
[13:36:49] [REI-ReloadPlugins/INFO]: [REI] ----------------------------------------
[13:36:49] [REI-ReloadPlugins/INFO]: [REI] REIPlugin finished post-reload for END in 1.287 ms, totaling 129.6 ms.
[13:36:50] [REI-ReloadPlugins/WARN]: [REI] createFocusLink is not supported in REI yet!
[13:36:50] [REI-ReloadPlugins/WARN]: [REI] createFocusLink is not supported in REI yet!
[13:36:50] [REI-ReloadPlugins/INFO]: [REI] REIClientPlugin finished post-reload for END in 1.027 s, totaling 23.51 s.
[13:36:50] [REI-ReloadPlugins/INFO]: [REI] REIServerPlugin finished post-reload for END in 402.8 ?s, totaling 10.01 ms.
[13:38:47] [Render thread/WARN]: Attempt to get ItemStack for block Block{opencomputers:robotafterimage} without item form
[13:50:56] [Netty Local Client IO #0/INFO]: [System] [CHAT] Gave [Hydrofluoric Acid Bucket§f] x1 to arifmini64.
[13:51:05] [Netty Local Client IO #0/INFO]: [System] [CHAT] Gave [Hydrofluoric Acid Bucket§f] x1 to arifmini64.
[13:51:08] [Netty Local Client IO #0/INFO]: [System] [CHAT] Gave [Hydrofluoric Acid Bucket§f] x1 to arifmini64.
[13:51:10] [Netty Local Client IO #0/INFO]: [System] [CHAT] Gave [Hydrofluoric Acid Bucket§f] x1 to arifmini64.
[13:51:11] [Netty Local Client IO #0/INFO]: [System] [CHAT] Gave [Hydrofluoric Acid Bucket§f] x1 to arifmini64.
[13:51:13] [Netty Local Client IO #0/INFO]: [System] [CHAT] Gave [Hydrofluoric Acid Bucket§f] x1 to arifmini64.
[13:51:15] [Netty Local Client IO #0/INFO]: [System] [CHAT] Gave [Hydrofluoric Acid Bucket§f] x1 to arifmini64.
[13:51:17] [Netty Local Client IO #0/INFO]: [System] [CHAT] Gave [Hydrofluoric Acid Bucket§f] x1 to arifmini64.
[13:51:18] [Netty Local Client IO #0/INFO]: [System] [CHAT] Gave [Hydrofluoric Acid Bucket§f] x1 to arifmini64.
[13:51:20] [Netty Local Client IO #0/INFO]: [System] [CHAT] Gave [Hydrofluoric Acid Bucket§f] x1 to arifmini64.
[13:51:22] [Netty Local Client IO #0/INFO]: [System] [CHAT] Gave [Hydrofluoric Acid Bucket§f] x1 to arifmini64.
[13:51:24] [Netty Local Client IO #0/INFO]: [System] [CHAT] Gave [Hydrofluoric Acid Bucket§f] x1 to arifmini64.
[13:51:27] [Netty Local Client IO #0/INFO]: [System] [CHAT] Gave [Hydrofluoric Acid Bucket§f] x1 to arifmini64.
[13:51:29] [Netty Local Client IO #0/INFO]: [System] [CHAT] Gave [Hydrofluoric Acid Bucket§f] x1 to arifmini64.
[13:51:33] [Netty Local Client IO #0/INFO]: [System] [CHAT] Gave [Hydrofluoric Acid Bucket§f] x1 to arifmini64.
[13:51:35] [Netty Local Client IO #0/INFO]: [System] [CHAT] Gave [Hydrofluoric Acid Bucket§f] x1 to arifmini64.
[14:00:00] [ftbbackups2_Worker-1/INFO]: Attempting to create an automatic backup
[14:00:00] [ftbbackups2_Worker-1/INFO]: Found world folder at C:\Users\arifv\curseforge\minecraft\Instances\1.20.1-gregtech\saves\New World\.
[14:00:00] [ftbbackups2_Worker-1/INFO]: Last backup size: 6.7MB Current world size: 58.8MB Current Available space: 127.1GB ExpectedSize 7.1MB
[14:00:00] [ftbbackups2_Worker-1/INFO]: Setting world minecraft:overworld save state to true
[14:00:00] [ftbbackups2_Worker-1/INFO]: Setting world gcyr:mercury_orbit save state to true
[14:00:00] [ftbbackups2_Worker-1/INFO]: Setting world gcyr:mercury save state to true
[14:00:00] [ftbbackups2_Worker-1/INFO]: Setting world gcyr:mars save state to true
[14:00:00] [ftbbackups2_Worker-1/INFO]: Setting world gcyr:mars_orbit save state to true
[14:00:00] [ftbbackups2_Worker-1/INFO]: Setting world gcyr:overworld_orbit save state to true
[14:00:00] [ftbbackups2_Worker-1/INFO]: Setting world gcyr:luna_orbit save state to true
[14:00:00] [ftbbackups2_Worker-1/INFO]: Setting world gcyr:venus save state to true
[14:00:00] [ftbbackups2_Worker-1/INFO]: Setting world gcyr:proxima_centauri_b save state to true
[14:00:00] [ftbbackups2_Worker-1/INFO]: Setting world gcyr:venus_orbit save state to true
[14:00:00] [ftbbackups2_Worker-1/INFO]: Setting world gcyr:luna save state to true
[14:00:00] [ftbbackups2_Worker-1/INFO]: Setting world gcyr:black_hole_orbit save state to true
[14:00:00] [ftbbackups2_Worker-1/INFO]: Setting world minecraft:the_nether save state to true
[14:00:00] [ftbbackups2_Worker-1/INFO]: Setting world minecraft:the_end save state to true
[14:00:00] [ftbbackups2_Worker-1/INFO]: Setting world ae2:spatial_storage save state to true
[14:00:00] [ftbbackups2_Worker-1/INFO]: Writing to file C:\Users\arifv\curseforge\minecraft\Instances\1.20.1-gregtech\backups\backups.json
[14:00:00] [FTB Backups backup thread 0/INFO]: Waiting for world save to complete.
[14:00:00] [Render thread/INFO]: [System] [CHAT] Starting Server backup
[14:00:01] [FTB Backups backup thread 0/INFO]: Detected MC Version 1.20.1, Data version 3465
[14:00:01] [FTB Backups backup thread 0/INFO]: Save Name: New World
[14:00:01] [FTB Backups backup thread 0/WARN]: Did not find a region folder for level: C:\Users\arifv\curseforge\minecraft\Instances\1.20.1-gregtech\saves\New World\.\DIM-1
[14:00:01] [FTB Backups backup thread 0/WARN]: Did not find a region folder for level: C:\Users\arifv\curseforge\minecraft\Instances\1.20.1-gregtech\saves\New World\.\DIM1
[14:00:01] [FTB Backups backup thread 0/WARN]: Found possible mod dimension with no region folder ae2:spatial_storage
[14:00:01] [FTB Backups backup thread 0/WARN]: Found possible mod dimension with no region folder gcyr:black_hole_orbit
[14:00:01] [FTB Backups backup thread 0/WARN]: Found possible mod dimension with no region folder gcyr:luna
[14:00:01] [FTB Backups backup thread 0/WARN]: Found possible mod dimension with no region folder gcyr:luna_orbit
[14:00:01] [FTB Backups backup thread 0/WARN]: Found possible mod dimension with no region folder gcyr:mars
[14:00:01] [FTB Backups backup thread 0/WARN]: Found possible mod dimension with no region folder gcyr:mars_orbit
[14:00:01] [FTB Backups backup thread 0/WARN]: Found possible mod dimension with no region folder gcyr:mercury
[14:00:01] [FTB Backups backup thread 0/WARN]: Found possible mod dimension with no region folder gcyr:mercury_orbit
[14:00:01] [FTB Backups backup thread 0/WARN]: Found possible mod dimension with no region folder gcyr:overworld_orbit
[14:00:01] [FTB Backups backup thread 0/WARN]: Found possible mod dimension with no region folder gcyr:proxima_centauri_b
[14:00:01] [FTB Backups backup thread 0/WARN]: Found possible mod dimension with no region folder gcyr:venus
[14:00:01] [FTB Backups backup thread 0/WARN]: Found possible mod dimension with no region folder gcyr:venus_orbit
[14:00:03] [FTB Backups backup thread 0/INFO]: Backup preview created, Scan took 356ms, Capture took 2547ms
[14:00:06] [FTB Backups backup thread 0/INFO]: Setting world minecraft:overworld save state to false
[14:00:06] [FTB Backups backup thread 0/INFO]: Setting world gcyr:mercury_orbit save state to false
[14:00:06] [FTB Backups backup thread 0/INFO]: Setting world gcyr:mercury save state to false
[14:00:06] [FTB Backups backup thread 0/INFO]: Setting world gcyr:mars save state to false
[14:00:06] [FTB Backups backup thread 0/INFO]: Setting world gcyr:mars_orbit save state to false
[14:00:06] [FTB Backups backup thread 0/INFO]: Setting world gcyr:overworld_orbit save state to false
[14:00:06] [FTB Backups backup thread 0/INFO]: Setting world gcyr:luna_orbit save state to false
[14:00:06] [FTB Backups backup thread 0/INFO]: Setting world gcyr:venus save state to false
[14:00:06] [FTB Backups backup thread 0/INFO]: Setting world gcyr:proxima_centauri_b save state to false
[14:00:06] [FTB Backups backup thread 0/INFO]: Setting world gcyr:venus_orbit save state to false
[14:00:06] [FTB Backups backup thread 0/INFO]: Setting world gcyr:luna save state to false
[14:00:06] [FTB Backups backup thread 0/INFO]: Setting world gcyr:black_hole_orbit save state to false
[14:00:06] [FTB Backups backup thread 0/INFO]: Setting world minecraft:the_nether save state to false
[14:00:06] [FTB Backups backup thread 0/INFO]: Setting world minecraft:the_end save state to false
[14:00:06] [FTB Backups backup thread 0/INFO]: Setting world ae2:spatial_storage save state to false
[14:00:06] [Render thread/INFO]: [System] [CHAT] Backup finished in 0m, 5s, 755ms
[14:00:06] [FTB Backups backup thread 0/INFO]: Backup size 6.8MB World Size 58.8MB
[14:00:06] [FTB Backups backup thread 0/INFO]: Writing to file C:\Users\arifv\curseforge\minecraft\Instances\1.20.1-gregtech\backups\backups.json
[14:00:06] [FTB Backups backup thread 0/INFO]: New backup created at C:\Users\arifv\curseforge\minecraft\Instances\1.20.1-gregtech\backups\2026-9-11_14-0-0.zip size: 6.8MB Took: 0m, 5s, 755ms Sha1: 09c6f75ba51b7d30a77bfa0a9290c625b3099202
[14:00:26] [FTB Backups scheduled executor 0/INFO]: More backups than 5 found, Removing oldest backup
[14:00:26] [FTB Backups scheduled executor 0/INFO]: Removed old backup 2026-9-10_16-30-0.zip
[14:00:26] [FTB Backups scheduled executor 0/INFO]: File missing, removing from backups C:\Users\arifv\curseforge\minecraft\Instances\1.20.1-gregtech\backups\2026-9-10_16-30-0.zip
[14:00:26] [FTB Backups scheduled executor 0/INFO]: Writing to file C:\Users\arifv\curseforge\minecraft\Instances\1.20.1-gregtech\backups\backups.json
[14:23:49] [Netty Local Client IO #0/INFO]: [System] [CHAT] Gave [Silicone Rubber Plunger§f] x1 to arifmini64.
[14:30:00] [ftbbackups2_Worker-1/INFO]: Attempting to create an automatic backup
[14:30:00] [ftbbackups2_Worker-1/INFO]: Found world folder at C:\Users\arifv\curseforge\minecraft\Instances\1.20.1-gregtech\saves\New World\.
[14:30:00] [ftbbackups2_Worker-1/INFO]: Last backup size: 6.8MB Current world size: 58.8MB Current Available space: 126.9GB ExpectedSize 7.1MB
[14:30:00] [ftbbackups2_Worker-1/INFO]: Setting world minecraft:overworld save state to true
[14:30:00] [ftbbackups2_Worker-1/INFO]: Setting world gcyr:mercury_orbit save state to true
[14:30:00] [ftbbackups2_Worker-1/INFO]: Setting world gcyr:mercury save state to true
[14:30:00] [ftbbackups2_Worker-1/INFO]: Setting world gcyr:mars save state to true
[14:30:00] [ftbbackups2_Worker-1/INFO]: Setting world gcyr:mars_orbit save state to true
[14:30:00] [ftbbackups2_Worker-1/INFO]: Setting world gcyr:overworld_orbit save state to true
[14:30:00] [ftbbackups2_Worker-1/INFO]: Setting world gcyr:luna_orbit save state to true
[14:30:00] [ftbbackups2_Worker-1/INFO]: Setting world gcyr:venus save state to true
[14:30:00] [ftbbackups2_Worker-1/INFO]: Setting world gcyr:proxima_centauri_b save state to true
[14:30:00] [ftbbackups2_Worker-1/INFO]: Setting world gcyr:venus_orbit save state to true
[14:30:00] [ftbbackups2_Worker-1/INFO]: Setting world gcyr:luna save state to true
[14:30:00] [ftbbackups2_Worker-1/INFO]: Setting world gcyr:black_hole_orbit save state to true
[14:30:00] [ftbbackups2_Worker-1/INFO]: Setting world minecraft:the_nether save state to true
[14:30:00] [ftbbackups2_Worker-1/INFO]: Setting world minecraft:the_end save state to true
[14:30:00] [ftbbackups2_Worker-1/INFO]: Setting world ae2:spatial_storage save state to true
[14:30:00] [ftbbackups2_Worker-1/INFO]: Writing to file C:\Users\arifv\curseforge\minecraft\Instances\1.20.1-gregtech\backups\backups.json
[14:30:00] [FTB Backups backup thread 0/INFO]: Waiting for world save to complete.
[14:30:01] [Render thread/INFO]: [System] [CHAT] Starting Server backup
[14:30:01] [FTB Backups backup thread 0/INFO]: Detected MC Version 1.20.1, Data version 3465
[14:30:01] [FTB Backups backup thread 0/INFO]: Save Name: New World
[14:30:01] [FTB Backups backup thread 0/WARN]: Did not find a region folder for level: C:\Users\arifv\curseforge\minecraft\Instances\1.20.1-gregtech\saves\New World\.\DIM-1
[14:30:01] [FTB Backups backup thread 0/WARN]: Did not find a region folder for level: C:\Users\arifv\curseforge\minecraft\Instances\1.20.1-gregtech\saves\New World\.\DIM1
[14:30:01] [FTB Backups backup thread 0/WARN]: Found possible mod dimension with no region folder ae2:spatial_storage
[14:30:01] [FTB Backups backup thread 0/WARN]: Found possible mod dimension with no region folder gcyr:black_hole_orbit
[14:30:01] [FTB Backups backup thread 0/WARN]: Found possible mod dimension with no region folder gcyr:luna
[14:30:01] [FTB Backups backup thread 0/WARN]: Found possible mod dimension with no region folder gcyr:luna_orbit
[14:30:01] [FTB Backups backup thread 0/WARN]: Found possible mod dimension with no region folder gcyr:mars
[14:30:01] [FTB Backups backup thread 0/WARN]: Found possible mod dimension with no region folder gcyr:mars_orbit
[14:30:01] [FTB Backups backup thread 0/WARN]: Found possible mod dimension with no region folder gcyr:mercury
[14:30:01] [FTB Backups backup thread 0/WARN]: Found possible mod dimension with no region folder gcyr:mercury_orbit
[14:30:01] [FTB Backups backup thread 0/WARN]: Found possible mod dimension with no region folder gcyr:overworld_orbit
[14:30:01] [FTB Backups backup thread 0/WARN]: Found possible mod dimension with no region folder gcyr:proxima_centauri_b
[14:30:01] [FTB Backups backup thread 0/WARN]: Found possible mod dimension with no region folder gcyr:venus
[14:30:01] [FTB Backups backup thread 0/WARN]: Found possible mod dimension with no region folder gcyr:venus_orbit
[14:30:04] [FTB Backups backup thread 0/INFO]: Backup preview created, Scan took 345ms, Capture took 2461ms
[14:30:06] [FTB Backups backup thread 0/INFO]: Setting world minecraft:overworld save state to false
[14:30:06] [FTB Backups backup thread 0/INFO]: Setting world gcyr:mercury_orbit save state to false
[14:30:06] [FTB Backups backup thread 0/INFO]: Setting world gcyr:mercury save state to false
[14:30:06] [FTB Backups backup thread 0/INFO]: Setting world gcyr:mars save state to false
[14:30:06] [FTB Backups backup thread 0/INFO]: Setting world gcyr:mars_orbit save state to false
[14:30:06] [FTB Backups backup thread 0/INFO]: Setting world gcyr:overworld_orbit save state to false
[14:30:06] [FTB Backups backup thread 0/INFO]: Setting world gcyr:luna_orbit save state to false
[14:30:06] [FTB Backups backup thread 0/INFO]: Setting world gcyr:venus save state to false
[14:30:06] [FTB Backups backup thread 0/INFO]: Setting world gcyr:proxima_centauri_b save state to false
[14:30:06] [FTB Backups backup thread 0/INFO]: Setting world gcyr:venus_orbit save state to false
[14:30:06] [FTB Backups backup thread 0/INFO]: Setting world gcyr:luna save state to false
[14:30:06] [FTB Backups backup thread 0/INFO]: Setting world gcyr:black_hole_orbit save state to false
[14:30:06] [FTB Backups backup thread 0/INFO]: Setting world minecraft:the_nether save state to false
[14:30:06] [FTB Backups backup thread 0/INFO]: Setting world minecraft:the_end save state to false
[14:30:06] [FTB Backups backup thread 0/INFO]: Setting world ae2:spatial_storage save state to false
[14:30:06] [Render thread/INFO]: [System] [CHAT] Backup finished in 0m, 5s, 948ms
[14:30:06] [FTB Backups backup thread 0/INFO]: Backup size 6.8MB World Size 58.8MB
[14:30:06] [FTB Backups backup thread 0/INFO]: Writing to file C:\Users\arifv\curseforge\minecraft\Instances\1.20.1-gregtech\backups\backups.json
[14:30:06] [FTB Backups backup thread 0/INFO]: New backup created at C:\Users\arifv\curseforge\minecraft\Instances\1.20.1-gregtech\backups\2026-9-11_14-30-0.zip size: 6.8MB Took: 0m, 5s, 948ms Sha1: 643ebea0190ae783e48a87167abb0c9391581071
[14:30:26] [FTB Backups scheduled executor 0/INFO]: More backups than 5 found, Removing oldest backup
[14:30:26] [FTB Backups scheduled executor 0/INFO]: Removed old backup 2026-9-10_17-0-0.zip
[14:30:26] [FTB Backups scheduled executor 0/INFO]: File missing, removing from backups C:\Users\arifv\curseforge\minecraft\Instances\1.20.1-gregtech\backups\2026-9-10_17-0-0.zip
[14:30:26] [FTB Backups scheduled executor 0/INFO]: Writing to file C:\Users\arifv\curseforge\minecraft\Instances\1.20.1-gregtech\backups\backups.json
[14:52:32] [Netty Local Client IO #0/INFO]: [System] [CHAT] Gave [Hydrogen Gas Bucket§f] x1 to arifmini64.
[15:00:00] [ftbbackups2_Worker-1/INFO]: Attempting to create an automatic backup
[15:00:00] [ftbbackups2_Worker-1/INFO]: Found world folder at C:\Users\arifv\curseforge\minecraft\Instances\1.20.1-gregtech\saves\New World\.
[15:00:00] [ftbbackups2_Worker-1/INFO]: Last backup size: 6.8MB Current world size: 58.8MB Current Available space: 126.9GB ExpectedSize 7.1MB
[15:00:00] [ftbbackups2_Worker-1/INFO]: Setting world minecraft:overworld save state to true
[15:00:00] [ftbbackups2_Worker-1/INFO]: Setting world gcyr:mercury_orbit save state to true
[15:00:00] [ftbbackups2_Worker-1/INFO]: Setting world gcyr:mercury save state to true
[15:00:00] [ftbbackups2_Worker-1/INFO]: Setting world gcyr:mars save state to true
[15:00:00] [ftbbackups2_Worker-1/INFO]: Setting world gcyr:mars_orbit save state to true
[15:00:00] [ftbbackups2_Worker-1/INFO]: Setting world gcyr:overworld_orbit save state to true
[15:00:00] [ftbbackups2_Worker-1/INFO]: Setting world gcyr:luna_orbit save state to true
[15:00:00] [ftbbackups2_Worker-1/INFO]: Setting world gcyr:venus save state to true
[15:00:00] [ftbbackups2_Worker-1/INFO]: Setting world gcyr:proxima_centauri_b save state to true
[15:00:00] [ftbbackups2_Worker-1/INFO]: Setting world gcyr:venus_orbit save state to true
[15:00:00] [ftbbackups2_Worker-1/INFO]: Setting world gcyr:luna save state to true
[15:00:00] [ftbbackups2_Worker-1/INFO]: Setting world gcyr:black_hole_orbit save state to true
[15:00:00] [ftbbackups2_Worker-1/INFO]: Setting world minecraft:the_nether save state to true
[15:00:00] [ftbbackups2_Worker-1/INFO]: Setting world minecraft:the_end save state to true
[15:00:00] [ftbbackups2_Worker-1/INFO]: Setting world ae2:spatial_storage save state to true
[15:00:00] [ftbbackups2_Worker-1/INFO]: Writing to file C:\Users\arifv\curseforge\minecraft\Instances\1.20.1-gregtech\backups\backups.json
[15:00:00] [FTB Backups backup thread 0/INFO]: Waiting for world save to complete.
[15:00:00] [Render thread/INFO]: [System] [CHAT] Starting Server backup
[15:00:01] [FTB Backups backup thread 0/INFO]: Detected MC Version 1.20.1, Data version 3465
[15:00:01] [FTB Backups backup thread 0/INFO]: Save Name: New World
[15:00:01] [FTB Backups backup thread 0/WARN]: Did not find a region folder for level: C:\Users\arifv\curseforge\minecraft\Instances\1.20.1-gregtech\saves\New World\.\DIM-1
[15:00:01] [FTB Backups backup thread 0/WARN]: Did not find a region folder for level: C:\Users\arifv\curseforge\minecraft\Instances\1.20.1-gregtech\saves\New World\.\DIM1
[15:00:01] [FTB Backups backup thread 0/WARN]: Found possible mod dimension with no region folder ae2:spatial_storage
[15:00:01] [FTB Backups backup thread 0/WARN]: Found possible mod dimension with no region folder gcyr:black_hole_orbit
[15:00:01] [FTB Backups backup thread 0/WARN]: Found possible mod dimension with no region folder gcyr:luna
[15:00:01] [FTB Backups backup thread 0/WARN]: Found possible mod dimension with no region folder gcyr:luna_orbit
[15:00:01] [FTB Backups backup thread 0/WARN]: Found possible mod dimension with no region folder gcyr:mars
[15:00:01] [FTB Backups backup thread 0/WARN]: Found possible mod dimension with no region folder gcyr:mars_orbit
[15:00:01] [FTB Backups backup thread 0/WARN]: Found possible mod dimension with no region folder gcyr:mercury
[15:00:01] [FTB Backups backup thread 0/WARN]: Found possible mod dimension with no region folder gcyr:mercury_orbit
[15:00:01] [FTB Backups backup thread 0/WARN]: Found possible mod dimension with no region folder gcyr:overworld_orbit
[15:00:01] [FTB Backups backup thread 0/WARN]: Found possible mod dimension with no region folder gcyr:proxima_centauri_b
[15:00:01] [FTB Backups backup thread 0/WARN]: Found possible mod dimension with no region folder gcyr:venus
[15:00:01] [FTB Backups backup thread 0/WARN]: Found possible mod dimension with no region folder gcyr:venus_orbit
[15:00:03] [FTB Backups backup thread 0/INFO]: Backup preview created, Scan took 344ms, Capture took 1980ms
[15:00:06] [FTB Backups backup thread 0/INFO]: Setting world minecraft:overworld save state to false
[15:00:06] [FTB Backups backup thread 0/INFO]: Setting world gcyr:mercury_orbit save state to false
[15:00:06] [FTB Backups backup thread 0/INFO]: Setting world gcyr:mercury save state to false
[15:00:06] [FTB Backups backup thread 0/INFO]: Setting world gcyr:mars save state to false
[15:00:06] [FTB Backups backup thread 0/INFO]: Setting world gcyr:mars_orbit save state to false
[15:00:06] [FTB Backups backup thread 0/INFO]: Setting world gcyr:overworld_orbit save state to false
[15:00:06] [FTB Backups backup thread 0/INFO]: Setting world gcyr:luna_orbit save state to false
[15:00:06] [FTB Backups backup thread 0/INFO]: Setting world gcyr:venus save state to false
[15:00:06] [FTB Backups backup thread 0/INFO]: Setting world gcyr:proxima_centauri_b save state to false
[15:00:06] [FTB Backups backup thread 0/INFO]: Setting world gcyr:venus_orbit save state to false
[15:00:06] [FTB Backups backup thread 0/INFO]: Setting world gcyr:luna save state to false
[15:00:06] [FTB Backups backup thread 0/INFO]: Setting world gcyr:black_hole_orbit save state to false
[15:00:06] [FTB Backups backup thread 0/INFO]: Setting world minecraft:the_nether save state to false
[15:00:06] [FTB Backups backup thread 0/INFO]: Setting world minecraft:the_end save state to false
[15:00:06] [FTB Backups backup thread 0/INFO]: Setting world ae2:spatial_storage save state to false
[15:00:06] [Render thread/INFO]: [System] [CHAT] Backup finished in 0m, 5s, 657ms
[15:00:06] [FTB Backups backup thread 0/INFO]: Backup size 6.8MB World Size 58.8MB
[15:00:06] [FTB Backups backup thread 0/INFO]: Writing to file C:\Users\arifv\curseforge\minecraft\Instances\1.20.1-gregtech\backups\backups.json
[15:00:06] [FTB Backups backup thread 0/INFO]: New backup created at C:\Users\arifv\curseforge\minecraft\Instances\1.20.1-gregtech\backups\2026-9-11_15-0-0.zip size: 6.8MB Took: 0m, 5s, 657ms Sha1: 439f54de96e183e24df18a3271fbc1ff08bc9379
[15:00:26] [FTB Backups scheduled executor 0/INFO]: More backups than 5 found, Removing oldest backup
[15:00:26] [FTB Backups scheduled executor 0/INFO]: Removed old backup 2026-9-10_17-30-0.zip
[15:00:26] [FTB Backups scheduled executor 0/INFO]: File missing, removing from backups C:\Users\arifv\curseforge\minecraft\Instances\1.20.1-gregtech\backups\2026-9-10_17-30-0.zip
[15:00:26] [FTB Backups scheduled executor 0/INFO]: Writing to file C:\Users\arifv\curseforge\minecraft\Instances\1.20.1-gregtech\backups\backups.json
[15:16:55] [Netty Local Client IO #0/INFO]: [System] [CHAT] Gave [Hydrogen Gas Bucket§f] x1 to arifmini64.
[15:30:00] [ftbbackups2_Worker-1/INFO]: Attempting to create an automatic backup
[15:30:00] [ftbbackups2_Worker-1/INFO]: Found world folder at C:\Users\arifv\curseforge\minecraft\Instances\1.20.1-gregtech\saves\New World\.
[15:30:00] [ftbbackups2_Worker-1/INFO]: Last backup size: 6.8MB Current world size: 58.8MB Current Available space: 126.9GB ExpectedSize 7.1MB
[15:30:00] [ftbbackups2_Worker-1/INFO]: Setting world minecraft:overworld save state to true
[15:30:00] [ftbbackups2_Worker-1/INFO]: Setting world gcyr:mercury_orbit save state to true
[15:30:00] [ftbbackups2_Worker-1/INFO]: Setting world gcyr:mercury save state to true
[15:30:00] [ftbbackups2_Worker-1/INFO]: Setting world gcyr:mars save state to true
[15:30:00] [ftbbackups2_Worker-1/INFO]: Setting world gcyr:mars_orbit save state to true
[15:30:00] [ftbbackups2_Worker-1/INFO]: Setting world gcyr:overworld_orbit save state to true
[15:30:00] [ftbbackups2_Worker-1/INFO]: Setting world gcyr:luna_orbit save state to true
[15:30:00] [ftbbackups2_Worker-1/INFO]: Setting world gcyr:venus save state to true
[15:30:00] [ftbbackups2_Worker-1/INFO]: Setting world gcyr:proxima_centauri_b save state to true
[15:30:00] [ftbbackups2_Worker-1/INFO]: Setting world gcyr:venus_orbit save state to true
[15:30:00] [ftbbackups2_Worker-1/INFO]: Setting world gcyr:luna save state to true
[15:30:00] [ftbbackups2_Worker-1/INFO]: Setting world gcyr:black_hole_orbit save state to true
[15:30:00] [ftbbackups2_Worker-1/INFO]: Setting world minecraft:the_nether save state to true
[15:30:00] [ftbbackups2_Worker-1/INFO]: Setting world minecraft:the_end save state to true
[15:30:00] [ftbbackups2_Worker-1/INFO]: Setting world ae2:spatial_storage save state to true
[15:30:00] [ftbbackups2_Worker-1/INFO]: Writing to file C:\Users\arifv\curseforge\minecraft\Instances\1.20.1-gregtech\backups\backups.json
[15:30:00] [FTB Backups backup thread 0/INFO]: Waiting for world save to complete.
[15:30:01] [Render thread/INFO]: [System] [CHAT] Starting Server backup
[15:30:01] [FTB Backups backup thread 0/INFO]: Detected MC Version 1.20.1, Data version 3465
[15:30:01] [FTB Backups backup thread 0/INFO]: Save Name: New World
[15:30:01] [FTB Backups backup thread 0/WARN]: Did not find a region folder for level: C:\Users\arifv\curseforge\minecraft\Instances\1.20.1-gregtech\saves\New World\.\DIM-1
[15:30:01] [FTB Backups backup thread 0/WARN]: Did not find a region folder for level: C:\Users\arifv\curseforge\minecraft\Instances\1.20.1-gregtech\saves\New World\.\DIM1
[15:30:01] [FTB Backups backup thread 0/WARN]: Found possible mod dimension with no region folder ae2:spatial_storage
[15:30:01] [FTB Backups backup thread 0/WARN]: Found possible mod dimension with no region folder gcyr:black_hole_orbit
[15:30:01] [FTB Backups backup thread 0/WARN]: Found possible mod dimension with no region folder gcyr:luna
[15:30:01] [FTB Backups backup thread 0/WARN]: Found possible mod dimension with no region folder gcyr:luna_orbit
[15:30:01] [FTB Backups backup thread 0/WARN]: Found possible mod dimension with no region folder gcyr:mars
[15:30:01] [FTB Backups backup thread 0/WARN]: Found possible mod dimension with no region folder gcyr:mars_orbit
[15:30:01] [FTB Backups backup thread 0/WARN]: Found possible mod dimension with no region folder gcyr:mercury
[15:30:01] [FTB Backups backup thread 0/WARN]: Found possible mod dimension with no region folder gcyr:mercury_orbit
[15:30:01] [FTB Backups backup thread 0/WARN]: Found possible mod dimension with no region folder gcyr:overworld_orbit
[15:30:01] [FTB Backups backup thread 0/WARN]: Found possible mod dimension with no region folder gcyr:proxima_centauri_b
[15:30:01] [FTB Backups backup thread 0/WARN]: Found possible mod dimension with no region folder gcyr:venus
[15:30:01] [FTB Backups backup thread 0/WARN]: Found possible mod dimension with no region folder gcyr:venus_orbit
[15:30:03] [FTB Backups backup thread 0/INFO]: Backup preview created, Scan took 326ms, Capture took 1937ms
[15:30:06] [FTB Backups backup thread 0/INFO]: Setting world minecraft:overworld save state to false
[15:30:06] [FTB Backups backup thread 0/INFO]: Setting world gcyr:mercury_orbit save state to false
[15:30:06] [FTB Backups backup thread 0/INFO]: Setting world gcyr:mercury save state to false
[15:30:06] [FTB Backups backup thread 0/INFO]: Setting world gcyr:mars save state to false
[15:30:06] [FTB Backups backup thread 0/INFO]: Setting world gcyr:mars_orbit save state to false
[15:30:06] [FTB Backups backup thread 0/INFO]: Setting world gcyr:overworld_orbit save state to false
[15:30:06] [FTB Backups backup thread 0/INFO]: Setting world gcyr:luna_orbit save state to false
[15:30:06] [FTB Backups backup thread 0/INFO]: Setting world gcyr:venus save state to false
[15:30:06] [FTB Backups backup thread 0/INFO]: Setting world gcyr:proxima_centauri_b save state to false
[15:30:06] [FTB Backups backup thread 0/INFO]: Setting world gcyr:venus_orbit save state to false
[15:30:06] [FTB Backups backup thread 0/INFO]: Setting world gcyr:luna save state to false
[15:30:06] [FTB Backups backup thread 0/INFO]: Setting world gcyr:black_hole_orbit save state to false
[15:30:06] [FTB Backups backup thread 0/INFO]: Setting world minecraft:the_nether save state to false
[15:30:06] [FTB Backups backup thread 0/INFO]: Setting world minecraft:the_end save state to false
[15:30:06] [FTB Backups backup thread 0/INFO]: Setting world ae2:spatial_storage save state to false
[15:30:06] [Render thread/INFO]: [System] [CHAT] Backup finished in 0m, 5s, 625ms
[15:30:06] [FTB Backups backup thread 0/INFO]: Backup size 6.8MB World Size 58.8MB
[15:30:06] [FTB Backups backup thread 0/INFO]: Writing to file C:\Users\arifv\curseforge\minecraft\Instances\1.20.1-gregtech\backups\backups.json
[15:30:06] [FTB Backups backup thread 0/INFO]: New backup created at C:\Users\arifv\curseforge\minecraft\Instances\1.20.1-gregtech\backups\2026-9-11_15-30-0.zip size: 6.8MB Took: 0m, 5s, 625ms Sha1: e4d6f03982e6feba137cf67a77cf5b03be44b892
[15:30:26] [FTB Backups scheduled executor 0/INFO]: More backups than 5 found, Removing oldest backup
[15:30:26] [FTB Backups scheduled executor 0/INFO]: Removed old backup 2026-9-10_18-0-0.zip
[15:30:26] [FTB Backups scheduled executor 0/INFO]: File missing, removing from backups C:\Users\arifv\curseforge\minecraft\Instances\1.20.1-gregtech\backups\2026-9-10_18-0-0.zip
[15:30:26] [FTB Backups scheduled executor 0/INFO]: Writing to file C:\Users\arifv\curseforge\minecraft\Instances\1.20.1-gregtech\backups\backups.json
[15:37:37] [Server thread/INFO]: Saving and pausing game...
[15:37:37] [Server thread/INFO]: Saving chunks for level 'ServerLevel[New World]'/minecraft:overworld
[15:37:37] [Server thread/INFO]: Saving chunks for level 'ServerLevel[New World]'/gcyr:mercury_orbit
[15:37:37] [Server thread/INFO]: Saving chunks for level 'ServerLevel[New World]'/gcyr:mercury
[15:37:37] [Server thread/INFO]: Saving chunks for level 'ServerLevel[New World]'/gcyr:mars
[15:37:37] [Server thread/INFO]: Saving chunks for level 'ServerLevel[New World]'/gcyr:mars_orbit
[15:37:37] [Server thread/INFO]: Saving chunks for level 'ServerLevel[New World]'/gcyr:overworld_orbit
[15:37:37] [Server thread/INFO]: Saving chunks for level 'ServerLevel[New World]'/gcyr:luna_orbit
[15:37:37] [Server thread/INFO]: Saving chunks for level 'ServerLevel[New World]'/gcyr:venus
[15:37:37] [Server thread/INFO]: Saving chunks for level 'ServerLevel[New World]'/gcyr:proxima_centauri_b
[15:37:37] [Server thread/INFO]: Saving chunks for level 'ServerLevel[New World]'/gcyr:venus_orbit
[15:37:37] [Server thread/INFO]: Saving chunks for level 'ServerLevel[New World]'/gcyr:luna
[15:37:37] [Server thread/INFO]: Saving chunks for level 'ServerLevel[New World]'/gcyr:black_hole_orbit
[15:37:37] [Server thread/INFO]: Saving chunks for level 'ServerLevel[New World]'/minecraft:the_nether
[15:37:37] [Server thread/INFO]: Saving chunks for level 'ServerLevel[New World]'/minecraft:the_end
[15:37:37] [Server thread/INFO]: Saving chunks for level 'ServerLevel[New World]'/ae2:spatial_storage
[15:38:13] [Server thread/INFO]: Saving and pausing game...
[15:38:13] [Server thread/INFO]: Saving chunks for level 'ServerLevel[New World]'/minecraft:overworld
[15:38:13] [Server thread/INFO]: Saving chunks for level 'ServerLevel[New World]'/gcyr:mercury_orbit
[15:38:13] [Server thread/INFO]: Saving chunks for level 'ServerLevel[New World]'/gcyr:mercury
[15:38:13] [Server thread/INFO]: Saving chunks for level 'ServerLevel[New World]'/gcyr:mars
[15:38:13] [Server thread/INFO]: Saving chunks for level 'ServerLevel[New World]'/gcyr:mars_orbit
[15:38:13] [Server thread/INFO]: Saving chunks for level 'ServerLevel[New World]'/gcyr:overworld_orbit
[15:38:13] [Server thread/INFO]: Saving chunks for level 'ServerLevel[New World]'/gcyr:luna_orbit
[15:38:13] [Server thread/INFO]: Saving chunks for level 'ServerLevel[New World]'/gcyr:venus
[15:38:13] [Server thread/INFO]: Saving chunks for level 'ServerLevel[New World]'/gcyr:proxima_centauri_b
[15:38:13] [Server thread/INFO]: Saving chunks for level 'ServerLevel[New World]'/gcyr:venus_orbit
[15:38:13] [Server thread/INFO]: Saving chunks for level 'ServerLevel[New World]'/gcyr:luna
[15:38:13] [Server thread/INFO]: Saving chunks for level 'ServerLevel[New World]'/gcyr:black_hole_orbit
[15:38:13] [Server thread/INFO]: Saving chunks for level 'ServerLevel[New World]'/minecraft:the_nether
[15:38:13] [Server thread/INFO]: Saving chunks for level 'ServerLevel[New World]'/minecraft:the_end
[15:38:13] [Server thread/INFO]: Saving chunks for level 'ServerLevel[New World]'/ae2:spatial_storage
[15:38:14] [Render thread/INFO]: Released client Flux Networks cache
[15:38:14] [Server thread/INFO]: arifmini64 lost connection: Disconnected
[15:38:14] [Server thread/INFO]: arifmini64 left the game
[15:38:14] [Server thread/INFO]: Stopping singleplayer server as player logged out
[15:38:14] [Server thread/INFO]: Shutdown Complete
[15:38:14] [Server thread/INFO]: Stopping server
[15:38:14] [Server thread/INFO]: Saving players
[15:38:14] [Server thread/INFO]: Saving worlds
[15:38:14] [Server thread/INFO]: Saving chunks for level 'ServerLevel[New World]'/minecraft:overworld
[15:38:14] [Server thread/INFO]: Saving chunks for level 'ServerLevel[New World]'/gcyr:mercury_orbit
[15:38:14] [Server thread/INFO]: Saving chunks for level 'ServerLevel[New World]'/gcyr:mercury
[15:38:14] [Server thread/INFO]: Saving chunks for level 'ServerLevel[New World]'/gcyr:mars
[15:38:14] [Server thread/INFO]: Saving chunks for level 'ServerLevel[New World]'/gcyr:mars_orbit
[15:38:14] [Server thread/INFO]: Saving chunks for level 'ServerLevel[New World]'/gcyr:overworld_orbit
[15:38:14] [Server thread/INFO]: Saving chunks for level 'ServerLevel[New World]'/gcyr:luna_orbit
[15:38:14] [Server thread/INFO]: Saving chunks for level 'ServerLevel[New World]'/gcyr:venus
[15:38:14] [Server thread/INFO]: Saving chunks for level 'ServerLevel[New World]'/gcyr:proxima_centauri_b
[15:38:14] [Server thread/INFO]: Saving chunks for level 'ServerLevel[New World]'/gcyr:venus_orbit
[15:38:14] [Server thread/INFO]: Saving chunks for level 'ServerLevel[New World]'/gcyr:luna
[15:38:14] [Server thread/INFO]: Saving chunks for level 'ServerLevel[New World]'/gcyr:black_hole_orbit
[15:38:14] [Server thread/INFO]: Saving chunks for level 'ServerLevel[New World]'/minecraft:the_nether
[15:38:14] [Server thread/INFO]: Saving chunks for level 'ServerLevel[New World]'/minecraft:the_end
[15:38:14] [Server thread/INFO]: Saving chunks for level 'ServerLevel[New World]'/ae2:spatial_storage
[15:38:15] [Server thread/INFO]: ThreadedAnvilChunkStorage (New World): All chunks are saved
[15:38:15] [Server thread/INFO]: ThreadedAnvilChunkStorage (mercury_orbit): All chunks are saved
[15:38:15] [Server thread/INFO]: ThreadedAnvilChunkStorage (mercury): All chunks are saved
[15:38:15] [Server thread/INFO]: ThreadedAnvilChunkStorage (mars): All chunks are saved
[15:38:15] [Server thread/INFO]: ThreadedAnvilChunkStorage (mars_orbit): All chunks are saved
[15:38:15] [Server thread/INFO]: ThreadedAnvilChunkStorage (overworld_orbit): All chunks are saved
[15:38:15] [Server thread/INFO]: ThreadedAnvilChunkStorage (luna_orbit): All chunks are saved
[15:38:15] [Server thread/INFO]: ThreadedAnvilChunkStorage (venus): All chunks are saved
[15:38:15] [Server thread/INFO]: ThreadedAnvilChunkStorage (proxima_centauri_b): All chunks are saved
[15:38:15] [Server thread/INFO]: ThreadedAnvilChunkStorage (venus_orbit): All chunks are saved
[15:38:15] [Server thread/INFO]: ThreadedAnvilChunkStorage (luna): All chunks are saved
[15:38:15] [Server thread/INFO]: ThreadedAnvilChunkStorage (black_hole_orbit): All chunks are saved
[15:38:15] [Server thread/INFO]: ThreadedAnvilChunkStorage (DIM-1): All chunks are saved
[15:38:15] [Server thread/INFO]: ThreadedAnvilChunkStorage (DIM1): All chunks are saved
[15:38:15] [Server thread/INFO]: ThreadedAnvilChunkStorage (spatial_storage): All chunks are saved
[15:38:15] [Server thread/INFO]: ThreadedAnvilChunkStorage: All dimensions are saved
[15:38:20] [Server thread/INFO]: Energy blacklist loaded: 1 block entries, 0 item entries
[15:38:21] [Render thread/INFO]: Stopping!
[15:38:21] [Render thread/INFO]: Released client Flux Networks cache
[15:38:22] [Render thread/INFO]: Shutting down map thread
