[20:46:01] [modloading-worker-0/INFO] ========================================
[20:46:01] [modloading-worker-0/INFO] Minecraft: 1.20.1
[20:46:01] [modloading-worker-0/INFO] Side: client
[20:46:01] [modloading-worker-0/INFO] Development: false
[20:46:01] [modloading-worker-0/INFO] Version: 12.1.785
[20:46:01] [modloading-worker-0/INFO] Loader:
[20:46:01] [modloading-worker-0/INFO] - Forge: 47.4.10
[20:46:01] [modloading-worker-0/INFO] Dependencies:
[20:46:01] [modloading-worker-0/INFO] - Cloth Config: 11.1.136
[20:46:01] [modloading-worker-0/INFO] - Architectury: 9.2.14
[20:46:01] [modloading-worker-0/INFO] Mixin: 0.8.5
[20:46:01] [modloading-worker-0/INFO] OS: Windows 11 10.0 (amd64)
[20:46:01] [modloading-worker-0/INFO] Java: 17.0.8 (Eclipse Adoptium)
[20:46:01] [modloading-worker-0/INFO] ========================================
[20:46:01] [modloading-worker-0/INFO] Mods:
[20:46:01] [modloading-worker-0/INFO] - ae2: 15.4.10
[20:46:01] [modloading-worker-0/INFO] - architectury: 9.2.14
[20:46:01] [modloading-worker-0/INFO] - balm: 7.3.42
[20:46:01] [modloading-worker-0/INFO] - bibliocraft: 1.20.1-1.3.1
[20:46:01] [modloading-worker-0/INFO] - botarium: 2.3.4
[20:46:01] [modloading-worker-0/INFO] - buildinggadgets2: 1.0.8
[20:46:01] [modloading-worker-0/INFO] - cloth_config: 11.1.136
[20:46:01] [modloading-worker-0/INFO] - colormixer: 1.0.0
[20:46:01] [modloading-worker-0/INFO] - configuration: 2.2.0
[20:46:01] [modloading-worker-0/INFO] - create: 6.0.8
[20:46:01] [modloading-worker-0/INFO] - createaddition: 1.20.1-1.3.3
[20:46:01] [modloading-worker-0/INFO] - fluxnetworks: 7.2.1.15
[20:46:01] [modloading-worker-0/INFO] - flywheel: 1.0.5
[20:46:01] [modloading-worker-0/INFO] - forge: 47.4.10
[20:46:01] [modloading-worker-0/INFO] - framedblocks: 9.4.3
[20:46:01] [modloading-worker-0/INFO] - ftbbackups2: 1.0.23
[20:46:01] [modloading-worker-0/INFO] - ftbchunks: 2001.3.8
[20:46:01] [modloading-worker-0/INFO] - ftbessentials: 2001.2.4
[20:46:01] [modloading-worker-0/INFO] - ftblibrary: 2001.2.13
[20:46:01] [modloading-worker-0/INFO] - ftbteams: 2001.3.2
[20:46:01] [modloading-worker-0/INFO] - gcyr: 0.2.9
[20:46:01] [modloading-worker-0/INFO] - gcyrextras: 0.1.3
[20:46:01] [modloading-worker-0/INFO] - gregfluxology: 0.0.2
[20:46:01] [modloading-worker-0/INFO] - gregtech_steam_expansion: 0.1.0
[20:46:01] [modloading-worker-0/INFO] - gt_solar: 0.2.1
[20:46:01] [modloading-worker-0/INFO] - gtceu: 7.5.3
[20:46:01] [modloading-worker-0/INFO] - gtceuterminal: 6.8.5-fix
[20:46:01] [modloading-worker-0/INFO] - gtec: 0.3.0
[20:46:01] [modloading-worker-0/INFO] - gtextra: 1.1.0
[20:46:01] [modloading-worker-0/INFO] - gtmthings: 1.6.0
[20:46:01] [modloading-worker-0/INFO] - gtmutils: 2.10.1
[20:46:01] [modloading-worker-0/INFO] - gtnn: 1.3.9
[20:46:01] [modloading-worker-0/INFO] - gttruesteam: 0.3.0
[20:46:01] [modloading-worker-0/INFO] - guideme: 20.1.15
[20:46:01] [modloading-worker-0/INFO] - industrialdeco: 1.0.2
[20:46:01] [modloading-worker-0/INFO] - inventoryessentials: 8.2.19
[20:46:01] [modloading-worker-0/INFO] - jade: 11.13.3+forge
[20:46:01] [modloading-worker-0/INFO] - jei: 15.9999
[20:46:01] [modloading-worker-0/INFO] - kotlinforforge: 4.20.0
[20:46:01] [modloading-worker-0/INFO] - kubejs: 2001.6.5-build.26
[20:46:01] [modloading-worker-0/INFO] - kuma_api: 20.1.12
[20:46:01] [modloading-worker-0/INFO] - ldlib: 1.0.40.b
[20:46:01] [modloading-worker-0/INFO] - markdown_manual: 1.2.5+c3f0b88
[20:46:01] [modloading-worker-0/INFO] - mcwbridges: 3.1.2
[20:46:01] [modloading-worker-0/INFO] - mcwdoors: 1.1.5
[20:46:01] [modloading-worker-0/INFO] - mcwfences: 1.2.1
[20:46:01] [modloading-worker-0/INFO] - mcwfurnitures: 3.4.1
[20:46:01] [modloading-worker-0/INFO] - mcwholidays: 1.1.2
[20:46:01] [modloading-worker-0/INFO] - mcwlights: 1.1.5
[20:46:01] [modloading-worker-0/INFO] - mcwpaintings: 1.1.0
[20:46:01] [modloading-worker-0/INFO] - mcwpaths: 1.1.1
[20:46:01] [modloading-worker-0/INFO] - mcwroofs: 2.3.2
[20:46:01] [modloading-worker-0/INFO] - mcwstairs: 1.0.2
[20:46:01] [modloading-worker-0/INFO] - mcwtrpdoors: 1.1.5
[20:46:01] [modloading-worker-0/INFO] - mcwwindows: 2.4.2
[20:46:01] [modloading-worker-0/INFO] - minecraft: 1.20.1
[20:46:01] [modloading-worker-0/INFO] - modnametooltip: 1.20.0
[20:46:01] [modloading-worker-0/INFO] - mousetweaks: 2.25.1
[20:46:01] [modloading-worker-0/INFO] - opencomputers: 1.9.0
[20:46:01] [modloading-worker-0/INFO] - openstairs: 1.51.20.1
[20:46:01] [modloading-worker-0/INFO] - packetfixer: 3.3.2
[20:46:01] [modloading-worker-0/INFO] - polylib: 2000.0.3-build.143
[20:46:01] [modloading-worker-0/INFO] - ponder: 1.0.91
[20:46:01] [modloading-worker-0/INFO] - probejs: 6.0.1
[20:46:01] [modloading-worker-0/INFO] - rei_plugin_compatibilities: 12.0.93
[20:46:01] [modloading-worker-0/INFO] - resourcefulconfig: 2.1.3
[20:46:01] [modloading-worker-0/INFO] - resourcefullib: 2.1.29
[20:46:01] [modloading-worker-0/INFO] - rhino: 2001.2.3-build.10
[20:46:01] [modloading-worker-0/INFO] - roughlyenoughitems: 12.1.785
[20:46:01] [modloading-worker-0/INFO] - steamadditions: 1.5.1
[20:46:01] [modloading-worker-0/INFO] ========================================
[20:46:02] [modloading-worker-0/DEBUG] [REI] Added filtering rule [roughlyenoughitems:search]: INSTANCE
[20:46:02] [modloading-worker-0/DEBUG] [REI] Added filtering rule [roughlyenoughitems:manual]: INSTANCE
[20:46:02] [modloading-worker-0/DEBUG] [REI] Added filtering rule [roughlyenoughitems:basic]: INSTANCE
[20:46:03] [modloading-worker-0/INFO] [REI] Config loaded
[20:46:03] [modloading-worker-0/DEBUG] [REI] Config saved
[20:46:03] [modloading-worker-0/DEBUG] [REI] Config saved
[20:46:03] [modloading-worker-0/DEBUG] [REI] Config saved
[20:46:04] [modloading-worker-0/INFO] [REI] Registered plugin provider AE2 [ae2] for REIPlugin
[20:46:04] [modloading-worker-0/INFO] [REI] Registered plugin provider REIForgePluginStub [ftblibrary] for REIPlugin
[20:46:04] [modloading-worker-0/INFO] [REI] Registered plugin provider REI Plugin Compatibilities Client Handler [rei_plugin_compatibilities, jei] for REIPlugin
[20:46:04] [modloading-worker-0/INFO] [REI] Registered plugin provider REIPluginImpl [ldlib] for REIPlugin
[20:46:04] [modloading-worker-0/INFO] [REI] Registered plugin provider FramedReiPlugin [framedblocks] for REIPlugin
[20:46:04] [modloading-worker-0/INFO] [REI] Registered plugin provider REIForgePluginStub [kubejs] for REIPlugin
[20:46:04] [modloading-worker-0/INFO] [REI] Registered plugin provider GTREIPlugin [gtceu] for REIPlugin
[20:46:04] [modloading-worker-0/INFO] [REI] Registered plugin provider REI Plugin Compatibilities Adapter [rei_plugin_compatibilities, jei] for REIPlugin
[20:46:04] [modloading-worker-0/INFO] [REI] Registered plugin provider DefaultPluginImpl [roughlyenoughitems] for REIServerPlugin
[20:46:04] [modloading-worker-0/INFO] [REI] Registered plugin provider DefaultPluginImpl [roughlyenoughitems] for REIPlugin
[20:46:04] [modloading-worker-0/INFO] [REI] Registered plugin provider DefaultRuntimePlugin [roughlyenoughitems] for REIServerPlugin
[20:46:04] [modloading-worker-0/INFO] [REI] Registered plugin provider DefaultRuntimePlugin [roughlyenoughitems] for REIPlugin
[20:46:04] [modloading-worker-0/INFO] [REI] Registered plugin provider REI Plugin Compatibilities Adapter [rei_plugin_compatibilities, jei] for REIServerPlugin
[20:46:04] [modloading-worker-0/INFO] [REI] Registered plugin provider DefaultClientPluginImpl [roughlyenoughitems] for REIClientPlugin
[20:46:04] [modloading-worker-0/INFO] [REI] Registered plugin provider DefaultClientPluginImpl [roughlyenoughitems] for REIPlugin
[20:46:04] [modloading-worker-0/INFO] [REI] Registered plugin provider DefaultClientRuntimePlugin [roughlyenoughitems] for REIClientPlugin
[20:46:04] [modloading-worker-0/INFO] [REI] Registered plugin provider DefaultClientRuntimePlugin [roughlyenoughitems] for REIPlugin
[20:46:04] [modloading-worker-0/DEBUG] [REI] Added filtering rule [roughlyenoughitems:hidden_from_recipe_viewers]: INSTANCE
[20:46:04] [modloading-worker-0/INFO] [REI] Registered plugin provider HideIngredientsFromTagsPlugin [roughlyenoughitems] for REIClientPlugin
[20:46:04] [modloading-worker-0/INFO] [REI] Registered plugin provider HideIngredientsFromTagsPlugin [roughlyenoughitems] for REIPlugin
[20:46:04] [modloading-worker-0/INFO] [REI] Registered plugin provider AE2 [ae2] for REIClientPlugin
[20:46:04] [modloading-worker-0/INFO] [REI] Registered plugin provider REIForgePluginStub [ftblibrary] for REIClientPlugin
[20:46:04] [modloading-worker-0/INFO] [REI] Registered plugin provider REI Plugin Compatibilities Client Handler [rei_plugin_compatibilities, jei] for REIClientPlugin
[20:46:04] [modloading-worker-0/INFO] [REI] Registered plugin provider REIPluginImpl [ldlib] for REIClientPlugin
[20:46:04] [modloading-worker-0/INFO] [REI] Registered plugin provider FramedReiPlugin [framedblocks] for REIClientPlugin
[20:46:04] [modloading-worker-0/INFO] [REI] Registered plugin provider REIForgePluginStub [kubejs] for REIClientPlugin
[20:46:04] [modloading-worker-0/INFO] [REI] Registered plugin provider GTREIPlugin [gtceu] for REIClientPlugin
[20:46:04] [modloading-worker-0/INFO] [REI] Registered plugin provider REI Plugin Compatibilities Adapter [rei_plugin_compatibilities, jei] for REIClientPlugin
[20:47:02] [Worker-Main-15/DEBUG] [REI] Processed 0 tags in 6.100 μs for minecraft:worldgen/structure
[20:47:02] [Worker-Main-6/DEBUG] [REI] Processed 0 tags in 34.60 μs for minecraft:worldgen/flat_level_generator_preset
[20:47:02] [Worker-Main-10/DEBUG] [REI] Processed 0 tags in 14.20 μs for minecraft:damage_type
[20:47:02] [Worker-Main-7/DEBUG] [REI] Processed 0 tags in 6.900 μs for minecraft:worldgen/world_preset
[20:47:02] [Worker-Main-13/DEBUG] [REI] Processed 1 tags in 2.405 ms for minecraft:recipe_serializer
[20:47:02] [Worker-Main-10/DEBUG] [REI] Processed 3 tags in 50.50 μs for minecraft:point_of_interest_type
[20:47:02] [Worker-Main-5/DEBUG] [REI] Processed 1 tags in 2.235 ms for minecraft:painting_variant
[20:47:02] [Worker-Main-1/DEBUG] [REI] Processed 2 tags in 2.672 ms for minecraft:cat_variant
[20:47:02] [Worker-Main-3/DEBUG] [REI] Processed 20 tags in 2.026 ms for minecraft:entity_type
[20:47:02] [Worker-Main-14/DEBUG] [REI] Processed 2 tags in 2.553 ms for create:mounted_item_storage_type
[20:47:02] [Worker-Main-8/DEBUG] [REI] Processed 2 tags in 2.559 ms for create:contraption_type
[20:47:02] [Worker-Main-9/DEBUG] [REI] Processed 3 tags in 2.960 ms for minecraft:instrument
[20:47:02] [Worker-Main-13/DEBUG] [REI] Processed 5 tags in 66.80 μs for minecraft:game_event
[20:47:02] [Worker-Main-15/DEBUG] [REI] Processed 1 tags in 6.300 μs for minecraft:enchantment
[20:47:02] [Worker-Main-6/DEBUG] [REI] Processed 7 tags in 35.10 μs for minecraft:banner_pattern
[20:47:02] [Worker-Main-12/DEBUG] [REI] Processed 0 tags in 24.40 μs for minecraft:worldgen/biome
[20:47:02] [Worker-Main-4/DEBUG] [REI] Processed 632 tags in 1.687 ms for minecraft:fluid
[20:47:02] [Worker-Main-2/DEBUG] [REI] Processed 1203 tags in 30.01 ms for minecraft:block
[20:47:02] [Worker-Main-11/DEBUG] [REI] Processed 5124 tags in 13.59 ms for minecraft:item
[20:47:11] [Render thread/DEBUG] [REI] Player quit, clearing reload tasks!
[20:47:11] [Render thread/DEBUG] [REI] Did not fulfill the request of termination of REI reload tasks because there are no uninterrupted running tasks. This is not an error.
[20:47:18] [Netty Local Client IO #0/DEBUG] [REI] Marking hidden ingredients from tag cache as dirty.
[20:47:18] [Render thread/DEBUG] [REI] Starting Reload Plugins of stage START
java.lang.Throwable
	at TRANSFORMER/roughlyenoughitems@12.1.785/me.shedaniel.rei.impl.common.plugins.ReloadManagerImpl.reloadPlugins(ReloadManagerImpl.java:110)
	at TRANSFORMER/roughlyenoughitems@12.1.785/me.shedaniel.rei.RoughlyEnoughItemsCoreClient.reloadPlugins(RoughlyEnoughItemsCoreClient.java:473)
	at TRANSFORMER/roughlyenoughitems@12.1.785/me.shedaniel.rei.RoughlyEnoughItemsCoreClient.lambda$registerEvents$9(RoughlyEnoughItemsCoreClient.java:312)
	at TRANSFORMER/minecraft@1.20.1/net.minecraft.client.multiplayer.ClientPacketListener.handler$zdc000$handleUpdateRecipes(ClientPacketListener.java:3071)
	at TRANSFORMER/minecraft@1.20.1/net.minecraft.client.multiplayer.ClientPacketListener.m_6327_(ClientPacketListener.java)
	at TRANSFORMER/minecraft@1.20.1/net.minecraft.network.protocol.game.ClientboundUpdateRecipesPacket.m_5797_(ClientboundUpdateRecipesPacket.java:32)
	at TRANSFORMER/minecraft@1.20.1/net.minecraft.network.protocol.game.ClientboundUpdateRecipesPacket.m_5797_(ClientboundUpdateRecipesPacket.java:14)
	at TRANSFORMER/minecraft@1.20.1/net.minecraft.network.protocol.PacketUtils.m_263899_(PacketUtils.java:22)
	at TRANSFORMER/minecraft@1.20.1/net.minecraft.util.thread.BlockableEventLoop.m_6367_(BlockableEventLoop.java:156)
	at TRANSFORMER/minecraft@1.20.1/net.minecraft.util.thread.ReentrantBlockableEventLoop.m_6367_(ReentrantBlockableEventLoop.java:23)
	at TRANSFORMER/minecraft@1.20.1/net.minecraft.util.thread.BlockableEventLoop.m_7245_(BlockableEventLoop.java:130)
	at TRANSFORMER/minecraft@1.20.1/net.minecraft.util.thread.BlockableEventLoop.m_18699_(BlockableEventLoop.java:115)
	at TRANSFORMER/minecraft@1.20.1/net.minecraft.client.Minecraft.m_91383_(Minecraft.java:1106)
	at TRANSFORMER/minecraft@1.20.1/net.minecraft.client.Minecraft.m_91374_(Minecraft.java:718)
	at TRANSFORMER/minecraft@1.20.1/net.minecraft.client.main.Main.main(Main.java:218)
	at java.base/jdk.internal.reflect.NativeMethodAccessorImpl.invoke0(Native Method)
	at java.base/jdk.internal.reflect.NativeMethodAccessorImpl.invoke(Unknown Source)
	at java.base/jdk.internal.reflect.DelegatingMethodAccessorImpl.invoke(Unknown Source)
	at java.base/java.lang.reflect.Method.invoke(Unknown Source)
	at MC-BOOTSTRAP/fmlloader@1.20.1-47.4.10/net.minecraftforge.fml.loading.targets.CommonLaunchHandler.runTarget(CommonLaunchHandler.java:111)
	at MC-BOOTSTRAP/fmlloader@1.20.1-47.4.10/net.minecraftforge.fml.loading.targets.CommonLaunchHandler.clientService(CommonLaunchHandler.java:99)
	at MC-BOOTSTRAP/fmlloader@1.20.1-47.4.10/net.minecraftforge.fml.loading.targets.CommonClientLaunchHandler.lambda$makeService$0(CommonClientLaunchHandler.java:25)
	at MC-BOOTSTRAP/cpw.mods.modlauncher@10.0.9/cpw.mods.modlauncher.LaunchServiceHandlerDecorator.launch(LaunchServiceHandlerDecorator.java:30)
	at MC-BOOTSTRAP/cpw.mods.modlauncher@10.0.9/cpw.mods.modlauncher.LaunchServiceHandler.launch(LaunchServiceHandler.java:53)
	at MC-BOOTSTRAP/cpw.mods.modlauncher@10.0.9/cpw.mods.modlauncher.LaunchServiceHandler.launch(LaunchServiceHandler.java:71)
	at MC-BOOTSTRAP/cpw.mods.modlauncher@10.0.9/cpw.mods.modlauncher.Launcher.run(Launcher.java:108)
	at MC-BOOTSTRAP/cpw.mods.modlauncher@10.0.9/cpw.mods.modlauncher.Launcher.main(Launcher.java:78)
	at MC-BOOTSTRAP/cpw.mods.modlauncher@10.0.9/cpw.mods.modlauncher.BootstrapLaunchConsumer.accept(BootstrapLaunchConsumer.java:26)
	at MC-BOOTSTRAP/cpw.mods.modlauncher@10.0.9/cpw.mods.modlauncher.BootstrapLaunchConsumer.accept(BootstrapLaunchConsumer.java:23)
	at cpw.mods.bootstraplauncher@1.1.2/cpw.mods.bootstraplauncher.BootstrapLauncher.main(BootstrapLauncher.java:141)
[20:47:19] [REI-ReloadPlugins/INFO] [REI] Detected JEI plugin from [bibliocraft]: com.github.minecraftschurlimods.bibliocraft.client.jei.BCJeiPlugin
[20:47:19] [REI-ReloadPlugins/INFO] [REI] Detected JEI plugin from [ldlib]: com.lowdragmc.lowdraglib.jei.JEIPlugin
[20:47:19] [REI-ReloadPlugins/INFO] [REI] Detected JEI plugin from [jade]: snownee.jade.compat.JEICompat
[20:47:19] [REI-ReloadPlugins/INFO] [REI] Detected JEI plugin from [ae2]: appeng.integration.modules.jei.JEIPlugin
[20:47:19] [REI-ReloadPlugins/INFO] [REI] Detected JEI plugin from [create]: com.simibubi.create.compat.jei.CreateJEI
[20:47:19] [REI-ReloadPlugins/INFO] [REI] Detected JEI plugin from [fluxnetworks]: sonar.fluxnetworks.client.jei.JEIIntegration
[20:47:19] [REI-ReloadPlugins/INFO] [REI] Detected JEI plugin from [framedblocks] but IGNORED: xfacthd.framedblocks.common.compat.jei.FramedJeiPlugin
[20:47:19] [REI-ReloadPlugins/INFO] [REI] Detected JEI plugin from [kubejs]: dev.latvian.mods.kubejs.integration.forge.jei.JEIPlugin
[20:47:19] [REI-ReloadPlugins/INFO] [REI] Detected JEI plugin from [ftblibrary]: dev.ftb.mods.ftblibrary.integration.forge.JEIIntegration
[20:47:19] [REI-ReloadPlugins/INFO] [REI] Detected JEI plugin from [gtceu]: com.gregtechceu.gtceu.integration.jei.GTJEIPlugin
[20:47:19] [REI-ReloadPlugins/INFO] [REI] Detected JEI plugin from [gregtech_steam_expansion]: ua.zayasik.GTSE.integration.jei.GTSEJEIPlugin
[20:47:19] [REI-ReloadPlugins/INFO] [REI] Detected JEI plugin from [polylib]: net.creeperhost.polylib.compat.jei.PolyJEIPlugin
[20:47:19] [REI-ReloadPlugins/INFO] [REI] Detected JEI plugin from [createaddition]: com.mrh0.createaddition.compat.jei.CreateAdditionJEI
[20:47:19] [REI-ReloadPlugins/INFO] [REI] Detected 12 JEI plugins
[20:47:19] [REI-ReloadPlugins/DEBUG] [REI] ========================================
[20:47:19] [REI-ReloadPlugins/DEBUG] [REI] REIPlugin starting pre-reload for START.
[20:47:19] [REI-ReloadPlugins/DEBUG] [REI] Reloadables (8):
[20:47:19] [REI-ReloadPlugins/DEBUG] [REI]  - EntryTypeRegistryImpl
[20:47:19] [REI-ReloadPlugins/DEBUG] [REI]  - EntrySettingsAdapterRegistryImpl
[20:47:19] [REI-ReloadPlugins/DEBUG] [REI]  - RecipeManagerContextImpl
[20:47:19] [REI-ReloadPlugins/DEBUG] [REI]  - ItemComparatorRegistryImpl
[20:47:19] [REI-ReloadPlugins/DEBUG] [REI]  - FluidComparatorRegistryImpl
[20:47:19] [REI-ReloadPlugins/DEBUG] [REI]  - DisplaySerializerRegistryImpl
[20:47:19] [REI-ReloadPlugins/DEBUG] [REI]  - FluidSupportProviderImpl
[20:47:19] [REI-ReloadPlugins/DEBUG] [REI]  - me.shedaniel.rei.plugin.client.runtime.PluginStageExecutionWatcher$1
[20:47:19] [REI-ReloadPlugins/DEBUG] [REI] Plugins (24):
[20:47:19] [REI-ReloadPlugins/DEBUG] [REI]  - (-100.00) DefaultClientPluginImpl of DefaultClientPluginImpl [roughlyenoughitems]
[20:47:19] [REI-ReloadPlugins/DEBUG] [REI]  - (-100.00) DefaultPluginImpl of DefaultPluginImpl [roughlyenoughitems]
[20:47:19] [REI-ReloadPlugins/DEBUG] [REI]  - (0.00) HideIngredientsFromTagsPlugin of HideIngredientsFromTagsPlugin [roughlyenoughitems]
[20:47:19] [REI-ReloadPlugins/DEBUG] [REI]  - (0.00) DefaultClientRuntimePlugin of DefaultClientRuntimePlugin [roughlyenoughitems]
[20:47:19] [REI-ReloadPlugins/DEBUG] [REI]  - (0.00) DefaultRuntimePlugin of DefaultRuntimePlugin [roughlyenoughitems]
[20:47:19] [REI-ReloadPlugins/DEBUG] [REI]  - (0.00) JEI Plugin [CreateAdditionJEI:createaddition:jei_plugin] of REI Plugin Compatibilities Adapter [rei_plugin_compatibilities, jei]
[20:47:19] [REI-ReloadPlugins/DEBUG] [REI]  - (0.00) JEI Plugin [PolyJEIPlugin:polylib:jei_plugin] of REI Plugin Compatibilities Adapter [rei_plugin_compatibilities, jei]
[20:47:19] [REI-ReloadPlugins/DEBUG] [REI]  - (0.00) JEI Plugin [GTSEJEIPlugin:gregtech_steam_expansion:jei_plugin] of REI Plugin Compatibilities Adapter [rei_plugin_compatibilities, jei]
[20:47:19] [REI-ReloadPlugins/DEBUG] [REI]  - (0.00) JEI Plugin [GTJEIPlugin:gtceu:jei_plugin] of REI Plugin Compatibilities Adapter [rei_plugin_compatibilities, jei]
[20:47:19] [REI-ReloadPlugins/DEBUG] [REI]  - (0.00) JEI Plugin [JEIIntegration:ftblibrary:jei] of REI Plugin Compatibilities Adapter [rei_plugin_compatibilities, jei]
[20:47:19] [REI-ReloadPlugins/DEBUG] [REI]  - (0.00) JEI Plugin [JEIPlugin:kubejs:jei] of REI Plugin Compatibilities Adapter [rei_plugin_compatibilities, jei]
[20:47:19] [REI-ReloadPlugins/DEBUG] [REI]  - (0.00) JEI Plugin [JEIIntegration:fluxnetworks:jei] of REI Plugin Compatibilities Adapter [rei_plugin_compatibilities, jei]
[20:47:19] [REI-ReloadPlugins/DEBUG] [REI]  - (0.00) JEI Plugin [CreateJEI:create:jei_plugin] of REI Plugin Compatibilities Adapter [rei_plugin_compatibilities, jei]
[20:47:19] [REI-ReloadPlugins/DEBUG] [REI]  - (0.00) JEI Plugin [JEIPlugin:ae2:core] of REI Plugin Compatibilities Adapter [rei_plugin_compatibilities, jei]
[20:47:19] [REI-ReloadPlugins/DEBUG] [REI]  - (0.00) JEI Plugin [JEICompat:jade:main] of REI Plugin Compatibilities Adapter [rei_plugin_compatibilities, jei]
[20:47:19] [REI-ReloadPlugins/DEBUG] [REI]  - (0.00) JEI Plugin [JEIPlugin:ldlib:jei_plugin] of REI Plugin Compatibilities Adapter [rei_plugin_compatibilities, jei]
[20:47:19] [REI-ReloadPlugins/DEBUG] [REI]  - (0.00) JEI Plugin [BCJeiPlugin:bibliocraft:jei_plugin] of REI Plugin Compatibilities Adapter [rei_plugin_compatibilities, jei]
[20:47:19] [REI-ReloadPlugins/DEBUG] [REI]  - (0.00) GTREIPlugin of GTREIPlugin [gtceu]
[20:47:19] [REI-ReloadPlugins/DEBUG] [REI]  - (0.00) FramedReiPlugin of FramedReiPlugin [framedblocks]
[20:47:19] [REI-ReloadPlugins/DEBUG] [REI]  - (0.00) REIPluginImpl of REIPluginImpl [ldlib]
[20:47:19] [REI-ReloadPlugins/DEBUG] [REI]  - (0.00) REI Plugin Compatibilities Client Handler of REI Plugin Compatibilities Client Handler [rei_plugin_compatibilities, jei]
[20:47:19] [REI-ReloadPlugins/DEBUG] [REI]  - (0.00) REIForgePluginStub of REIForgePluginStub [ftblibrary]
[20:47:19] [REI-ReloadPlugins/DEBUG] [REI]  - (0.00) AE2 of AE2 [ae2]
[20:47:19] [REI-ReloadPlugins/DEBUG] [REI]  - (10000000.00) REIForgePluginStub of REIForgePluginStub [kubejs]
[20:47:19] [REI-ReloadPlugins/DEBUG] [REI] ========================================
[20:47:19] [REI-ReloadPlugins/TRACE] [REI] [REIPlugin START] Reloading Section: "pre-register/"
[20:47:19] [REI-ReloadPlugins/TRACE] [REI] [REIPlugin START] Reloading Section: "pre-register/DefaultClientPluginImpl of DefaultClientPluginImpl [roughlyenoughitems]/"
[20:47:19] [REI-ReloadPlugins/TRACE] [REI] [REIPlugin START] Reloading Section: "pre-register/DefaultClientPluginImpl of DefaultClientPluginImpl [roughlyenoughitems]/" done in 7.155 ms
[20:47:19] [REI-ReloadPlugins/TRACE] [REI] [REIPlugin START] Reloading Section: "pre-register/DefaultPluginImpl of DefaultPluginImpl [roughlyenoughitems]/"
[20:47:19] [REI-ReloadPlugins/TRACE] [REI] [REIPlugin START] Reloading Section: "pre-register/DefaultPluginImpl of DefaultPluginImpl [roughlyenoughitems]/" done in 150.6 μs
[20:47:19] [REI-ReloadPlugins/TRACE] [REI] [REIPlugin START] Reloading Section: "pre-register/HideIngredientsFromTagsPlugin of HideIngredientsFromTagsPlugin [roughlyenoughitems]/"
[20:47:19] [REI-ReloadPlugins/TRACE] [REI] [REIPlugin START] Reloading Section: "pre-register/HideIngredientsFromTagsPlugin of HideIngredientsFromTagsPlugin [roughlyenoughitems]/" done in 41.90 μs
[20:47:19] [REI-ReloadPlugins/TRACE] [REI] [REIPlugin START] Reloading Section: "pre-register/DefaultClientRuntimePlugin of DefaultClientRuntimePlugin [roughlyenoughitems]/"
[20:47:19] [REI-ReloadPlugins/TRACE] [REI] [REIPlugin START] Reloading Section: "pre-register/DefaultClientRuntimePlugin of DefaultClientRuntimePlugin [roughlyenoughitems]/" done in 39.30 μs
[20:47:19] [REI-ReloadPlugins/TRACE] [REI] [REIPlugin START] Reloading Section: "pre-register/DefaultRuntimePlugin of DefaultRuntimePlugin [roughlyenoughitems]/"
[20:47:19] [REI-ReloadPlugins/TRACE] [REI] [REIPlugin START] Reloading Section: "pre-register/DefaultRuntimePlugin of DefaultRuntimePlugin [roughlyenoughitems]/" done in 36.60 μs
[20:47:19] [REI-ReloadPlugins/TRACE] [REI] [REIPlugin START] Reloading Section: "pre-register/JEI Plugin [CreateAdditionJEI:createaddition:jei_plugin] of REI Plugin Compatibilities Adapter [rei_plugin_compatibilities, jei]/"
[20:47:19] [REI-ReloadPlugins/TRACE] [REI] [REIPlugin START] Reloading Section: "pre-register/JEI Plugin [CreateAdditionJEI:createaddition:jei_plugin] of REI Plugin Compatibilities Adapter [rei_plugin_compatibilities, jei]/" done in 599.6 μs
[20:47:19] [REI-ReloadPlugins/TRACE] [REI] [REIPlugin START] Reloading Section: "pre-register/JEI Plugin [PolyJEIPlugin:polylib:jei_plugin] of REI Plugin Compatibilities Adapter [rei_plugin_compatibilities, jei]/"
[20:47:19] [REI-ReloadPlugins/TRACE] [REI] [REIPlugin START] Reloading Section: "pre-register/JEI Plugin [PolyJEIPlugin:polylib:jei_plugin] of REI Plugin Compatibilities Adapter [rei_plugin_compatibilities, jei]/" done in 98.70 μs
[20:47:19] [REI-ReloadPlugins/TRACE] [REI] [REIPlugin START] Reloading Section: "pre-register/JEI Plugin [GTSEJEIPlugin:gregtech_steam_expansion:jei_plugin] of REI Plugin Compatibilities Adapter [rei_plugin_compatibilities, jei]/"
[20:47:19] [REI-ReloadPlugins/TRACE] [REI] [REIPlugin START] Reloading Section: "pre-register/JEI Plugin [GTSEJEIPlugin:gregtech_steam_expansion:jei_plugin] of REI Plugin Compatibilities Adapter [rei_plugin_compatibilities, jei]/" done in 83.80 μs
[20:47:19] [REI-ReloadPlugins/TRACE] [REI] [REIPlugin START] Reloading Section: "pre-register/JEI Plugin [GTJEIPlugin:gtceu:jei_plugin] of REI Plugin Compatibilities Adapter [rei_plugin_compatibilities, jei]/"
[20:47:19] [REI-ReloadPlugins/TRACE] [REI] [REIPlugin START] Reloading Section: "pre-register/JEI Plugin [GTJEIPlugin:gtceu:jei_plugin] of REI Plugin Compatibilities Adapter [rei_plugin_compatibilities, jei]/" done in 88.30 μs
[20:47:19] [REI-ReloadPlugins/TRACE] [REI] [REIPlugin START] Reloading Section: "pre-register/JEI Plugin [JEIIntegration:ftblibrary:jei] of REI Plugin Compatibilities Adapter [rei_plugin_compatibilities, jei]/"
[20:47:19] [REI-ReloadPlugins/TRACE] [REI] [REIPlugin START] Reloading Section: "pre-register/JEI Plugin [JEIIntegration:ftblibrary:jei] of REI Plugin Compatibilities Adapter [rei_plugin_compatibilities, jei]/" done in 92.50 μs
[20:47:19] [REI-ReloadPlugins/TRACE] [REI] [REIPlugin START] Reloading Section: "pre-register/JEI Plugin [JEIPlugin:kubejs:jei] of REI Plugin Compatibilities Adapter [rei_plugin_compatibilities, jei]/"
[20:47:19] [REI-ReloadPlugins/TRACE] [REI] [REIPlugin START] Reloading Section: "pre-register/JEI Plugin [JEIPlugin:kubejs:jei] of REI Plugin Compatibilities Adapter [rei_plugin_compatibilities, jei]/" done in 85.10 μs
[20:47:19] [REI-ReloadPlugins/TRACE] [REI] [REIPlugin START] Reloading Section: "pre-register/JEI Plugin [JEIIntegration:fluxnetworks:jei] of REI Plugin Compatibilities Adapter [rei_plugin_compatibilities, jei]/"
[20:47:19] [REI-ReloadPlugins/TRACE] [REI] [REIPlugin START] Reloading Section: "pre-register/JEI Plugin [JEIIntegration:fluxnetworks:jei] of REI Plugin Compatibilities Adapter [rei_plugin_compatibilities, jei]/" done in 83.30 μs
[20:47:19] [REI-ReloadPlugins/TRACE] [REI] [REIPlugin START] Reloading Section: "pre-register/JEI Plugin [CreateJEI:create:jei_plugin] of REI Plugin Compatibilities Adapter [rei_plugin_compatibilities, jei]/"
[20:47:19] [REI-ReloadPlugins/TRACE] [REI] [REIPlugin START] Reloading Section: "pre-register/JEI Plugin [CreateJEI:create:jei_plugin] of REI Plugin Compatibilities Adapter [rei_plugin_compatibilities, jei]/" done in 76.70 μs
[20:47:19] [REI-ReloadPlugins/TRACE] [REI] [REIPlugin START] Reloading Section: "pre-register/JEI Plugin [JEIPlugin:ae2:core] of REI Plugin Compatibilities Adapter [rei_plugin_compatibilities, jei]/"
[20:47:19] [REI-ReloadPlugins/TRACE] [REI] [REIPlugin START] Reloading Section: "pre-register/JEI Plugin [JEIPlugin:ae2:core] of REI Plugin Compatibilities Adapter [rei_plugin_compatibilities, jei]/" done in 69.10 μs
[20:47:19] [REI-ReloadPlugins/TRACE] [REI] [REIPlugin START] Reloading Section: "pre-register/JEI Plugin [JEICompat:jade:main] of REI Plugin Compatibilities Adapter [rei_plugin_compatibilities, jei]/"
[20:47:19] [REI-ReloadPlugins/TRACE] [REI] [REIPlugin START] Reloading Section: "pre-register/JEI Plugin [JEICompat:jade:main] of REI Plugin Compatibilities Adapter [rei_plugin_compatibilities, jei]/" done in 68.50 μs
[20:47:19] [REI-ReloadPlugins/TRACE] [REI] [REIPlugin START] Reloading Section: "pre-register/JEI Plugin [JEIPlugin:ldlib:jei_plugin] of REI Plugin Compatibilities Adapter [rei_plugin_compatibilities, jei]/"
[20:47:19] [REI-ReloadPlugins/TRACE] [REI] [REIPlugin START] Reloading Section: "pre-register/JEI Plugin [JEIPlugin:ldlib:jei_plugin] of REI Plugin Compatibilities Adapter [rei_plugin_compatibilities, jei]/" done in 70.80 μs
[20:47:19] [REI-ReloadPlugins/TRACE] [REI] [REIPlugin START] Reloading Section: "pre-register/JEI Plugin [BCJeiPlugin:bibliocraft:jei_plugin] of REI Plugin Compatibilities Adapter [rei_plugin_compatibilities, jei]/"
[20:47:19] [REI-ReloadPlugins/TRACE] [REI] [REIPlugin START] Reloading Section: "pre-register/JEI Plugin [BCJeiPlugin:bibliocraft:jei_plugin] of REI Plugin Compatibilities Adapter [rei_plugin_compatibilities, jei]/" done in 65.20 μs
[20:47:19] [REI-ReloadPlugins/TRACE] [REI] [REIPlugin START] Reloading Section: "pre-register/GTREIPlugin of GTREIPlugin [gtceu]/"
[20:47:19] [REI-ReloadPlugins/TRACE] [REI] [REIPlugin START] Reloading Section: "pre-register/GTREIPlugin of GTREIPlugin [gtceu]/" done in 77.30 μs
[20:47:19] [REI-ReloadPlugins/TRACE] [REI] [REIPlugin START] Reloading Section: "pre-register/FramedReiPlugin of FramedReiPlugin [framedblocks]/"
[20:47:19] [REI-ReloadPlugins/TRACE] [REI] [REIPlugin START] Reloading Section: "pre-register/FramedReiPlugin of FramedReiPlugin [framedblocks]/" done in 67.40 μs
[20:47:19] [REI-ReloadPlugins/TRACE] [REI] [REIPlugin START] Reloading Section: "pre-register/REIPluginImpl of REIPluginImpl [ldlib]/"
[20:47:19] [REI-ReloadPlugins/TRACE] [REI] [REIPlugin START] Reloading Section: "pre-register/REIPluginImpl of REIPluginImpl [ldlib]/" done in 69.40 μs
[20:47:19] [REI-ReloadPlugins/TRACE] [REI] [REIPlugin START] Reloading Section: "pre-register/REI Plugin Compatibilities Client Handler of REI Plugin Compatibilities Client Handler [rei_plugin_compatibilities, jei]/"
[20:47:19] [REI-ReloadPlugins/TRACE] [REI] [REIPlugin START] Reloading Section: "pre-register/REI Plugin Compatibilities Client Handler of REI Plugin Compatibilities Client Handler [rei_plugin_compatibilities, jei]/" done in 76.70 μs
[20:47:19] [REI-ReloadPlugins/TRACE] [REI] [REIPlugin START] Reloading Section: "pre-register/REIForgePluginStub of REIForgePluginStub [ftblibrary]/"
[20:47:19] [REI-ReloadPlugins/TRACE] [REI] [REIPlugin START] Reloading Section: "pre-register/REIForgePluginStub of REIForgePluginStub [ftblibrary]/" done in 71.70 μs
[20:47:19] [REI-ReloadPlugins/TRACE] [REI] [REIPlugin START] Reloading Section: "pre-register/AE2 of AE2 [ae2]/"
[20:47:19] [REI-ReloadPlugins/TRACE] [REI] [REIPlugin START] Reloading Section: "pre-register/AE2 of AE2 [ae2]/" done in 70.60 μs
[20:47:19] [REI-ReloadPlugins/TRACE] [REI] [REIPlugin START] Reloading Section: "pre-register/REIForgePluginStub of REIForgePluginStub [kubejs]/"
[20:47:19] [REI-ReloadPlugins/TRACE] [REI] [REIPlugin START] Reloading Section: "pre-register/REIForgePluginStub of REIForgePluginStub [kubejs]/" done in 71.30 μs
[20:47:19] [REI-ReloadPlugins/TRACE] [REI] [REIPlugin START] Reloading Section: "pre-register/" done in 80.55 ms
[20:47:19] [REI-ReloadPlugins/TRACE] [REI] [REIPlugin START] Reloading Section: "pre-stage/"
[20:47:19] [REI-ReloadPlugins/TRACE] [REI] [REIPlugin START] Reloading Section: "pre-stage/EntryTypeRegistryImpl/"
[20:47:19] [REI-ReloadPlugins/TRACE] [REI] [REIPlugin START] Reloading Section: "pre-stage/EntryTypeRegistryImpl/" done in 1.821 ms
[20:47:19] [REI-ReloadPlugins/TRACE] [REI] [REIPlugin START] Reloading Section: "pre-stage/EntrySettingsAdapterRegistryImpl/"
[20:47:19] [REI-ReloadPlugins/TRACE] [REI] [REIPlugin START] Reloading Section: "pre-stage/EntrySettingsAdapterRegistryImpl/" done in 62.70 μs
[20:47:19] [REI-ReloadPlugins/TRACE] [REI] [REIPlugin START] Reloading Section: "pre-stage/RecipeManagerContextImpl/"
[20:47:19] [REI-ReloadPlugins/TRACE] [REI] [REIPlugin START] Reloading Section: "pre-stage/RecipeManagerContextImpl/" done in 55.80 μs
[20:47:19] [REI-ReloadPlugins/TRACE] [REI] [REIPlugin START] Reloading Section: "pre-stage/ItemComparatorRegistryImpl/"
[20:47:19] [REI-ReloadPlugins/TRACE] [REI] [REIPlugin START] Reloading Section: "pre-stage/ItemComparatorRegistryImpl/" done in 39.00 μs
[20:47:19] [REI-ReloadPlugins/TRACE] [REI] [REIPlugin START] Reloading Section: "pre-stage/FluidComparatorRegistryImpl/"
[20:47:19] [REI-ReloadPlugins/TRACE] [REI] [REIPlugin START] Reloading Section: "pre-stage/FluidComparatorRegistryImpl/" done in 40.10 μs
[20:47:19] [REI-ReloadPlugins/TRACE] [REI] [REIPlugin START] Reloading Section: "pre-stage/DisplaySerializerRegistryImpl/"
[20:47:19] [REI-ReloadPlugins/TRACE] [REI] [REIPlugin START] Reloading Section: "pre-stage/DisplaySerializerRegistryImpl/" done in 40.10 μs
[20:47:19] [REI-ReloadPlugins/TRACE] [REI] [REIPlugin START] Reloading Section: "pre-stage/FluidSupportProviderImpl/"
[20:47:19] [REI-ReloadPlugins/TRACE] [REI] [REIPlugin START] Reloading Section: "pre-stage/FluidSupportProviderImpl/" done in 38.00 μs
[20:47:19] [REI-ReloadPlugins/TRACE] [REI] [REIPlugin START] Reloading Section: "pre-stage/me.shedaniel.rei.plugin.client.runtime.PluginStageExecutionWatcher$1/"
[20:47:19] [REI-ReloadPlugins/TRACE] [REI] [REIPlugin START] Reloading Section: "pre-stage/me.shedaniel.rei.plugin.client.runtime.PluginStageExecutionWatcher$1/" done in 3.598 ms
[20:47:19] [REI-ReloadPlugins/TRACE] [REI] [REIPlugin START] Reloading Section: "pre-stage/" done in 6.865 ms
[20:47:19] [REI-ReloadPlugins/DEBUG] [REI] ========================================
[20:47:19] [REI-ReloadPlugins/DEBUG] [REI] REIPlugin finished pre-reload for START in 90.24 ms.
[20:47:19] [REI-ReloadPlugins/DEBUG] [REI] ========================================
[20:47:19] [REI-ReloadPlugins/DEBUG] [REI] ========================================
[20:47:19] [REI-ReloadPlugins/DEBUG] [REI] REIClientPlugin starting pre-reload for START.
[20:47:19] [REI-ReloadPlugins/DEBUG] [REI] Reloadables (18):
[20:47:19] [REI-ReloadPlugins/DEBUG] [REI]  - EntryRendererRegistryImpl
[20:47:19] [REI-ReloadPlugins/DEBUG] [REI]  - ViewsImpl
[20:47:19] [REI-ReloadPlugins/DEBUG] [REI]  - InputMethodRegistryImpl
[20:47:19] [REI-ReloadPlugins/DEBUG] [REI]  - SearchProviderImpl
[20:47:19] [REI-ReloadPlugins/DEBUG] [REI]  - ConfigManagerImpl
[20:47:19] [REI-ReloadPlugins/DEBUG] [REI]  - EntryRegistryImpl
[20:47:19] [REI-ReloadPlugins/DEBUG] [REI]  - CollapsibleEntryRegistryImpl
[20:47:19] [REI-ReloadPlugins/DEBUG] [REI]  - BasicFilteringRuleImpl
[20:47:19] [REI-ReloadPlugins/DEBUG] [REI]  - CategoryRegistryImpl
[20:47:19] [REI-ReloadPlugins/DEBUG] [REI]  - DisplayRegistryImpl
[20:47:19] [REI-ReloadPlugins/DEBUG] [REI]  - ScreenRegistryImpl
[20:47:19] [REI-ReloadPlugins/DEBUG] [REI]  - FavoriteEntryTypeRegistryImpl
[20:47:19] [REI-ReloadPlugins/DEBUG] [REI]  - SubsetsRegistryImpl
[20:47:19] [REI-ReloadPlugins/DEBUG] [REI]  - TransferHandlerRegistryImpl
[20:47:19] [REI-ReloadPlugins/DEBUG] [REI]  - SearchRuntime
[20:47:19] [REI-ReloadPlugins/DEBUG] [REI]  - REIRuntimeImpl
[20:47:19] [REI-ReloadPlugins/DEBUG] [REI]  - ConfigAddonRegistryImpl
[20:47:19] [REI-ReloadPlugins/DEBUG] [REI]  - me.shedaniel.rei.plugin.client.runtime.PluginStageExecutionWatcher$1
[20:47:19] [REI-ReloadPlugins/DEBUG] [REI] Plugins (22):
[20:47:19] [REI-ReloadPlugins/DEBUG] [REI]  - (-100.00) DefaultClientPluginImpl of DefaultClientPluginImpl [roughlyenoughitems]
[20:47:19] [REI-ReloadPlugins/DEBUG] [REI]  - (0.00) JEI Plugin [CreateAdditionJEI:createaddition:jei_plugin] of REI Plugin Compatibilities Adapter [rei_plugin_compatibilities, jei]
[20:47:19] [REI-ReloadPlugins/DEBUG] [REI]  - (0.00) JEI Plugin [PolyJEIPlugin:polylib:jei_plugin] of REI Plugin Compatibilities Adapter [rei_plugin_compatibilities, jei]
[20:47:19] [REI-ReloadPlugins/DEBUG] [REI]  - (0.00) JEI Plugin [GTSEJEIPlugin:gregtech_steam_expansion:jei_plugin] of REI Plugin Compatibilities Adapter [rei_plugin_compatibilities, jei]
[20:47:19] [REI-ReloadPlugins/DEBUG] [REI]  - (0.00) JEI Plugin [GTJEIPlugin:gtceu:jei_plugin] of REI Plugin Compatibilities Adapter [rei_plugin_compatibilities, jei]
[20:47:19] [REI-ReloadPlugins/DEBUG] [REI]  - (0.00) JEI Plugin [JEIIntegration:ftblibrary:jei] of REI Plugin Compatibilities Adapter [rei_plugin_compatibilities, jei]
[20:47:19] [REI-ReloadPlugins/DEBUG] [REI]  - (0.00) JEI Plugin [JEIPlugin:kubejs:jei] of REI Plugin Compatibilities Adapter [rei_plugin_compatibilities, jei]
[20:47:19] [REI-ReloadPlugins/DEBUG] [REI]  - (0.00) JEI Plugin [JEIIntegration:fluxnetworks:jei] of REI Plugin Compatibilities Adapter [rei_plugin_compatibilities, jei]
[20:47:19] [REI-ReloadPlugins/DEBUG] [REI]  - (0.00) JEI Plugin [CreateJEI:create:jei_plugin] of REI Plugin Compatibilities Adapter [rei_plugin_compatibilities, jei]
[20:47:19] [REI-ReloadPlugins/DEBUG] [REI]  - (0.00) JEI Plugin [JEIPlugin:ae2:core] of REI Plugin Compatibilities Adapter [rei_plugin_compatibilities, jei]
[20:47:19] [REI-ReloadPlugins/DEBUG] [REI]  - (0.00) JEI Plugin [JEICompat:jade:main] of REI Plugin Compatibilities Adapter [rei_plugin_compatibilities, jei]
[20:47:19] [REI-ReloadPlugins/DEBUG] [REI]  - (0.00) JEI Plugin [JEIPlugin:ldlib:jei_plugin] of REI Plugin Compatibilities Adapter [rei_plugin_compatibilities, jei]
[20:47:19] [REI-ReloadPlugins/DEBUG] [REI]  - (0.00) JEI Plugin [BCJeiPlugin:bibliocraft:jei_plugin] of REI Plugin Compatibilities Adapter [rei_plugin_compatibilities, jei]
[20:47:19] [REI-ReloadPlugins/DEBUG] [REI]  - (0.00) GTREIPlugin of GTREIPlugin [gtceu]
[20:47:19] [REI-ReloadPlugins/DEBUG] [REI]  - (0.00) FramedReiPlugin of FramedReiPlugin [framedblocks]
[20:47:19] [REI-ReloadPlugins/DEBUG] [REI]  - (0.00) REIPluginImpl of REIPluginImpl [ldlib]
[20:47:19] [REI-ReloadPlugins/DEBUG] [REI]  - (0.00) REI Plugin Compatibilities Client Handler of REI Plugin Compatibilities Client Handler [rei_plugin_compatibilities, jei]
[20:47:19] [REI-ReloadPlugins/DEBUG] [REI]  - (0.00) REIForgePluginStub of REIForgePluginStub [ftblibrary]
[20:47:19] [REI-ReloadPlugins/DEBUG] [REI]  - (0.00) AE2 of AE2 [ae2]
[20:47:19] [REI-ReloadPlugins/DEBUG] [REI]  - (0.00) HideIngredientsFromTagsPlugin of HideIngredientsFromTagsPlugin [roughlyenoughitems]
[20:47:19] [REI-ReloadPlugins/DEBUG] [REI]  - (0.00) DefaultClientRuntimePlugin of DefaultClientRuntimePlugin [roughlyenoughitems]
[20:47:19] [REI-ReloadPlugins/DEBUG] [REI]  - (10000000.00) REIForgePluginStub of REIForgePluginStub [kubejs]
[20:47:19] [REI-ReloadPlugins/DEBUG] [REI] ========================================
[20:47:19] [REI-ReloadPlugins/TRACE] [REI] [REIClientPlugin START] Reloading Section: "pre-register/"
[20:47:19] [REI-ReloadPlugins/TRACE] [REI] [REIClientPlugin START] Reloading Section: "pre-register/DefaultClientPluginImpl of DefaultClientPluginImpl [roughlyenoughitems]/"
[20:47:19] [REI-ReloadPlugins/TRACE] [REI] [REIClientPlugin START] Reloading Section: "pre-register/DefaultClientPluginImpl of DefaultClientPluginImpl [roughlyenoughitems]/" done in 40.80 μs
[20:47:19] [REI-ReloadPlugins/TRACE] [REI] [REIClientPlugin START] Reloading Section: "pre-register/JEI Plugin [CreateAdditionJEI:createaddition:jei_plugin] of REI Plugin Compatibilities Adapter [rei_plugin_compatibilities, jei]/"
[20:47:19] [REI-ReloadPlugins/TRACE] [REI] [REIClientPlugin START] Reloading Section: "pre-register/JEI Plugin [CreateAdditionJEI:createaddition:jei_plugin] of REI Plugin Compatibilities Adapter [rei_plugin_compatibilities, jei]/" done in 65.40 μs
[20:47:19] [REI-ReloadPlugins/TRACE] [REI] [REIClientPlugin START] Reloading Section: "pre-register/JEI Plugin [PolyJEIPlugin:polylib:jei_plugin] of REI Plugin Compatibilities Adapter [rei_plugin_compatibilities, jei]/"
[20:47:19] [REI-ReloadPlugins/TRACE] [REI] [REIClientPlugin START] Reloading Section: "pre-register/JEI Plugin [PolyJEIPlugin:polylib:jei_plugin] of REI Plugin Compatibilities Adapter [rei_plugin_compatibilities, jei]/" done in 36.20 μs
[20:47:19] [REI-ReloadPlugins/TRACE] [REI] [REIClientPlugin START] Reloading Section: "pre-register/JEI Plugin [GTSEJEIPlugin:gregtech_steam_expansion:jei_plugin] of REI Plugin Compatibilities Adapter [rei_plugin_compatibilities, jei]/"
[20:47:19] [REI-ReloadPlugins/TRACE] [REI] [REIClientPlugin START] Reloading Section: "pre-register/JEI Plugin [GTSEJEIPlugin:gregtech_steam_expansion:jei_plugin] of REI Plugin Compatibilities Adapter [rei_plugin_compatibilities, jei]/" done in 34.60 μs
[20:47:19] [REI-ReloadPlugins/TRACE] [REI] [REIClientPlugin START] Reloading Section: "pre-register/JEI Plugin [GTJEIPlugin:gtceu:jei_plugin] of REI Plugin Compatibilities Adapter [rei_plugin_compatibilities, jei]/"
[20:47:19] [REI-ReloadPlugins/TRACE] [REI] [REIClientPlugin START] Reloading Section: "pre-register/JEI Plugin [GTJEIPlugin:gtceu:jei_plugin] of REI Plugin Compatibilities Adapter [rei_plugin_compatibilities, jei]/" done in 39.10 μs
[20:47:19] [REI-ReloadPlugins/TRACE] [REI] [REIClientPlugin START] Reloading Section: "pre-register/JEI Plugin [JEIIntegration:ftblibrary:jei] of REI Plugin Compatibilities Adapter [rei_plugin_compatibilities, jei]/"
[20:47:19] [REI-ReloadPlugins/TRACE] [REI] [REIClientPlugin START] Reloading Section: "pre-register/JEI Plugin [JEIIntegration:ftblibrary:jei] of REI Plugin Compatibilities Adapter [rei_plugin_compatibilities, jei]/" done in 62.10 μs
[20:47:19] [REI-ReloadPlugins/TRACE] [REI] [REIClientPlugin START] Reloading Section: "pre-register/JEI Plugin [JEIPlugin:kubejs:jei] of REI Plugin Compatibilities Adapter [rei_plugin_compatibilities, jei]/"
[20:47:19] [REI-ReloadPlugins/TRACE] [REI] [REIClientPlugin START] Reloading Section: "pre-register/JEI Plugin [JEIPlugin:kubejs:jei] of REI Plugin Compatibilities Adapter [rei_plugin_compatibilities, jei]/" done in 40.50 μs
[20:47:19] [REI-ReloadPlugins/TRACE] [REI] [REIClientPlugin START] Reloading Section: "pre-register/JEI Plugin [JEIIntegration:fluxnetworks:jei] of REI Plugin Compatibilities Adapter [rei_plugin_compatibilities, jei]/"
[20:47:19] [REI-ReloadPlugins/TRACE] [REI] [REIClientPlugin START] Reloading Section: "pre-register/JEI Plugin [JEIIntegration:fluxnetworks:jei] of REI Plugin Compatibilities Adapter [rei_plugin_compatibilities, jei]/" done in 41.50 μs
[20:47:19] [REI-ReloadPlugins/TRACE] [REI] [REIClientPlugin START] Reloading Section: "pre-register/JEI Plugin [CreateJEI:create:jei_plugin] of REI Plugin Compatibilities Adapter [rei_plugin_compatibilities, jei]/"
[20:47:19] [REI-ReloadPlugins/TRACE] [REI] [REIClientPlugin START] Reloading Section: "pre-register/JEI Plugin [CreateJEI:create:jei_plugin] of REI Plugin Compatibilities Adapter [rei_plugin_compatibilities, jei]/" done in 28.90 μs
[20:47:19] [REI-ReloadPlugins/TRACE] [REI] [REIClientPlugin START] Reloading Section: "pre-register/JEI Plugin [JEIPlugin:ae2:core] of REI Plugin Compatibilities Adapter [rei_plugin_compatibilities, jei]/"
[20:47:19] [REI-ReloadPlugins/TRACE] [REI] [REIClientPlugin START] Reloading Section: "pre-register/JEI Plugin [JEIPlugin:ae2:core] of REI Plugin Compatibilities Adapter [rei_plugin_compatibilities, jei]/" done in 56.90 μs
[20:47:19] [REI-ReloadPlugins/TRACE] [REI] [REIClientPlugin START] Reloading Section: "pre-register/JEI Plugin [JEICompat:jade:main] of REI Plugin Compatibilities Adapter [rei_plugin_compatibilities, jei]/"
[20:47:19] [REI-ReloadPlugins/TRACE] [REI] [REIClientPlugin START] Reloading Section: "pre-register/JEI Plugin [JEICompat:jade:main] of REI Plugin Compatibilities Adapter [rei_plugin_compatibilities, jei]/" done in 29.90 μs
[20:47:19] [REI-ReloadPlugins/TRACE] [REI] [REIClientPlugin START] Reloading Section: "pre-register/JEI Plugin [JEIPlugin:ldlib:jei_plugin] of REI Plugin Compatibilities Adapter [rei_plugin_compatibilities, jei]/"
[20:47:19] [REI-ReloadPlugins/TRACE] [REI] [REIClientPlugin START] Reloading Section: "pre-register/JEI Plugin [JEIPlugin:ldlib:jei_plugin] of REI Plugin Compatibilities Adapter [rei_plugin_compatibilities, jei]/" done in 72.70 μs
[20:47:19] [REI-ReloadPlugins/TRACE] [REI] [REIClientPlugin START] Reloading Section: "pre-register/JEI Plugin [BCJeiPlugin:bibliocraft:jei_plugin] of REI Plugin Compatibilities Adapter [rei_plugin_compatibilities, jei]/"
[20:47:19] [REI-ReloadPlugins/TRACE] [REI] [REIClientPlugin START] Reloading Section: "pre-register/JEI Plugin [BCJeiPlugin:bibliocraft:jei_plugin] of REI Plugin Compatibilities Adapter [rei_plugin_compatibilities, jei]/" done in 49.80 μs
[20:47:19] [REI-ReloadPlugins/TRACE] [REI] [REIClientPlugin START] Reloading Section: "pre-register/GTREIPlugin of GTREIPlugin [gtceu]/"
[20:47:19] [REI-ReloadPlugins/TRACE] [REI] [REIClientPlugin START] Reloading Section: "pre-register/GTREIPlugin of GTREIPlugin [gtceu]/" done in 42.00 μs
[20:47:19] [REI-ReloadPlugins/TRACE] [REI] [REIClientPlugin START] Reloading Section: "pre-register/FramedReiPlugin of FramedReiPlugin [framedblocks]/"
[20:47:19] [REI-ReloadPlugins/TRACE] [REI] [REIClientPlugin START] Reloading Section: "pre-register/FramedReiPlugin of FramedReiPlugin [framedblocks]/" done in 39.80 μs
[20:47:19] [REI-ReloadPlugins/TRACE] [REI] [REIClientPlugin START] Reloading Section: "pre-register/REIPluginImpl of REIPluginImpl [ldlib]/"
[20:47:19] [REI-ReloadPlugins/TRACE] [REI] [REIClientPlugin START] Reloading Section: "pre-register/REIPluginImpl of REIPluginImpl [ldlib]/" done in 45.80 μs
[20:47:19] [REI-ReloadPlugins/TRACE] [REI] [REIClientPlugin START] Reloading Section: "pre-register/REI Plugin Compatibilities Client Handler of REI Plugin Compatibilities Client Handler [rei_plugin_compatibilities, jei]/"
[20:47:19] [REI-ReloadPlugins/TRACE] [REI] [REIClientPlugin START] Reloading Section: "pre-register/REI Plugin Compatibilities Client Handler of REI Plugin Compatibilities Client Handler [rei_plugin_compatibilities, jei]/" done in 44.20 μs
[20:47:19] [REI-ReloadPlugins/TRACE] [REI] [REIClientPlugin START] Reloading Section: "pre-register/REIForgePluginStub of REIForgePluginStub [ftblibrary]/"
[20:47:19] [REI-ReloadPlugins/TRACE] [REI] [REIClientPlugin START] Reloading Section: "pre-register/REIForgePluginStub of REIForgePluginStub [ftblibrary]/" done in 44.30 μs
[20:47:19] [REI-ReloadPlugins/TRACE] [REI] [REIClientPlugin START] Reloading Section: "pre-register/AE2 of AE2 [ae2]/"
[20:47:19] [REI-ReloadPlugins/TRACE] [REI] [REIClientPlugin START] Reloading Section: "pre-register/AE2 of AE2 [ae2]/" done in 43.90 μs
[20:47:19] [REI-ReloadPlugins/TRACE] [REI] [REIClientPlugin START] Reloading Section: "pre-register/HideIngredientsFromTagsPlugin of HideIngredientsFromTagsPlugin [roughlyenoughitems]/"
[20:47:19] [REI-ReloadPlugins/TRACE] [REI] [REIClientPlugin START] Reloading Section: "pre-register/HideIngredientsFromTagsPlugin of HideIngredientsFromTagsPlugin [roughlyenoughitems]/" done in 42.50 μs
[20:47:19] [REI-ReloadPlugins/TRACE] [REI] [REIClientPlugin START] Reloading Section: "pre-register/DefaultClientRuntimePlugin of DefaultClientRuntimePlugin [roughlyenoughitems]/"
[20:47:19] [REI-ReloadPlugins/TRACE] [REI] [REIClientPlugin START] Reloading Section: "pre-register/DefaultClientRuntimePlugin of DefaultClientRuntimePlugin [roughlyenoughitems]/" done in 49.10 μs
[20:47:19] [REI-ReloadPlugins/TRACE] [REI] [REIClientPlugin START] Reloading Section: "pre-register/REIForgePluginStub of REIForgePluginStub [kubejs]/"
[20:47:19] [REI-ReloadPlugins/TRACE] [REI] [REIClientPlugin START] Reloading Section: "pre-register/REIForgePluginStub of REIForgePluginStub [kubejs]/" done in 51.20 μs
[20:47:19] [REI-ReloadPlugins/TRACE] [REI] [REIClientPlugin START] Reloading Section: "pre-register/" done in 3.572 ms
[20:47:19] [REI-ReloadPlugins/TRACE] [REI] [REIClientPlugin START] Reloading Section: "pre-stage/"
[20:47:19] [REI-ReloadPlugins/TRACE] [REI] [REIClientPlugin START] Reloading Section: "pre-stage/EntryRendererRegistryImpl/"
[20:47:19] [REI-ReloadPlugins/TRACE] [REI] [REIClientPlugin START] Reloading Section: "pre-stage/EntryRendererRegistryImpl/" done in 50.80 μs
[20:47:19] [REI-ReloadPlugins/TRACE] [REI] [REIClientPlugin START] Reloading Section: "pre-stage/ViewsImpl/"
[20:47:19] [REI-ReloadPlugins/TRACE] [REI] [REIClientPlugin START] Reloading Section: "pre-stage/ViewsImpl/" done in 40.00 μs
[20:47:19] [REI-ReloadPlugins/TRACE] [REI] [REIClientPlugin START] Reloading Section: "pre-stage/InputMethodRegistryImpl/"
[20:47:19] [REI-ReloadPlugins/TRACE] [REI] [REIClientPlugin START] Reloading Section: "pre-stage/InputMethodRegistryImpl/" done in 37.90 μs
[20:47:19] [REI-ReloadPlugins/TRACE] [REI] [REIClientPlugin START] Reloading Section: "pre-stage/SearchProviderImpl/"
[20:47:19] [REI-ReloadPlugins/TRACE] [REI] [REIClientPlugin START] Reloading Section: "pre-stage/SearchProviderImpl/" done in 38.80 μs
[20:47:19] [REI-ReloadPlugins/TRACE] [REI] [REIClientPlugin START] Reloading Section: "pre-stage/ConfigManagerImpl/"
[20:47:19] [REI-ReloadPlugins/TRACE] [REI] [REIClientPlugin START] Reloading Section: "pre-stage/ConfigManagerImpl/" done in 37.10 μs
[20:47:19] [REI-ReloadPlugins/TRACE] [REI] [REIClientPlugin START] Reloading Section: "pre-stage/EntryRegistryImpl/"
[20:47:19] [REI-ReloadPlugins/TRACE] [REI] [REIClientPlugin START] Reloading Section: "pre-stage/EntryRegistryImpl/" done in 36.70 μs
[20:47:19] [REI-ReloadPlugins/TRACE] [REI] [REIClientPlugin START] Reloading Section: "pre-stage/CollapsibleEntryRegistryImpl/"
[20:47:19] [REI-ReloadPlugins/TRACE] [REI] [REIClientPlugin START] Reloading Section: "pre-stage/CollapsibleEntryRegistryImpl/" done in 43.50 μs
[20:47:19] [REI-ReloadPlugins/TRACE] [REI] [REIClientPlugin START] Reloading Section: "pre-stage/BasicFilteringRuleImpl/"
[20:47:19] [REI-ReloadPlugins/TRACE] [REI] [REIClientPlugin START] Reloading Section: "pre-stage/BasicFilteringRuleImpl/" done in 137.0 μs
[20:47:19] [REI-ReloadPlugins/TRACE] [REI] [REIClientPlugin START] Reloading Section: "pre-stage/CategoryRegistryImpl/"
[20:47:19] [REI-ReloadPlugins/TRACE] [REI] [REIClientPlugin START] Reloading Section: "pre-stage/CategoryRegistryImpl/" done in 40.90 μs
[20:47:19] [REI-ReloadPlugins/TRACE] [REI] [REIClientPlugin START] Reloading Section: "pre-stage/DisplayRegistryImpl/"
[20:47:19] [REI-ReloadPlugins/TRACE] [REI] [REIClientPlugin START] Reloading Section: "pre-stage/DisplayRegistryImpl/" done in 27.80 μs
[20:47:19] [REI-ReloadPlugins/TRACE] [REI] [REIClientPlugin START] Reloading Section: "pre-stage/ScreenRegistryImpl/"
[20:47:19] [REI-ReloadPlugins/TRACE] [REI] [REIClientPlugin START] Reloading Section: "pre-stage/ScreenRegistryImpl/" done in 38.50 μs
[20:47:19] [REI-ReloadPlugins/TRACE] [REI] [REIClientPlugin START] Reloading Section: "pre-stage/FavoriteEntryTypeRegistryImpl/"
[20:47:19] [REI-ReloadPlugins/TRACE] [REI] [REIClientPlugin START] Reloading Section: "pre-stage/FavoriteEntryTypeRegistryImpl/" done in 36.60 μs
[20:47:19] [REI-ReloadPlugins/TRACE] [REI] [REIClientPlugin START] Reloading Section: "pre-stage/SubsetsRegistryImpl/"
[20:47:19] [REI-ReloadPlugins/TRACE] [REI] [REIClientPlugin START] Reloading Section: "pre-stage/SubsetsRegistryImpl/" done in 44.20 μs
[20:47:19] [REI-ReloadPlugins/TRACE] [REI] [REIClientPlugin START] Reloading Section: "pre-stage/TransferHandlerRegistryImpl/"
[20:47:19] [REI-ReloadPlugins/TRACE] [REI] [REIClientPlugin START] Reloading Section: "pre-stage/TransferHandlerRegistryImpl/" done in 40.70 μs
[20:47:19] [REI-ReloadPlugins/TRACE] [REI] [REIClientPlugin START] Reloading Section: "pre-stage/SearchRuntime/"
[20:47:19] [REI-ReloadPlugins/TRACE] [REI] [REIClientPlugin START] Reloading Section: "pre-stage/SearchRuntime/" done in 35.30 μs
[20:47:19] [REI-ReloadPlugins/TRACE] [REI] [REIClientPlugin START] Reloading Section: "pre-stage/REIRuntimeImpl/"
[20:47:19] [REI-ReloadPlugins/TRACE] [REI] [REIClientPlugin START] Reloading Section: "pre-stage/REIRuntimeImpl/" done in 34.70 μs
[20:47:19] [REI-ReloadPlugins/TRACE] [REI] [REIClientPlugin START] Reloading Section: "pre-stage/ConfigAddonRegistryImpl/"
[20:47:19] [REI-ReloadPlugins/TRACE] [REI] [REIClientPlugin START] Reloading Section: "pre-stage/ConfigAddonRegistryImpl/" done in 46.40 μs
[20:47:19] [REI-ReloadPlugins/TRACE] [REI] [REIClientPlugin START] Reloading Section: "pre-stage/me.shedaniel.rei.plugin.client.runtime.PluginStageExecutionWatcher$1/"
[20:47:19] [REI-ReloadPlugins/TRACE] [REI] [REIClientPlugin START] Reloading Section: "pre-stage/me.shedaniel.rei.plugin.client.runtime.PluginStageExecutionWatcher$1/" done in 45.40 μs
[20:47:19] [REI-ReloadPlugins/TRACE] [REI] [REIClientPlugin START] Reloading Section: "pre-stage/" done in 2.334 ms
[20:47:19] [REI-ReloadPlugins/DEBUG] [REI] ========================================
[20:47:19] [REI-ReloadPlugins/DEBUG] [REI] REIClientPlugin finished pre-reload for START in 6.092 ms.
[20:47:19] [REI-ReloadPlugins/DEBUG] [REI] ========================================
[20:47:19] [REI-ReloadPlugins/DEBUG] [REI] ========================================
[20:47:19] [REI-ReloadPlugins/DEBUG] [REI] REIServerPlugin starting pre-reload for START.
[20:47:19] [REI-ReloadPlugins/DEBUG] [REI] Reloadables (3):
[20:47:19] [REI-ReloadPlugins/DEBUG] [REI]  - MenuInfoRegistryImpl
[20:47:19] [REI-ReloadPlugins/DEBUG] [REI]  - SlotAccessorRegistryImpl
[20:47:19] [REI-ReloadPlugins/DEBUG] [REI]  - me.shedaniel.rei.plugin.client.runtime.PluginStageExecutionWatcher$1
[20:47:19] [REI-ReloadPlugins/DEBUG] [REI] Plugins (2):
[20:47:19] [REI-ReloadPlugins/DEBUG] [REI]  - (-100.00) DefaultPluginImpl of DefaultPluginImpl [roughlyenoughitems]
[20:47:19] [REI-ReloadPlugins/DEBUG] [REI]  - (0.00) DefaultRuntimePlugin of DefaultRuntimePlugin [roughlyenoughitems]
[20:47:19] [REI-ReloadPlugins/DEBUG] [REI] ========================================
[20:47:19] [REI-ReloadPlugins/TRACE] [REI] [REIServerPlugin START] Reloading Section: "pre-register/"
[20:47:19] [REI-ReloadPlugins/TRACE] [REI] [REIServerPlugin START] Reloading Section: "pre-register/DefaultPluginImpl of DefaultPluginImpl [roughlyenoughitems]/"
[20:47:19] [REI-ReloadPlugins/TRACE] [REI] [REIServerPlugin START] Reloading Section: "pre-register/DefaultPluginImpl of DefaultPluginImpl [roughlyenoughitems]/" done in 39.30 μs
[20:47:19] [REI-ReloadPlugins/TRACE] [REI] [REIServerPlugin START] Reloading Section: "pre-register/DefaultRuntimePlugin of DefaultRuntimePlugin [roughlyenoughitems]/"
[20:47:19] [REI-ReloadPlugins/TRACE] [REI] [REIServerPlugin START] Reloading Section: "pre-register/DefaultRuntimePlugin of DefaultRuntimePlugin [roughlyenoughitems]/" done in 35.70 μs
[20:47:19] [REI-ReloadPlugins/TRACE] [REI] [REIServerPlugin START] Reloading Section: "pre-register/" done in 265.3 μs
[20:47:19] [REI-ReloadPlugins/TRACE] [REI] [REIServerPlugin START] Reloading Section: "pre-stage/"
[20:47:19] [REI-ReloadPlugins/TRACE] [REI] [REIServerPlugin START] Reloading Section: "pre-stage/MenuInfoRegistryImpl/"
[20:47:19] [REI-ReloadPlugins/TRACE] [REI] [REIServerPlugin START] Reloading Section: "pre-stage/MenuInfoRegistryImpl/" done in 29.40 μs
[20:47:19] [REI-ReloadPlugins/TRACE] [REI] [REIServerPlugin START] Reloading Section: "pre-stage/SlotAccessorRegistryImpl/"
[20:47:19] [REI-ReloadPlugins/TRACE] [REI] [REIServerPlugin START] Reloading Section: "pre-stage/SlotAccessorRegistryImpl/" done in 35.20 μs
[20:47:19] [REI-ReloadPlugins/TRACE] [REI] [REIServerPlugin START] Reloading Section: "pre-stage/me.shedaniel.rei.plugin.client.runtime.PluginStageExecutionWatcher$1/"
[20:47:19] [REI-ReloadPlugins/TRACE] [REI] [REIServerPlugin START] Reloading Section: "pre-stage/me.shedaniel.rei.plugin.client.runtime.PluginStageExecutionWatcher$1/" done in 38.20 μs
[20:47:19] [REI-ReloadPlugins/TRACE] [REI] [REIServerPlugin START] Reloading Section: "pre-stage/" done in 327.4 μs
[20:47:19] [REI-ReloadPlugins/DEBUG] [REI] ========================================
[20:47:19] [REI-ReloadPlugins/DEBUG] [REI] REIServerPlugin finished pre-reload for START in 710.2 μs.
[20:47:19] [REI-ReloadPlugins/DEBUG] [REI] ========================================
[20:47:19] [REI-ReloadPlugins/INFO] [REI] @@@@@@@@@@@@@@@@@@@@@@@@@@@@@@@@@@@@@@@@
[20:47:19] [REI-ReloadPlugins/INFO] [REI] REIPlugin starting main-reload for START.
[20:47:19] [REI-ReloadPlugins/DEBUG] [REI] Reloadables (8):
[20:47:19] [REI-ReloadPlugins/DEBUG] [REI]  - EntryTypeRegistryImpl
[20:47:19] [REI-ReloadPlugins/DEBUG] [REI]  - EntrySettingsAdapterRegistryImpl
[20:47:19] [REI-ReloadPlugins/DEBUG] [REI]  - RecipeManagerContextImpl
[20:47:19] [REI-ReloadPlugins/DEBUG] [REI]  - ItemComparatorRegistryImpl
[20:47:19] [REI-ReloadPlugins/DEBUG] [REI]  - FluidComparatorRegistryImpl
[20:47:19] [REI-ReloadPlugins/DEBUG] [REI]  - DisplaySerializerRegistryImpl
[20:47:19] [REI-ReloadPlugins/DEBUG] [REI]  - FluidSupportProviderImpl
[20:47:19] [REI-ReloadPlugins/DEBUG] [REI]  - me.shedaniel.rei.plugin.client.runtime.PluginStageExecutionWatcher$1
[20:47:19] [REI-ReloadPlugins/INFO] [REI] Plugins (24):
[20:47:19] [REI-ReloadPlugins/INFO] [REI]  - (-100.00) DefaultClientPluginImpl of DefaultClientPluginImpl [roughlyenoughitems]
[20:47:19] [REI-ReloadPlugins/INFO] [REI]  - (-100.00) DefaultPluginImpl of DefaultPluginImpl [roughlyenoughitems]
[20:47:19] [REI-ReloadPlugins/INFO] [REI]  - (0.00) HideIngredientsFromTagsPlugin of HideIngredientsFromTagsPlugin [roughlyenoughitems]
[20:47:19] [REI-ReloadPlugins/INFO] [REI]  - (0.00) DefaultClientRuntimePlugin of DefaultClientRuntimePlugin [roughlyenoughitems]
[20:47:19] [REI-ReloadPlugins/INFO] [REI]  - (0.00) DefaultRuntimePlugin of DefaultRuntimePlugin [roughlyenoughitems]
[20:47:19] [REI-ReloadPlugins/INFO] [REI]  - (0.00) JEI Plugin [CreateAdditionJEI:createaddition:jei_plugin] of REI Plugin Compatibilities Adapter [rei_plugin_compatibilities, jei]
[20:47:19] [REI-ReloadPlugins/INFO] [REI]  - (0.00) JEI Plugin [PolyJEIPlugin:polylib:jei_plugin] of REI Plugin Compatibilities Adapter [rei_plugin_compatibilities, jei]
[20:47:19] [REI-ReloadPlugins/INFO] [REI]  - (0.00) JEI Plugin [GTSEJEIPlugin:gregtech_steam_expansion:jei_plugin] of REI Plugin Compatibilities Adapter [rei_plugin_compatibilities, jei]
[20:47:19] [REI-ReloadPlugins/INFO] [REI]  - (0.00) JEI Plugin [GTJEIPlugin:gtceu:jei_plugin] of REI Plugin Compatibilities Adapter [rei_plugin_compatibilities, jei]
[20:47:19] [REI-ReloadPlugins/INFO] [REI]  - (0.00) JEI Plugin [JEIIntegration:ftblibrary:jei] of REI Plugin Compatibilities Adapter [rei_plugin_compatibilities, jei]
[20:47:19] [REI-ReloadPlugins/INFO] [REI]  - (0.00) JEI Plugin [JEIPlugin:kubejs:jei] of REI Plugin Compatibilities Adapter [rei_plugin_compatibilities, jei]
[20:47:19] [REI-ReloadPlugins/INFO] [REI]  - (0.00) JEI Plugin [JEIIntegration:fluxnetworks:jei] of REI Plugin Compatibilities Adapter [rei_plugin_compatibilities, jei]
[20:47:19] [REI-ReloadPlugins/INFO] [REI]  - (0.00) JEI Plugin [CreateJEI:create:jei_plugin] of REI Plugin Compatibilities Adapter [rei_plugin_compatibilities, jei]
[20:47:19] [REI-ReloadPlugins/INFO] [REI]  - (0.00) JEI Plugin [JEIPlugin:ae2:core] of REI Plugin Compatibilities Adapter [rei_plugin_compatibilities, jei]
[20:47:19] [REI-ReloadPlugins/INFO] [REI]  - (0.00) JEI Plugin [JEICompat:jade:main] of REI Plugin Compatibilities Adapter [rei_plugin_compatibilities, jei]
[20:47:19] [REI-ReloadPlugins/INFO] [REI]  - (0.00) JEI Plugin [JEIPlugin:ldlib:jei_plugin] of REI Plugin Compatibilities Adapter [rei_plugin_compatibilities, jei]
[20:47:19] [REI-ReloadPlugins/INFO] [REI]  - (0.00) JEI Plugin [BCJeiPlugin:bibliocraft:jei_plugin] of REI Plugin Compatibilities Adapter [rei_plugin_compatibilities, jei]
[20:47:19] [REI-ReloadPlugins/INFO] [REI]  - (0.00) GTREIPlugin of GTREIPlugin [gtceu]
[20:47:19] [REI-ReloadPlugins/INFO] [REI]  - (0.00) FramedReiPlugin of FramedReiPlugin [framedblocks]
[20:47:19] [REI-ReloadPlugins/INFO] [REI]  - (0.00) REIPluginImpl of REIPluginImpl [ldlib]
[20:47:19] [REI-ReloadPlugins/INFO] [REI]  - (0.00) REI Plugin Compatibilities Client Handler of REI Plugin Compatibilities Client Handler [rei_plugin_compatibilities, jei]
[20:47:19] [REI-ReloadPlugins/INFO] [REI]  - (0.00) REIForgePluginStub of REIForgePluginStub [ftblibrary]
[20:47:19] [REI-ReloadPlugins/INFO] [REI]  - (0.00) AE2 of AE2 [ae2]
[20:47:19] [REI-ReloadPlugins/INFO] [REI]  - (10000000.00) REIForgePluginStub of REIForgePluginStub [kubejs]
[20:47:19] [REI-ReloadPlugins/INFO] [REI] @@@@@@@@@@@@@@@@@@@@@@@@@@@@@@@@@@@@@@@@
[20:47:19] [REI-ReloadPlugins/TRACE] [REI] [REIPlugin START] Reloading Section: "start-reload/"
[20:47:19] [REI-ReloadPlugins/TRACE] [REI] [REIPlugin START] Reloading Section: "start-reload/EntryTypeRegistryImpl/"
[20:47:19] [REI-ReloadPlugins/TRACE] [REI] [REIPlugin START] Reloading Section: "start-reload/EntryTypeRegistryImpl/" done in 70.00 μs
[20:47:19] [REI-ReloadPlugins/TRACE] [REI] [REIPlugin START] Reloading Section: "start-reload/EntrySettingsAdapterRegistryImpl/"
[20:47:19] [REI-ReloadPlugins/TRACE] [REI] [REIPlugin START] Reloading Section: "start-reload/EntrySettingsAdapterRegistryImpl/" done in 39.30 μs
[20:47:19] [REI-ReloadPlugins/TRACE] [REI] [REIPlugin START] Reloading Section: "start-reload/RecipeManagerContextImpl/"
[20:47:19] [REI-ReloadPlugins/TRACE] [REI] [REIPlugin START] Reloading Section: "start-reload/RecipeManagerContextImpl/" done in 29.30 μs
[20:47:19] [REI-ReloadPlugins/TRACE] [REI] [REIPlugin START] Reloading Section: "start-reload/ItemComparatorRegistryImpl/"
[20:47:19] [REI-ReloadPlugins/TRACE] [REI] [REIPlugin START] Reloading Section: "start-reload/ItemComparatorRegistryImpl/" done in 53.40 μs
[20:47:19] [REI-ReloadPlugins/TRACE] [REI] [REIPlugin START] Reloading Section: "start-reload/FluidComparatorRegistryImpl/"
[20:47:19] [REI-ReloadPlugins/TRACE] [REI] [REIPlugin START] Reloading Section: "start-reload/FluidComparatorRegistryImpl/" done in 28.20 μs
[20:47:19] [REI-ReloadPlugins/TRACE] [REI] [REIPlugin START] Reloading Section: "start-reload/DisplaySerializerRegistryImpl/"
[20:47:19] [REI-ReloadPlugins/TRACE] [REI] [REIPlugin START] Reloading Section: "start-reload/DisplaySerializerRegistryImpl/" done in 27.90 μs
[20:47:19] [REI-ReloadPlugins/TRACE] [REI] [REIPlugin START] Reloading Section: "start-reload/FluidSupportProviderImpl/"
[20:47:19] [REI-ReloadPlugins/TRACE] [REI] [REIPlugin START] Reloading Section: "start-reload/FluidSupportProviderImpl/" done in 36.90 μs
[20:47:19] [REI-ReloadPlugins/TRACE] [REI] [REIPlugin START] Reloading Section: "start-reload/me.shedaniel.rei.plugin.client.runtime.PluginStageExecutionWatcher$1/"
[20:47:19] [REI-ReloadPlugins/TRACE] [REI] [REIPlugin START] Reloading Section: "start-reload/me.shedaniel.rei.plugin.client.runtime.PluginStageExecutionWatcher$1/" done in 28.30 μs
[20:47:19] [REI-ReloadPlugins/TRACE] [REI] [REIPlugin START] Reloading Section: "start-reload/" done in 972.7 μs
[20:47:19] [REI-ReloadPlugins/DEBUG] [REI] ========================================
[20:47:19] [REI-ReloadPlugins/DEBUG] [REI] REIPlugin started main-reload for START.
[20:47:19] [REI-ReloadPlugins/DEBUG] [REI] ========================================
[20:47:19] [REI-ReloadPlugins/TRACE] [REI] [REIPlugin START] Reloading Section: "reloadable-plugin/EntryTypeRegistryImpl/"
[20:47:19] [REI-ReloadPlugins/TRACE] [REI] [REIPlugin START] Reloading Section: "reloadable-plugin/EntryTypeRegistryImpl/DefaultClientPluginImpl of DefaultClientPluginImpl [roughlyenoughitems]/"
[20:47:19] [REI-ReloadPlugins/TRACE] [REI] [REIPlugin START] Reloading Section: "reloadable-plugin/EntryTypeRegistryImpl/DefaultClientPluginImpl of DefaultClientPluginImpl [roughlyenoughitems]/" done in 1.820 ms
[20:47:19] [REI-ReloadPlugins/TRACE] [REI] [REIPlugin START] Reloading Section: "reloadable-plugin/EntryTypeRegistryImpl/DefaultPluginImpl of DefaultPluginImpl [roughlyenoughitems]/"
[20:47:19] [REI-ReloadPlugins/TRACE] [REI] [REIPlugin START] Reloading Section: "reloadable-plugin/EntryTypeRegistryImpl/DefaultPluginImpl of DefaultPluginImpl [roughlyenoughitems]/" done in 96.60 μs
[20:47:19] [REI-ReloadPlugins/TRACE] [REI] [REIPlugin START] Reloading Section: "reloadable-plugin/EntryTypeRegistryImpl/HideIngredientsFromTagsPlugin of HideIngredientsFromTagsPlugin [roughlyenoughitems]/"
[20:47:19] [REI-ReloadPlugins/TRACE] [REI] [REIPlugin START] Reloading Section: "reloadable-plugin/EntryTypeRegistryImpl/HideIngredientsFromTagsPlugin of HideIngredientsFromTagsPlugin [roughlyenoughitems]/" done in 65.40 μs
[20:47:19] [REI-ReloadPlugins/TRACE] [REI] [REIPlugin START] Reloading Section: "reloadable-plugin/EntryTypeRegistryImpl/DefaultClientRuntimePlugin of DefaultClientRuntimePlugin [roughlyenoughitems]/"
[20:47:19] [REI-ReloadPlugins/TRACE] [REI] [REIPlugin START] Reloading Section: "reloadable-plugin/EntryTypeRegistryImpl/DefaultClientRuntimePlugin of DefaultClientRuntimePlugin [roughlyenoughitems]/" done in 61.00 μs
[20:47:19] [REI-ReloadPlugins/TRACE] [REI] [REIPlugin START] Reloading Section: "reloadable-plugin/EntryTypeRegistryImpl/DefaultRuntimePlugin of DefaultRuntimePlugin [roughlyenoughitems]/"
[20:47:19] [REI-ReloadPlugins/TRACE] [REI] [REIPlugin START] Reloading Section: "reloadable-plugin/EntryTypeRegistryImpl/DefaultRuntimePlugin of DefaultRuntimePlugin [roughlyenoughitems]/" done in 92.90 ms
[20:47:19] [REI-ReloadPlugins/TRACE] [REI] [REIPlugin START] Reloading Section: "reloadable-plugin/EntryTypeRegistryImpl/JEI Plugin [CreateAdditionJEI:createaddition:jei_plugin] of REI Plugin Compatibilities Adapter [rei_plugin_compatibilities, jei]/"
[20:47:19] [REI-ReloadPlugins/TRACE] [REI] [REIPlugin START] Reloading Section: "reloadable-plugin/EntryTypeRegistryImpl/JEI Plugin [CreateAdditionJEI:createaddition:jei_plugin] of REI Plugin Compatibilities Adapter [rei_plugin_compatibilities, jei]/" done in 4.724 ms
[20:47:19] [REI-ReloadPlugins/TRACE] [REI] [REIPlugin START] Reloading Section: "reloadable-plugin/EntryTypeRegistryImpl/JEI Plugin [PolyJEIPlugin:polylib:jei_plugin] of REI Plugin Compatibilities Adapter [rei_plugin_compatibilities, jei]/"
[20:47:19] [REI-ReloadPlugins/TRACE] [REI] [REIPlugin START] Reloading Section: "reloadable-plugin/EntryTypeRegistryImpl/JEI Plugin [PolyJEIPlugin:polylib:jei_plugin] of REI Plugin Compatibilities Adapter [rei_plugin_compatibilities, jei]/" done in 304.0 μs
[20:47:19] [REI-ReloadPlugins/TRACE] [REI] [REIPlugin START] Reloading Section: "reloadable-plugin/EntryTypeRegistryImpl/JEI Plugin [GTSEJEIPlugin:gregtech_steam_expansion:jei_plugin] of REI Plugin Compatibilities Adapter [rei_plugin_compatibilities, jei]/"
[20:47:19] [REI-ReloadPlugins/TRACE] [REI] [REIPlugin START] Reloading Section: "reloadable-plugin/EntryTypeRegistryImpl/JEI Plugin [GTSEJEIPlugin:gregtech_steam_expansion:jei_plugin] of REI Plugin Compatibilities Adapter [rei_plugin_compatibilities, jei]/" done in 89.20 μs
[20:47:19] [REI-ReloadPlugins/TRACE] [REI] [REIPlugin START] Reloading Section: "reloadable-plugin/EntryTypeRegistryImpl/JEI Plugin [GTJEIPlugin:gtceu:jei_plugin] of REI Plugin Compatibilities Adapter [rei_plugin_compatibilities, jei]/"
[20:47:19] [REI-ReloadPlugins/TRACE] [REI] [REIPlugin START] Reloading Section: "reloadable-plugin/EntryTypeRegistryImpl/JEI Plugin [GTJEIPlugin:gtceu:jei_plugin] of REI Plugin Compatibilities Adapter [rei_plugin_compatibilities, jei]/" done in 143.8 μs
[20:47:19] [REI-ReloadPlugins/TRACE] [REI] [REIPlugin START] Reloading Section: "reloadable-plugin/EntryTypeRegistryImpl/JEI Plugin [JEIIntegration:ftblibrary:jei] of REI Plugin Compatibilities Adapter [rei_plugin_compatibilities, jei]/"
[20:47:19] [REI-ReloadPlugins/TRACE] [REI] [REIPlugin START] Reloading Section: "reloadable-plugin/EntryTypeRegistryImpl/JEI Plugin [JEIIntegration:ftblibrary:jei] of REI Plugin Compatibilities Adapter [rei_plugin_compatibilities, jei]/" done in 98.90 μs
[20:47:19] [REI-ReloadPlugins/TRACE] [REI] [REIPlugin START] Reloading Section: "reloadable-plugin/EntryTypeRegistryImpl/JEI Plugin [JEIPlugin:kubejs:jei] of REI Plugin Compatibilities Adapter [rei_plugin_compatibilities, jei]/"
[20:47:19] [REI-ReloadPlugins/TRACE] [REI] [REIPlugin START] Reloading Section: "reloadable-plugin/EntryTypeRegistryImpl/JEI Plugin [JEIPlugin:kubejs:jei] of REI Plugin Compatibilities Adapter [rei_plugin_compatibilities, jei]/" done in 80.80 μs
[20:47:19] [REI-ReloadPlugins/TRACE] [REI] [REIPlugin START] Reloading Section: "reloadable-plugin/EntryTypeRegistryImpl/JEI Plugin [JEIIntegration:fluxnetworks:jei] of REI Plugin Compatibilities Adapter [rei_plugin_compatibilities, jei]/"
[20:47:19] [REI-ReloadPlugins/TRACE] [REI] [REIPlugin START] Reloading Section: "reloadable-plugin/EntryTypeRegistryImpl/JEI Plugin [JEIIntegration:fluxnetworks:jei] of REI Plugin Compatibilities Adapter [rei_plugin_compatibilities, jei]/" done in 177.0 μs
[20:47:19] [REI-ReloadPlugins/TRACE] [REI] [REIPlugin START] Reloading Section: "reloadable-plugin/EntryTypeRegistryImpl/JEI Plugin [CreateJEI:create:jei_plugin] of REI Plugin Compatibilities Adapter [rei_plugin_compatibilities, jei]/"
[20:47:19] [REI-ReloadPlugins/TRACE] [REI] [REIPlugin START] Reloading Section: "reloadable-plugin/EntryTypeRegistryImpl/JEI Plugin [CreateJEI:create:jei_plugin] of REI Plugin Compatibilities Adapter [rei_plugin_compatibilities, jei]/" done in 78.40 μs
[20:47:19] [REI-ReloadPlugins/TRACE] [REI] [REIPlugin START] Reloading Section: "reloadable-plugin/EntryTypeRegistryImpl/JEI Plugin [JEIPlugin:ae2:core] of REI Plugin Compatibilities Adapter [rei_plugin_compatibilities, jei]/"
[20:47:19] [REI-ReloadPlugins/TRACE] [REI] [REIPlugin START] Reloading Section: "reloadable-plugin/EntryTypeRegistryImpl/JEI Plugin [JEIPlugin:ae2:core] of REI Plugin Compatibilities Adapter [rei_plugin_compatibilities, jei]/" done in 69.40 μs
[20:47:19] [REI-ReloadPlugins/TRACE] [REI] [REIPlugin START] Reloading Section: "reloadable-plugin/EntryTypeRegistryImpl/JEI Plugin [JEICompat:jade:main] of REI Plugin Compatibilities Adapter [rei_plugin_compatibilities, jei]/"
[20:47:19] [REI-ReloadPlugins/TRACE] [REI] [REIPlugin START] Reloading Section: "reloadable-plugin/EntryTypeRegistryImpl/JEI Plugin [JEICompat:jade:main] of REI Plugin Compatibilities Adapter [rei_plugin_compatibilities, jei]/" done in 65.10 μs
[20:47:19] [REI-ReloadPlugins/TRACE] [REI] [REIPlugin START] Reloading Section: "reloadable-plugin/EntryTypeRegistryImpl/JEI Plugin [JEIPlugin:ldlib:jei_plugin] of REI Plugin Compatibilities Adapter [rei_plugin_compatibilities, jei]/"
[20:47:19] [REI-ReloadPlugins/TRACE] [REI] [REIPlugin START] Reloading Section: "reloadable-plugin/EntryTypeRegistryImpl/JEI Plugin [JEIPlugin:ldlib:jei_plugin] of REI Plugin Compatibilities Adapter [rei_plugin_compatibilities, jei]/" done in 77.60 μs
[20:47:19] [REI-ReloadPlugins/TRACE] [REI] [REIPlugin START] Reloading Section: "reloadable-plugin/EntryTypeRegistryImpl/JEI Plugin [BCJeiPlugin:bibliocraft:jei_plugin] of REI Plugin Compatibilities Adapter [rei_plugin_compatibilities, jei]/"
[20:47:19] [REI-ReloadPlugins/TRACE] [REI] [REIPlugin START] Reloading Section: "reloadable-plugin/EntryTypeRegistryImpl/JEI Plugin [BCJeiPlugin:bibliocraft:jei_plugin] of REI Plugin Compatibilities Adapter [rei_plugin_compatibilities, jei]/" done in 64.60 μs
[20:47:19] [REI-ReloadPlugins/TRACE] [REI] [REIPlugin START] Reloading Section: "reloadable-plugin/EntryTypeRegistryImpl/GTREIPlugin of GTREIPlugin [gtceu]/"
[20:47:19] [REI-ReloadPlugins/TRACE] [REI] [REIPlugin START] Reloading Section: "reloadable-plugin/EntryTypeRegistryImpl/GTREIPlugin of GTREIPlugin [gtceu]/" done in 87.00 μs
[20:47:19] [REI-ReloadPlugins/TRACE] [REI] [REIPlugin START] Reloading Section: "reloadable-plugin/EntryTypeRegistryImpl/FramedReiPlugin of FramedReiPlugin [framedblocks]/"
[20:47:19] [REI-ReloadPlugins/TRACE] [REI] [REIPlugin START] Reloading Section: "reloadable-plugin/EntryTypeRegistryImpl/FramedReiPlugin of FramedReiPlugin [framedblocks]/" done in 59.80 μs
[20:47:19] [REI-ReloadPlugins/TRACE] [REI] [REIPlugin START] Reloading Section: "reloadable-plugin/EntryTypeRegistryImpl/REIPluginImpl of REIPluginImpl [ldlib]/"
[20:47:19] [REI-ReloadPlugins/TRACE] [REI] [REIPlugin START] Reloading Section: "reloadable-plugin/EntryTypeRegistryImpl/REIPluginImpl of REIPluginImpl [ldlib]/" done in 59.50 μs
[20:47:19] [REI-ReloadPlugins/TRACE] [REI] [REIPlugin START] Reloading Section: "reloadable-plugin/EntryTypeRegistryImpl/REI Plugin Compatibilities Client Handler of REI Plugin Compatibilities Client Handler [rei_plugin_compatibilities, jei]/"
[20:47:19] [REI-ReloadPlugins/TRACE] [REI] [REIPlugin START] Reloading Section: "reloadable-plugin/EntryTypeRegistryImpl/REI Plugin Compatibilities Client Handler of REI Plugin Compatibilities Client Handler [rei_plugin_compatibilities, jei]/" done in 84.10 μs
[20:47:19] [REI-ReloadPlugins/TRACE] [REI] [REIPlugin START] Reloading Section: "reloadable-plugin/EntryTypeRegistryImpl/REIForgePluginStub of REIForgePluginStub [ftblibrary]/"
[20:47:19] [REI-ReloadPlugins/TRACE] [REI] [REIPlugin START] Reloading Section: "reloadable-plugin/EntryTypeRegistryImpl/REIForgePluginStub of REIForgePluginStub [ftblibrary]/" done in 95.40 μs
[20:47:19] [REI-ReloadPlugins/TRACE] [REI] [REIPlugin START] Reloading Section: "reloadable-plugin/EntryTypeRegistryImpl/AE2 of AE2 [ae2]/"
[20:47:19] [REI-ReloadPlugins/TRACE] [REI] [REIPlugin START] Reloading Section: "reloadable-plugin/EntryTypeRegistryImpl/AE2 of AE2 [ae2]/" done in 65.10 μs
[20:47:19] [REI-ReloadPlugins/TRACE] [REI] [REIPlugin START] Reloading Section: "reloadable-plugin/EntryTypeRegistryImpl/REIForgePluginStub of REIForgePluginStub [kubejs]/"
[20:47:19] [REI-ReloadPlugins/TRACE] [REI] [REIPlugin START] Reloading Section: "reloadable-plugin/EntryTypeRegistryImpl/REIForgePluginStub of REIForgePluginStub [kubejs]/" done in 77.10 μs
[20:47:19] [REI-ReloadPlugins/TRACE] [REI] [REIPlugin START] Reloading Section: "reloadable-plugin/EntryTypeRegistryImpl/" done in 107.9 ms
[20:47:19] [REI-ReloadPlugins/TRACE] [REI] [REIPlugin START] Reloading Section: "reloadable-plugin/EntrySettingsAdapterRegistryImpl/"
[20:47:19] [REI-ReloadPlugins/TRACE] [REI] [REIPlugin START] Reloading Section: "reloadable-plugin/EntrySettingsAdapterRegistryImpl/DefaultClientPluginImpl of DefaultClientPluginImpl [roughlyenoughitems]/"
[20:47:19] [REI-ReloadPlugins/TRACE] [REI] [REIPlugin START] Reloading Section: "reloadable-plugin/EntrySettingsAdapterRegistryImpl/DefaultClientPluginImpl of DefaultClientPluginImpl [roughlyenoughitems]/" done in 64.60 μs
[20:47:19] [REI-ReloadPlugins/TRACE] [REI] [REIPlugin START] Reloading Section: "reloadable-plugin/EntrySettingsAdapterRegistryImpl/DefaultPluginImpl of DefaultPluginImpl [roughlyenoughitems]/"
[20:47:19] [REI-ReloadPlugins/TRACE] [REI] [REIPlugin START] Reloading Section: "reloadable-plugin/EntrySettingsAdapterRegistryImpl/DefaultPluginImpl of DefaultPluginImpl [roughlyenoughitems]/" done in 71.10 μs
[20:47:19] [REI-ReloadPlugins/TRACE] [REI] [REIPlugin START] Reloading Section: "reloadable-plugin/EntrySettingsAdapterRegistryImpl/HideIngredientsFromTagsPlugin of HideIngredientsFromTagsPlugin [roughlyenoughitems]/"
[20:47:19] [REI-ReloadPlugins/TRACE] [REI] [REIPlugin START] Reloading Section: "reloadable-plugin/EntrySettingsAdapterRegistryImpl/HideIngredientsFromTagsPlugin of HideIngredientsFromTagsPlugin [roughlyenoughitems]/" done in 55.40 μs
[20:47:19] [REI-ReloadPlugins/TRACE] [REI] [REIPlugin START] Reloading Section: "reloadable-plugin/EntrySettingsAdapterRegistryImpl/DefaultClientRuntimePlugin of DefaultClientRuntimePlugin [roughlyenoughitems]/"
[20:47:19] [REI-ReloadPlugins/TRACE] [REI] [REIPlugin START] Reloading Section: "reloadable-plugin/EntrySettingsAdapterRegistryImpl/DefaultClientRuntimePlugin of DefaultClientRuntimePlugin [roughlyenoughitems]/" done in 53.20 μs
[20:47:19] [REI-ReloadPlugins/TRACE] [REI] [REIPlugin START] Reloading Section: "reloadable-plugin/EntrySettingsAdapterRegistryImpl/DefaultRuntimePlugin of DefaultRuntimePlugin [roughlyenoughitems]/"
[20:47:19] [REI-ReloadPlugins/TRACE] [REI] [REIPlugin START] Reloading Section: "reloadable-plugin/EntrySettingsAdapterRegistryImpl/DefaultRuntimePlugin of DefaultRuntimePlugin [roughlyenoughitems]/" done in 54.00 μs
[20:47:19] [REI-ReloadPlugins/TRACE] [REI] [REIPlugin START] Reloading Section: "reloadable-plugin/EntrySettingsAdapterRegistryImpl/JEI Plugin [CreateAdditionJEI:createaddition:jei_plugin] of REI Plugin Compatibilities Adapter [rei_plugin_compatibilities, jei]/"
[20:47:19] [REI-ReloadPlugins/TRACE] [REI] [REIPlugin START] Reloading Section: "reloadable-plugin/EntrySettingsAdapterRegistryImpl/JEI Plugin [CreateAdditionJEI:createaddition:jei_plugin] of REI Plugin Compatibilities Adapter [rei_plugin_compatibilities, jei]/" done in 58.90 μs
[20:47:19] [REI-ReloadPlugins/TRACE] [REI] [REIPlugin START] Reloading Section: "reloadable-plugin/EntrySettingsAdapterRegistryImpl/JEI Plugin [PolyJEIPlugin:polylib:jei_plugin] of REI Plugin Compatibilities Adapter [rei_plugin_compatibilities, jei]/"
[20:47:19] [REI-ReloadPlugins/TRACE] [REI] [REIPlugin START] Reloading Section: "reloadable-plugin/EntrySettingsAdapterRegistryImpl/JEI Plugin [PolyJEIPlugin:polylib:jei_plugin] of REI Plugin Compatibilities Adapter [rei_plugin_compatibilities, jei]/" done in 65.10 μs
[20:47:19] [REI-ReloadPlugins/TRACE] [REI] [REIPlugin START] Reloading Section: "reloadable-plugin/EntrySettingsAdapterRegistryImpl/JEI Plugin [GTSEJEIPlugin:gregtech_steam_expansion:jei_plugin] of REI Plugin Compatibilities Adapter [rei_plugin_compatibilities, jei]/"
[20:47:19] [REI-ReloadPlugins/TRACE] [REI] [REIPlugin START] Reloading Section: "reloadable-plugin/EntrySettingsAdapterRegistryImpl/JEI Plugin [GTSEJEIPlugin:gregtech_steam_expansion:jei_plugin] of REI Plugin Compatibilities Adapter [rei_plugin_compatibilities, jei]/" done in 73.50 μs
[20:47:19] [REI-ReloadPlugins/TRACE] [REI] [REIPlugin START] Reloading Section: "reloadable-plugin/EntrySettingsAdapterRegistryImpl/JEI Plugin [GTJEIPlugin:gtceu:jei_plugin] of REI Plugin Compatibilities Adapter [rei_plugin_compatibilities, jei]/"
[20:47:19] [REI-ReloadPlugins/TRACE] [REI] [REIPlugin START] Reloading Section: "reloadable-plugin/EntrySettingsAdapterRegistryImpl/JEI Plugin [GTJEIPlugin:gtceu:jei_plugin] of REI Plugin Compatibilities Adapter [rei_plugin_compatibilities, jei]/" done in 87.60 μs
[20:47:19] [REI-ReloadPlugins/TRACE] [REI] [REIPlugin START] Reloading Section: "reloadable-plugin/EntrySettingsAdapterRegistryImpl/JEI Plugin [JEIIntegration:ftblibrary:jei] of REI Plugin Compatibilities Adapter [rei_plugin_compatibilities, jei]/"
[20:47:19] [REI-ReloadPlugins/TRACE] [REI] [REIPlugin START] Reloading Section: "reloadable-plugin/EntrySettingsAdapterRegistryImpl/JEI Plugin [JEIIntegration:ftblibrary:jei] of REI Plugin Compatibilities Adapter [rei_plugin_compatibilities, jei]/" done in 67.50 μs
[20:47:19] [REI-ReloadPlugins/TRACE] [REI] [REIPlugin START] Reloading Section: "reloadable-plugin/EntrySettingsAdapterRegistryImpl/JEI Plugin [JEIPlugin:kubejs:jei] of REI Plugin Compatibilities Adapter [rei_plugin_compatibilities, jei]/"
[20:47:19] [REI-ReloadPlugins/TRACE] [REI] [REIPlugin START] Reloading Section: "reloadable-plugin/EntrySettingsAdapterRegistryImpl/JEI Plugin [JEIPlugin:kubejs:jei] of REI Plugin Compatibilities Adapter [rei_plugin_compatibilities, jei]/" done in 67.10 μs
[20:47:19] [REI-ReloadPlugins/TRACE] [REI] [REIPlugin START] Reloading Section: "reloadable-plugin/EntrySettingsAdapterRegistryImpl/JEI Plugin [JEIIntegration:fluxnetworks:jei] of REI Plugin Compatibilities Adapter [rei_plugin_compatibilities, jei]/"
[20:47:19] [REI-ReloadPlugins/TRACE] [REI] [REIPlugin START] Reloading Section: "reloadable-plugin/EntrySettingsAdapterRegistryImpl/JEI Plugin [JEIIntegration:fluxnetworks:jei] of REI Plugin Compatibilities Adapter [rei_plugin_compatibilities, jei]/" done in 60.90 μs
[20:47:19] [REI-ReloadPlugins/TRACE] [REI] [REIPlugin START] Reloading Section: "reloadable-plugin/EntrySettingsAdapterRegistryImpl/JEI Plugin [CreateJEI:create:jei_plugin] of REI Plugin Compatibilities Adapter [rei_plugin_compatibilities, jei]/"
[20:47:19] [REI-ReloadPlugins/TRACE] [REI] [REIPlugin START] Reloading Section: "reloadable-plugin/EntrySettingsAdapterRegistryImpl/JEI Plugin [CreateJEI:create:jei_plugin] of REI Plugin Compatibilities Adapter [rei_plugin_compatibilities, jei]/" done in 83.10 μs
[20:47:19] [REI-ReloadPlugins/TRACE] [REI] [REIPlugin START] Reloading Section: "reloadable-plugin/EntrySettingsAdapterRegistryImpl/JEI Plugin [JEIPlugin:ae2:core] of REI Plugin Compatibilities Adapter [rei_plugin_compatibilities, jei]/"
[20:47:19] [REI-ReloadPlugins/TRACE] [REI] [REIPlugin START] Reloading Section: "reloadable-plugin/EntrySettingsAdapterRegistryImpl/JEI Plugin [JEIPlugin:ae2:core] of REI Plugin Compatibilities Adapter [rei_plugin_compatibilities, jei]/" done in 59.10 μs
[20:47:19] [REI-ReloadPlugins/TRACE] [REI] [REIPlugin START] Reloading Section: "reloadable-plugin/EntrySettingsAdapterRegistryImpl/JEI Plugin [JEICompat:jade:main] of REI Plugin Compatibilities Adapter [rei_plugin_compatibilities, jei]/"
[20:47:19] [REI-ReloadPlugins/TRACE] [REI] [REIPlugin START] Reloading Section: "reloadable-plugin/EntrySettingsAdapterRegistryImpl/JEI Plugin [JEICompat:jade:main] of REI Plugin Compatibilities Adapter [rei_plugin_compatibilities, jei]/" done in 55.10 μs
[20:47:19] [REI-ReloadPlugins/TRACE] [REI] [REIPlugin START] Reloading Section: "reloadable-plugin/EntrySettingsAdapterRegistryImpl/JEI Plugin [JEIPlugin:ldlib:jei_plugin] of REI Plugin Compatibilities Adapter [rei_plugin_compatibilities, jei]/"
[20:47:19] [REI-ReloadPlugins/TRACE] [REI] [REIPlugin START] Reloading Section: "reloadable-plugin/EntrySettingsAdapterRegistryImpl/JEI Plugin [JEIPlugin:ldlib:jei_plugin] of REI Plugin Compatibilities Adapter [rei_plugin_compatibilities, jei]/" done in 58.90 μs
[20:47:19] [REI-ReloadPlugins/TRACE] [REI] [REIPlugin START] Reloading Section: "reloadable-plugin/EntrySettingsAdapterRegistryImpl/JEI Plugin [BCJeiPlugin:bibliocraft:jei_plugin] of REI Plugin Compatibilities Adapter [rei_plugin_compatibilities, jei]/"
[20:47:19] [REI-ReloadPlugins/TRACE] [REI] [REIPlugin START] Reloading Section: "reloadable-plugin/EntrySettingsAdapterRegistryImpl/JEI Plugin [BCJeiPlugin:bibliocraft:jei_plugin] of REI Plugin Compatibilities Adapter [rei_plugin_compatibilities, jei]/" done in 72.00 μs
[20:47:19] [REI-ReloadPlugins/TRACE] [REI] [REIPlugin START] Reloading Section: "reloadable-plugin/EntrySettingsAdapterRegistryImpl/GTREIPlugin of GTREIPlugin [gtceu]/"
[20:47:19] [REI-ReloadPlugins/TRACE] [REI] [REIPlugin START] Reloading Section: "reloadable-plugin/EntrySettingsAdapterRegistryImpl/GTREIPlugin of GTREIPlugin [gtceu]/" done in 62.60 μs
[20:47:19] [REI-ReloadPlugins/TRACE] [REI] [REIPlugin START] Reloading Section: "reloadable-plugin/EntrySettingsAdapterRegistryImpl/FramedReiPlugin of FramedReiPlugin [framedblocks]/"
[20:47:19] [REI-ReloadPlugins/TRACE] [REI] [REIPlugin START] Reloading Section: "reloadable-plugin/EntrySettingsAdapterRegistryImpl/FramedReiPlugin of FramedReiPlugin [framedblocks]/" done in 54.00 μs
[20:47:19] [REI-ReloadPlugins/TRACE] [REI] [REIPlugin START] Reloading Section: "reloadable-plugin/EntrySettingsAdapterRegistryImpl/REIPluginImpl of REIPluginImpl [ldlib]/"
[20:47:19] [REI-ReloadPlugins/TRACE] [REI] [REIPlugin START] Reloading Section: "reloadable-plugin/EntrySettingsAdapterRegistryImpl/REIPluginImpl of REIPluginImpl [ldlib]/" done in 61.50 μs
[20:47:19] [REI-ReloadPlugins/TRACE] [REI] [REIPlugin START] Reloading Section: "reloadable-plugin/EntrySettingsAdapterRegistryImpl/REI Plugin Compatibilities Client Handler of REI Plugin Compatibilities Client Handler [rei_plugin_compatibilities, jei]/"
[20:47:19] [REI-ReloadPlugins/TRACE] [REI] [REIPlugin START] Reloading Section: "reloadable-plugin/EntrySettingsAdapterRegistryImpl/REI Plugin Compatibilities Client Handler of REI Plugin Compatibilities Client Handler [rei_plugin_compatibilities, jei]/" done in 50.60 μs
[20:47:19] [REI-ReloadPlugins/TRACE] [REI] [REIPlugin START] Reloading Section: "reloadable-plugin/EntrySettingsAdapterRegistryImpl/REIForgePluginStub of REIForgePluginStub [ftblibrary]/"
[20:47:19] [REI-ReloadPlugins/TRACE] [REI] [REIPlugin START] Reloading Section: "reloadable-plugin/EntrySettingsAdapterRegistryImpl/REIForgePluginStub of REIForgePluginStub [ftblibrary]/" done in 55.50 μs
[20:47:19] [REI-ReloadPlugins/TRACE] [REI] [REIPlugin START] Reloading Section: "reloadable-plugin/EntrySettingsAdapterRegistryImpl/AE2 of AE2 [ae2]/"
[20:47:19] [REI-ReloadPlugins/TRACE] [REI] [REIPlugin START] Reloading Section: "reloadable-plugin/EntrySettingsAdapterRegistryImpl/AE2 of AE2 [ae2]/" done in 57.90 μs
[20:47:19] [REI-ReloadPlugins/TRACE] [REI] [REIPlugin START] Reloading Section: "reloadable-plugin/EntrySettingsAdapterRegistryImpl/REIForgePluginStub of REIForgePluginStub [kubejs]/"
[20:47:19] [REI-ReloadPlugins/TRACE] [REI] [REIPlugin START] Reloading Section: "reloadable-plugin/EntrySettingsAdapterRegistryImpl/REIForgePluginStub of REIForgePluginStub [kubejs]/" done in 126.5 μs
[20:47:19] [REI-ReloadPlugins/TRACE] [REI] [REIPlugin START] Reloading Section: "reloadable-plugin/EntrySettingsAdapterRegistryImpl/" done in 4.693 ms
[20:47:19] [REI-ReloadPlugins/TRACE] [REI] [REIPlugin START] Reloading Section: "reloadable-plugin/RecipeManagerContextImpl/"
[20:47:19] [REI-ReloadPlugins/TRACE] [REI] [REIPlugin START] Reloading Section: "reloadable-plugin/RecipeManagerContextImpl/DefaultClientPluginImpl of DefaultClientPluginImpl [roughlyenoughitems]/"
[20:47:19] [REI-ReloadPlugins/TRACE] [REI] [REIPlugin START] Reloading Section: "reloadable-plugin/RecipeManagerContextImpl/DefaultClientPluginImpl of DefaultClientPluginImpl [roughlyenoughitems]/" done in 66.70 μs
[20:47:19] [REI-ReloadPlugins/TRACE] [REI] [REIPlugin START] Reloading Section: "reloadable-plugin/RecipeManagerContextImpl/DefaultPluginImpl of DefaultPluginImpl [roughlyenoughitems]/"
[20:47:19] [REI-ReloadPlugins/TRACE] [REI] [REIPlugin START] Reloading Section: "reloadable-plugin/RecipeManagerContextImpl/DefaultPluginImpl of DefaultPluginImpl [roughlyenoughitems]/" done in 63.90 μs
[20:47:19] [REI-ReloadPlugins/TRACE] [REI] [REIPlugin START] Reloading Section: "reloadable-plugin/RecipeManagerContextImpl/HideIngredientsFromTagsPlugin of HideIngredientsFromTagsPlugin [roughlyenoughitems]/"
[20:47:19] [REI-ReloadPlugins/TRACE] [REI] [REIPlugin START] Reloading Section: "reloadable-plugin/RecipeManagerContextImpl/HideIngredientsFromTagsPlugin of HideIngredientsFromTagsPlugin [roughlyenoughitems]/" done in 61.50 μs
[20:47:19] [REI-ReloadPlugins/TRACE] [REI] [REIPlugin START] Reloading Section: "reloadable-plugin/RecipeManagerContextImpl/DefaultClientRuntimePlugin of DefaultClientRuntimePlugin [roughlyenoughitems]/"
[20:47:19] [REI-ReloadPlugins/TRACE] [REI] [REIPlugin START] Reloading Section: "reloadable-plugin/RecipeManagerContextImpl/DefaultClientRuntimePlugin of DefaultClientRuntimePlugin [roughlyenoughitems]/" done in 82.70 μs
[20:47:19] [REI-ReloadPlugins/TRACE] [REI] [REIPlugin START] Reloading Section: "reloadable-plugin/RecipeManagerContextImpl/DefaultRuntimePlugin of DefaultRuntimePlugin [roughlyenoughitems]/"
[20:47:19] [REI-ReloadPlugins/TRACE] [REI] [REIPlugin START] Reloading Section: "reloadable-plugin/RecipeManagerContextImpl/DefaultRuntimePlugin of DefaultRuntimePlugin [roughlyenoughitems]/" done in 65.50 μs
[20:47:19] [REI-ReloadPlugins/TRACE] [REI] [REIPlugin START] Reloading Section: "reloadable-plugin/RecipeManagerContextImpl/JEI Plugin [CreateAdditionJEI:createaddition:jei_plugin] of REI Plugin Compatibilities Adapter [rei_plugin_compatibilities, jei]/"
[20:47:19] [REI-ReloadPlugins/TRACE] [REI] [REIPlugin START] Reloading Section: "reloadable-plugin/RecipeManagerContextImpl/JEI Plugin [CreateAdditionJEI:createaddition:jei_plugin] of REI Plugin Compatibilities Adapter [rei_plugin_compatibilities, jei]/" done in 53.90 μs
[20:47:19] [REI-ReloadPlugins/TRACE] [REI] [REIPlugin START] Reloading Section: "reloadable-plugin/RecipeManagerContextImpl/JEI Plugin [PolyJEIPlugin:polylib:jei_plugin] of REI Plugin Compatibilities Adapter [rei_plugin_compatibilities, jei]/"
[20:47:19] [REI-ReloadPlugins/TRACE] [REI] [REIPlugin START] Reloading Section: "reloadable-plugin/RecipeManagerContextImpl/JEI Plugin [PolyJEIPlugin:polylib:jei_plugin] of REI Plugin Compatibilities Adapter [rei_plugin_compatibilities, jei]/" done in 52.50 μs
[20:47:19] [REI-ReloadPlugins/TRACE] [REI] [REIPlugin START] Reloading Section: "reloadable-plugin/RecipeManagerContextImpl/JEI Plugin [GTSEJEIPlugin:gregtech_steam_expansion:jei_plugin] of REI Plugin Compatibilities Adapter [rei_plugin_compatibilities, jei]/"
[20:47:19] [REI-ReloadPlugins/TRACE] [REI] [REIPlugin START] Reloading Section: "reloadable-plugin/RecipeManagerContextImpl/JEI Plugin [GTSEJEIPlugin:gregtech_steam_expansion:jei_plugin] of REI Plugin Compatibilities Adapter [rei_plugin_compatibilities, jei]/" done in 64.90 μs
[20:47:19] [REI-ReloadPlugins/TRACE] [REI] [REIPlugin START] Reloading Section: "reloadable-plugin/RecipeManagerContextImpl/JEI Plugin [GTJEIPlugin:gtceu:jei_plugin] of REI Plugin Compatibilities Adapter [rei_plugin_compatibilities, jei]/"
[20:47:19] [REI-ReloadPlugins/TRACE] [REI] [REIPlugin START] Reloading Section: "reloadable-plugin/RecipeManagerContextImpl/JEI Plugin [GTJEIPlugin:gtceu:jei_plugin] of REI Plugin Compatibilities Adapter [rei_plugin_compatibilities, jei]/" done in 55.10 μs
[20:47:19] [REI-ReloadPlugins/TRACE] [REI] [REIPlugin START] Reloading Section: "reloadable-plugin/RecipeManagerContextImpl/JEI Plugin [JEIIntegration:ftblibrary:jei] of REI Plugin Compatibilities Adapter [rei_plugin_compatibilities, jei]/"
[20:47:19] [REI-ReloadPlugins/TRACE] [REI] [REIPlugin START] Reloading Section: "reloadable-plugin/RecipeManagerContextImpl/JEI Plugin [JEIIntegration:ftblibrary:jei] of REI Plugin Compatibilities Adapter [rei_plugin_compatibilities, jei]/" done in 55.00 μs
[20:47:19] [REI-ReloadPlugins/TRACE] [REI] [REIPlugin START] Reloading Section: "reloadable-plugin/RecipeManagerContextImpl/JEI Plugin [JEIPlugin:kubejs:jei] of REI Plugin Compatibilities Adapter [rei_plugin_compatibilities, jei]/"
[20:47:19] [REI-ReloadPlugins/TRACE] [REI] [REIPlugin START] Reloading Section: "reloadable-plugin/RecipeManagerContextImpl/JEI Plugin [JEIPlugin:kubejs:jei] of REI Plugin Compatibilities Adapter [rei_plugin_compatibilities, jei]/" done in 57.00 μs
[20:47:19] [REI-ReloadPlugins/TRACE] [REI] [REIPlugin START] Reloading Section: "reloadable-plugin/RecipeManagerContextImpl/JEI Plugin [JEIIntegration:fluxnetworks:jei] of REI Plugin Compatibilities Adapter [rei_plugin_compatibilities, jei]/"
[20:47:19] [REI-ReloadPlugins/TRACE] [REI] [REIPlugin START] Reloading Section: "reloadable-plugin/RecipeManagerContextImpl/JEI Plugin [JEIIntegration:fluxnetworks:jei] of REI Plugin Compatibilities Adapter [rei_plugin_compatibilities, jei]/" done in 61.30 μs
[20:47:19] [REI-ReloadPlugins/TRACE] [REI] [REIPlugin START] Reloading Section: "reloadable-plugin/RecipeManagerContextImpl/JEI Plugin [CreateJEI:create:jei_plugin] of REI Plugin Compatibilities Adapter [rei_plugin_compatibilities, jei]/"
[20:47:19] [REI-ReloadPlugins/TRACE] [REI] [REIPlugin START] Reloading Section: "reloadable-plugin/RecipeManagerContextImpl/JEI Plugin [CreateJEI:create:jei_plugin] of REI Plugin Compatibilities Adapter [rei_plugin_compatibilities, jei]/" done in 54.10 μs
[20:47:19] [REI-ReloadPlugins/TRACE] [REI] [REIPlugin START] Reloading Section: "reloadable-plugin/RecipeManagerContextImpl/JEI Plugin [JEIPlugin:ae2:core] of REI Plugin Compatibilities Adapter [rei_plugin_compatibilities, jei]/"
[20:47:19] [REI-ReloadPlugins/TRACE] [REI] [REIPlugin START] Reloading Section: "reloadable-plugin/RecipeManagerContextImpl/JEI Plugin [JEIPlugin:ae2:core] of REI Plugin Compatibilities Adapter [rei_plugin_compatibilities, jei]/" done in 53.60 μs
[20:47:19] [REI-ReloadPlugins/TRACE] [REI] [REIPlugin START] Reloading Section: "reloadable-plugin/RecipeManagerContextImpl/JEI Plugin [JEICompat:jade:main] of REI Plugin Compatibilities Adapter [rei_plugin_compatibilities, jei]/"
[20:47:19] [REI-ReloadPlugins/TRACE] [REI] [REIPlugin START] Reloading Section: "reloadable-plugin/RecipeManagerContextImpl/JEI Plugin [JEICompat:jade:main] of REI Plugin Compatibilities Adapter [rei_plugin_compatibilities, jei]/" done in 53.40 μs
[20:47:19] [REI-ReloadPlugins/TRACE] [REI] [REIPlugin START] Reloading Section: "reloadable-plugin/RecipeManagerContextImpl/JEI Plugin [JEIPlugin:ldlib:jei_plugin] of REI Plugin Compatibilities Adapter [rei_plugin_compatibilities, jei]/"
[20:47:19] [REI-ReloadPlugins/TRACE] [REI] [REIPlugin START] Reloading Section: "reloadable-plugin/RecipeManagerContextImpl/JEI Plugin [JEIPlugin:ldlib:jei_plugin] of REI Plugin Compatibilities Adapter [rei_plugin_compatibilities, jei]/" done in 53.60 μs
[20:47:19] [REI-ReloadPlugins/TRACE] [REI] [REIPlugin START] Reloading Section: "reloadable-plugin/RecipeManagerContextImpl/JEI Plugin [BCJeiPlugin:bibliocraft:jei_plugin] of REI Plugin Compatibilities Adapter [rei_plugin_compatibilities, jei]/"
[20:47:19] [REI-ReloadPlugins/TRACE] [REI] [REIPlugin START] Reloading Section: "reloadable-plugin/RecipeManagerContextImpl/JEI Plugin [BCJeiPlugin:bibliocraft:jei_plugin] of REI Plugin Compatibilities Adapter [rei_plugin_compatibilities, jei]/" done in 51.30 μs
[20:47:19] [REI-ReloadPlugins/TRACE] [REI] [REIPlugin START] Reloading Section: "reloadable-plugin/RecipeManagerContextImpl/GTREIPlugin of GTREIPlugin [gtceu]/"
[20:47:19] [REI-ReloadPlugins/TRACE] [REI] [REIPlugin START] Reloading Section: "reloadable-plugin/RecipeManagerContextImpl/GTREIPlugin of GTREIPlugin [gtceu]/" done in 50.60 μs
[20:47:19] [REI-ReloadPlugins/TRACE] [REI] [REIPlugin START] Reloading Section: "reloadable-plugin/RecipeManagerContextImpl/FramedReiPlugin of FramedReiPlugin [framedblocks]/"
[20:47:19] [REI-ReloadPlugins/TRACE] [REI] [REIPlugin START] Reloading Section: "reloadable-plugin/RecipeManagerContextImpl/FramedReiPlugin of FramedReiPlugin [framedblocks]/" done in 55.00 μs
[20:47:19] [REI-ReloadPlugins/TRACE] [REI] [REIPlugin START] Reloading Section: "reloadable-plugin/RecipeManagerContextImpl/REIPluginImpl of REIPluginImpl [ldlib]/"
[20:47:19] [REI-ReloadPlugins/TRACE] [REI] [REIPlugin START] Reloading Section: "reloadable-plugin/RecipeManagerContextImpl/REIPluginImpl of REIPluginImpl [ldlib]/" done in 54.40 μs
[20:47:19] [REI-ReloadPlugins/TRACE] [REI] [REIPlugin START] Reloading Section: "reloadable-plugin/RecipeManagerContextImpl/REI Plugin Compatibilities Client Handler of REI Plugin Compatibilities Client Handler [rei_plugin_compatibilities, jei]/"
[20:47:19] [REI-ReloadPlugins/TRACE] [REI] [REIPlugin START] Reloading Section: "reloadable-plugin/RecipeManagerContextImpl/REI Plugin Compatibilities Client Handler of REI Plugin Compatibilities Client Handler [rei_plugin_compatibilities, jei]/" done in 57.10 μs
[20:47:19] [REI-ReloadPlugins/TRACE] [REI] [REIPlugin START] Reloading Section: "reloadable-plugin/RecipeManagerContextImpl/REIForgePluginStub of REIForgePluginStub [ftblibrary]/"
[20:47:19] [REI-ReloadPlugins/TRACE] [REI] [REIPlugin START] Reloading Section: "reloadable-plugin/RecipeManagerContextImpl/REIForgePluginStub of REIForgePluginStub [ftblibrary]/" done in 53.10 μs
[20:47:19] [REI-ReloadPlugins/TRACE] [REI] [REIPlugin START] Reloading Section: "reloadable-plugin/RecipeManagerContextImpl/AE2 of AE2 [ae2]/"
[20:47:19] [REI-ReloadPlugins/TRACE] [REI] [REIPlugin START] Reloading Section: "reloadable-plugin/RecipeManagerContextImpl/AE2 of AE2 [ae2]/" done in 55.50 μs
[20:47:19] [REI-ReloadPlugins/TRACE] [REI] [REIPlugin START] Reloading Section: "reloadable-plugin/RecipeManagerContextImpl/REIForgePluginStub of REIForgePluginStub [kubejs]/"
[20:47:19] [REI-ReloadPlugins/TRACE] [REI] [REIPlugin START] Reloading Section: "reloadable-plugin/RecipeManagerContextImpl/REIForgePluginStub of REIForgePluginStub [kubejs]/" done in 70.10 μs
[20:47:19] [REI-ReloadPlugins/TRACE] [REI] [REIPlugin START] Reloading Section: "reloadable-plugin/RecipeManagerContextImpl/" done in 4.389 ms
[20:47:19] [REI-ReloadPlugins/TRACE] [REI] [REIPlugin START] Reloading Section: "reloadable-plugin/ItemComparatorRegistryImpl/"
[20:47:19] [REI-ReloadPlugins/TRACE] [REI] [REIPlugin START] Reloading Section: "reloadable-plugin/ItemComparatorRegistryImpl/DefaultClientPluginImpl of DefaultClientPluginImpl [roughlyenoughitems]/"
[20:47:19] [REI-ReloadPlugins/TRACE] [REI] [REIPlugin START] Reloading Section: "reloadable-plugin/ItemComparatorRegistryImpl/DefaultClientPluginImpl of DefaultClientPluginImpl [roughlyenoughitems]/" done in 74.40 μs
[20:47:19] [REI-ReloadPlugins/TRACE] [REI] [REIPlugin START] Reloading Section: "reloadable-plugin/ItemComparatorRegistryImpl/DefaultPluginImpl of DefaultPluginImpl [roughlyenoughitems]/"
[20:47:19] [REI-ReloadPlugins/TRACE] [REI] [REIPlugin START] Reloading Section: "reloadable-plugin/ItemComparatorRegistryImpl/DefaultPluginImpl of DefaultPluginImpl [roughlyenoughitems]/" done in 6.161 ms
[20:47:19] [REI-ReloadPlugins/TRACE] [REI] [REIPlugin START] Reloading Section: "reloadable-plugin/ItemComparatorRegistryImpl/HideIngredientsFromTagsPlugin of HideIngredientsFromTagsPlugin [roughlyenoughitems]/"
[20:47:19] [REI-ReloadPlugins/TRACE] [REI] [REIPlugin START] Reloading Section: "reloadable-plugin/ItemComparatorRegistryImpl/HideIngredientsFromTagsPlugin of HideIngredientsFromTagsPlugin [roughlyenoughitems]/" done in 91.00 μs
[20:47:19] [REI-ReloadPlugins/TRACE] [REI] [REIPlugin START] Reloading Section: "reloadable-plugin/ItemComparatorRegistryImpl/DefaultClientRuntimePlugin of DefaultClientRuntimePlugin [roughlyenoughitems]/"
[20:47:19] [REI-ReloadPlugins/TRACE] [REI] [REIPlugin START] Reloading Section: "reloadable-plugin/ItemComparatorRegistryImpl/DefaultClientRuntimePlugin of DefaultClientRuntimePlugin [roughlyenoughitems]/" done in 56.80 μs
[20:47:19] [REI-ReloadPlugins/TRACE] [REI] [REIPlugin START] Reloading Section: "reloadable-plugin/ItemComparatorRegistryImpl/DefaultRuntimePlugin of DefaultRuntimePlugin [roughlyenoughitems]/"
[20:47:19] [REI-ReloadPlugins/TRACE] [REI] [REIPlugin START] Reloading Section: "reloadable-plugin/ItemComparatorRegistryImpl/DefaultRuntimePlugin of DefaultRuntimePlugin [roughlyenoughitems]/" done in 52.40 μs
[20:47:19] [REI-ReloadPlugins/TRACE] [REI] [REIPlugin START] Reloading Section: "reloadable-plugin/ItemComparatorRegistryImpl/JEI Plugin [CreateAdditionJEI:createaddition:jei_plugin] of REI Plugin Compatibilities Adapter [rei_plugin_compatibilities, jei]/"
[20:47:19] [REI-ReloadPlugins/TRACE] [REI] [REIPlugin START] Reloading Section: "reloadable-plugin/ItemComparatorRegistryImpl/JEI Plugin [CreateAdditionJEI:createaddition:jei_plugin] of REI Plugin Compatibilities Adapter [rei_plugin_compatibilities, jei]/" done in 5.843 ms
[20:47:19] [REI-ReloadPlugins/TRACE] [REI] [REIPlugin START] Reloading Section: "reloadable-plugin/ItemComparatorRegistryImpl/JEI Plugin [PolyJEIPlugin:polylib:jei_plugin] of REI Plugin Compatibilities Adapter [rei_plugin_compatibilities, jei]/"
[20:47:19] [REI-ReloadPlugins/TRACE] [REI] [REIPlugin START] Reloading Section: "reloadable-plugin/ItemComparatorRegistryImpl/JEI Plugin [PolyJEIPlugin:polylib:jei_plugin] of REI Plugin Compatibilities Adapter [rei_plugin_compatibilities, jei]/" done in 70.10 μs
[20:47:19] [REI-ReloadPlugins/TRACE] [REI] [REIPlugin START] Reloading Section: "reloadable-plugin/ItemComparatorRegistryImpl/JEI Plugin [GTSEJEIPlugin:gregtech_steam_expansion:jei_plugin] of REI Plugin Compatibilities Adapter [rei_plugin_compatibilities, jei]/"
[20:47:19] [REI-ReloadPlugins/TRACE] [REI] [REIPlugin START] Reloading Section: "reloadable-plugin/ItemComparatorRegistryImpl/JEI Plugin [GTSEJEIPlugin:gregtech_steam_expansion:jei_plugin] of REI Plugin Compatibilities Adapter [rei_plugin_compatibilities, jei]/" done in 46.20 μs
[20:47:19] [REI-ReloadPlugins/TRACE] [REI] [REIPlugin START] Reloading Section: "reloadable-plugin/ItemComparatorRegistryImpl/JEI Plugin [GTJEIPlugin:gtceu:jei_plugin] of REI Plugin Compatibilities Adapter [rei_plugin_compatibilities, jei]/"
[20:47:19] [REI-ReloadPlugins/TRACE] [REI] [REIPlugin START] Reloading Section: "reloadable-plugin/ItemComparatorRegistryImpl/JEI Plugin [GTJEIPlugin:gtceu:jei_plugin] of REI Plugin Compatibilities Adapter [rei_plugin_compatibilities, jei]/" done in 104.1 μs
[20:47:19] [REI-ReloadPlugins/TRACE] [REI] [REIPlugin START] Reloading Section: "reloadable-plugin/ItemComparatorRegistryImpl/JEI Plugin [JEIIntegration:ftblibrary:jei] of REI Plugin Compatibilities Adapter [rei_plugin_compatibilities, jei]/"
[20:47:19] [REI-ReloadPlugins/TRACE] [REI] [REIPlugin START] Reloading Section: "reloadable-plugin/ItemComparatorRegistryImpl/JEI Plugin [JEIIntegration:ftblibrary:jei] of REI Plugin Compatibilities Adapter [rei_plugin_compatibilities, jei]/" done in 46.90 μs
[20:47:19] [REI-ReloadPlugins/TRACE] [REI] [REIPlugin START] Reloading Section: "reloadable-plugin/ItemComparatorRegistryImpl/JEI Plugin [JEIPlugin:kubejs:jei] of REI Plugin Compatibilities Adapter [rei_plugin_compatibilities, jei]/"
[20:47:19] [REI-ReloadPlugins/TRACE] [REI] [REIPlugin START] Reloading Section: "reloadable-plugin/ItemComparatorRegistryImpl/JEI Plugin [JEIPlugin:kubejs:jei] of REI Plugin Compatibilities Adapter [rei_plugin_compatibilities, jei]/" done in 42.20 μs
[20:47:19] [REI-ReloadPlugins/TRACE] [REI] [REIPlugin START] Reloading Section: "reloadable-plugin/ItemComparatorRegistryImpl/JEI Plugin [JEIIntegration:fluxnetworks:jei] of REI Plugin Compatibilities Adapter [rei_plugin_compatibilities, jei]/"
[20:47:19] [REI-ReloadPlugins/TRACE] [REI] [REIPlugin START] Reloading Section: "reloadable-plugin/ItemComparatorRegistryImpl/JEI Plugin [JEIIntegration:fluxnetworks:jei] of REI Plugin Compatibilities Adapter [rei_plugin_compatibilities, jei]/" done in 31.40 μs
[20:47:19] [REI-ReloadPlugins/TRACE] [REI] [REIPlugin START] Reloading Section: "reloadable-plugin/ItemComparatorRegistryImpl/JEI Plugin [CreateJEI:create:jei_plugin] of REI Plugin Compatibilities Adapter [rei_plugin_compatibilities, jei]/"
[20:47:19] [REI-ReloadPlugins/TRACE] [REI] [REIPlugin START] Reloading Section: "reloadable-plugin/ItemComparatorRegistryImpl/JEI Plugin [CreateJEI:create:jei_plugin] of REI Plugin Compatibilities Adapter [rei_plugin_compatibilities, jei]/" done in 33.40 μs
[20:47:19] [REI-ReloadPlugins/TRACE] [REI] [REIPlugin START] Reloading Section: "reloadable-plugin/ItemComparatorRegistryImpl/JEI Plugin [JEIPlugin:ae2:core] of REI Plugin Compatibilities Adapter [rei_plugin_compatibilities, jei]/"
[20:47:19] [REI-ReloadPlugins/TRACE] [REI] [REIPlugin START] Reloading Section: "reloadable-plugin/ItemComparatorRegistryImpl/JEI Plugin [JEIPlugin:ae2:core] of REI Plugin Compatibilities Adapter [rei_plugin_compatibilities, jei]/" done in 75.30 μs
[20:47:19] [REI-ReloadPlugins/TRACE] [REI] [REIPlugin START] Reloading Section: "reloadable-plugin/ItemComparatorRegistryImpl/JEI Plugin [JEICompat:jade:main] of REI Plugin Compatibilities Adapter [rei_plugin_compatibilities, jei]/"
[20:47:19] [REI-ReloadPlugins/TRACE] [REI] [REIPlugin START] Reloading Section: "reloadable-plugin/ItemComparatorRegistryImpl/JEI Plugin [JEICompat:jade:main] of REI Plugin Compatibilities Adapter [rei_plugin_compatibilities, jei]/" done in 31.80 μs
[20:47:19] [REI-ReloadPlugins/TRACE] [REI] [REIPlugin START] Reloading Section: "reloadable-plugin/ItemComparatorRegistryImpl/JEI Plugin [JEIPlugin:ldlib:jei_plugin] of REI Plugin Compatibilities Adapter [rei_plugin_compatibilities, jei]/"
[20:47:19] [REI-ReloadPlugins/TRACE] [REI] [REIPlugin START] Reloading Section: "reloadable-plugin/ItemComparatorRegistryImpl/JEI Plugin [JEIPlugin:ldlib:jei_plugin] of REI Plugin Compatibilities Adapter [rei_plugin_compatibilities, jei]/" done in 29.80 μs
[20:47:19] [REI-ReloadPlugins/TRACE] [REI] [REIPlugin START] Reloading Section: "reloadable-plugin/ItemComparatorRegistryImpl/JEI Plugin [BCJeiPlugin:bibliocraft:jei_plugin] of REI Plugin Compatibilities Adapter [rei_plugin_compatibilities, jei]/"
[20:47:19] [REI-ReloadPlugins/TRACE] [REI] [REIPlugin START] Reloading Section: "reloadable-plugin/ItemComparatorRegistryImpl/JEI Plugin [BCJeiPlugin:bibliocraft:jei_plugin] of REI Plugin Compatibilities Adapter [rei_plugin_compatibilities, jei]/" done in 213.4 μs
[20:47:19] [REI-ReloadPlugins/TRACE] [REI] [REIPlugin START] Reloading Section: "reloadable-plugin/ItemComparatorRegistryImpl/GTREIPlugin of GTREIPlugin [gtceu]/"
[20:47:19] [REI-ReloadPlugins/TRACE] [REI] [REIPlugin START] Reloading Section: "reloadable-plugin/ItemComparatorRegistryImpl/GTREIPlugin of GTREIPlugin [gtceu]/" done in 1.700 ms
[20:47:19] [REI-ReloadPlugins/TRACE] [REI] [REIPlugin START] Reloading Section: "reloadable-plugin/ItemComparatorRegistryImpl/FramedReiPlugin of FramedReiPlugin [framedblocks]/"
[20:47:19] [REI-ReloadPlugins/TRACE] [REI] [REIPlugin START] Reloading Section: "reloadable-plugin/ItemComparatorRegistryImpl/FramedReiPlugin of FramedReiPlugin [framedblocks]/" done in 57.60 μs
[20:47:19] [REI-ReloadPlugins/TRACE] [REI] [REIPlugin START] Reloading Section: "reloadable-plugin/ItemComparatorRegistryImpl/REIPluginImpl of REIPluginImpl [ldlib]/"
[20:47:19] [REI-ReloadPlugins/TRACE] [REI] [REIPlugin START] Reloading Section: "reloadable-plugin/ItemComparatorRegistryImpl/REIPluginImpl of REIPluginImpl [ldlib]/" done in 31.50 μs
[20:47:19] [REI-ReloadPlugins/TRACE] [REI] [REIPlugin START] Reloading Section: "reloadable-plugin/ItemComparatorRegistryImpl/REI Plugin Compatibilities Client Handler of REI Plugin Compatibilities Client Handler [rei_plugin_compatibilities, jei]/"
[20:47:19] [REI-ReloadPlugins/TRACE] [REI] [REIPlugin START] Reloading Section: "reloadable-plugin/ItemComparatorRegistryImpl/REI Plugin Compatibilities Client Handler of REI Plugin Compatibilities Client Handler [rei_plugin_compatibilities, jei]/" done in 27.00 μs
[20:47:19] [REI-ReloadPlugins/TRACE] [REI] [REIPlugin START] Reloading Section: "reloadable-plugin/ItemComparatorRegistryImpl/REIForgePluginStub of REIForgePluginStub [ftblibrary]/"
[20:47:19] [REI-ReloadPlugins/TRACE] [REI] [REIPlugin START] Reloading Section: "reloadable-plugin/ItemComparatorRegistryImpl/REIForgePluginStub of REIForgePluginStub [ftblibrary]/" done in 28.50 μs
[20:47:19] [REI-ReloadPlugins/TRACE] [REI] [REIPlugin START] Reloading Section: "reloadable-plugin/ItemComparatorRegistryImpl/AE2 of AE2 [ae2]/"
[20:47:19] [REI-ReloadPlugins/TRACE] [REI] [REIPlugin START] Reloading Section: "reloadable-plugin/ItemComparatorRegistryImpl/AE2 of AE2 [ae2]/" done in 29.20 μs
[20:47:19] [REI-ReloadPlugins/TRACE] [REI] [REIPlugin START] Reloading Section: "reloadable-plugin/ItemComparatorRegistryImpl/REIForgePluginStub of REIForgePluginStub [kubejs]/"
[20:47:19] [REI-ReloadPlugins/TRACE] [REI] [REIPlugin START] Reloading Section: "reloadable-plugin/ItemComparatorRegistryImpl/REIForgePluginStub of REIForgePluginStub [kubejs]/" done in 52.50 μs
[20:47:19] [REI-ReloadPlugins/TRACE] [REI] [REIPlugin START] Reloading Section: "reloadable-plugin/ItemComparatorRegistryImpl/" done in 17.67 ms
[20:47:19] [REI-ReloadPlugins/TRACE] [REI] [REIPlugin START] Reloading Section: "reloadable-plugin/FluidComparatorRegistryImpl/"
[20:47:19] [REI-ReloadPlugins/TRACE] [REI] [REIPlugin START] Reloading Section: "reloadable-plugin/FluidComparatorRegistryImpl/DefaultClientPluginImpl of DefaultClientPluginImpl [roughlyenoughitems]/"
[20:47:19] [REI-ReloadPlugins/TRACE] [REI] [REIPlugin START] Reloading Section: "reloadable-plugin/FluidComparatorRegistryImpl/DefaultClientPluginImpl of DefaultClientPluginImpl [roughlyenoughitems]/" done in 50.00 μs
[20:47:19] [REI-ReloadPlugins/TRACE] [REI] [REIPlugin START] Reloading Section: "reloadable-plugin/FluidComparatorRegistryImpl/DefaultPluginImpl of DefaultPluginImpl [roughlyenoughitems]/"
[20:47:19] [REI-ReloadPlugins/TRACE] [REI] [REIPlugin START] Reloading Section: "reloadable-plugin/FluidComparatorRegistryImpl/DefaultPluginImpl of DefaultPluginImpl [roughlyenoughitems]/" done in 29.90 μs
[20:47:19] [REI-ReloadPlugins/TRACE] [REI] [REIPlugin START] Reloading Section: "reloadable-plugin/FluidComparatorRegistryImpl/HideIngredientsFromTagsPlugin of HideIngredientsFromTagsPlugin [roughlyenoughitems]/"
[20:47:19] [REI-ReloadPlugins/TRACE] [REI] [REIPlugin START] Reloading Section: "reloadable-plugin/FluidComparatorRegistryImpl/HideIngredientsFromTagsPlugin of HideIngredientsFromTagsPlugin [roughlyenoughitems]/" done in 27.60 μs
[20:47:19] [REI-ReloadPlugins/TRACE] [REI] [REIPlugin START] Reloading Section: "reloadable-plugin/FluidComparatorRegistryImpl/DefaultClientRuntimePlugin of DefaultClientRuntimePlugin [roughlyenoughitems]/"
[20:47:19] [REI-ReloadPlugins/TRACE] [REI] [REIPlugin START] Reloading Section: "reloadable-plugin/FluidComparatorRegistryImpl/DefaultClientRuntimePlugin of DefaultClientRuntimePlugin [roughlyenoughitems]/" done in 25.80 μs
[20:47:19] [REI-ReloadPlugins/TRACE] [REI] [REIPlugin START] Reloading Section: "reloadable-plugin/FluidComparatorRegistryImpl/DefaultRuntimePlugin of DefaultRuntimePlugin [roughlyenoughitems]/"
[20:47:19] [REI-ReloadPlugins/TRACE] [REI] [REIPlugin START] Reloading Section: "reloadable-plugin/FluidComparatorRegistryImpl/DefaultRuntimePlugin of DefaultRuntimePlugin [roughlyenoughitems]/" done in 24.20 μs
[20:47:19] [REI-ReloadPlugins/TRACE] [REI] [REIPlugin START] Reloading Section: "reloadable-plugin/FluidComparatorRegistryImpl/JEI Plugin [CreateAdditionJEI:createaddition:jei_plugin] of REI Plugin Compatibilities Adapter [rei_plugin_compatibilities, jei]/"
[20:47:19] [REI-ReloadPlugins/TRACE] [REI] [REIPlugin START] Reloading Section: "reloadable-plugin/FluidComparatorRegistryImpl/JEI Plugin [CreateAdditionJEI:createaddition:jei_plugin] of REI Plugin Compatibilities Adapter [rei_plugin_compatibilities, jei]/" done in 2.966 ms
[20:47:19] [REI-ReloadPlugins/TRACE] [REI] [REIPlugin START] Reloading Section: "reloadable-plugin/FluidComparatorRegistryImpl/JEI Plugin [PolyJEIPlugin:polylib:jei_plugin] of REI Plugin Compatibilities Adapter [rei_plugin_compatibilities, jei]/"
[20:47:19] [REI-ReloadPlugins/TRACE] [REI] [REIPlugin START] Reloading Section: "reloadable-plugin/FluidComparatorRegistryImpl/JEI Plugin [PolyJEIPlugin:polylib:jei_plugin] of REI Plugin Compatibilities Adapter [rei_plugin_compatibilities, jei]/" done in 99.20 μs
[20:47:19] [REI-ReloadPlugins/TRACE] [REI] [REIPlugin START] Reloading Section: "reloadable-plugin/FluidComparatorRegistryImpl/JEI Plugin [GTSEJEIPlugin:gregtech_steam_expansion:jei_plugin] of REI Plugin Compatibilities Adapter [rei_plugin_compatibilities, jei]/"
[20:47:19] [REI-ReloadPlugins/TRACE] [REI] [REIPlugin START] Reloading Section: "reloadable-plugin/FluidComparatorRegistryImpl/JEI Plugin [GTSEJEIPlugin:gregtech_steam_expansion:jei_plugin] of REI Plugin Compatibilities Adapter [rei_plugin_compatibilities, jei]/" done in 63.20 μs
[20:47:19] [REI-ReloadPlugins/TRACE] [REI] [REIPlugin START] Reloading Section: "reloadable-plugin/FluidComparatorRegistryImpl/JEI Plugin [GTJEIPlugin:gtceu:jei_plugin] of REI Plugin Compatibilities Adapter [rei_plugin_compatibilities, jei]/"
[20:47:19] [REI-ReloadPlugins/TRACE] [REI] [REIPlugin START] Reloading Section: "reloadable-plugin/FluidComparatorRegistryImpl/JEI Plugin [GTJEIPlugin:gtceu:jei_plugin] of REI Plugin Compatibilities Adapter [rei_plugin_compatibilities, jei]/" done in 4.503 ms
[20:47:19] [REI-ReloadPlugins/TRACE] [REI] [REIPlugin START] Reloading Section: "reloadable-plugin/FluidComparatorRegistryImpl/JEI Plugin [JEIIntegration:ftblibrary:jei] of REI Plugin Compatibilities Adapter [rei_plugin_compatibilities, jei]/"
[20:47:19] [REI-ReloadPlugins/TRACE] [REI] [REIPlugin START] Reloading Section: "reloadable-plugin/FluidComparatorRegistryImpl/JEI Plugin [JEIIntegration:ftblibrary:jei] of REI Plugin Compatibilities Adapter [rei_plugin_compatibilities, jei]/" done in 60.00 μs
[20:47:19] [REI-ReloadPlugins/TRACE] [REI] [REIPlugin START] Reloading Section: "reloadable-plugin/FluidComparatorRegistryImpl/JEI Plugin [JEIPlugin:kubejs:jei] of REI Plugin Compatibilities Adapter [rei_plugin_compatibilities, jei]/"
[20:47:19] [REI-ReloadPlugins/TRACE] [REI] [REIPlugin START] Reloading Section: "reloadable-plugin/FluidComparatorRegistryImpl/JEI Plugin [JEIPlugin:kubejs:jei] of REI Plugin Compatibilities Adapter [rei_plugin_compatibilities, jei]/" done in 37.10 μs
[20:47:19] [REI-ReloadPlugins/TRACE] [REI] [REIPlugin START] Reloading Section: "reloadable-plugin/FluidComparatorRegistryImpl/JEI Plugin [JEIIntegration:fluxnetworks:jei] of REI Plugin Compatibilities Adapter [rei_plugin_compatibilities, jei]/"
[20:47:19] [REI-ReloadPlugins/TRACE] [REI] [REIPlugin START] Reloading Section: "reloadable-plugin/FluidComparatorRegistryImpl/JEI Plugin [JEIIntegration:fluxnetworks:jei] of REI Plugin Compatibilities Adapter [rei_plugin_compatibilities, jei]/" done in 29.00 μs
[20:47:19] [REI-ReloadPlugins/TRACE] [REI] [REIPlugin START] Reloading Section: "reloadable-plugin/FluidComparatorRegistryImpl/JEI Plugin [CreateJEI:create:jei_plugin] of REI Plugin Compatibilities Adapter [rei_plugin_compatibilities, jei]/"
[20:47:19] [REI-ReloadPlugins/TRACE] [REI] [REIPlugin START] Reloading Section: "reloadable-plugin/FluidComparatorRegistryImpl/JEI Plugin [CreateJEI:create:jei_plugin] of REI Plugin Compatibilities Adapter [rei_plugin_compatibilities, jei]/" done in 3.151 ms
[20:47:19] [REI-ReloadPlugins/TRACE] [REI] [REIPlugin START] Reloading Section: "reloadable-plugin/FluidComparatorRegistryImpl/JEI Plugin [JEIPlugin:ae2:core] of REI Plugin Compatibilities Adapter [rei_plugin_compatibilities, jei]/"
[20:47:19] [REI-ReloadPlugins/TRACE] [REI] [REIPlugin START] Reloading Section: "reloadable-plugin/FluidComparatorRegistryImpl/JEI Plugin [JEIPlugin:ae2:core] of REI Plugin Compatibilities Adapter [rei_plugin_compatibilities, jei]/" done in 97.20 μs
[20:47:19] [REI-ReloadPlugins/TRACE] [REI] [REIPlugin START] Reloading Section: "reloadable-plugin/FluidComparatorRegistryImpl/JEI Plugin [JEICompat:jade:main] of REI Plugin Compatibilities Adapter [rei_plugin_compatibilities, jei]/"
[20:47:19] [REI-ReloadPlugins/TRACE] [REI] [REIPlugin START] Reloading Section: "reloadable-plugin/FluidComparatorRegistryImpl/JEI Plugin [JEICompat:jade:main] of REI Plugin Compatibilities Adapter [rei_plugin_compatibilities, jei]/" done in 65.20 μs
[20:47:19] [REI-ReloadPlugins/TRACE] [REI] [REIPlugin START] Reloading Section: "reloadable-plugin/FluidComparatorRegistryImpl/JEI Plugin [JEIPlugin:ldlib:jei_plugin] of REI Plugin Compatibilities Adapter [rei_plugin_compatibilities, jei]/"
[20:47:19] [REI-ReloadPlugins/TRACE] [REI] [REIPlugin START] Reloading Section: "reloadable-plugin/FluidComparatorRegistryImpl/JEI Plugin [JEIPlugin:ldlib:jei_plugin] of REI Plugin Compatibilities Adapter [rei_plugin_compatibilities, jei]/" done in 58.00 μs
[20:47:19] [REI-ReloadPlugins/TRACE] [REI] [REIPlugin START] Reloading Section: "reloadable-plugin/FluidComparatorRegistryImpl/JEI Plugin [BCJeiPlugin:bibliocraft:jei_plugin] of REI Plugin Compatibilities Adapter [rei_plugin_compatibilities, jei]/"
[20:47:19] [REI-ReloadPlugins/TRACE] [REI] [REIPlugin START] Reloading Section: "reloadable-plugin/FluidComparatorRegistryImpl/JEI Plugin [BCJeiPlugin:bibliocraft:jei_plugin] of REI Plugin Compatibilities Adapter [rei_plugin_compatibilities, jei]/" done in 62.10 μs
[20:47:19] [REI-ReloadPlugins/TRACE] [REI] [REIPlugin START] Reloading Section: "reloadable-plugin/FluidComparatorRegistryImpl/GTREIPlugin of GTREIPlugin [gtceu]/"
[20:47:19] [REI-ReloadPlugins/TRACE] [REI] [REIPlugin START] Reloading Section: "reloadable-plugin/FluidComparatorRegistryImpl/GTREIPlugin of GTREIPlugin [gtceu]/" done in 117.3 μs
[20:47:19] [REI-ReloadPlugins/TRACE] [REI] [REIPlugin START] Reloading Section: "reloadable-plugin/FluidComparatorRegistryImpl/FramedReiPlugin of FramedReiPlugin [framedblocks]/"
[20:47:19] [REI-ReloadPlugins/TRACE] [REI] [REIPlugin START] Reloading Section: "reloadable-plugin/FluidComparatorRegistryImpl/FramedReiPlugin of FramedReiPlugin [framedblocks]/" done in 74.30 μs
[20:47:19] [REI-ReloadPlugins/TRACE] [REI] [REIPlugin START] Reloading Section: "reloadable-plugin/FluidComparatorRegistryImpl/REIPluginImpl of REIPluginImpl [ldlib]/"
[20:47:19] [REI-ReloadPlugins/TRACE] [REI] [REIPlugin START] Reloading Section: "reloadable-plugin/FluidComparatorRegistryImpl/REIPluginImpl of REIPluginImpl [ldlib]/" done in 51.60 μs
[20:47:19] [REI-ReloadPlugins/TRACE] [REI] [REIPlugin START] Reloading Section: "reloadable-plugin/FluidComparatorRegistryImpl/REI Plugin Compatibilities Client Handler of REI Plugin Compatibilities Client Handler [rei_plugin_compatibilities, jei]/"
[20:47:19] [REI-ReloadPlugins/TRACE] [REI] [REIPlugin START] Reloading Section: "reloadable-plugin/FluidComparatorRegistryImpl/REI Plugin Compatibilities Client Handler of REI Plugin Compatibilities Client Handler [rei_plugin_compatibilities, jei]/" done in 51.30 μs
[20:47:19] [REI-ReloadPlugins/TRACE] [REI] [REIPlugin START] Reloading Section: "reloadable-plugin/FluidComparatorRegistryImpl/REIForgePluginStub of REIForgePluginStub [ftblibrary]/"
[20:47:19] [REI-ReloadPlugins/TRACE] [REI] [REIPlugin START] Reloading Section: "reloadable-plugin/FluidComparatorRegistryImpl/REIForgePluginStub of REIForgePluginStub [ftblibrary]/" done in 49.40 μs
[20:47:19] [REI-ReloadPlugins/TRACE] [REI] [REIPlugin START] Reloading Section: "reloadable-plugin/FluidComparatorRegistryImpl/AE2 of AE2 [ae2]/"
[20:47:19] [REI-ReloadPlugins/TRACE] [REI] [REIPlugin START] Reloading Section: "reloadable-plugin/FluidComparatorRegistryImpl/AE2 of AE2 [ae2]/" done in 48.00 μs
[20:47:19] [REI-ReloadPlugins/TRACE] [REI] [REIPlugin START] Reloading Section: "reloadable-plugin/FluidComparatorRegistryImpl/REIForgePluginStub of REIForgePluginStub [kubejs]/"
[20:47:19] [REI-ReloadPlugins/TRACE] [REI] [REIPlugin START] Reloading Section: "reloadable-plugin/FluidComparatorRegistryImpl/REIForgePluginStub of REIForgePluginStub [kubejs]/" done in 64.60 μs
[20:47:19] [REI-ReloadPlugins/TRACE] [REI] [REIPlugin START] Reloading Section: "reloadable-plugin/FluidComparatorRegistryImpl/" done in 14.65 ms
[20:47:19] [REI-ReloadPlugins/TRACE] [REI] [REIPlugin START] Reloading Section: "reloadable-plugin/DisplaySerializerRegistryImpl/"
[20:47:19] [REI-ReloadPlugins/TRACE] [REI] [REIPlugin START] Reloading Section: "reloadable-plugin/DisplaySerializerRegistryImpl/DefaultClientPluginImpl of DefaultClientPluginImpl [roughlyenoughitems]/"
[20:47:19] [REI-ReloadPlugins/TRACE] [REI] [REIPlugin START] Reloading Section: "reloadable-plugin/DisplaySerializerRegistryImpl/DefaultClientPluginImpl of DefaultClientPluginImpl [roughlyenoughitems]/" done in 47.40 μs
[20:47:19] [REI-ReloadPlugins/TRACE] [REI] [REIPlugin START] Reloading Section: "reloadable-plugin/DisplaySerializerRegistryImpl/DefaultPluginImpl of DefaultPluginImpl [roughlyenoughitems]/"
[20:47:19] [REI-ReloadPlugins/TRACE] [REI] [REIPlugin START] Reloading Section: "reloadable-plugin/DisplaySerializerRegistryImpl/DefaultPluginImpl of DefaultPluginImpl [roughlyenoughitems]/" done in 61.10 μs
[20:47:19] [REI-ReloadPlugins/TRACE] [REI] [REIPlugin START] Reloading Section: "reloadable-plugin/DisplaySerializerRegistryImpl/HideIngredientsFromTagsPlugin of HideIngredientsFromTagsPlugin [roughlyenoughitems]/"
[20:47:19] [REI-ReloadPlugins/TRACE] [REI] [REIPlugin START] Reloading Section: "reloadable-plugin/DisplaySerializerRegistryImpl/HideIngredientsFromTagsPlugin of HideIngredientsFromTagsPlugin [roughlyenoughitems]/" done in 47.20 μs
[20:47:19] [REI-ReloadPlugins/TRACE] [REI] [REIPlugin START] Reloading Section: "reloadable-plugin/DisplaySerializerRegistryImpl/DefaultClientRuntimePlugin of DefaultClientRuntimePlugin [roughlyenoughitems]/"
[20:47:19] [REI-ReloadPlugins/TRACE] [REI] [REIPlugin START] Reloading Section: "reloadable-plugin/DisplaySerializerRegistryImpl/DefaultClientRuntimePlugin of DefaultClientRuntimePlugin [roughlyenoughitems]/" done in 46.40 μs
[20:47:19] [REI-ReloadPlugins/TRACE] [REI] [REIPlugin START] Reloading Section: "reloadable-plugin/DisplaySerializerRegistryImpl/DefaultRuntimePlugin of DefaultRuntimePlugin [roughlyenoughitems]/"
[20:47:19] [REI-ReloadPlugins/TRACE] [REI] [REIPlugin START] Reloading Section: "reloadable-plugin/DisplaySerializerRegistryImpl/DefaultRuntimePlugin of DefaultRuntimePlugin [roughlyenoughitems]/" done in 46.40 μs
[20:47:19] [REI-ReloadPlugins/TRACE] [REI] [REIPlugin START] Reloading Section: "reloadable-plugin/DisplaySerializerRegistryImpl/JEI Plugin [CreateAdditionJEI:createaddition:jei_plugin] of REI Plugin Compatibilities Adapter [rei_plugin_compatibilities, jei]/"
[20:47:19] [REI-ReloadPlugins/TRACE] [REI] [REIPlugin START] Reloading Section: "reloadable-plugin/DisplaySerializerRegistryImpl/JEI Plugin [CreateAdditionJEI:createaddition:jei_plugin] of REI Plugin Compatibilities Adapter [rei_plugin_compatibilities, jei]/" done in 57.10 μs
[20:47:19] [REI-ReloadPlugins/TRACE] [REI] [REIPlugin START] Reloading Section: "reloadable-plugin/DisplaySerializerRegistryImpl/JEI Plugin [PolyJEIPlugin:polylib:jei_plugin] of REI Plugin Compatibilities Adapter [rei_plugin_compatibilities, jei]/"
[20:47:19] [REI-ReloadPlugins/TRACE] [REI] [REIPlugin START] Reloading Section: "reloadable-plugin/DisplaySerializerRegistryImpl/JEI Plugin [PolyJEIPlugin:polylib:jei_plugin] of REI Plugin Compatibilities Adapter [rei_plugin_compatibilities, jei]/" done in 55.20 μs
[20:47:19] [REI-ReloadPlugins/TRACE] [REI] [REIPlugin START] Reloading Section: "reloadable-plugin/DisplaySerializerRegistryImpl/JEI Plugin [GTSEJEIPlugin:gregtech_steam_expansion:jei_plugin] of REI Plugin Compatibilities Adapter [rei_plugin_compatibilities, jei]/"
[20:47:19] [REI-ReloadPlugins/TRACE] [REI] [REIPlugin START] Reloading Section: "reloadable-plugin/DisplaySerializerRegistryImpl/JEI Plugin [GTSEJEIPlugin:gregtech_steam_expansion:jei_plugin] of REI Plugin Compatibilities Adapter [rei_plugin_compatibilities, jei]/" done in 90.80 μs
[20:47:19] [REI-ReloadPlugins/TRACE] [REI] [REIPlugin START] Reloading Section: "reloadable-plugin/DisplaySerializerRegistryImpl/JEI Plugin [GTJEIPlugin:gtceu:jei_plugin] of REI Plugin Compatibilities Adapter [rei_plugin_compatibilities, jei]/"
[20:47:19] [REI-ReloadPlugins/TRACE] [REI] [REIPlugin START] Reloading Section: "reloadable-plugin/DisplaySerializerRegistryImpl/JEI Plugin [GTJEIPlugin:gtceu:jei_plugin] of REI Plugin Compatibilities Adapter [rei_plugin_compatibilities, jei]/" done in 60.70 μs
[20:47:19] [REI-ReloadPlugins/TRACE] [REI] [REIPlugin START] Reloading Section: "reloadable-plugin/DisplaySerializerRegistryImpl/JEI Plugin [JEIIntegration:ftblibrary:jei] of REI Plugin Compatibilities Adapter [rei_plugin_compatibilities, jei]/"
[20:47:19] [REI-ReloadPlugins/TRACE] [REI] [REIPlugin START] Reloading Section: "reloadable-plugin/DisplaySerializerRegistryImpl/JEI Plugin [JEIIntegration:ftblibrary:jei] of REI Plugin Compatibilities Adapter [rei_plugin_compatibilities, jei]/" done in 54.50 μs
[20:47:19] [REI-ReloadPlugins/TRACE] [REI] [REIPlugin START] Reloading Section: "reloadable-plugin/DisplaySerializerRegistryImpl/JEI Plugin [JEIPlugin:kubejs:jei] of REI Plugin Compatibilities Adapter [rei_plugin_compatibilities, jei]/"
[20:47:19] [REI-ReloadPlugins/TRACE] [REI] [REIPlugin START] Reloading Section: "reloadable-plugin/DisplaySerializerRegistryImpl/JEI Plugin [JEIPlugin:kubejs:jei] of REI Plugin Compatibilities Adapter [rei_plugin_compatibilities, jei]/" done in 57.30 μs
[20:47:19] [REI-ReloadPlugins/TRACE] [REI] [REIPlugin START] Reloading Section: "reloadable-plugin/DisplaySerializerRegistryImpl/JEI Plugin [JEIIntegration:fluxnetworks:jei] of REI Plugin Compatibilities Adapter [rei_plugin_compatibilities, jei]/"
[20:47:19] [REI-ReloadPlugins/TRACE] [REI] [REIPlugin START] Reloading Section: "reloadable-plugin/DisplaySerializerRegistryImpl/JEI Plugin [JEIIntegration:fluxnetworks:jei] of REI Plugin Compatibilities Adapter [rei_plugin_compatibilities, jei]/" done in 49.90 μs
[20:47:19] [REI-ReloadPlugins/TRACE] [REI] [REIPlugin START] Reloading Section: "reloadable-plugin/DisplaySerializerRegistryImpl/JEI Plugin [CreateJEI:create:jei_plugin] of REI Plugin Compatibilities Adapter [rei_plugin_compatibilities, jei]/"
[20:47:19] [REI-ReloadPlugins/TRACE] [REI] [REIPlugin START] Reloading Section: "reloadable-plugin/DisplaySerializerRegistryImpl/JEI Plugin [CreateJEI:create:jei_plugin] of REI Plugin Compatibilities Adapter [rei_plugin_compatibilities, jei]/" done in 54.60 μs
[20:47:19] [REI-ReloadPlugins/TRACE] [REI] [REIPlugin START] Reloading Section: "reloadable-plugin/DisplaySerializerRegistryImpl/JEI Plugin [JEIPlugin:ae2:core] of REI Plugin Compatibilities Adapter [rei_plugin_compatibilities, jei]/"
[20:47:19] [REI-ReloadPlugins/TRACE] [REI] [REIPlugin START] Reloading Section: "reloadable-plugin/DisplaySerializerRegistryImpl/JEI Plugin [JEIPlugin:ae2:core] of REI Plugin Compatibilities Adapter [rei_plugin_compatibilities, jei]/" done in 50.00 μs
[20:47:19] [REI-ReloadPlugins/TRACE] [REI] [REIPlugin START] Reloading Section: "reloadable-plugin/DisplaySerializerRegistryImpl/JEI Plugin [JEICompat:jade:main] of REI Plugin Compatibilities Adapter [rei_plugin_compatibilities, jei]/"
[20:47:19] [REI-ReloadPlugins/TRACE] [REI] [REIPlugin START] Reloading Section: "reloadable-plugin/DisplaySerializerRegistryImpl/JEI Plugin [JEICompat:jade:main] of REI Plugin Compatibilities Adapter [rei_plugin_compatibilities, jei]/" done in 49.70 μs
[20:47:19] [REI-ReloadPlugins/TRACE] [REI] [REIPlugin START] Reloading Section: "reloadable-plugin/DisplaySerializerRegistryImpl/JEI Plugin [JEIPlugin:ldlib:jei_plugin] of REI Plugin Compatibilities Adapter [rei_plugin_compatibilities, jei]/"
[20:47:19] [REI-ReloadPlugins/TRACE] [REI] [REIPlugin START] Reloading Section: "reloadable-plugin/DisplaySerializerRegistryImpl/JEI Plugin [JEIPlugin:ldlib:jei_plugin] of REI Plugin Compatibilities Adapter [rei_plugin_compatibilities, jei]/" done in 54.80 μs
[20:47:19] [REI-ReloadPlugins/TRACE] [REI] [REIPlugin START] Reloading Section: "reloadable-plugin/DisplaySerializerRegistryImpl/JEI Plugin [BCJeiPlugin:bibliocraft:jei_plugin] of REI Plugin Compatibilities Adapter [rei_plugin_compatibilities, jei]/"
[20:47:19] [REI-ReloadPlugins/TRACE] [REI] [REIPlugin START] Reloading Section: "reloadable-plugin/DisplaySerializerRegistryImpl/JEI Plugin [BCJeiPlugin:bibliocraft:jei_plugin] of REI Plugin Compatibilities Adapter [rei_plugin_compatibilities, jei]/" done in 61.40 μs
[20:47:19] [REI-ReloadPlugins/TRACE] [REI] [REIPlugin START] Reloading Section: "reloadable-plugin/DisplaySerializerRegistryImpl/GTREIPlugin of GTREIPlugin [gtceu]/"
[20:47:19] [REI-ReloadPlugins/TRACE] [REI] [REIPlugin START] Reloading Section: "reloadable-plugin/DisplaySerializerRegistryImpl/GTREIPlugin of GTREIPlugin [gtceu]/" done in 55.10 μs
[20:47:19] [REI-ReloadPlugins/TRACE] [REI] [REIPlugin START] Reloading Section: "reloadable-plugin/DisplaySerializerRegistryImpl/FramedReiPlugin of FramedReiPlugin [framedblocks]/"
[20:47:19] [REI-ReloadPlugins/TRACE] [REI] [REIPlugin START] Reloading Section: "reloadable-plugin/DisplaySerializerRegistryImpl/FramedReiPlugin of FramedReiPlugin [framedblocks]/" done in 59.40 μs
[20:47:19] [REI-ReloadPlugins/TRACE] [REI] [REIPlugin START] Reloading Section: "reloadable-plugin/DisplaySerializerRegistryImpl/REIPluginImpl of REIPluginImpl [ldlib]/"
[20:47:19] [REI-ReloadPlugins/TRACE] [REI] [REIPlugin START] Reloading Section: "reloadable-plugin/DisplaySerializerRegistryImpl/REIPluginImpl of REIPluginImpl [ldlib]/" done in 78.70 μs
[20:47:19] [REI-ReloadPlugins/TRACE] [REI] [REIPlugin START] Reloading Section: "reloadable-plugin/DisplaySerializerRegistryImpl/REI Plugin Compatibilities Client Handler of REI Plugin Compatibilities Client Handler [rei_plugin_compatibilities, jei]/"
[20:47:19] [REI-ReloadPlugins/TRACE] [REI] [REIPlugin START] Reloading Section: "reloadable-plugin/DisplaySerializerRegistryImpl/REI Plugin Compatibilities Client Handler of REI Plugin Compatibilities Client Handler [rei_plugin_compatibilities, jei]/" done in 47.60 μs
[20:47:19] [REI-ReloadPlugins/TRACE] [REI] [REIPlugin START] Reloading Section: "reloadable-plugin/DisplaySerializerRegistryImpl/REIForgePluginStub of REIForgePluginStub [ftblibrary]/"
[20:47:19] [REI-ReloadPlugins/TRACE] [REI] [REIPlugin START] Reloading Section: "reloadable-plugin/DisplaySerializerRegistryImpl/REIForgePluginStub of REIForgePluginStub [ftblibrary]/" done in 46.30 μs
[20:47:19] [REI-ReloadPlugins/TRACE] [REI] [REIPlugin START] Reloading Section: "reloadable-plugin/DisplaySerializerRegistryImpl/AE2 of AE2 [ae2]/"
[20:47:19] [REI-ReloadPlugins/TRACE] [REI] [REIPlugin START] Reloading Section: "reloadable-plugin/DisplaySerializerRegistryImpl/AE2 of AE2 [ae2]/" done in 53.40 μs
[20:47:19] [REI-ReloadPlugins/TRACE] [REI] [REIPlugin START] Reloading Section: "reloadable-plugin/DisplaySerializerRegistryImpl/REIForgePluginStub of REIForgePluginStub [kubejs]/"
[20:47:19] [REI-ReloadPlugins/TRACE] [REI] [REIPlugin START] Reloading Section: "reloadable-plugin/DisplaySerializerRegistryImpl/REIForgePluginStub of REIForgePluginStub [kubejs]/" done in 60.80 μs
[20:47:19] [REI-ReloadPlugins/TRACE] [REI] [REIPlugin START] Reloading Section: "reloadable-plugin/DisplaySerializerRegistryImpl/" done in 3.903 ms
[20:47:19] [REI-ReloadPlugins/TRACE] [REI] [REIPlugin START] Reloading Section: "reloadable-plugin/FluidSupportProviderImpl/"
[20:47:19] [REI-ReloadPlugins/TRACE] [REI] [REIPlugin START] Reloading Section: "reloadable-plugin/FluidSupportProviderImpl/DefaultClientPluginImpl of DefaultClientPluginImpl [roughlyenoughitems]/"
[20:47:19] [REI-ReloadPlugins/TRACE] [REI] [REIPlugin START] Reloading Section: "reloadable-plugin/FluidSupportProviderImpl/DefaultClientPluginImpl of DefaultClientPluginImpl [roughlyenoughitems]/" done in 63.20 μs
[20:47:19] [REI-ReloadPlugins/TRACE] [REI] [REIPlugin START] Reloading Section: "reloadable-plugin/FluidSupportProviderImpl/DefaultPluginImpl of DefaultPluginImpl [roughlyenoughitems]/"
[20:47:19] [REI-ReloadPlugins/TRACE] [REI] [REIPlugin START] Reloading Section: "reloadable-plugin/FluidSupportProviderImpl/DefaultPluginImpl of DefaultPluginImpl [roughlyenoughitems]/" done in 3.043 ms
[20:47:19] [REI-ReloadPlugins/TRACE] [REI] [REIPlugin START] Reloading Section: "reloadable-plugin/FluidSupportProviderImpl/HideIngredientsFromTagsPlugin of HideIngredientsFromTagsPlugin [roughlyenoughitems]/"
[20:47:19] [REI-ReloadPlugins/TRACE] [REI] [REIPlugin START] Reloading Section: "reloadable-plugin/FluidSupportProviderImpl/HideIngredientsFromTagsPlugin of HideIngredientsFromTagsPlugin [roughlyenoughitems]/" done in 57.00 μs
[20:47:19] [REI-ReloadPlugins/TRACE] [REI] [REIPlugin START] Reloading Section: "reloadable-plugin/FluidSupportProviderImpl/DefaultClientRuntimePlugin of DefaultClientRuntimePlugin [roughlyenoughitems]/"
[20:47:19] [REI-ReloadPlugins/TRACE] [REI] [REIPlugin START] Reloading Section: "reloadable-plugin/FluidSupportProviderImpl/DefaultClientRuntimePlugin of DefaultClientRuntimePlugin [roughlyenoughitems]/" done in 30.90 μs
[20:47:19] [REI-ReloadPlugins/TRACE] [REI] [REIPlugin START] Reloading Section: "reloadable-plugin/FluidSupportProviderImpl/DefaultRuntimePlugin of DefaultRuntimePlugin [roughlyenoughitems]/"
[20:47:19] [REI-ReloadPlugins/TRACE] [REI] [REIPlugin START] Reloading Section: "reloadable-plugin/FluidSupportProviderImpl/DefaultRuntimePlugin of DefaultRuntimePlugin [roughlyenoughitems]/" done in 41.50 μs
[20:47:19] [REI-ReloadPlugins/TRACE] [REI] [REIPlugin START] Reloading Section: "reloadable-plugin/FluidSupportProviderImpl/JEI Plugin [CreateAdditionJEI:createaddition:jei_plugin] of REI Plugin Compatibilities Adapter [rei_plugin_compatibilities, jei]/"
[20:47:19] [REI-ReloadPlugins/TRACE] [REI] [REIPlugin START] Reloading Section: "reloadable-plugin/FluidSupportProviderImpl/JEI Plugin [CreateAdditionJEI:createaddition:jei_plugin] of REI Plugin Compatibilities Adapter [rei_plugin_compatibilities, jei]/" done in 34.40 μs
[20:47:19] [REI-ReloadPlugins/TRACE] [REI] [REIPlugin START] Reloading Section: "reloadable-plugin/FluidSupportProviderImpl/JEI Plugin [PolyJEIPlugin:polylib:jei_plugin] of REI Plugin Compatibilities Adapter [rei_plugin_compatibilities, jei]/"
[20:47:19] [REI-ReloadPlugins/TRACE] [REI] [REIPlugin START] Reloading Section: "reloadable-plugin/FluidSupportProviderImpl/JEI Plugin [PolyJEIPlugin:polylib:jei_plugin] of REI Plugin Compatibilities Adapter [rei_plugin_compatibilities, jei]/" done in 53.80 μs
[20:47:19] [REI-ReloadPlugins/TRACE] [REI] [REIPlugin START] Reloading Section: "reloadable-plugin/FluidSupportProviderImpl/JEI Plugin [GTSEJEIPlugin:gregtech_steam_expansion:jei_plugin] of REI Plugin Compatibilities Adapter [rei_plugin_compatibilities, jei]/"
[20:47:19] [REI-ReloadPlugins/TRACE] [REI] [REIPlugin START] Reloading Section: "reloadable-plugin/FluidSupportProviderImpl/JEI Plugin [GTSEJEIPlugin:gregtech_steam_expansion:jei_plugin] of REI Plugin Compatibilities Adapter [rei_plugin_compatibilities, jei]/" done in 29.40 μs
[20:47:19] [REI-ReloadPlugins/TRACE] [REI] [REIPlugin START] Reloading Section: "reloadable-plugin/FluidSupportProviderImpl/JEI Plugin [GTJEIPlugin:gtceu:jei_plugin] of REI Plugin Compatibilities Adapter [rei_plugin_compatibilities, jei]/"
[20:47:19] [REI-ReloadPlugins/TRACE] [REI] [REIPlugin START] Reloading Section: "reloadable-plugin/FluidSupportProviderImpl/JEI Plugin [GTJEIPlugin:gtceu:jei_plugin] of REI Plugin Compatibilities Adapter [rei_plugin_compatibilities, jei]/" done in 29.70 μs
[20:47:19] [REI-ReloadPlugins/TRACE] [REI] [REIPlugin START] Reloading Section: "reloadable-plugin/FluidSupportProviderImpl/JEI Plugin [JEIIntegration:ftblibrary:jei] of REI Plugin Compatibilities Adapter [rei_plugin_compatibilities, jei]/"
[20:47:19] [REI-ReloadPlugins/TRACE] [REI] [REIPlugin START] Reloading Section: "reloadable-plugin/FluidSupportProviderImpl/JEI Plugin [JEIIntegration:ftblibrary:jei] of REI Plugin Compatibilities Adapter [rei_plugin_compatibilities, jei]/" done in 25.90 μs
[20:47:19] [REI-ReloadPlugins/TRACE] [REI] [REIPlugin START] Reloading Section: "reloadable-plugin/FluidSupportProviderImpl/JEI Plugin [JEIPlugin:kubejs:jei] of REI Plugin Compatibilities Adapter [rei_plugin_compatibilities, jei]/"
[20:47:19] [REI-ReloadPlugins/TRACE] [REI] [REIPlugin START] Reloading Section: "reloadable-plugin/FluidSupportProviderImpl/JEI Plugin [JEIPlugin:kubejs:jei] of REI Plugin Compatibilities Adapter [rei_plugin_compatibilities, jei]/" done in 26.80 μs
[20:47:19] [REI-ReloadPlugins/TRACE] [REI] [REIPlugin START] Reloading Section: "reloadable-plugin/FluidSupportProviderImpl/JEI Plugin [JEIIntegration:fluxnetworks:jei] of REI Plugin Compatibilities Adapter [rei_plugin_compatibilities, jei]/"
[20:47:19] [REI-ReloadPlugins/TRACE] [REI] [REIPlugin START] Reloading Section: "reloadable-plugin/FluidSupportProviderImpl/JEI Plugin [JEIIntegration:fluxnetworks:jei] of REI Plugin Compatibilities Adapter [rei_plugin_compatibilities, jei]/" done in 29.10 μs
[20:47:19] [REI-ReloadPlugins/TRACE] [REI] [REIPlugin START] Reloading Section: "reloadable-plugin/FluidSupportProviderImpl/JEI Plugin [CreateJEI:create:jei_plugin] of REI Plugin Compatibilities Adapter [rei_plugin_compatibilities, jei]/"
[20:47:19] [REI-ReloadPlugins/TRACE] [REI] [REIPlugin START] Reloading Section: "reloadable-plugin/FluidSupportProviderImpl/JEI Plugin [CreateJEI:create:jei_plugin] of REI Plugin Compatibilities Adapter [rei_plugin_compatibilities, jei]/" done in 87.80 μs
[20:47:19] [REI-ReloadPlugins/TRACE] [REI] [REIPlugin START] Reloading Section: "reloadable-plugin/FluidSupportProviderImpl/JEI Plugin [JEIPlugin:ae2:core] of REI Plugin Compatibilities Adapter [rei_plugin_compatibilities, jei]/"
[20:47:19] [REI-ReloadPlugins/TRACE] [REI] [REIPlugin START] Reloading Section: "reloadable-plugin/FluidSupportProviderImpl/JEI Plugin [JEIPlugin:ae2:core] of REI Plugin Compatibilities Adapter [rei_plugin_compatibilities, jei]/" done in 42.70 μs
[20:47:19] [REI-ReloadPlugins/TRACE] [REI] [REIPlugin START] Reloading Section: "reloadable-plugin/FluidSupportProviderImpl/JEI Plugin [JEICompat:jade:main] of REI Plugin Compatibilities Adapter [rei_plugin_compatibilities, jei]/"
[20:47:19] [REI-ReloadPlugins/TRACE] [REI] [REIPlugin START] Reloading Section: "reloadable-plugin/FluidSupportProviderImpl/JEI Plugin [JEICompat:jade:main] of REI Plugin Compatibilities Adapter [rei_plugin_compatibilities, jei]/" done in 29.20 μs
[20:47:19] [REI-ReloadPlugins/TRACE] [REI] [REIPlugin START] Reloading Section: "reloadable-plugin/FluidSupportProviderImpl/JEI Plugin [JEIPlugin:ldlib:jei_plugin] of REI Plugin Compatibilities Adapter [rei_plugin_compatibilities, jei]/"
[20:47:19] [REI-ReloadPlugins/TRACE] [REI] [REIPlugin START] Reloading Section: "reloadable-plugin/FluidSupportProviderImpl/JEI Plugin [JEIPlugin:ldlib:jei_plugin] of REI Plugin Compatibilities Adapter [rei_plugin_compatibilities, jei]/" done in 19.30 μs
[20:47:19] [REI-ReloadPlugins/TRACE] [REI] [REIPlugin START] Reloading Section: "reloadable-plugin/FluidSupportProviderImpl/JEI Plugin [BCJeiPlugin:bibliocraft:jei_plugin] of REI Plugin Compatibilities Adapter [rei_plugin_compatibilities, jei]/"
[20:47:19] [REI-ReloadPlugins/TRACE] [REI] [REIPlugin START] Reloading Section: "reloadable-plugin/FluidSupportProviderImpl/JEI Plugin [BCJeiPlugin:bibliocraft:jei_plugin] of REI Plugin Compatibilities Adapter [rei_plugin_compatibilities, jei]/" done in 25.20 μs
[20:47:19] [REI-ReloadPlugins/TRACE] [REI] [REIPlugin START] Reloading Section: "reloadable-plugin/FluidSupportProviderImpl/GTREIPlugin of GTREIPlugin [gtceu]/"
[20:47:19] [REI-ReloadPlugins/TRACE] [REI] [REIPlugin START] Reloading Section: "reloadable-plugin/FluidSupportProviderImpl/GTREIPlugin of GTREIPlugin [gtceu]/" done in 28.80 μs
[20:47:19] [REI-ReloadPlugins/TRACE] [REI] [REIPlugin START] Reloading Section: "reloadable-plugin/FluidSupportProviderImpl/FramedReiPlugin of FramedReiPlugin [framedblocks]/"
[20:47:19] [REI-ReloadPlugins/TRACE] [REI] [REIPlugin START] Reloading Section: "reloadable-plugin/FluidSupportProviderImpl/FramedReiPlugin of FramedReiPlugin [framedblocks]/" done in 25.60 μs
[20:47:19] [REI-ReloadPlugins/TRACE] [REI] [REIPlugin START] Reloading Section: "reloadable-plugin/FluidSupportProviderImpl/REIPluginImpl of REIPluginImpl [ldlib]/"
[20:47:19] [REI-ReloadPlugins/TRACE] [REI] [REIPlugin START] Reloading Section: "reloadable-plugin/FluidSupportProviderImpl/REIPluginImpl of REIPluginImpl [ldlib]/" done in 24.10 μs
[20:47:19] [REI-ReloadPlugins/TRACE] [REI] [REIPlugin START] Reloading Section: "reloadable-plugin/FluidSupportProviderImpl/REI Plugin Compatibilities Client Handler of REI Plugin Compatibilities Client Handler [rei_plugin_compatibilities, jei]/"
[20:47:19] [REI-ReloadPlugins/TRACE] [REI] [REIPlugin START] Reloading Section: "reloadable-plugin/FluidSupportProviderImpl/REI Plugin Compatibilities Client Handler of REI Plugin Compatibilities Client Handler [rei_plugin_compatibilities, jei]/" done in 23.80 μs
[20:47:19] [REI-ReloadPlugins/TRACE] [REI] [REIPlugin START] Reloading Section: "reloadable-plugin/FluidSupportProviderImpl/REIForgePluginStub of REIForgePluginStub [ftblibrary]/"
[20:47:19] [REI-ReloadPlugins/TRACE] [REI] [REIPlugin START] Reloading Section: "reloadable-plugin/FluidSupportProviderImpl/REIForgePluginStub of REIForgePluginStub [ftblibrary]/" done in 75.20 μs
[20:47:19] [REI-ReloadPlugins/TRACE] [REI] [REIPlugin START] Reloading Section: "reloadable-plugin/FluidSupportProviderImpl/AE2 of AE2 [ae2]/"
[20:47:19] [REI-ReloadPlugins/TRACE] [REI] [REIPlugin START] Reloading Section: "reloadable-plugin/FluidSupportProviderImpl/AE2 of AE2 [ae2]/" done in 29.50 μs
[20:47:19] [REI-ReloadPlugins/TRACE] [REI] [REIPlugin START] Reloading Section: "reloadable-plugin/FluidSupportProviderImpl/REIForgePluginStub of REIForgePluginStub [kubejs]/"
[20:47:19] [REI-ReloadPlugins/TRACE] [REI] [REIPlugin START] Reloading Section: "reloadable-plugin/FluidSupportProviderImpl/REIForgePluginStub of REIForgePluginStub [kubejs]/" done in 39.50 μs
[20:47:19] [REI-ReloadPlugins/TRACE] [REI] [REIPlugin START] Reloading Section: "reloadable-plugin/FluidSupportProviderImpl/" done in 5.623 ms
[20:47:19] [REI-ReloadPlugins/TRACE] [REI] [REIPlugin START] Reloading Section: "reloadable-plugin/me.shedaniel.rei.plugin.client.runtime.PluginStageExecutionWatcher$1/"
[20:47:19] [REI-ReloadPlugins/TRACE] [REI] [REIPlugin START] Reloading Section: "reloadable-plugin/me.shedaniel.rei.plugin.client.runtime.PluginStageExecutionWatcher$1/DefaultClientPluginImpl of DefaultClientPluginImpl [roughlyenoughitems]/"
[20:47:19] [REI-ReloadPlugins/TRACE] [REI] [REIPlugin START] Reloading Section: "reloadable-plugin/me.shedaniel.rei.plugin.client.runtime.PluginStageExecutionWatcher$1/DefaultClientPluginImpl of DefaultClientPluginImpl [roughlyenoughitems]/" done in 45.40 μs
[20:47:19] [REI-ReloadPlugins/TRACE] [REI] [REIPlugin START] Reloading Section: "reloadable-plugin/me.shedaniel.rei.plugin.client.runtime.PluginStageExecutionWatcher$1/DefaultPluginImpl of DefaultPluginImpl [roughlyenoughitems]/"
[20:47:19] [REI-ReloadPlugins/TRACE] [REI] [REIPlugin START] Reloading Section: "reloadable-plugin/me.shedaniel.rei.plugin.client.runtime.PluginStageExecutionWatcher$1/DefaultPluginImpl of DefaultPluginImpl [roughlyenoughitems]/" done in 19.80 μs
[20:47:19] [REI-ReloadPlugins/TRACE] [REI] [REIPlugin START] Reloading Section: "reloadable-plugin/me.shedaniel.rei.plugin.client.runtime.PluginStageExecutionWatcher$1/HideIngredientsFromTagsPlugin of HideIngredientsFromTagsPlugin [roughlyenoughitems]/"
[20:47:19] [REI-ReloadPlugins/TRACE] [REI] [REIPlugin START] Reloading Section: "reloadable-plugin/me.shedaniel.rei.plugin.client.runtime.PluginStageExecutionWatcher$1/HideIngredientsFromTagsPlugin of HideIngredientsFromTagsPlugin [roughlyenoughitems]/" done in 24.20 μs
[20:47:19] [REI-ReloadPlugins/TRACE] [REI] [REIPlugin START] Reloading Section: "reloadable-plugin/me.shedaniel.rei.plugin.client.runtime.PluginStageExecutionWatcher$1/DefaultClientRuntimePlugin of DefaultClientRuntimePlugin [roughlyenoughitems]/"
[20:47:19] [REI-ReloadPlugins/TRACE] [REI] [REIPlugin START] Reloading Section: "reloadable-plugin/me.shedaniel.rei.plugin.client.runtime.PluginStageExecutionWatcher$1/DefaultClientRuntimePlugin of DefaultClientRuntimePlugin [roughlyenoughitems]/" done in 24.40 μs
[20:47:19] [REI-ReloadPlugins/TRACE] [REI] [REIPlugin START] Reloading Section: "reloadable-plugin/me.shedaniel.rei.plugin.client.runtime.PluginStageExecutionWatcher$1/DefaultRuntimePlugin of DefaultRuntimePlugin [roughlyenoughitems]/"
[20:47:19] [REI-ReloadPlugins/TRACE] [REI] [REIPlugin START] Reloading Section: "reloadable-plugin/me.shedaniel.rei.plugin.client.runtime.PluginStageExecutionWatcher$1/DefaultRuntimePlugin of DefaultRuntimePlugin [roughlyenoughitems]/" done in 33.10 μs
[20:47:19] [REI-ReloadPlugins/TRACE] [REI] [REIPlugin START] Reloading Section: "reloadable-plugin/me.shedaniel.rei.plugin.client.runtime.PluginStageExecutionWatcher$1/JEI Plugin [CreateAdditionJEI:createaddition:jei_plugin] of REI Plugin Compatibilities Adapter [rei_plugin_compatibilities, jei]/"
[20:47:19] [REI-ReloadPlugins/TRACE] [REI] [REIPlugin START] Reloading Section: "reloadable-plugin/me.shedaniel.rei.plugin.client.runtime.PluginStageExecutionWatcher$1/JEI Plugin [CreateAdditionJEI:createaddition:jei_plugin] of REI Plugin Compatibilities Adapter [rei_plugin_compatibilities, jei]/" done in 36.60 μs
[20:47:19] [REI-ReloadPlugins/TRACE] [REI] [REIPlugin START] Reloading Section: "reloadable-plugin/me.shedaniel.rei.plugin.client.runtime.PluginStageExecutionWatcher$1/JEI Plugin [PolyJEIPlugin:polylib:jei_plugin] of REI Plugin Compatibilities Adapter [rei_plugin_compatibilities, jei]/"
[20:47:19] [REI-ReloadPlugins/TRACE] [REI] [REIPlugin START] Reloading Section: "reloadable-plugin/me.shedaniel.rei.plugin.client.runtime.PluginStageExecutionWatcher$1/JEI Plugin [PolyJEIPlugin:polylib:jei_plugin] of REI Plugin Compatibilities Adapter [rei_plugin_compatibilities, jei]/" done in 45.00 μs
[20:47:19] [REI-ReloadPlugins/TRACE] [REI] [REIPlugin START] Reloading Section: "reloadable-plugin/me.shedaniel.rei.plugin.client.runtime.PluginStageExecutionWatcher$1/JEI Plugin [GTSEJEIPlugin:gregtech_steam_expansion:jei_plugin] of REI Plugin Compatibilities Adapter [rei_plugin_compatibilities, jei]/"
[20:47:19] [REI-ReloadPlugins/TRACE] [REI] [REIPlugin START] Reloading Section: "reloadable-plugin/me.shedaniel.rei.plugin.client.runtime.PluginStageExecutionWatcher$1/JEI Plugin [GTSEJEIPlugin:gregtech_steam_expansion:jei_plugin] of REI Plugin Compatibilities Adapter [rei_plugin_compatibilities, jei]/" done in 29.10 μs
[20:47:19] [REI-ReloadPlugins/TRACE] [REI] [REIPlugin START] Reloading Section: "reloadable-plugin/me.shedaniel.rei.plugin.client.runtime.PluginStageExecutionWatcher$1/JEI Plugin [GTJEIPlugin:gtceu:jei_plugin] of REI Plugin Compatibilities Adapter [rei_plugin_compatibilities, jei]/"
[20:47:19] [REI-ReloadPlugins/TRACE] [REI] [REIPlugin START] Reloading Section: "reloadable-plugin/me.shedaniel.rei.plugin.client.runtime.PluginStageExecutionWatcher$1/JEI Plugin [GTJEIPlugin:gtceu:jei_plugin] of REI Plugin Compatibilities Adapter [rei_plugin_compatibilities, jei]/" done in 27.20 μs
[20:47:19] [REI-ReloadPlugins/TRACE] [REI] [REIPlugin START] Reloading Section: "reloadable-plugin/me.shedaniel.rei.plugin.client.runtime.PluginStageExecutionWatcher$1/JEI Plugin [JEIIntegration:ftblibrary:jei] of REI Plugin Compatibilities Adapter [rei_plugin_compatibilities, jei]/"
[20:47:19] [REI-ReloadPlugins/TRACE] [REI] [REIPlugin START] Reloading Section: "reloadable-plugin/me.shedaniel.rei.plugin.client.runtime.PluginStageExecutionWatcher$1/JEI Plugin [JEIIntegration:ftblibrary:jei] of REI Plugin Compatibilities Adapter [rei_plugin_compatibilities, jei]/" done in 26.90 μs
[20:47:19] [REI-ReloadPlugins/TRACE] [REI] [REIPlugin START] Reloading Section: "reloadable-plugin/me.shedaniel.rei.plugin.client.runtime.PluginStageExecutionWatcher$1/JEI Plugin [JEIPlugin:kubejs:jei] of REI Plugin Compatibilities Adapter [rei_plugin_compatibilities, jei]/"
[20:47:19] [REI-ReloadPlugins/TRACE] [REI] [REIPlugin START] Reloading Section: "reloadable-plugin/me.shedaniel.rei.plugin.client.runtime.PluginStageExecutionWatcher$1/JEI Plugin [JEIPlugin:kubejs:jei] of REI Plugin Compatibilities Adapter [rei_plugin_compatibilities, jei]/" done in 27.00 μs
[20:47:19] [REI-ReloadPlugins/TRACE] [REI] [REIPlugin START] Reloading Section: "reloadable-plugin/me.shedaniel.rei.plugin.client.runtime.PluginStageExecutionWatcher$1/JEI Plugin [JEIIntegration:fluxnetworks:jei] of REI Plugin Compatibilities Adapter [rei_plugin_compatibilities, jei]/"
[20:47:19] [REI-ReloadPlugins/TRACE] [REI] [REIPlugin START] Reloading Section: "reloadable-plugin/me.shedaniel.rei.plugin.client.runtime.PluginStageExecutionWatcher$1/JEI Plugin [JEIIntegration:fluxnetworks:jei] of REI Plugin Compatibilities Adapter [rei_plugin_compatibilities, jei]/" done in 39.60 μs
[20:47:19] [REI-ReloadPlugins/TRACE] [REI] [REIPlugin START] Reloading Section: "reloadable-plugin/me.shedaniel.rei.plugin.client.runtime.PluginStageExecutionWatcher$1/JEI Plugin [CreateJEI:create:jei_plugin] of REI Plugin Compatibilities Adapter [rei_plugin_compatibilities, jei]/"
[20:47:19] [REI-ReloadPlugins/TRACE] [REI] [REIPlugin START] Reloading Section: "reloadable-plugin/me.shedaniel.rei.plugin.client.runtime.PluginStageExecutionWatcher$1/JEI Plugin [CreateJEI:create:jei_plugin] of REI Plugin Compatibilities Adapter [rei_plugin_compatibilities, jei]/" done in 76.20 μs
[20:47:19] [REI-ReloadPlugins/TRACE] [REI] [REIPlugin START] Reloading Section: "reloadable-plugin/me.shedaniel.rei.plugin.client.runtime.PluginStageExecutionWatcher$1/JEI Plugin [JEIPlugin:ae2:core] of REI Plugin Compatibilities Adapter [rei_plugin_compatibilities, jei]/"
[20:47:19] [REI-ReloadPlugins/TRACE] [REI] [REIPlugin START] Reloading Section: "reloadable-plugin/me.shedaniel.rei.plugin.client.runtime.PluginStageExecutionWatcher$1/JEI Plugin [JEIPlugin:ae2:core] of REI Plugin Compatibilities Adapter [rei_plugin_compatibilities, jei]/" done in 52.10 μs
[20:47:19] [REI-ReloadPlugins/TRACE] [REI] [REIPlugin START] Reloading Section: "reloadable-plugin/me.shedaniel.rei.plugin.client.runtime.PluginStageExecutionWatcher$1/JEI Plugin [JEICompat:jade:main] of REI Plugin Compatibilities Adapter [rei_plugin_compatibilities, jei]/"
[20:47:19] [REI-ReloadPlugins/TRACE] [REI] [REIPlugin START] Reloading Section: "reloadable-plugin/me.shedaniel.rei.plugin.client.runtime.PluginStageExecutionWatcher$1/JEI Plugin [JEICompat:jade:main] of REI Plugin Compatibilities Adapter [rei_plugin_compatibilities, jei]/" done in 30.40 μs
[20:47:19] [REI-ReloadPlugins/TRACE] [REI] [REIPlugin START] Reloading Section: "reloadable-plugin/me.shedaniel.rei.plugin.client.runtime.PluginStageExecutionWatcher$1/JEI Plugin [JEIPlugin:ldlib:jei_plugin] of REI Plugin Compatibilities Adapter [rei_plugin_compatibilities, jei]/"
[20:47:19] [REI-ReloadPlugins/TRACE] [REI] [REIPlugin START] Reloading Section: "reloadable-plugin/me.shedaniel.rei.plugin.client.runtime.PluginStageExecutionWatcher$1/JEI Plugin [JEIPlugin:ldlib:jei_plugin] of REI Plugin Compatibilities Adapter [rei_plugin_compatibilities, jei]/" done in 28.80 μs
[20:47:19] [REI-ReloadPlugins/TRACE] [REI] [REIPlugin START] Reloading Section: "reloadable-plugin/me.shedaniel.rei.plugin.client.runtime.PluginStageExecutionWatcher$1/JEI Plugin [BCJeiPlugin:bibliocraft:jei_plugin] of REI Plugin Compatibilities Adapter [rei_plugin_compatibilities, jei]/"
[20:47:19] [REI-ReloadPlugins/TRACE] [REI] [REIPlugin START] Reloading Section: "reloadable-plugin/me.shedaniel.rei.plugin.client.runtime.PluginStageExecutionWatcher$1/JEI Plugin [BCJeiPlugin:bibliocraft:jei_plugin] of REI Plugin Compatibilities Adapter [rei_plugin_compatibilities, jei]/" done in 27.80 μs
[20:47:19] [REI-ReloadPlugins/TRACE] [REI] [REIPlugin START] Reloading Section: "reloadable-plugin/me.shedaniel.rei.plugin.client.runtime.PluginStageExecutionWatcher$1/GTREIPlugin of GTREIPlugin [gtceu]/"
[20:47:19] [REI-ReloadPlugins/TRACE] [REI] [REIPlugin START] Reloading Section: "reloadable-plugin/me.shedaniel.rei.plugin.client.runtime.PluginStageExecutionWatcher$1/GTREIPlugin of GTREIPlugin [gtceu]/" done in 28.40 μs
[20:47:19] [REI-ReloadPlugins/TRACE] [REI] [REIPlugin START] Reloading Section: "reloadable-plugin/me.shedaniel.rei.plugin.client.runtime.PluginStageExecutionWatcher$1/FramedReiPlugin of FramedReiPlugin [framedblocks]/"
[20:47:19] [REI-ReloadPlugins/TRACE] [REI] [REIPlugin START] Reloading Section: "reloadable-plugin/me.shedaniel.rei.plugin.client.runtime.PluginStageExecutionWatcher$1/FramedReiPlugin of FramedReiPlugin [framedblocks]/" done in 26.00 μs
[20:47:19] [REI-ReloadPlugins/TRACE] [REI] [REIPlugin START] Reloading Section: "reloadable-plugin/me.shedaniel.rei.plugin.client.runtime.PluginStageExecutionWatcher$1/REIPluginImpl of REIPluginImpl [ldlib]/"
[20:47:19] [REI-ReloadPlugins/TRACE] [REI] [REIPlugin START] Reloading Section: "reloadable-plugin/me.shedaniel.rei.plugin.client.runtime.PluginStageExecutionWatcher$1/REIPluginImpl of REIPluginImpl [ldlib]/" done in 25.30 μs
[20:47:19] [REI-ReloadPlugins/TRACE] [REI] [REIPlugin START] Reloading Section: "reloadable-plugin/me.shedaniel.rei.plugin.client.runtime.PluginStageExecutionWatcher$1/REI Plugin Compatibilities Client Handler of REI Plugin Compatibilities Client Handler [rei_plugin_compatibilities, jei]/"
[20:47:19] [REI-ReloadPlugins/TRACE] [REI] [REIPlugin START] Reloading Section: "reloadable-plugin/me.shedaniel.rei.plugin.client.runtime.PluginStageExecutionWatcher$1/REI Plugin Compatibilities Client Handler of REI Plugin Compatibilities Client Handler [rei_plugin_compatibilities, jei]/" done in 78.10 μs
[20:47:19] [REI-ReloadPlugins/TRACE] [REI] [REIPlugin START] Reloading Section: "reloadable-plugin/me.shedaniel.rei.plugin.client.runtime.PluginStageExecutionWatcher$1/REIForgePluginStub of REIForgePluginStub [ftblibrary]/"
[20:47:19] [REI-ReloadPlugins/TRACE] [REI] [REIPlugin START] Reloading Section: "reloadable-plugin/me.shedaniel.rei.plugin.client.runtime.PluginStageExecutionWatcher$1/REIForgePluginStub of REIForgePluginStub [ftblibrary]/" done in 29.30 μs
[20:47:19] [REI-ReloadPlugins/TRACE] [REI] [REIPlugin START] Reloading Section: "reloadable-plugin/me.shedaniel.rei.plugin.client.runtime.PluginStageExecutionWatcher$1/AE2 of AE2 [ae2]/"
[20:47:19] [REI-ReloadPlugins/TRACE] [REI] [REIPlugin START] Reloading Section: "reloadable-plugin/me.shedaniel.rei.plugin.client.runtime.PluginStageExecutionWatcher$1/AE2 of AE2 [ae2]/" done in 25.80 μs
[20:47:19] [REI-ReloadPlugins/TRACE] [REI] [REIPlugin START] Reloading Section: "reloadable-plugin/me.shedaniel.rei.plugin.client.runtime.PluginStageExecutionWatcher$1/REIForgePluginStub of REIForgePluginStub [kubejs]/"
[20:47:19] [REI-ReloadPlugins/TRACE] [REI] [REIPlugin START] Reloading Section: "reloadable-plugin/me.shedaniel.rei.plugin.client.runtime.PluginStageExecutionWatcher$1/REIForgePluginStub of REIForgePluginStub [kubejs]/" done in 39.60 μs
[20:47:19] [REI-ReloadPlugins/TRACE] [REI] [REIPlugin START] Reloading Section: "reloadable-plugin/me.shedaniel.rei.plugin.client.runtime.PluginStageExecutionWatcher$1/" done in 2.270 ms
[20:47:19] [REI-ReloadPlugins/DEBUG] [REI] ========================================
[20:47:19] [REI-ReloadPlugins/DEBUG] [REI] REIPlugin ending main-reload for START.
[20:47:19] [REI-ReloadPlugins/DEBUG] [REI] ========================================
[20:47:19] [REI-ReloadPlugins/TRACE] [REI] [REIPlugin START] Reloading Section: "end-reload/"
[20:47:19] [REI-ReloadPlugins/TRACE] [REI] [REIPlugin START] Reloading Section: "end-reload/EntryTypeRegistryImpl/"
[20:47:19] [REI-ReloadPlugins/TRACE] [REI] [REIPlugin START] Reloading Section: "end-reload/EntryTypeRegistryImpl/" done in 33.90 μs
[20:47:19] [REI-ReloadPlugins/TRACE] [REI] [REIPlugin START] Reloading Section: "end-reload/EntrySettingsAdapterRegistryImpl/"
[20:47:19] [REI-ReloadPlugins/TRACE] [REI] [REIPlugin START] Reloading Section: "end-reload/EntrySettingsAdapterRegistryImpl/" done in 24.50 μs
[20:47:19] [REI-ReloadPlugins/TRACE] [REI] [REIPlugin START] Reloading Section: "end-reload/RecipeManagerContextImpl/"
[20:47:19] [REI-ReloadPlugins/TRACE] [REI] [REIPlugin START] Reloading Section: "end-reload/RecipeManagerContextImpl/" done in 23.00 μs
[20:47:19] [REI-ReloadPlugins/TRACE] [REI] [REIPlugin START] Reloading Section: "end-reload/ItemComparatorRegistryImpl/"
[20:47:19] [REI-ReloadPlugins/TRACE] [REI] [REIPlugin START] Reloading Section: "end-reload/ItemComparatorRegistryImpl/" done in 21.10 μs
[20:47:19] [REI-ReloadPlugins/TRACE] [REI] [REIPlugin START] Reloading Section: "end-reload/FluidComparatorRegistryImpl/"
[20:47:19] [REI-ReloadPlugins/TRACE] [REI] [REIPlugin START] Reloading Section: "end-reload/FluidComparatorRegistryImpl/" done in 20.40 μs
[20:47:19] [REI-ReloadPlugins/TRACE] [REI] [REIPlugin START] Reloading Section: "end-reload/DisplaySerializerRegistryImpl/"
[20:47:19] [REI-ReloadPlugins/TRACE] [REI] [REIPlugin START] Reloading Section: "end-reload/DisplaySerializerRegistryImpl/" done in 20.40 μs
[20:47:19] [REI-ReloadPlugins/TRACE] [REI] [REIPlugin START] Reloading Section: "end-reload/FluidSupportProviderImpl/"
[20:47:19] [REI-ReloadPlugins/TRACE] [REI] [REIPlugin START] Reloading Section: "end-reload/FluidSupportProviderImpl/" done in 20.90 μs
[20:47:19] [REI-ReloadPlugins/TRACE] [REI] [REIPlugin START] Reloading Section: "end-reload/me.shedaniel.rei.plugin.client.runtime.PluginStageExecutionWatcher$1/"
[20:47:19] [REI-ReloadPlugins/TRACE] [REI] [REIPlugin START] Reloading Section: "end-reload/me.shedaniel.rei.plugin.client.runtime.PluginStageExecutionWatcher$1/" done in 38.30 μs
[20:47:19] [REI-ReloadPlugins/TRACE] [REI] [REIPlugin START] Reloading Section: "end-reload/" done in 715.2 μs
[20:47:19] [REI-ReloadPlugins/DEBUG] [REI] ========================================
[20:47:19] [REI-ReloadPlugins/DEBUG] [REI] REIPlugin ended main-reload for START in 170.9 ms.
[20:47:19] [REI-ReloadPlugins/DEBUG] [REI] ========================================
[20:47:19] [REI-ReloadPlugins/INFO] [REI] ****************************************
[20:47:19] [REI-ReloadPlugins/INFO] [REI] REIClientPlugin starting main-reload for START.
[20:47:19] [REI-ReloadPlugins/DEBUG] [REI] Reloadables (18):
[20:47:19] [REI-ReloadPlugins/DEBUG] [REI]  - EntryRendererRegistryImpl
[20:47:19] [REI-ReloadPlugins/DEBUG] [REI]  - ViewsImpl
[20:47:19] [REI-ReloadPlugins/DEBUG] [REI]  - InputMethodRegistryImpl
[20:47:19] [REI-ReloadPlugins/DEBUG] [REI]  - SearchProviderImpl
[20:47:19] [REI-ReloadPlugins/DEBUG] [REI]  - ConfigManagerImpl
[20:47:19] [REI-ReloadPlugins/DEBUG] [REI]  - EntryRegistryImpl
[20:47:19] [REI-ReloadPlugins/DEBUG] [REI]  - CollapsibleEntryRegistryImpl
[20:47:19] [REI-ReloadPlugins/DEBUG] [REI]  - BasicFilteringRuleImpl
[20:47:19] [REI-ReloadPlugins/DEBUG] [REI]  - CategoryRegistryImpl
[20:47:19] [REI-ReloadPlugins/DEBUG] [REI]  - DisplayRegistryImpl
[20:47:19] [REI-ReloadPlugins/DEBUG] [REI]  - ScreenRegistryImpl
[20:47:19] [REI-ReloadPlugins/DEBUG] [REI]  - FavoriteEntryTypeRegistryImpl
[20:47:19] [REI-ReloadPlugins/DEBUG] [REI]  - SubsetsRegistryImpl
[20:47:19] [REI-ReloadPlugins/DEBUG] [REI]  - TransferHandlerRegistryImpl
[20:47:19] [REI-ReloadPlugins/DEBUG] [REI]  - SearchRuntime
[20:47:19] [REI-ReloadPlugins/DEBUG] [REI]  - REIRuntimeImpl
[20:47:19] [REI-ReloadPlugins/DEBUG] [REI]  - ConfigAddonRegistryImpl
[20:47:19] [REI-ReloadPlugins/DEBUG] [REI]  - me.shedaniel.rei.plugin.client.runtime.PluginStageExecutionWatcher$1
[20:47:19] [REI-ReloadPlugins/INFO] [REI] Plugins (22):
[20:47:19] [REI-ReloadPlugins/INFO] [REI]  - (-100.00) DefaultClientPluginImpl of DefaultClientPluginImpl [roughlyenoughitems]
[20:47:19] [REI-ReloadPlugins/INFO] [REI]  - (0.00) JEI Plugin [CreateAdditionJEI:createaddition:jei_plugin] of REI Plugin Compatibilities Adapter [rei_plugin_compatibilities, jei]
[20:47:19] [REI-ReloadPlugins/INFO] [REI]  - (0.00) JEI Plugin [PolyJEIPlugin:polylib:jei_plugin] of REI Plugin Compatibilities Adapter [rei_plugin_compatibilities, jei]
[20:47:19] [REI-ReloadPlugins/INFO] [REI]  - (0.00) JEI Plugin [GTSEJEIPlugin:gregtech_steam_expansion:jei_plugin] of REI Plugin Compatibilities Adapter [rei_plugin_compatibilities, jei]
[20:47:19] [REI-ReloadPlugins/INFO] [REI]  - (0.00) JEI Plugin [GTJEIPlugin:gtceu:jei_plugin] of REI Plugin Compatibilities Adapter [rei_plugin_compatibilities, jei]
[20:47:19] [REI-ReloadPlugins/INFO] [REI]  - (0.00) JEI Plugin [JEIIntegration:ftblibrary:jei] of REI Plugin Compatibilities Adapter [rei_plugin_compatibilities, jei]
[20:47:19] [REI-ReloadPlugins/INFO] [REI]  - (0.00) JEI Plugin [JEIPlugin:kubejs:jei] of REI Plugin Compatibilities Adapter [rei_plugin_compatibilities, jei]
[20:47:19] [REI-ReloadPlugins/INFO] [REI]  - (0.00) JEI Plugin [JEIIntegration:fluxnetworks:jei] of REI Plugin Compatibilities Adapter [rei_plugin_compatibilities, jei]
[20:47:19] [REI-ReloadPlugins/INFO] [REI]  - (0.00) JEI Plugin [CreateJEI:create:jei_plugin] of REI Plugin Compatibilities Adapter [rei_plugin_compatibilities, jei]
[20:47:19] [REI-ReloadPlugins/INFO] [REI]  - (0.00) JEI Plugin [JEIPlugin:ae2:core] of REI Plugin Compatibilities Adapter [rei_plugin_compatibilities, jei]
[20:47:19] [REI-ReloadPlugins/INFO] [REI]  - (0.00) JEI Plugin [JEICompat:jade:main] of REI Plugin Compatibilities Adapter [rei_plugin_compatibilities, jei]
[20:47:19] [REI-ReloadPlugins/INFO] [REI]  - (0.00) JEI Plugin [JEIPlugin:ldlib:jei_plugin] of REI Plugin Compatibilities Adapter [rei_plugin_compatibilities, jei]
[20:47:19] [REI-ReloadPlugins/INFO] [REI]  - (0.00) JEI Plugin [BCJeiPlugin:bibliocraft:jei_plugin] of REI Plugin Compatibilities Adapter [rei_plugin_compatibilities, jei]
[20:47:19] [REI-ReloadPlugins/INFO] [REI]  - (0.00) GTREIPlugin of GTREIPlugin [gtceu]
[20:47:19] [REI-ReloadPlugins/INFO] [REI]  - (0.00) FramedReiPlugin of FramedReiPlugin [framedblocks]
[20:47:19] [REI-ReloadPlugins/INFO] [REI]  - (0.00) REIPluginImpl of REIPluginImpl [ldlib]
[20:47:19] [REI-ReloadPlugins/INFO] [REI]  - (0.00) REI Plugin Compatibilities Client Handler of REI Plugin Compatibilities Client Handler [rei_plugin_compatibilities, jei]
[20:47:19] [REI-ReloadPlugins/INFO] [REI]  - (0.00) REIForgePluginStub of REIForgePluginStub [ftblibrary]
[20:47:19] [REI-ReloadPlugins/INFO] [REI]  - (0.00) AE2 of AE2 [ae2]
[20:47:19] [REI-ReloadPlugins/INFO] [REI]  - (0.00) HideIngredientsFromTagsPlugin of HideIngredientsFromTagsPlugin [roughlyenoughitems]
[20:47:19] [REI-ReloadPlugins/INFO] [REI]  - (0.00) DefaultClientRuntimePlugin of DefaultClientRuntimePlugin [roughlyenoughitems]
[20:47:19] [REI-ReloadPlugins/INFO] [REI]  - (10000000.00) REIForgePluginStub of REIForgePluginStub [kubejs]
[20:47:19] [REI-ReloadPlugins/INFO] [REI] ****************************************
[20:47:19] [REI-ReloadPlugins/TRACE] [REI] [REIClientPlugin START] Reloading Section: "start-reload/"
[20:47:19] [REI-ReloadPlugins/TRACE] [REI] [REIClientPlugin START] Reloading Section: "start-reload/EntryRendererRegistryImpl/"
[20:47:19] [REI-ReloadPlugins/TRACE] [REI] [REIClientPlugin START] Reloading Section: "start-reload/EntryRendererRegistryImpl/" done in 35.40 μs
[20:47:19] [REI-ReloadPlugins/TRACE] [REI] [REIClientPlugin START] Reloading Section: "start-reload/ViewsImpl/"
[20:47:19] [REI-ReloadPlugins/TRACE] [REI] [REIClientPlugin START] Reloading Section: "start-reload/ViewsImpl/" done in 32.00 μs
[20:47:19] [REI-ReloadPlugins/TRACE] [REI] [REIClientPlugin START] Reloading Section: "start-reload/InputMethodRegistryImpl/"
[20:47:19] [REI-ReloadPlugins/TRACE] [REI] [REIClientPlugin START] Reloading Section: "start-reload/InputMethodRegistryImpl/" done in 40.80 μs
[20:47:19] [REI-ReloadPlugins/TRACE] [REI] [REIClientPlugin START] Reloading Section: "start-reload/SearchProviderImpl/"
[20:47:19] [REI-ReloadPlugins/TRACE] [REI] [REIClientPlugin START] Reloading Section: "start-reload/SearchProviderImpl/" done in 28.50 μs
[20:47:19] [REI-ReloadPlugins/TRACE] [REI] [REIClientPlugin START] Reloading Section: "start-reload/ConfigManagerImpl/"
[20:47:19] [REI-ReloadPlugins/TRACE] [REI] [REIClientPlugin START] Reloading Section: "start-reload/ConfigManagerImpl/" done in 25.40 μs
[20:47:19] [REI-ReloadPlugins/TRACE] [REI] [REIClientPlugin START] Reloading Section: "start-reload/EntryRegistryImpl/"
[20:47:19] [REI-ReloadPlugins/TRACE] [REI] [REIClientPlugin START] Reloading Section: "start-reload/EntryRegistryImpl/" done in 65.30 μs
[20:47:19] [REI-ReloadPlugins/TRACE] [REI] [REIClientPlugin START] Reloading Section: "start-reload/CollapsibleEntryRegistryImpl/"
[20:47:19] [REI-ReloadPlugins/TRACE] [REI] [REIClientPlugin START] Reloading Section: "start-reload/CollapsibleEntryRegistryImpl/" done in 25.10 μs
[20:47:19] [REI-ReloadPlugins/TRACE] [REI] [REIClientPlugin START] Reloading Section: "start-reload/BasicFilteringRuleImpl/"
[20:47:19] [REI-ReloadPlugins/TRACE] [REI] [REIClientPlugin START] Reloading Section: "start-reload/BasicFilteringRuleImpl/" done in 44.40 μs
[20:47:19] [REI-ReloadPlugins/TRACE] [REI] [REIClientPlugin START] Reloading Section: "start-reload/CategoryRegistryImpl/"
[20:47:19] [REI-ReloadPlugins/TRACE] [REI] [REIClientPlugin START] Reloading Section: "start-reload/CategoryRegistryImpl/" done in 26.80 μs
[20:47:19] [REI-ReloadPlugins/TRACE] [REI] [REIClientPlugin START] Reloading Section: "start-reload/DisplayRegistryImpl/"
[20:47:19] [REI-ReloadPlugins/TRACE] [REI] [REIClientPlugin START] Reloading Section: "start-reload/DisplayRegistryImpl/" done in 22.10 μs
[20:47:19] [REI-ReloadPlugins/TRACE] [REI] [REIClientPlugin START] Reloading Section: "start-reload/ScreenRegistryImpl/"
[20:47:19] [REI-ReloadPlugins/DEBUG] [REI] Added overlay decider: me.shedaniel.rei.impl.client.registry.screen.ExclusionZonesImpl@6b28f818 [-5.00 priority]
[20:47:19] [REI-ReloadPlugins/DEBUG] [REI] Added overlay decider: me.shedaniel.rei.impl.client.registry.screen.ScreenRegistryImpl$1@4f32bd51 [-10.00 priority]
[20:47:19] [REI-ReloadPlugins/DEBUG] [REI] Added overlay decider: me.shedaniel.rei.impl.client.registry.screen.ScreenRegistryImpl$2@20fec2e6 [-10.00 priority]
[20:47:19] [REI-ReloadPlugins/DEBUG] [REI] Added overlay decider: me.shedaniel.rei.impl.client.registry.screen.ScreenRegistryImpl$3@ce19fab [-20.00 priority]
[20:47:19] [REI-ReloadPlugins/DEBUG] [REI] Added focused stack provider: me.shedaniel.rei.impl.client.registry.screen.ScreenRegistryImpl$4@f91ee7f [-10.00 priority]
[20:47:19] [REI-ReloadPlugins/DEBUG] [REI] Added draggable component provider: me.shedaniel.rei.api.client.gui.drag.component.DraggableComponentProviderWidget$1@396eb4bd [0.00 priority]
[20:47:19] [REI-ReloadPlugins/DEBUG] [REI] Added draggable component visitor: me.shedaniel.rei.api.client.gui.drag.component.DraggableComponentVisitorWidget$2@bd8e189 [0.00 priority]
[20:47:19] [REI-ReloadPlugins/TRACE] [REI] [REIClientPlugin START] Reloading Section: "start-reload/ScreenRegistryImpl/" done in 30.26 ms
[20:47:19] [REI-ReloadPlugins/TRACE] [REI] [REIClientPlugin START] Reloading Section: "start-reload/FavoriteEntryTypeRegistryImpl/"
[20:47:19] [REI-ReloadPlugins/TRACE] [REI] [REIClientPlugin START] Reloading Section: "start-reload/FavoriteEntryTypeRegistryImpl/" done in 199.3 μs
[20:47:19] [REI-ReloadPlugins/TRACE] [REI] [REIClientPlugin START] Reloading Section: "start-reload/SubsetsRegistryImpl/"
[20:47:19] [REI-ReloadPlugins/TRACE] [REI] [REIClientPlugin START] Reloading Section: "start-reload/SubsetsRegistryImpl/" done in 72.90 μs
[20:47:19] [REI-ReloadPlugins/TRACE] [REI] [REIClientPlugin START] Reloading Section: "start-reload/TransferHandlerRegistryImpl/"
[20:47:19] [REI-ReloadPlugins/TRACE] [REI] [REIClientPlugin START] Reloading Section: "start-reload/TransferHandlerRegistryImpl/" done in 38.10 μs
[20:47:19] [REI-ReloadPlugins/TRACE] [REI] [REIClientPlugin START] Reloading Section: "start-reload/SearchRuntime/"
[20:47:19] [REI-ReloadPlugins/DEBUG] [REI] Preparing collapsed entry groups cache with 0 entries and 0 stacks
[20:47:19] [REI-ReloadPlugins/DEBUG] [REI] Prepared collapsed entry groups cache with 0 entries and 0 stacks
[20:47:19] [REI-ReloadPlugins/TRACE] [REI] [REIClientPlugin START] Reloading Section: "start-reload/SearchRuntime/" done in 7.716 ms
[20:47:19] [REI-ReloadPlugins/TRACE] [REI] [REIClientPlugin START] Reloading Section: "start-reload/REIRuntimeImpl/"
[20:47:19] [REI-ReloadPlugins/TRACE] [REI] [REIClientPlugin START] Reloading Section: "start-reload/REIRuntimeImpl/" done in 4.457 ms
[20:47:19] [REI-ReloadPlugins/TRACE] [REI] [REIClientPlugin START] Reloading Section: "start-reload/ConfigAddonRegistryImpl/"
[20:47:19] [REI-ReloadPlugins/TRACE] [REI] [REIClientPlugin START] Reloading Section: "start-reload/ConfigAddonRegistryImpl/" done in 80.70 μs
[20:47:19] [REI-ReloadPlugins/TRACE] [REI] [REIClientPlugin START] Reloading Section: "start-reload/me.shedaniel.rei.plugin.client.runtime.PluginStageExecutionWatcher$1/"
[20:47:19] [REI-ReloadPlugins/TRACE] [REI] [REIClientPlugin START] Reloading Section: "start-reload/me.shedaniel.rei.plugin.client.runtime.PluginStageExecutionWatcher$1/" done in 39.70 μs
[20:47:19] [REI-ReloadPlugins/TRACE] [REI] [REIClientPlugin START] Reloading Section: "start-reload/" done in 44.83 ms
[20:47:19] [REI-ReloadPlugins/DEBUG] [REI] ========================================
[20:47:19] [REI-ReloadPlugins/DEBUG] [REI] REIClientPlugin started main-reload for START.
[20:47:19] [REI-ReloadPlugins/DEBUG] [REI] ========================================
[20:47:19] [REI-ReloadPlugins/TRACE] [REI] [REIClientPlugin START] Reloading Section: "reloadable-plugin/EntryRendererRegistryImpl/"
[20:47:19] [REI-ReloadPlugins/TRACE] [REI] [REIClientPlugin START] Reloading Section: "reloadable-plugin/EntryRendererRegistryImpl/DefaultClientPluginImpl of DefaultClientPluginImpl [roughlyenoughitems]/"
[20:47:19] [REI-ReloadPlugins/TRACE] [REI] [REIClientPlugin START] Reloading Section: "reloadable-plugin/EntryRendererRegistryImpl/DefaultClientPluginImpl of DefaultClientPluginImpl [roughlyenoughitems]/" done in 71.50 μs
[20:47:19] [REI-ReloadPlugins/TRACE] [REI] [REIClientPlugin START] Reloading Section: "reloadable-plugin/EntryRendererRegistryImpl/JEI Plugin [CreateAdditionJEI:createaddition:jei_plugin] of REI Plugin Compatibilities Adapter [rei_plugin_compatibilities, jei]/"
[20:47:19] [REI-ReloadPlugins/TRACE] [REI] [REIClientPlugin START] Reloading Section: "reloadable-plugin/EntryRendererRegistryImpl/JEI Plugin [CreateAdditionJEI:createaddition:jei_plugin] of REI Plugin Compatibilities Adapter [rei_plugin_compatibilities, jei]/" done in 63.90 μs
[20:47:19] [REI-ReloadPlugins/TRACE] [REI] [REIClientPlugin START] Reloading Section: "reloadable-plugin/EntryRendererRegistryImpl/JEI Plugin [PolyJEIPlugin:polylib:jei_plugin] of REI Plugin Compatibilities Adapter [rei_plugin_compatibilities, jei]/"
[20:47:19] [REI-ReloadPlugins/TRACE] [REI] [REIClientPlugin START] Reloading Section: "reloadable-plugin/EntryRendererRegistryImpl/JEI Plugin [PolyJEIPlugin:polylib:jei_plugin] of REI Plugin Compatibilities Adapter [rei_plugin_compatibilities, jei]/" done in 52.20 μs
[20:47:19] [REI-ReloadPlugins/TRACE] [REI] [REIClientPlugin START] Reloading Section: "reloadable-plugin/EntryRendererRegistryImpl/JEI Plugin [GTSEJEIPlugin:gregtech_steam_expansion:jei_plugin] of REI Plugin Compatibilities Adapter [rei_plugin_compatibilities, jei]/"
[20:47:19] [REI-ReloadPlugins/TRACE] [REI] [REIClientPlugin START] Reloading Section: "reloadable-plugin/EntryRendererRegistryImpl/JEI Plugin [GTSEJEIPlugin:gregtech_steam_expansion:jei_plugin] of REI Plugin Compatibilities Adapter [rei_plugin_compatibilities, jei]/" done in 48.30 μs
[20:47:19] [REI-ReloadPlugins/TRACE] [REI] [REIClientPlugin START] Reloading Section: "reloadable-plugin/EntryRendererRegistryImpl/JEI Plugin [GTJEIPlugin:gtceu:jei_plugin] of REI Plugin Compatibilities Adapter [rei_plugin_compatibilities, jei]/"
[20:47:19] [REI-ReloadPlugins/TRACE] [REI] [REIClientPlugin START] Reloading Section: "reloadable-plugin/EntryRendererRegistryImpl/JEI Plugin [GTJEIPlugin:gtceu:jei_plugin] of REI Plugin Compatibilities Adapter [rei_plugin_compatibilities, jei]/" done in 69.80 μs
[20:47:19] [REI-ReloadPlugins/TRACE] [REI] [REIClientPlugin START] Reloading Section: "reloadable-plugin/EntryRendererRegistryImpl/JEI Plugin [JEIIntegration:ftblibrary:jei] of REI Plugin Compatibilities Adapter [rei_plugin_compatibilities, jei]/"
[20:47:19] [REI-ReloadPlugins/TRACE] [REI] [REIClientPlugin START] Reloading Section: "reloadable-plugin/EntryRendererRegistryImpl/JEI Plugin [JEIIntegration:ftblibrary:jei] of REI Plugin Compatibilities Adapter [rei_plugin_compatibilities, jei]/" done in 56.80 μs
[20:47:19] [REI-ReloadPlugins/TRACE] [REI] [REIClientPlugin START] Reloading Section: "reloadable-plugin/EntryRendererRegistryImpl/JEI Plugin [JEIPlugin:kubejs:jei] of REI Plugin Compatibilities Adapter [rei_plugin_compatibilities, jei]/"
[20:47:19] [REI-ReloadPlugins/TRACE] [REI] [REIClientPlugin START] Reloading Section: "reloadable-plugin/EntryRendererRegistryImpl/JEI Plugin [JEIPlugin:kubejs:jei] of REI Plugin Compatibilities Adapter [rei_plugin_compatibilities, jei]/" done in 52.60 μs
[20:47:19] [REI-ReloadPlugins/TRACE] [REI] [REIClientPlugin START] Reloading Section: "reloadable-plugin/EntryRendererRegistryImpl/JEI Plugin [JEIIntegration:fluxnetworks:jei] of REI Plugin Compatibilities Adapter [rei_plugin_compatibilities, jei]/"
[20:47:19] [REI-ReloadPlugins/TRACE] [REI] [REIClientPlugin START] Reloading Section: "reloadable-plugin/EntryRendererRegistryImpl/JEI Plugin [JEIIntegration:fluxnetworks:jei] of REI Plugin Compatibilities Adapter [rei_plugin_compatibilities, jei]/" done in 52.00 μs
[20:47:19] [REI-ReloadPlugins/TRACE] [REI] [REIClientPlugin START] Reloading Section: "reloadable-plugin/EntryRendererRegistryImpl/JEI Plugin [CreateJEI:create:jei_plugin] of REI Plugin Compatibilities Adapter [rei_plugin_compatibilities, jei]/"
[20:47:19] [REI-ReloadPlugins/TRACE] [REI] [REIClientPlugin START] Reloading Section: "reloadable-plugin/EntryRendererRegistryImpl/JEI Plugin [CreateJEI:create:jei_plugin] of REI Plugin Compatibilities Adapter [rei_plugin_compatibilities, jei]/" done in 55.70 μs
[20:47:19] [REI-ReloadPlugins/TRACE] [REI] [REIClientPlugin START] Reloading Section: "reloadable-plugin/EntryRendererRegistryImpl/JEI Plugin [JEIPlugin:ae2:core] of REI Plugin Compatibilities Adapter [rei_plugin_compatibilities, jei]/"
[20:47:19] [REI-ReloadPlugins/TRACE] [REI] [REIClientPlugin START] Reloading Section: "reloadable-plugin/EntryRendererRegistryImpl/JEI Plugin [JEIPlugin:ae2:core] of REI Plugin Compatibilities Adapter [rei_plugin_compatibilities, jei]/" done in 62.30 μs
[20:47:19] [REI-ReloadPlugins/TRACE] [REI] [REIClientPlugin START] Reloading Section: "reloadable-plugin/EntryRendererRegistryImpl/JEI Plugin [JEICompat:jade:main] of REI Plugin Compatibilities Adapter [rei_plugin_compatibilities, jei]/"
[20:47:19] [REI-ReloadPlugins/TRACE] [REI] [REIClientPlugin START] Reloading Section: "reloadable-plugin/EntryRendererRegistryImpl/JEI Plugin [JEICompat:jade:main] of REI Plugin Compatibilities Adapter [rei_plugin_compatibilities, jei]/" done in 47.50 μs
[20:47:19] [REI-ReloadPlugins/TRACE] [REI] [REIClientPlugin START] Reloading Section: "reloadable-plugin/EntryRendererRegistryImpl/JEI Plugin [JEIPlugin:ldlib:jei_plugin] of REI Plugin Compatibilities Adapter [rei_plugin_compatibilities, jei]/"
[20:47:19] [REI-ReloadPlugins/TRACE] [REI] [REIClientPlugin START] Reloading Section: "reloadable-plugin/EntryRendererRegistryImpl/JEI Plugin [JEIPlugin:ldlib:jei_plugin] of REI Plugin Compatibilities Adapter [rei_plugin_compatibilities, jei]/" done in 46.70 μs
[20:47:19] [REI-ReloadPlugins/TRACE] [REI] [REIClientPlugin START] Reloading Section: "reloadable-plugin/EntryRendererRegistryImpl/JEI Plugin [BCJeiPlugin:bibliocraft:jei_plugin] of REI Plugin Compatibilities Adapter [rei_plugin_compatibilities, jei]/"
[20:47:19] [REI-ReloadPlugins/TRACE] [REI] [REIClientPlugin START] Reloading Section: "reloadable-plugin/EntryRendererRegistryImpl/JEI Plugin [BCJeiPlugin:bibliocraft:jei_plugin] of REI Plugin Compatibilities Adapter [rei_plugin_compatibilities, jei]/" done in 97.30 μs
[20:47:19] [REI-ReloadPlugins/TRACE] [REI] [REIClientPlugin START] Reloading Section: "reloadable-plugin/EntryRendererRegistryImpl/GTREIPlugin of GTREIPlugin [gtceu]/"
[20:47:19] [REI-ReloadPlugins/TRACE] [REI] [REIClientPlugin START] Reloading Section: "reloadable-plugin/EntryRendererRegistryImpl/GTREIPlugin of GTREIPlugin [gtceu]/" done in 30.50 μs
[20:47:19] [REI-ReloadPlugins/TRACE] [REI] [REIClientPlugin START] Reloading Section: "reloadable-plugin/EntryRendererRegistryImpl/FramedReiPlugin of FramedReiPlugin [framedblocks]/"
[20:47:19] [REI-ReloadPlugins/TRACE] [REI] [REIClientPlugin START] Reloading Section: "reloadable-plugin/EntryRendererRegistryImpl/FramedReiPlugin of FramedReiPlugin [framedblocks]/" done in 28.60 μs
[20:47:19] [REI-ReloadPlugins/TRACE] [REI] [REIClientPlugin START] Reloading Section: "reloadable-plugin/EntryRendererRegistryImpl/REIPluginImpl of REIPluginImpl [ldlib]/"
[20:47:19] [REI-ReloadPlugins/TRACE] [REI] [REIClientPlugin START] Reloading Section: "reloadable-plugin/EntryRendererRegistryImpl/REIPluginImpl of REIPluginImpl [ldlib]/" done in 34.10 μs
[20:47:19] [REI-ReloadPlugins/TRACE] [REI] [REIClientPlugin START] Reloading Section: "reloadable-plugin/EntryRendererRegistryImpl/REI Plugin Compatibilities Client Handler of REI Plugin Compatibilities Client Handler [rei_plugin_compatibilities, jei]/"
[20:47:19] [REI-ReloadPlugins/TRACE] [REI] [REIClientPlugin START] Reloading Section: "reloadable-plugin/EntryRendererRegistryImpl/REI Plugin Compatibilities Client Handler of REI Plugin Compatibilities Client Handler [rei_plugin_compatibilities, jei]/" done in 26.00 μs
[20:47:19] [REI-ReloadPlugins/TRACE] [REI] [REIClientPlugin START] Reloading Section: "reloadable-plugin/EntryRendererRegistryImpl/REIForgePluginStub of REIForgePluginStub [ftblibrary]/"
[20:47:19] [REI-ReloadPlugins/TRACE] [REI] [REIClientPlugin START] Reloading Section: "reloadable-plugin/EntryRendererRegistryImpl/REIForgePluginStub of REIForgePluginStub [ftblibrary]/" done in 30.50 μs
[20:47:19] [REI-ReloadPlugins/TRACE] [REI] [REIClientPlugin START] Reloading Section: "reloadable-plugin/EntryRendererRegistryImpl/AE2 of AE2 [ae2]/"
[20:47:19] [REI-ReloadPlugins/TRACE] [REI] [REIClientPlugin START] Reloading Section: "reloadable-plugin/EntryRendererRegistryImpl/AE2 of AE2 [ae2]/" done in 25.90 μs
[20:47:19] [REI-ReloadPlugins/TRACE] [REI] [REIClientPlugin START] Reloading Section: "reloadable-plugin/EntryRendererRegistryImpl/HideIngredientsFromTagsPlugin of HideIngredientsFromTagsPlugin [roughlyenoughitems]/"
[20:47:19] [REI-ReloadPlugins/TRACE] [REI] [REIClientPlugin START] Reloading Section: "reloadable-plugin/EntryRendererRegistryImpl/HideIngredientsFromTagsPlugin of HideIngredientsFromTagsPlugin [roughlyenoughitems]/" done in 22.90 μs
[20:47:19] [REI-ReloadPlugins/TRACE] [REI] [REIClientPlugin START] Reloading Section: "reloadable-plugin/EntryRendererRegistryImpl/DefaultClientRuntimePlugin of DefaultClientRuntimePlugin [roughlyenoughitems]/"
[20:47:19] [REI-ReloadPlugins/TRACE] [REI] [REIClientPlugin START] Reloading Section: "reloadable-plugin/EntryRendererRegistryImpl/DefaultClientRuntimePlugin of DefaultClientRuntimePlugin [roughlyenoughitems]/" done in 23.60 μs
[20:47:19] [REI-ReloadPlugins/TRACE] [REI] [REIClientPlugin START] Reloading Section: "reloadable-plugin/EntryRendererRegistryImpl/REIForgePluginStub of REIForgePluginStub [kubejs]/"
[20:47:19] [REI-ReloadPlugins/TRACE] [REI] [REIClientPlugin START] Reloading Section: "reloadable-plugin/EntryRendererRegistryImpl/REIForgePluginStub of REIForgePluginStub [kubejs]/" done in 15.90 μs
[20:47:19] [REI-ReloadPlugins/TRACE] [REI] [REIClientPlugin START] Reloading Section: "reloadable-plugin/EntryRendererRegistryImpl/" done in 3.024 ms
[20:47:19] [REI-ReloadPlugins/TRACE] [REI] [REIClientPlugin START] Reloading Section: "reloadable-plugin/ViewsImpl/"
[20:47:19] [REI-ReloadPlugins/TRACE] [REI] [REIClientPlugin START] Reloading Section: "reloadable-plugin/ViewsImpl/DefaultClientPluginImpl of DefaultClientPluginImpl [roughlyenoughitems]/"
[20:47:19] [REI-ReloadPlugins/TRACE] [REI] [REIClientPlugin START] Reloading Section: "reloadable-plugin/ViewsImpl/DefaultClientPluginImpl of DefaultClientPluginImpl [roughlyenoughitems]/" done in 24.50 μs
[20:47:19] [REI-ReloadPlugins/TRACE] [REI] [REIClientPlugin START] Reloading Section: "reloadable-plugin/ViewsImpl/JEI Plugin [CreateAdditionJEI:createaddition:jei_plugin] of REI Plugin Compatibilities Adapter [rei_plugin_compatibilities, jei]/"
[20:47:19] [REI-ReloadPlugins/TRACE] [REI] [REIClientPlugin START] Reloading Section: "reloadable-plugin/ViewsImpl/JEI Plugin [CreateAdditionJEI:createaddition:jei_plugin] of REI Plugin Compatibilities Adapter [rei_plugin_compatibilities, jei]/" done in 24.80 μs
[20:47:19] [REI-ReloadPlugins/TRACE] [REI] [REIClientPlugin START] Reloading Section: "reloadable-plugin/ViewsImpl/JEI Plugin [PolyJEIPlugin:polylib:jei_plugin] of REI Plugin Compatibilities Adapter [rei_plugin_compatibilities, jei]/"
[20:47:19] [REI-ReloadPlugins/TRACE] [REI] [REIClientPlugin START] Reloading Section: "reloadable-plugin/ViewsImpl/JEI Plugin [PolyJEIPlugin:polylib:jei_plugin] of REI Plugin Compatibilities Adapter [rei_plugin_compatibilities, jei]/" done in 20.70 μs
[20:47:19] [REI-ReloadPlugins/TRACE] [REI] [REIClientPlugin START] Reloading Section: "reloadable-plugin/ViewsImpl/JEI Plugin [GTSEJEIPlugin:gregtech_steam_expansion:jei_plugin] of REI Plugin Compatibilities Adapter [rei_plugin_compatibilities, jei]/"
[20:47:19] [REI-ReloadPlugins/TRACE] [REI] [REIClientPlugin START] Reloading Section: "reloadable-plugin/ViewsImpl/JEI Plugin [GTSEJEIPlugin:gregtech_steam_expansion:jei_plugin] of REI Plugin Compatibilities Adapter [rei_plugin_compatibilities, jei]/" done in 26.00 μs
[20:47:19] [REI-ReloadPlugins/TRACE] [REI] [REIClientPlugin START] Reloading Section: "reloadable-plugin/ViewsImpl/JEI Plugin [GTJEIPlugin:gtceu:jei_plugin] of REI Plugin Compatibilities Adapter [rei_plugin_compatibilities, jei]/"
[20:47:19] [REI-ReloadPlugins/TRACE] [REI] [REIClientPlugin START] Reloading Section: "reloadable-plugin/ViewsImpl/JEI Plugin [GTJEIPlugin:gtceu:jei_plugin] of REI Plugin Compatibilities Adapter [rei_plugin_compatibilities, jei]/" done in 242.7 μs
[20:47:19] [REI-ReloadPlugins/TRACE] [REI] [REIClientPlugin START] Reloading Section: "reloadable-plugin/ViewsImpl/JEI Plugin [JEIIntegration:ftblibrary:jei] of REI Plugin Compatibilities Adapter [rei_plugin_compatibilities, jei]/"
[20:47:19] [REI-ReloadPlugins/TRACE] [REI] [REIClientPlugin START] Reloading Section: "reloadable-plugin/ViewsImpl/JEI Plugin [JEIIntegration:ftblibrary:jei] of REI Plugin Compatibilities Adapter [rei_plugin_compatibilities, jei]/" done in 24.60 μs
[20:47:19] [REI-ReloadPlugins/TRACE] [REI] [REIClientPlugin START] Reloading Section: "reloadable-plugin/ViewsImpl/JEI Plugin [JEIPlugin:kubejs:jei] of REI Plugin Compatibilities Adapter [rei_plugin_compatibilities, jei]/"
[20:47:19] [REI-ReloadPlugins/TRACE] [REI] [REIClientPlugin START] Reloading Section: "reloadable-plugin/ViewsImpl/JEI Plugin [JEIPlugin:kubejs:jei] of REI Plugin Compatibilities Adapter [rei_plugin_compatibilities, jei]/" done in 37.20 μs
[20:47:19] [REI-ReloadPlugins/TRACE] [REI] [REIClientPlugin START] Reloading Section: "reloadable-plugin/ViewsImpl/JEI Plugin [JEIIntegration:fluxnetworks:jei] of REI Plugin Compatibilities Adapter [rei_plugin_compatibilities, jei]/"
[20:47:19] [REI-ReloadPlugins/TRACE] [REI] [REIClientPlugin START] Reloading Section: "reloadable-plugin/ViewsImpl/JEI Plugin [JEIIntegration:fluxnetworks:jei] of REI Plugin Compatibilities Adapter [rei_plugin_compatibilities, jei]/" done in 16.10 μs
[20:47:19] [REI-ReloadPlugins/TRACE] [REI] [REIClientPlugin START] Reloading Section: "reloadable-plugin/ViewsImpl/JEI Plugin [CreateJEI:create:jei_plugin] of REI Plugin Compatibilities Adapter [rei_plugin_compatibilities, jei]/"
[20:47:19] [REI-ReloadPlugins/TRACE] [REI] [REIClientPlugin START] Reloading Section: "reloadable-plugin/ViewsImpl/JEI Plugin [CreateJEI:create:jei_plugin] of REI Plugin Compatibilities Adapter [rei_plugin_compatibilities, jei]/" done in 24.20 μs
[20:47:19] [REI-ReloadPlugins/TRACE] [REI] [REIClientPlugin START] Reloading Section: "reloadable-plugin/ViewsImpl/JEI Plugin [JEIPlugin:ae2:core] of REI Plugin Compatibilities Adapter [rei_plugin_compatibilities, jei]/"
[20:47:19] [REI-ReloadPlugins/TRACE] [REI] [REIClientPlugin START] Reloading Section: "reloadable-plugin/ViewsImpl/JEI Plugin [JEIPlugin:ae2:core] of REI Plugin Compatibilities Adapter [rei_plugin_compatibilities, jei]/" done in 37.20 μs
[20:47:19] [REI-ReloadPlugins/TRACE] [REI] [REIClientPlugin START] Reloading Section: "reloadable-plugin/ViewsImpl/JEI Plugin [JEICompat:jade:main] of REI Plugin Compatibilities Adapter [rei_plugin_compatibilities, jei]/"
[20:47:19] [REI-ReloadPlugins/TRACE] [REI] [REIClientPlugin START] Reloading Section: "reloadable-plugin/ViewsImpl/JEI Plugin [JEICompat:jade:main] of REI Plugin Compatibilities Adapter [rei_plugin_compatibilities, jei]/" done in 27.20 μs
[20:47:19] [REI-ReloadPlugins/TRACE] [REI] [REIClientPlugin START] Reloading Section: "reloadable-plugin/ViewsImpl/JEI Plugin [JEIPlugin:ldlib:jei_plugin] of REI Plugin Compatibilities Adapter [rei_plugin_compatibilities, jei]/"
[20:47:19] [REI-ReloadPlugins/TRACE] [REI] [REIClientPlugin START] Reloading Section: "reloadable-plugin/ViewsImpl/JEI Plugin [JEIPlugin:ldlib:jei_plugin] of REI Plugin Compatibilities Adapter [rei_plugin_compatibilities, jei]/" done in 17.60 μs
[20:47:19] [REI-ReloadPlugins/TRACE] [REI] [REIClientPlugin START] Reloading Section: "reloadable-plugin/ViewsImpl/JEI Plugin [BCJeiPlugin:bibliocraft:jei_plugin] of REI Plugin Compatibilities Adapter [rei_plugin_compatibilities, jei]/"
[20:47:19] [REI-ReloadPlugins/TRACE] [REI] [REIClientPlugin START] Reloading Section: "reloadable-plugin/ViewsImpl/JEI Plugin [BCJeiPlugin:bibliocraft:jei_plugin] of REI Plugin Compatibilities Adapter [rei_plugin_compatibilities, jei]/" done in 20.90 μs
[20:47:19] [REI-ReloadPlugins/TRACE] [REI] [REIClientPlugin START] Reloading Section: "reloadable-plugin/ViewsImpl/GTREIPlugin of GTREIPlugin [gtceu]/"
[20:47:19] [REI-ReloadPlugins/TRACE] [REI] [REIClientPlugin START] Reloading Section: "reloadable-plugin/ViewsImpl/GTREIPlugin of GTREIPlugin [gtceu]/" done in 23.10 μs
[20:47:19] [REI-ReloadPlugins/TRACE] [REI] [REIClientPlugin START] Reloading Section: "reloadable-plugin/ViewsImpl/FramedReiPlugin of FramedReiPlugin [framedblocks]/"
[20:47:19] [REI-ReloadPlugins/TRACE] [REI] [REIClientPlugin START] Reloading Section: "reloadable-plugin/ViewsImpl/FramedReiPlugin of FramedReiPlugin [framedblocks]/" done in 21.10 μs
[20:47:19] [REI-ReloadPlugins/TRACE] [REI] [REIClientPlugin START] Reloading Section: "reloadable-plugin/ViewsImpl/REIPluginImpl of REIPluginImpl [ldlib]/"
[20:47:19] [REI-ReloadPlugins/TRACE] [REI] [REIClientPlugin START] Reloading Section: "reloadable-plugin/ViewsImpl/REIPluginImpl of REIPluginImpl [ldlib]/" done in 23.80 μs
[20:47:19] [REI-ReloadPlugins/TRACE] [REI] [REIClientPlugin START] Reloading Section: "reloadable-plugin/ViewsImpl/REI Plugin Compatibilities Client Handler of REI Plugin Compatibilities Client Handler [rei_plugin_compatibilities, jei]/"
[20:47:19] [REI-ReloadPlugins/TRACE] [REI] [REIClientPlugin START] Reloading Section: "reloadable-plugin/ViewsImpl/REI Plugin Compatibilities Client Handler of REI Plugin Compatibilities Client Handler [rei_plugin_compatibilities, jei]/" done in 17.50 μs
[20:47:19] [REI-ReloadPlugins/TRACE] [REI] [REIClientPlugin START] Reloading Section: "reloadable-plugin/ViewsImpl/REIForgePluginStub of REIForgePluginStub [ftblibrary]/"
[20:47:19] [REI-ReloadPlugins/TRACE] [REI] [REIClientPlugin START] Reloading Section: "reloadable-plugin/ViewsImpl/REIForgePluginStub of REIForgePluginStub [ftblibrary]/" done in 19.40 μs
[20:47:19] [REI-ReloadPlugins/TRACE] [REI] [REIClientPlugin START] Reloading Section: "reloadable-plugin/ViewsImpl/AE2 of AE2 [ae2]/"
[20:47:19] [REI-ReloadPlugins/TRACE] [REI] [REIClientPlugin START] Reloading Section: "reloadable-plugin/ViewsImpl/AE2 of AE2 [ae2]/" done in 14.90 μs
[20:47:19] [REI-ReloadPlugins/TRACE] [REI] [REIClientPlugin START] Reloading Section: "reloadable-plugin/ViewsImpl/HideIngredientsFromTagsPlugin of HideIngredientsFromTagsPlugin [roughlyenoughitems]/"
[20:47:19] [REI-ReloadPlugins/TRACE] [REI] [REIClientPlugin START] Reloading Section: "reloadable-plugin/ViewsImpl/HideIngredientsFromTagsPlugin of HideIngredientsFromTagsPlugin [roughlyenoughitems]/" done in 14.80 μs
[20:47:19] [REI-ReloadPlugins/TRACE] [REI] [REIClientPlugin START] Reloading Section: "reloadable-plugin/ViewsImpl/DefaultClientRuntimePlugin of DefaultClientRuntimePlugin [roughlyenoughitems]/"
[20:47:19] [REI-ReloadPlugins/TRACE] [REI] [REIClientPlugin START] Reloading Section: "reloadable-plugin/ViewsImpl/DefaultClientRuntimePlugin of DefaultClientRuntimePlugin [roughlyenoughitems]/" done in 17.90 μs
[20:47:19] [REI-ReloadPlugins/TRACE] [REI] [REIClientPlugin START] Reloading Section: "reloadable-plugin/ViewsImpl/REIForgePluginStub of REIForgePluginStub [kubejs]/"
[20:47:19] [REI-ReloadPlugins/TRACE] [REI] [REIClientPlugin START] Reloading Section: "reloadable-plugin/ViewsImpl/REIForgePluginStub of REIForgePluginStub [kubejs]/" done in 14.80 μs
[20:47:19] [REI-ReloadPlugins/TRACE] [REI] [REIClientPlugin START] Reloading Section: "reloadable-plugin/ViewsImpl/" done in 1.661 ms
[20:47:19] [REI-ReloadPlugins/TRACE] [REI] [REIClientPlugin START] Reloading Section: "reloadable-plugin/InputMethodRegistryImpl/"
[20:47:19] [REI-ReloadPlugins/TRACE] [REI] [REIClientPlugin START] Reloading Section: "reloadable-plugin/InputMethodRegistryImpl/DefaultClientPluginImpl of DefaultClientPluginImpl [roughlyenoughitems]/"
[20:47:19] [REI-ReloadPlugins/TRACE] [REI] [REIClientPlugin START] Reloading Section: "reloadable-plugin/InputMethodRegistryImpl/DefaultClientPluginImpl of DefaultClientPluginImpl [roughlyenoughitems]/" done in 124.6 μs
[20:47:19] [REI-ReloadPlugins/TRACE] [REI] [REIClientPlugin START] Reloading Section: "reloadable-plugin/InputMethodRegistryImpl/JEI Plugin [CreateAdditionJEI:createaddition:jei_plugin] of REI Plugin Compatibilities Adapter [rei_plugin_compatibilities, jei]/"
[20:47:19] [REI-ReloadPlugins/TRACE] [REI] [REIClientPlugin START] Reloading Section: "reloadable-plugin/InputMethodRegistryImpl/JEI Plugin [CreateAdditionJEI:createaddition:jei_plugin] of REI Plugin Compatibilities Adapter [rei_plugin_compatibilities, jei]/" done in 60.00 μs
[20:47:19] [REI-ReloadPlugins/TRACE] [REI] [REIClientPlugin START] Reloading Section: "reloadable-plugin/InputMethodRegistryImpl/JEI Plugin [PolyJEIPlugin:polylib:jei_plugin] of REI Plugin Compatibilities Adapter [rei_plugin_compatibilities, jei]/"
[20:47:19] [REI-ReloadPlugins/TRACE] [REI] [REIClientPlugin START] Reloading Section: "reloadable-plugin/InputMethodRegistryImpl/JEI Plugin [PolyJEIPlugin:polylib:jei_plugin] of REI Plugin Compatibilities Adapter [rei_plugin_compatibilities, jei]/" done in 47.50 μs
[20:47:19] [REI-ReloadPlugins/TRACE] [REI] [REIClientPlugin START] Reloading Section: "reloadable-plugin/InputMethodRegistryImpl/JEI Plugin [GTSEJEIPlugin:gregtech_steam_expansion:jei_plugin] of REI Plugin Compatibilities Adapter [rei_plugin_compatibilities, jei]/"
[20:47:19] [REI-ReloadPlugins/TRACE] [REI] [REIClientPlugin START] Reloading Section: "reloadable-plugin/InputMethodRegistryImpl/JEI Plugin [GTSEJEIPlugin:gregtech_steam_expansion:jei_plugin] of REI Plugin Compatibilities Adapter [rei_plugin_compatibilities, jei]/" done in 43.90 μs
[20:47:19] [REI-ReloadPlugins/TRACE] [REI] [REIClientPlugin START] Reloading Section: "reloadable-plugin/InputMethodRegistryImpl/JEI Plugin [GTJEIPlugin:gtceu:jei_plugin] of REI Plugin Compatibilities Adapter [rei_plugin_compatibilities, jei]/"
[20:47:19] [REI-ReloadPlugins/TRACE] [REI] [REIClientPlugin START] Reloading Section: "reloadable-plugin/InputMethodRegistryImpl/JEI Plugin [GTJEIPlugin:gtceu:jei_plugin] of REI Plugin Compatibilities Adapter [rei_plugin_compatibilities, jei]/" done in 43.20 μs
[20:47:19] [REI-ReloadPlugins/TRACE] [REI] [REIClientPlugin START] Reloading Section: "reloadable-plugin/InputMethodRegistryImpl/JEI Plugin [JEIIntegration:ftblibrary:jei] of REI Plugin Compatibilities Adapter [rei_plugin_compatibilities, jei]/"
[20:47:19] [REI-ReloadPlugins/TRACE] [REI] [REIClientPlugin START] Reloading Section: "reloadable-plugin/InputMethodRegistryImpl/JEI Plugin [JEIIntegration:ftblibrary:jei] of REI Plugin Compatibilities Adapter [rei_plugin_compatibilities, jei]/" done in 49.20 μs
[20:47:19] [REI-ReloadPlugins/TRACE] [REI] [REIClientPlugin START] Reloading Section: "reloadable-plugin/InputMethodRegistryImpl/JEI Plugin [JEIPlugin:kubejs:jei] of REI Plugin Compatibilities Adapter [rei_plugin_compatibilities, jei]/"
[20:47:19] [REI-ReloadPlugins/TRACE] [REI] [REIClientPlugin START] Reloading Section: "reloadable-plugin/InputMethodRegistryImpl/JEI Plugin [JEIPlugin:kubejs:jei] of REI Plugin Compatibilities Adapter [rei_plugin_compatibilities, jei]/" done in 44.50 μs
[20:47:19] [REI-ReloadPlugins/TRACE] [REI] [REIClientPlugin START] Reloading Section: "reloadable-plugin/InputMethodRegistryImpl/JEI Plugin [JEIIntegration:fluxnetworks:jei] of REI Plugin Compatibilities Adapter [rei_plugin_compatibilities, jei]/"
[20:47:19] [REI-ReloadPlugins/TRACE] [REI] [REIClientPlugin START] Reloading Section: "reloadable-plugin/InputMethodRegistryImpl/JEI Plugin [JEIIntegration:fluxnetworks:jei] of REI Plugin Compatibilities Adapter [rei_plugin_compatibilities, jei]/" done in 44.60 μs
[20:47:19] [REI-ReloadPlugins/TRACE] [REI] [REIClientPlugin START] Reloading Section: "reloadable-plugin/InputMethodRegistryImpl/JEI Plugin [CreateJEI:create:jei_plugin] of REI Plugin Compatibilities Adapter [rei_plugin_compatibilities, jei]/"
[20:47:19] [REI-ReloadPlugins/TRACE] [REI] [REIClientPlugin START] Reloading Section: "reloadable-plugin/InputMethodRegistryImpl/JEI Plugin [CreateJEI:create:jei_plugin] of REI Plugin Compatibilities Adapter [rei_plugin_compatibilities, jei]/" done in 54.60 μs
[20:47:19] [REI-ReloadPlugins/TRACE] [REI] [REIClientPlugin START] Reloading Section: "reloadable-plugin/InputMethodRegistryImpl/JEI Plugin [JEIPlugin:ae2:core] of REI Plugin Compatibilities Adapter [rei_plugin_compatibilities, jei]/"
[20:47:19] [REI-ReloadPlugins/TRACE] [REI] [REIClientPlugin START] Reloading Section: "reloadable-plugin/InputMethodRegistryImpl/JEI Plugin [JEIPlugin:ae2:core] of REI Plugin Compatibilities Adapter [rei_plugin_compatibilities, jei]/" done in 47.30 μs
[20:47:19] [REI-ReloadPlugins/TRACE] [REI] [REIClientPlugin START] Reloading Section: "reloadable-plugin/InputMethodRegistryImpl/JEI Plugin [JEICompat:jade:main] of REI Plugin Compatibilities Adapter [rei_plugin_compatibilities, jei]/"
[20:47:19] [REI-ReloadPlugins/TRACE] [REI] [REIClientPlugin START] Reloading Section: "reloadable-plugin/InputMethodRegistryImpl/JEI Plugin [JEICompat:jade:main] of REI Plugin Compatibilities Adapter [rei_plugin_compatibilities, jei]/" done in 41.90 μs
[20:47:19] [REI-ReloadPlugins/TRACE] [REI] [REIClientPlugin START] Reloading Section: "reloadable-plugin/InputMethodRegistryImpl/JEI Plugin [JEIPlugin:ldlib:jei_plugin] of REI Plugin Compatibilities Adapter [rei_plugin_compatibilities, jei]/"
[20:47:19] [REI-ReloadPlugins/TRACE] [REI] [REIClientPlugin START] Reloading Section: "reloadable-plugin/InputMethodRegistryImpl/JEI Plugin [JEIPlugin:ldlib:jei_plugin] of REI Plugin Compatibilities Adapter [rei_plugin_compatibilities, jei]/" done in 52.70 μs
[20:47:19] [REI-ReloadPlugins/TRACE] [REI] [REIClientPlugin START] Reloading Section: "reloadable-plugin/InputMethodRegistryImpl/JEI Plugin [BCJeiPlugin:bibliocraft:jei_plugin] of REI Plugin Compatibilities Adapter [rei_plugin_compatibilities, jei]/"
[20:47:19] [REI-ReloadPlugins/TRACE] [REI] [REIClientPlugin START] Reloading Section: "reloadable-plugin/InputMethodRegistryImpl/JEI Plugin [BCJeiPlugin:bibliocraft:jei_plugin] of REI Plugin Compatibilities Adapter [rei_plugin_compatibilities, jei]/" done in 46.00 μs
[20:47:19] [REI-ReloadPlugins/TRACE] [REI] [REIClientPlugin START] Reloading Section: "reloadable-plugin/InputMethodRegistryImpl/GTREIPlugin of GTREIPlugin [gtceu]/"
[20:47:19] [REI-ReloadPlugins/TRACE] [REI] [REIClientPlugin START] Reloading Section: "reloadable-plugin/InputMethodRegistryImpl/GTREIPlugin of GTREIPlugin [gtceu]/" done in 41.70 μs
[20:47:19] [REI-ReloadPlugins/TRACE] [REI] [REIClientPlugin START] Reloading Section: "reloadable-plugin/InputMethodRegistryImpl/FramedReiPlugin of FramedReiPlugin [framedblocks]/"
[20:47:19] [REI-ReloadPlugins/TRACE] [REI] [REIClientPlugin START] Reloading Section: "reloadable-plugin/InputMethodRegistryImpl/FramedReiPlugin of FramedReiPlugin [framedblocks]/" done in 42.10 μs
[20:47:19] [REI-ReloadPlugins/TRACE] [REI] [REIClientPlugin START] Reloading Section: "reloadable-plugin/InputMethodRegistryImpl/REIPluginImpl of REIPluginImpl [ldlib]/"
[20:47:19] [REI-ReloadPlugins/TRACE] [REI] [REIClientPlugin START] Reloading Section: "reloadable-plugin/InputMethodRegistryImpl/REIPluginImpl of REIPluginImpl [ldlib]/" done in 89.90 μs
[20:47:19] [REI-ReloadPlugins/TRACE] [REI] [REIClientPlugin START] Reloading Section: "reloadable-plugin/InputMethodRegistryImpl/REI Plugin Compatibilities Client Handler of REI Plugin Compatibilities Client Handler [rei_plugin_compatibilities, jei]/"
[20:47:19] [REI-ReloadPlugins/TRACE] [REI] [REIClientPlugin START] Reloading Section: "reloadable-plugin/InputMethodRegistryImpl/REI Plugin Compatibilities Client Handler of REI Plugin Compatibilities Client Handler [rei_plugin_compatibilities, jei]/" done in 96.10 μs
[20:47:19] [REI-ReloadPlugins/TRACE] [REI] [REIClientPlugin START] Reloading Section: "reloadable-plugin/InputMethodRegistryImpl/REIForgePluginStub of REIForgePluginStub [ftblibrary]/"
[20:47:19] [REI-ReloadPlugins/TRACE] [REI] [REIClientPlugin START] Reloading Section: "reloadable-plugin/InputMethodRegistryImpl/REIForgePluginStub of REIForgePluginStub [ftblibrary]/" done in 62.60 μs
[20:47:19] [REI-ReloadPlugins/TRACE] [REI] [REIClientPlugin START] Reloading Section: "reloadable-plugin/InputMethodRegistryImpl/AE2 of AE2 [ae2]/"
[20:47:19] [REI-ReloadPlugins/TRACE] [REI] [REIClientPlugin START] Reloading Section: "reloadable-plugin/InputMethodRegistryImpl/AE2 of AE2 [ae2]/" done in 52.80 μs
[20:47:19] [REI-ReloadPlugins/TRACE] [REI] [REIClientPlugin START] Reloading Section: "reloadable-plugin/InputMethodRegistryImpl/HideIngredientsFromTagsPlugin of HideIngredientsFromTagsPlugin [roughlyenoughitems]/"
[20:47:19] [REI-ReloadPlugins/TRACE] [REI] [REIClientPlugin START] Reloading Section: "reloadable-plugin/InputMethodRegistryImpl/HideIngredientsFromTagsPlugin of HideIngredientsFromTagsPlugin [roughlyenoughitems]/" done in 51.80 μs
[20:47:19] [REI-ReloadPlugins/TRACE] [REI] [REIClientPlugin START] Reloading Section: "reloadable-plugin/InputMethodRegistryImpl/DefaultClientRuntimePlugin of DefaultClientRuntimePlugin [roughlyenoughitems]/"
[20:47:19] [REI-ReloadPlugins/TRACE] [REI] [REIClientPlugin START] Reloading Section: "reloadable-plugin/InputMethodRegistryImpl/DefaultClientRuntimePlugin of DefaultClientRuntimePlugin [roughlyenoughitems]/" done in 45.20 μs
[20:47:19] [REI-ReloadPlugins/TRACE] [REI] [REIClientPlugin START] Reloading Section: "reloadable-plugin/InputMethodRegistryImpl/REIForgePluginStub of REIForgePluginStub [kubejs]/"
[20:47:19] [REI-ReloadPlugins/TRACE] [REI] [REIClientPlugin START] Reloading Section: "reloadable-plugin/InputMethodRegistryImpl/REIForgePluginStub of REIForgePluginStub [kubejs]/" done in 43.60 μs
[20:47:19] [REI-ReloadPlugins/TRACE] [REI] [REIClientPlugin START] Reloading Section: "reloadable-plugin/InputMethodRegistryImpl/" done in 3.532 ms
[20:47:19] [REI-ReloadPlugins/TRACE] [REI] [REIClientPlugin START] Reloading Section: "reloadable-plugin/SearchProviderImpl/"
[20:47:19] [REI-ReloadPlugins/TRACE] [REI] [REIClientPlugin START] Reloading Section: "reloadable-plugin/SearchProviderImpl/DefaultClientPluginImpl of DefaultClientPluginImpl [roughlyenoughitems]/"
[20:47:19] [REI-ReloadPlugins/TRACE] [REI] [REIClientPlugin START] Reloading Section: "reloadable-plugin/SearchProviderImpl/DefaultClientPluginImpl of DefaultClientPluginImpl [roughlyenoughitems]/" done in 52.90 μs
[20:47:19] [REI-ReloadPlugins/TRACE] [REI] [REIClientPlugin START] Reloading Section: "reloadable-plugin/SearchProviderImpl/JEI Plugin [CreateAdditionJEI:createaddition:jei_plugin] of REI Plugin Compatibilities Adapter [rei_plugin_compatibilities, jei]/"
[20:47:19] [REI-ReloadPlugins/TRACE] [REI] [REIClientPlugin START] Reloading Section: "reloadable-plugin/SearchProviderImpl/JEI Plugin [CreateAdditionJEI:createaddition:jei_plugin] of REI Plugin Compatibilities Adapter [rei_plugin_compatibilities, jei]/" done in 63.80 μs
[20:47:19] [REI-ReloadPlugins/TRACE] [REI] [REIClientPlugin START] Reloading Section: "reloadable-plugin/SearchProviderImpl/JEI Plugin [PolyJEIPlugin:polylib:jei_plugin] of REI Plugin Compatibilities Adapter [rei_plugin_compatibilities, jei]/"
[20:47:19] [REI-ReloadPlugins/TRACE] [REI] [REIClientPlugin START] Reloading Section: "reloadable-plugin/SearchProviderImpl/JEI Plugin [PolyJEIPlugin:polylib:jei_plugin] of REI Plugin Compatibilities Adapter [rei_plugin_compatibilities, jei]/" done in 67.70 μs
[20:47:19] [REI-ReloadPlugins/TRACE] [REI] [REIClientPlugin START] Reloading Section: "reloadable-plugin/SearchProviderImpl/JEI Plugin [GTSEJEIPlugin:gregtech_steam_expansion:jei_plugin] of REI Plugin Compatibilities Adapter [rei_plugin_compatibilities, jei]/"
[20:47:19] [REI-ReloadPlugins/TRACE] [REI] [REIClientPlugin START] Reloading Section: "reloadable-plugin/SearchProviderImpl/JEI Plugin [GTSEJEIPlugin:gregtech_steam_expansion:jei_plugin] of REI Plugin Compatibilities Adapter [rei_plugin_compatibilities, jei]/" done in 44.00 μs
[20:47:19] [REI-ReloadPlugins/TRACE] [REI] [REIClientPlugin START] Reloading Section: "reloadable-plugin/SearchProviderImpl/JEI Plugin [GTJEIPlugin:gtceu:jei_plugin] of REI Plugin Compatibilities Adapter [rei_plugin_compatibilities, jei]/"
[20:47:19] [REI-ReloadPlugins/TRACE] [REI] [REIClientPlugin START] Reloading Section: "reloadable-plugin/SearchProviderImpl/JEI Plugin [GTJEIPlugin:gtceu:jei_plugin] of REI Plugin Compatibilities Adapter [rei_plugin_compatibilities, jei]/" done in 59.10 μs
[20:47:19] [REI-ReloadPlugins/TRACE] [REI] [REIClientPlugin START] Reloading Section: "reloadable-plugin/SearchProviderImpl/JEI Plugin [JEIIntegration:ftblibrary:jei] of REI Plugin Compatibilities Adapter [rei_plugin_compatibilities, jei]/"
[20:47:19] [REI-ReloadPlugins/TRACE] [REI] [REIClientPlugin START] Reloading Section: "reloadable-plugin/SearchProviderImpl/JEI Plugin [JEIIntegration:ftblibrary:jei] of REI Plugin Compatibilities Adapter [rei_plugin_compatibilities, jei]/" done in 53.80 μs
[20:47:19] [REI-ReloadPlugins/TRACE] [REI] [REIClientPlugin START] Reloading Section: "reloadable-plugin/SearchProviderImpl/JEI Plugin [JEIPlugin:kubejs:jei] of REI Plugin Compatibilities Adapter [rei_plugin_compatibilities, jei]/"
[20:47:19] [REI-ReloadPlugins/TRACE] [REI] [REIClientPlugin START] Reloading Section: "reloadable-plugin/SearchProviderImpl/JEI Plugin [JEIPlugin:kubejs:jei] of REI Plugin Compatibilities Adapter [rei_plugin_compatibilities, jei]/" done in 75.80 μs
[20:47:19] [REI-ReloadPlugins/TRACE] [REI] [REIClientPlugin START] Reloading Section: "reloadable-plugin/SearchProviderImpl/JEI Plugin [JEIIntegration:fluxnetworks:jei] of REI Plugin Compatibilities Adapter [rei_plugin_compatibilities, jei]/"
[20:47:19] [REI-ReloadPlugins/TRACE] [REI] [REIClientPlugin START] Reloading Section: "reloadable-plugin/SearchProviderImpl/JEI Plugin [JEIIntegration:fluxnetworks:jei] of REI Plugin Compatibilities Adapter [rei_plugin_compatibilities, jei]/" done in 47.80 μs
[20:47:19] [REI-ReloadPlugins/TRACE] [REI] [REIClientPlugin START] Reloading Section: "reloadable-plugin/SearchProviderImpl/JEI Plugin [CreateJEI:create:jei_plugin] of REI Plugin Compatibilities Adapter [rei_plugin_compatibilities, jei]/"
[20:47:19] [REI-ReloadPlugins/TRACE] [REI] [REIClientPlugin START] Reloading Section: "reloadable-plugin/SearchProviderImpl/JEI Plugin [CreateJEI:create:jei_plugin] of REI Plugin Compatibilities Adapter [rei_plugin_compatibilities, jei]/" done in 63.50 μs
[20:47:19] [REI-ReloadPlugins/TRACE] [REI] [REIClientPlugin START] Reloading Section: "reloadable-plugin/SearchProviderImpl/JEI Plugin [JEIPlugin:ae2:core] of REI Plugin Compatibilities Adapter [rei_plugin_compatibilities, jei]/"
[20:47:19] [REI-ReloadPlugins/TRACE] [REI] [REIClientPlugin START] Reloading Section: "reloadable-plugin/SearchProviderImpl/JEI Plugin [JEIPlugin:ae2:core] of REI Plugin Compatibilities Adapter [rei_plugin_compatibilities, jei]/" done in 85.30 μs
[20:47:19] [REI-ReloadPlugins/TRACE] [REI] [REIClientPlugin START] Reloading Section: "reloadable-plugin/SearchProviderImpl/JEI Plugin [JEICompat:jade:main] of REI Plugin Compatibilities Adapter [rei_plugin_compatibilities, jei]/"
[20:47:19] [REI-ReloadPlugins/TRACE] [REI] [REIClientPlugin START] Reloading Section: "reloadable-plugin/SearchProviderImpl/JEI Plugin [JEICompat:jade:main] of REI Plugin Compatibilities Adapter [rei_plugin_compatibilities, jei]/" done in 50.90 μs
[20:47:19] [REI-ReloadPlugins/TRACE] [REI] [REIClientPlugin START] Reloading Section: "reloadable-plugin/SearchProviderImpl/JEI Plugin [JEIPlugin:ldlib:jei_plugin] of REI Plugin Compatibilities Adapter [rei_plugin_compatibilities, jei]/"
[20:47:19] [REI-ReloadPlugins/TRACE] [REI] [REIClientPlugin START] Reloading Section: "reloadable-plugin/SearchProviderImpl/JEI Plugin [JEIPlugin:ldlib:jei_plugin] of REI Plugin Compatibilities Adapter [rei_plugin_compatibilities, jei]/" done in 46.40 μs
[20:47:19] [REI-ReloadPlugins/TRACE] [REI] [REIClientPlugin START] Reloading Section: "reloadable-plugin/SearchProviderImpl/JEI Plugin [BCJeiPlugin:bibliocraft:jei_plugin] of REI Plugin Compatibilities Adapter [rei_plugin_compatibilities, jei]/"
[20:47:19] [REI-ReloadPlugins/TRACE] [REI] [REIClientPlugin START] Reloading Section: "reloadable-plugin/SearchProviderImpl/JEI Plugin [BCJeiPlugin:bibliocraft:jei_plugin] of REI Plugin Compatibilities Adapter [rei_plugin_compatibilities, jei]/" done in 115.7 μs
[20:47:19] [REI-ReloadPlugins/TRACE] [REI] [REIClientPlugin START] Reloading Section: "reloadable-plugin/SearchProviderImpl/GTREIPlugin of GTREIPlugin [gtceu]/"
[20:47:19] [REI-ReloadPlugins/TRACE] [REI] [REIClientPlugin START] Reloading Section: "reloadable-plugin/SearchProviderImpl/GTREIPlugin of GTREIPlugin [gtceu]/" done in 42.20 μs
[20:47:19] [REI-ReloadPlugins/TRACE] [REI] [REIClientPlugin START] Reloading Section: "reloadable-plugin/SearchProviderImpl/FramedReiPlugin of FramedReiPlugin [framedblocks]/"
[20:47:19] [REI-ReloadPlugins/TRACE] [REI] [REIClientPlugin START] Reloading Section: "reloadable-plugin/SearchProviderImpl/FramedReiPlugin of FramedReiPlugin [framedblocks]/" done in 24.70 μs
[20:47:19] [REI-ReloadPlugins/TRACE] [REI] [REIClientPlugin START] Reloading Section: "reloadable-plugin/SearchProviderImpl/REIPluginImpl of REIPluginImpl [ldlib]/"
[20:47:19] [REI-ReloadPlugins/TRACE] [REI] [REIClientPlugin START] Reloading Section: "reloadable-plugin/SearchProviderImpl/REIPluginImpl of REIPluginImpl [ldlib]/" done in 22.80 μs
[20:47:19] [REI-ReloadPlugins/TRACE] [REI] [REIClientPlugin START] Reloading Section: "reloadable-plugin/SearchProviderImpl/REI Plugin Compatibilities Client Handler of REI Plugin Compatibilities Client Handler [rei_plugin_compatibilities, jei]/"
[20:47:19] [REI-ReloadPlugins/TRACE] [REI] [REIClientPlugin START] Reloading Section: "reloadable-plugin/SearchProviderImpl/REI Plugin Compatibilities Client Handler of REI Plugin Compatibilities Client Handler [rei_plugin_compatibilities, jei]/" done in 21.90 μs
[20:47:19] [REI-ReloadPlugins/TRACE] [REI] [REIClientPlugin START] Reloading Section: "reloadable-plugin/SearchProviderImpl/REIForgePluginStub of REIForgePluginStub [ftblibrary]/"
[20:47:19] [REI-ReloadPlugins/TRACE] [REI] [REIClientPlugin START] Reloading Section: "reloadable-plugin/SearchProviderImpl/REIForgePluginStub of REIForgePluginStub [ftblibrary]/" done in 22.30 μs
[20:47:19] [REI-ReloadPlugins/TRACE] [REI] [REIClientPlugin START] Reloading Section: "reloadable-plugin/SearchProviderImpl/AE2 of AE2 [ae2]/"
[20:47:19] [REI-ReloadPlugins/TRACE] [REI] [REIClientPlugin START] Reloading Section: "reloadable-plugin/SearchProviderImpl/AE2 of AE2 [ae2]/" done in 20.90 μs
[20:47:19] [REI-ReloadPlugins/TRACE] [REI] [REIClientPlugin START] Reloading Section: "reloadable-plugin/SearchProviderImpl/HideIngredientsFromTagsPlugin of HideIngredientsFromTagsPlugin [roughlyenoughitems]/"
[20:47:19] [REI-ReloadPlugins/TRACE] [REI] [REIClientPlugin START] Reloading Section: "reloadable-plugin/SearchProviderImpl/HideIngredientsFromTagsPlugin of HideIngredientsFromTagsPlugin [roughlyenoughitems]/" done in 19.80 μs
[20:47:19] [REI-ReloadPlugins/TRACE] [REI] [REIClientPlugin START] Reloading Section: "reloadable-plugin/SearchProviderImpl/DefaultClientRuntimePlugin of DefaultClientRuntimePlugin [roughlyenoughitems]/"
[20:47:19] [REI-ReloadPlugins/TRACE] [REI] [REIClientPlugin START] Reloading Section: "reloadable-plugin/SearchProviderImpl/DefaultClientRuntimePlugin of DefaultClientRuntimePlugin [roughlyenoughitems]/" done in 19.90 μs
[20:47:19] [REI-ReloadPlugins/TRACE] [REI] [REIClientPlugin START] Reloading Section: "reloadable-plugin/SearchProviderImpl/REIForgePluginStub of REIForgePluginStub [kubejs]/"
[20:47:19] [REI-ReloadPlugins/TRACE] [REI] [REIClientPlugin START] Reloading Section: "reloadable-plugin/SearchProviderImpl/REIForgePluginStub of REIForgePluginStub [kubejs]/" done in 22.40 μs
[20:47:19] [REI-ReloadPlugins/TRACE] [REI] [REIClientPlugin START] Reloading Section: "reloadable-plugin/SearchProviderImpl/" done in 3.035 ms
[20:47:19] [REI-ReloadPlugins/TRACE] [REI] [REIClientPlugin START] Reloading Section: "reloadable-plugin/ConfigManagerImpl/"
[20:47:19] [REI-ReloadPlugins/TRACE] [REI] [REIClientPlugin START] Reloading Section: "reloadable-plugin/ConfigManagerImpl/DefaultClientPluginImpl of DefaultClientPluginImpl [roughlyenoughitems]/"
[20:47:19] [REI-ReloadPlugins/TRACE] [REI] [REIClientPlugin START] Reloading Section: "reloadable-plugin/ConfigManagerImpl/DefaultClientPluginImpl of DefaultClientPluginImpl [roughlyenoughitems]/" done in 33.70 μs
[20:47:19] [REI-ReloadPlugins/TRACE] [REI] [REIClientPlugin START] Reloading Section: "reloadable-plugin/ConfigManagerImpl/JEI Plugin [CreateAdditionJEI:createaddition:jei_plugin] of REI Plugin Compatibilities Adapter [rei_plugin_compatibilities, jei]/"
[20:47:19] [REI-ReloadPlugins/TRACE] [REI] [REIClientPlugin START] Reloading Section: "reloadable-plugin/ConfigManagerImpl/JEI Plugin [CreateAdditionJEI:createaddition:jei_plugin] of REI Plugin Compatibilities Adapter [rei_plugin_compatibilities, jei]/" done in 28.40 μs
[20:47:19] [REI-ReloadPlugins/TRACE] [REI] [REIClientPlugin START] Reloading Section: "reloadable-plugin/ConfigManagerImpl/JEI Plugin [PolyJEIPlugin:polylib:jei_plugin] of REI Plugin Compatibilities Adapter [rei_plugin_compatibilities, jei]/"
[20:47:19] [REI-ReloadPlugins/TRACE] [REI] [REIClientPlugin START] Reloading Section: "reloadable-plugin/ConfigManagerImpl/JEI Plugin [PolyJEIPlugin:polylib:jei_plugin] of REI Plugin Compatibilities Adapter [rei_plugin_compatibilities, jei]/" done in 25.70 μs
[20:47:19] [REI-ReloadPlugins/TRACE] [REI] [REIClientPlugin START] Reloading Section: "reloadable-plugin/ConfigManagerImpl/JEI Plugin [GTSEJEIPlugin:gregtech_steam_expansion:jei_plugin] of REI Plugin Compatibilities Adapter [rei_plugin_compatibilities, jei]/"
[20:47:19] [REI-ReloadPlugins/TRACE] [REI] [REIClientPlugin START] Reloading Section: "reloadable-plugin/ConfigManagerImpl/JEI Plugin [GTSEJEIPlugin:gregtech_steam_expansion:jei_plugin] of REI Plugin Compatibilities Adapter [rei_plugin_compatibilities, jei]/" done in 21.90 μs
[20:47:19] [REI-ReloadPlugins/TRACE] [REI] [REIClientPlugin START] Reloading Section: "reloadable-plugin/ConfigManagerImpl/JEI Plugin [GTJEIPlugin:gtceu:jei_plugin] of REI Plugin Compatibilities Adapter [rei_plugin_compatibilities, jei]/"
[20:47:19] [REI-ReloadPlugins/TRACE] [REI] [REIClientPlugin START] Reloading Section: "reloadable-plugin/ConfigManagerImpl/JEI Plugin [GTJEIPlugin:gtceu:jei_plugin] of REI Plugin Compatibilities Adapter [rei_plugin_compatibilities, jei]/" done in 23.90 μs
[20:47:19] [REI-ReloadPlugins/TRACE] [REI] [REIClientPlugin START] Reloading Section: "reloadable-plugin/ConfigManagerImpl/JEI Plugin [JEIIntegration:ftblibrary:jei] of REI Plugin Compatibilities Adapter [rei_plugin_compatibilities, jei]/"
[20:47:19] [REI-ReloadPlugins/TRACE] [REI] [REIClientPlugin START] Reloading Section: "reloadable-plugin/ConfigManagerImpl/JEI Plugin [JEIIntegration:ftblibrary:jei] of REI Plugin Compatibilities Adapter [rei_plugin_compatibilities, jei]/" done in 24.00 μs
[20:47:19] [REI-ReloadPlugins/TRACE] [REI] [REIClientPlugin START] Reloading Section: "reloadable-plugin/ConfigManagerImpl/JEI Plugin [JEIPlugin:kubejs:jei] of REI Plugin Compatibilities Adapter [rei_plugin_compatibilities, jei]/"
[20:47:19] [REI-ReloadPlugins/TRACE] [REI] [REIClientPlugin START] Reloading Section: "reloadable-plugin/ConfigManagerImpl/JEI Plugin [JEIPlugin:kubejs:jei] of REI Plugin Compatibilities Adapter [rei_plugin_compatibilities, jei]/" done in 22.60 μs
[20:47:19] [REI-ReloadPlugins/TRACE] [REI] [REIClientPlugin START] Reloading Section: "reloadable-plugin/ConfigManagerImpl/JEI Plugin [JEIIntegration:fluxnetworks:jei] of REI Plugin Compatibilities Adapter [rei_plugin_compatibilities, jei]/"
[20:47:19] [REI-ReloadPlugins/TRACE] [REI] [REIClientPlugin START] Reloading Section: "reloadable-plugin/ConfigManagerImpl/JEI Plugin [JEIIntegration:fluxnetworks:jei] of REI Plugin Compatibilities Adapter [rei_plugin_compatibilities, jei]/" done in 23.40 μs
[20:47:19] [REI-ReloadPlugins/TRACE] [REI] [REIClientPlugin START] Reloading Section: "reloadable-plugin/ConfigManagerImpl/JEI Plugin [CreateJEI:create:jei_plugin] of REI Plugin Compatibilities Adapter [rei_plugin_compatibilities, jei]/"
[20:47:19] [REI-ReloadPlugins/TRACE] [REI] [REIClientPlugin START] Reloading Section: "reloadable-plugin/ConfigManagerImpl/JEI Plugin [CreateJEI:create:jei_plugin] of REI Plugin Compatibilities Adapter [rei_plugin_compatibilities, jei]/" done in 29.10 μs
[20:47:19] [REI-ReloadPlugins/TRACE] [REI] [REIClientPlugin START] Reloading Section: "reloadable-plugin/ConfigManagerImpl/JEI Plugin [JEIPlugin:ae2:core] of REI Plugin Compatibilities Adapter [rei_plugin_compatibilities, jei]/"
[20:47:19] [REI-ReloadPlugins/TRACE] [REI] [REIClientPlugin START] Reloading Section: "reloadable-plugin/ConfigManagerImpl/JEI Plugin [JEIPlugin:ae2:core] of REI Plugin Compatibilities Adapter [rei_plugin_compatibilities, jei]/" done in 25.30 μs
[20:47:19] [REI-ReloadPlugins/TRACE] [REI] [REIClientPlugin START] Reloading Section: "reloadable-plugin/ConfigManagerImpl/JEI Plugin [JEICompat:jade:main] of REI Plugin Compatibilities Adapter [rei_plugin_compatibilities, jei]/"
[20:47:19] [REI-ReloadPlugins/TRACE] [REI] [REIClientPlugin START] Reloading Section: "reloadable-plugin/ConfigManagerImpl/JEI Plugin [JEICompat:jade:main] of REI Plugin Compatibilities Adapter [rei_plugin_compatibilities, jei]/" done in 22.80 μs
[20:47:19] [REI-ReloadPlugins/TRACE] [REI] [REIClientPlugin START] Reloading Section: "reloadable-plugin/ConfigManagerImpl/JEI Plugin [JEIPlugin:ldlib:jei_plugin] of REI Plugin Compatibilities Adapter [rei_plugin_compatibilities, jei]/"
[20:47:19] [REI-ReloadPlugins/TRACE] [REI] [REIClientPlugin START] Reloading Section: "reloadable-plugin/ConfigManagerImpl/JEI Plugin [JEIPlugin:ldlib:jei_plugin] of REI Plugin Compatibilities Adapter [rei_plugin_compatibilities, jei]/" done in 43.30 μs
[20:47:19] [REI-ReloadPlugins/TRACE] [REI] [REIClientPlugin START] Reloading Section: "reloadable-plugin/ConfigManagerImpl/JEI Plugin [BCJeiPlugin:bibliocraft:jei_plugin] of REI Plugin Compatibilities Adapter [rei_plugin_compatibilities, jei]/"
[20:47:19] [REI-ReloadPlugins/TRACE] [REI] [REIClientPlugin START] Reloading Section: "reloadable-plugin/ConfigManagerImpl/JEI Plugin [BCJeiPlugin:bibliocraft:jei_plugin] of REI Plugin Compatibilities Adapter [rei_plugin_compatibilities, jei]/" done in 37.50 μs
[20:47:19] [REI-ReloadPlugins/TRACE] [REI] [REIClientPlugin START] Reloading Section: "reloadable-plugin/ConfigManagerImpl/GTREIPlugin of GTREIPlugin [gtceu]/"
[20:47:19] [REI-ReloadPlugins/TRACE] [REI] [REIClientPlugin START] Reloading Section: "reloadable-plugin/ConfigManagerImpl/GTREIPlugin of GTREIPlugin [gtceu]/" done in 25.80 μs
[20:47:19] [REI-ReloadPlugins/TRACE] [REI] [REIClientPlugin START] Reloading Section: "reloadable-plugin/ConfigManagerImpl/FramedReiPlugin of FramedReiPlugin [framedblocks]/"
[20:47:19] [REI-ReloadPlugins/TRACE] [REI] [REIClientPlugin START] Reloading Section: "reloadable-plugin/ConfigManagerImpl/FramedReiPlugin of FramedReiPlugin [framedblocks]/" done in 20.40 μs
[20:47:19] [REI-ReloadPlugins/TRACE] [REI] [REIClientPlugin START] Reloading Section: "reloadable-plugin/ConfigManagerImpl/REIPluginImpl of REIPluginImpl [ldlib]/"
[20:47:19] [REI-ReloadPlugins/TRACE] [REI] [REIClientPlugin START] Reloading Section: "reloadable-plugin/ConfigManagerImpl/REIPluginImpl of REIPluginImpl [ldlib]/" done in 20.70 μs
[20:47:19] [REI-ReloadPlugins/TRACE] [REI] [REIClientPlugin START] Reloading Section: "reloadable-plugin/ConfigManagerImpl/REI Plugin Compatibilities Client Handler of REI Plugin Compatibilities Client Handler [rei_plugin_compatibilities, jei]/"
[20:47:19] [REI-ReloadPlugins/TRACE] [REI] [REIClientPlugin START] Reloading Section: "reloadable-plugin/ConfigManagerImpl/REI Plugin Compatibilities Client Handler of REI Plugin Compatibilities Client Handler [rei_plugin_compatibilities, jei]/" done in 20.70 μs
[20:47:19] [REI-ReloadPlugins/TRACE] [REI] [REIClientPlugin START] Reloading Section: "reloadable-plugin/ConfigManagerImpl/REIForgePluginStub of REIForgePluginStub [ftblibrary]/"
[20:47:19] [REI-ReloadPlugins/TRACE] [REI] [REIClientPlugin START] Reloading Section: "reloadable-plugin/ConfigManagerImpl/REIForgePluginStub of REIForgePluginStub [ftblibrary]/" done in 20.40 μs
[20:47:19] [REI-ReloadPlugins/TRACE] [REI] [REIClientPlugin START] Reloading Section: "reloadable-plugin/ConfigManagerImpl/AE2 of AE2 [ae2]/"
[20:47:19] [REI-ReloadPlugins/TRACE] [REI] [REIClientPlugin START] Reloading Section: "reloadable-plugin/ConfigManagerImpl/AE2 of AE2 [ae2]/" done in 22.50 μs
[20:47:19] [REI-ReloadPlugins/TRACE] [REI] [REIClientPlugin START] Reloading Section: "reloadable-plugin/ConfigManagerImpl/HideIngredientsFromTagsPlugin of HideIngredientsFromTagsPlugin [roughlyenoughitems]/"
[20:47:19] [REI-ReloadPlugins/TRACE] [REI] [REIClientPlugin START] Reloading Section: "reloadable-plugin/ConfigManagerImpl/HideIngredientsFromTagsPlugin of HideIngredientsFromTagsPlugin [roughlyenoughitems]/" done in 19.70 μs
[20:47:19] [REI-ReloadPlugins/TRACE] [REI] [REIClientPlugin START] Reloading Section: "reloadable-plugin/ConfigManagerImpl/DefaultClientRuntimePlugin of DefaultClientRuntimePlugin [roughlyenoughitems]/"
[20:47:19] [REI-ReloadPlugins/TRACE] [REI] [REIClientPlugin START] Reloading Section: "reloadable-plugin/ConfigManagerImpl/DefaultClientRuntimePlugin of DefaultClientRuntimePlugin [roughlyenoughitems]/" done in 21.20 μs
[20:47:19] [REI-ReloadPlugins/TRACE] [REI] [REIClientPlugin START] Reloading Section: "reloadable-plugin/ConfigManagerImpl/REIForgePluginStub of REIForgePluginStub [kubejs]/"
[20:47:19] [REI-ReloadPlugins/TRACE] [REI] [REIClientPlugin START] Reloading Section: "reloadable-plugin/ConfigManagerImpl/REIForgePluginStub of REIForgePluginStub [kubejs]/" done in 20.90 μs
[20:47:19] [REI-ReloadPlugins/TRACE] [REI] [REIClientPlugin START] Reloading Section: "reloadable-plugin/ConfigManagerImpl/" done in 1.612 ms
[20:47:19] [REI-ReloadPlugins/TRACE] [REI] [REIClientPlugin START] Reloading Section: "reloadable-plugin/EntryRegistryImpl/"
[20:47:19] [REI-ReloadPlugins/TRACE] [REI] [REIClientPlugin START] Reloading Section: "reloadable-plugin/EntryRegistryImpl/DefaultClientPluginImpl of DefaultClientPluginImpl [roughlyenoughitems]/"
[20:47:19] [REI-ReloadPlugins/TRACE] [REI] Registered 20347 entries from plugin DefaultClientPluginImpl
[20:47:19] [REI-ReloadPlugins/TRACE] [REI] [REIClientPlugin START] Reloading Section: "reloadable-plugin/EntryRegistryImpl/DefaultClientPluginImpl of DefaultClientPluginImpl [roughlyenoughitems]/" done in 459.3 ms
[20:47:19] [REI-ReloadPlugins/TRACE] [REI] [REIClientPlugin START] Reloading Section: "reloadable-plugin/EntryRegistryImpl/JEI Plugin [CreateAdditionJEI:createaddition:jei_plugin] of REI Plugin Compatibilities Adapter [rei_plugin_compatibilities, jei]/"
[20:47:19] [REI-ReloadPlugins/TRACE] [REI] Registered 0 entries from plugin JEI Plugin [CreateAdditionJEI:createaddition:jei_plugin]
[20:47:19] [REI-ReloadPlugins/TRACE] [REI] [REIClientPlugin START] Reloading Section: "reloadable-plugin/EntryRegistryImpl/JEI Plugin [CreateAdditionJEI:createaddition:jei_plugin] of REI Plugin Compatibilities Adapter [rei_plugin_compatibilities, jei]/" done in 199.5 μs
[20:47:19] [REI-ReloadPlugins/TRACE] [REI] [REIClientPlugin START] Reloading Section: "reloadable-plugin/EntryRegistryImpl/JEI Plugin [PolyJEIPlugin:polylib:jei_plugin] of REI Plugin Compatibilities Adapter [rei_plugin_compatibilities, jei]/"
[20:47:19] [REI-ReloadPlugins/TRACE] [REI] Registered 0 entries from plugin JEI Plugin [PolyJEIPlugin:polylib:jei_plugin]
[20:47:19] [REI-ReloadPlugins/TRACE] [REI] [REIClientPlugin START] Reloading Section: "reloadable-plugin/EntryRegistryImpl/JEI Plugin [PolyJEIPlugin:polylib:jei_plugin] of REI Plugin Compatibilities Adapter [rei_plugin_compatibilities, jei]/" done in 185.5 μs
[20:47:19] [REI-ReloadPlugins/TRACE] [REI] [REIClientPlugin START] Reloading Section: "reloadable-plugin/EntryRegistryImpl/JEI Plugin [GTSEJEIPlugin:gregtech_steam_expansion:jei_plugin] of REI Plugin Compatibilities Adapter [rei_plugin_compatibilities, jei]/"
[20:47:19] [REI-ReloadPlugins/TRACE] [REI] Registered 0 entries from plugin JEI Plugin [GTSEJEIPlugin:gregtech_steam_expansion:jei_plugin]
[20:47:19] [REI-ReloadPlugins/TRACE] [REI] [REIClientPlugin START] Reloading Section: "reloadable-plugin/EntryRegistryImpl/JEI Plugin [GTSEJEIPlugin:gregtech_steam_expansion:jei_plugin] of REI Plugin Compatibilities Adapter [rei_plugin_compatibilities, jei]/" done in 36.70 μs
[20:47:19] [REI-ReloadPlugins/TRACE] [REI] [REIClientPlugin START] Reloading Section: "reloadable-plugin/EntryRegistryImpl/JEI Plugin [GTJEIPlugin:gtceu:jei_plugin] of REI Plugin Compatibilities Adapter [rei_plugin_compatibilities, jei]/"
[20:47:19] [REI-ReloadPlugins/TRACE] [REI] Registered 0 entries from plugin JEI Plugin [GTJEIPlugin:gtceu:jei_plugin]
[20:47:19] [REI-ReloadPlugins/TRACE] [REI] [REIClientPlugin START] Reloading Section: "reloadable-plugin/EntryRegistryImpl/JEI Plugin [GTJEIPlugin:gtceu:jei_plugin] of REI Plugin Compatibilities Adapter [rei_plugin_compatibilities, jei]/" done in 28.90 μs
[20:47:19] [REI-ReloadPlugins/TRACE] [REI] [REIClientPlugin START] Reloading Section: "reloadable-plugin/EntryRegistryImpl/JEI Plugin [JEIIntegration:ftblibrary:jei] of REI Plugin Compatibilities Adapter [rei_plugin_compatibilities, jei]/"
[20:47:19] [REI-ReloadPlugins/TRACE] [REI] Registered 0 entries from plugin JEI Plugin [JEIIntegration:ftblibrary:jei]
[20:47:19] [REI-ReloadPlugins/TRACE] [REI] [REIClientPlugin START] Reloading Section: "reloadable-plugin/EntryRegistryImpl/JEI Plugin [JEIIntegration:ftblibrary:jei] of REI Plugin Compatibilities Adapter [rei_plugin_compatibilities, jei]/" done in 24.50 μs
[20:47:19] [REI-ReloadPlugins/TRACE] [REI] [REIClientPlugin START] Reloading Section: "reloadable-plugin/EntryRegistryImpl/JEI Plugin [JEIPlugin:kubejs:jei] of REI Plugin Compatibilities Adapter [rei_plugin_compatibilities, jei]/"
[20:47:19] [REI-ReloadPlugins/TRACE] [REI] Registered 0 entries from plugin JEI Plugin [JEIPlugin:kubejs:jei]
[20:47:19] [REI-ReloadPlugins/TRACE] [REI] [REIClientPlugin START] Reloading Section: "reloadable-plugin/EntryRegistryImpl/JEI Plugin [JEIPlugin:kubejs:jei] of REI Plugin Compatibilities Adapter [rei_plugin_compatibilities, jei]/" done in 23.80 μs
[20:47:19] [REI-ReloadPlugins/TRACE] [REI] [REIClientPlugin START] Reloading Section: "reloadable-plugin/EntryRegistryImpl/JEI Plugin [JEIIntegration:fluxnetworks:jei] of REI Plugin Compatibilities Adapter [rei_plugin_compatibilities, jei]/"
[20:47:19] [REI-ReloadPlugins/TRACE] [REI] Registered 0 entries from plugin JEI Plugin [JEIIntegration:fluxnetworks:jei]
[20:47:19] [REI-ReloadPlugins/TRACE] [REI] [REIClientPlugin START] Reloading Section: "reloadable-plugin/EntryRegistryImpl/JEI Plugin [JEIIntegration:fluxnetworks:jei] of REI Plugin Compatibilities Adapter [rei_plugin_compatibilities, jei]/" done in 23.20 μs
[20:47:19] [REI-ReloadPlugins/TRACE] [REI] [REIClientPlugin START] Reloading Section: "reloadable-plugin/EntryRegistryImpl/JEI Plugin [CreateJEI:create:jei_plugin] of REI Plugin Compatibilities Adapter [rei_plugin_compatibilities, jei]/"
[20:47:19] [REI-ReloadPlugins/TRACE] [REI] Registered 0 entries from plugin JEI Plugin [CreateJEI:create:jei_plugin]
[20:47:19] [REI-ReloadPlugins/TRACE] [REI] [REIClientPlugin START] Reloading Section: "reloadable-plugin/EntryRegistryImpl/JEI Plugin [CreateJEI:create:jei_plugin] of REI Plugin Compatibilities Adapter [rei_plugin_compatibilities, jei]/" done in 24.20 μs
[20:47:19] [REI-ReloadPlugins/TRACE] [REI] [REIClientPlugin START] Reloading Section: "reloadable-plugin/EntryRegistryImpl/JEI Plugin [JEIPlugin:ae2:core] of REI Plugin Compatibilities Adapter [rei_plugin_compatibilities, jei]/"
[20:47:19] [REI-ReloadPlugins/TRACE] [REI] Registered 0 entries from plugin JEI Plugin [JEIPlugin:ae2:core]
[20:47:19] [REI-ReloadPlugins/TRACE] [REI] [REIClientPlugin START] Reloading Section: "reloadable-plugin/EntryRegistryImpl/JEI Plugin [JEIPlugin:ae2:core] of REI Plugin Compatibilities Adapter [rei_plugin_compatibilities, jei]/" done in 23.20 μs
[20:47:19] [REI-ReloadPlugins/TRACE] [REI] [REIClientPlugin START] Reloading Section: "reloadable-plugin/EntryRegistryImpl/JEI Plugin [JEICompat:jade:main] of REI Plugin Compatibilities Adapter [rei_plugin_compatibilities, jei]/"
[20:47:19] [REI-ReloadPlugins/TRACE] [REI] Registered 0 entries from plugin JEI Plugin [JEICompat:jade:main]
[20:47:19] [REI-ReloadPlugins/TRACE] [REI] [REIClientPlugin START] Reloading Section: "reloadable-plugin/EntryRegistryImpl/JEI Plugin [JEICompat:jade:main] of REI Plugin Compatibilities Adapter [rei_plugin_compatibilities, jei]/" done in 26.90 μs
[20:47:19] [REI-ReloadPlugins/TRACE] [REI] [REIClientPlugin START] Reloading Section: "reloadable-plugin/EntryRegistryImpl/JEI Plugin [JEIPlugin:ldlib:jei_plugin] of REI Plugin Compatibilities Adapter [rei_plugin_compatibilities, jei]/"
[20:47:19] [REI-ReloadPlugins/TRACE] [REI] Registered 0 entries from plugin JEI Plugin [JEIPlugin:ldlib:jei_plugin]
[20:47:19] [REI-ReloadPlugins/TRACE] [REI] [REIClientPlugin START] Reloading Section: "reloadable-plugin/EntryRegistryImpl/JEI Plugin [JEIPlugin:ldlib:jei_plugin] of REI Plugin Compatibilities Adapter [rei_plugin_compatibilities, jei]/" done in 23.60 μs
[20:47:19] [REI-ReloadPlugins/TRACE] [REI] [REIClientPlugin START] Reloading Section: "reloadable-plugin/EntryRegistryImpl/JEI Plugin [BCJeiPlugin:bibliocraft:jei_plugin] of REI Plugin Compatibilities Adapter [rei_plugin_compatibilities, jei]/"
[20:47:19] [REI-ReloadPlugins/TRACE] [REI] Registered 0 entries from plugin JEI Plugin [BCJeiPlugin:bibliocraft:jei_plugin]
[20:47:19] [REI-ReloadPlugins/TRACE] [REI] [REIClientPlugin START] Reloading Section: "reloadable-plugin/EntryRegistryImpl/JEI Plugin [BCJeiPlugin:bibliocraft:jei_plugin] of REI Plugin Compatibilities Adapter [rei_plugin_compatibilities, jei]/" done in 23.40 μs
[20:47:19] [REI-ReloadPlugins/TRACE] [REI] [REIClientPlugin START] Reloading Section: "reloadable-plugin/EntryRegistryImpl/GTREIPlugin of GTREIPlugin [gtceu]/"
[20:47:19] [REI-ReloadPlugins/TRACE] [REI] Registered 41 entries from plugin GTREIPlugin
[20:47:19] [REI-ReloadPlugins/TRACE] [REI] [REIClientPlugin START] Reloading Section: "reloadable-plugin/EntryRegistryImpl/GTREIPlugin of GTREIPlugin [gtceu]/" done in 6.053 ms
[20:47:19] [REI-ReloadPlugins/TRACE] [REI] [REIClientPlugin START] Reloading Section: "reloadable-plugin/EntryRegistryImpl/FramedReiPlugin of FramedReiPlugin [framedblocks]/"
[20:47:19] [REI-ReloadPlugins/TRACE] [REI] Registered 0 entries from plugin FramedReiPlugin
[20:47:19] [REI-ReloadPlugins/TRACE] [REI] [REIClientPlugin START] Reloading Section: "reloadable-plugin/EntryRegistryImpl/FramedReiPlugin of FramedReiPlugin [framedblocks]/" done in 40.30 μs
[20:47:19] [REI-ReloadPlugins/TRACE] [REI] [REIClientPlugin START] Reloading Section: "reloadable-plugin/EntryRegistryImpl/REIPluginImpl of REIPluginImpl [ldlib]/"
[20:47:19] [REI-ReloadPlugins/TRACE] [REI] Registered 0 entries from plugin REIPluginImpl
[20:47:19] [REI-ReloadPlugins/TRACE] [REI] [REIClientPlugin START] Reloading Section: "reloadable-plugin/EntryRegistryImpl/REIPluginImpl of REIPluginImpl [ldlib]/" done in 26.80 μs
[20:47:19] [REI-ReloadPlugins/TRACE] [REI] [REIClientPlugin START] Reloading Section: "reloadable-plugin/EntryRegistryImpl/REI Plugin Compatibilities Client Handler of REI Plugin Compatibilities Client Handler [rei_plugin_compatibilities, jei]/"
[20:47:19] [REI-ReloadPlugins/TRACE] [REI] Registered 0 entries from plugin REI Plugin Compatibilities Client Handler
[20:47:19] [REI-ReloadPlugins/TRACE] [REI] [REIClientPlugin START] Reloading Section: "reloadable-plugin/EntryRegistryImpl/REI Plugin Compatibilities Client Handler of REI Plugin Compatibilities Client Handler [rei_plugin_compatibilities, jei]/" done in 23.70 μs
[20:47:19] [REI-ReloadPlugins/TRACE] [REI] [REIClientPlugin START] Reloading Section: "reloadable-plugin/EntryRegistryImpl/REIForgePluginStub of REIForgePluginStub [ftblibrary]/"
[20:47:19] [REI-ReloadPlugins/TRACE] [REI] Registered 0 entries from plugin REIForgePluginStub
[20:47:19] [REI-ReloadPlugins/TRACE] [REI] [REIClientPlugin START] Reloading Section: "reloadable-plugin/EntryRegistryImpl/REIForgePluginStub of REIForgePluginStub [ftblibrary]/" done in 222.7 μs
[20:47:19] [REI-ReloadPlugins/TRACE] [REI] [REIClientPlugin START] Reloading Section: "reloadable-plugin/EntryRegistryImpl/AE2 of AE2 [ae2]/"
[20:47:20] [REI-ReloadPlugins/TRACE] [REI] Registered -94 entries from plugin AE2
[20:47:20] [REI-ReloadPlugins/TRACE] [REI] [REIClientPlugin START] Reloading Section: "reloadable-plugin/EntryRegistryImpl/AE2 of AE2 [ae2]/" done in 139.2 ms
[20:47:20] [REI-ReloadPlugins/TRACE] [REI] [REIClientPlugin START] Reloading Section: "reloadable-plugin/EntryRegistryImpl/HideIngredientsFromTagsPlugin of HideIngredientsFromTagsPlugin [roughlyenoughitems]/"
[20:47:20] [REI-ReloadPlugins/TRACE] [REI] Registered 0 entries from plugin HideIngredientsFromTagsPlugin
[20:47:20] [REI-ReloadPlugins/TRACE] [REI] [REIClientPlugin START] Reloading Section: "reloadable-plugin/EntryRegistryImpl/HideIngredientsFromTagsPlugin of HideIngredientsFromTagsPlugin [roughlyenoughitems]/" done in 41.60 μs
[20:47:20] [REI-ReloadPlugins/TRACE] [REI] [REIClientPlugin START] Reloading Section: "reloadable-plugin/EntryRegistryImpl/DefaultClientRuntimePlugin of DefaultClientRuntimePlugin [roughlyenoughitems]/"
[20:47:20] [REI-ReloadPlugins/TRACE] [REI] Registered 0 entries from plugin DefaultClientRuntimePlugin
[20:47:20] [REI-ReloadPlugins/TRACE] [REI] [REIClientPlugin START] Reloading Section: "reloadable-plugin/EntryRegistryImpl/DefaultClientRuntimePlugin of DefaultClientRuntimePlugin [roughlyenoughitems]/" done in 3.887 ms
[20:47:20] [REI-ReloadPlugins/TRACE] [REI] [REIClientPlugin START] Reloading Section: "reloadable-plugin/EntryRegistryImpl/REIForgePluginStub of REIForgePluginStub [kubejs]/"
[20:47:20] [REI-ReloadPlugins/TRACE] [REI] Registered 0 entries from plugin REIForgePluginStub
[20:47:20] [REI-ReloadPlugins/TRACE] [REI] [REIClientPlugin START] Reloading Section: "reloadable-plugin/EntryRegistryImpl/REIForgePluginStub of REIForgePluginStub [kubejs]/" done in 50.30 μs
[20:47:20] [REI-ReloadPlugins/TRACE] [REI] [REIClientPlugin START] Reloading Section: "reloadable-plugin/EntryRegistryImpl/" done in 613.5 ms
[20:47:20] [REI-ReloadPlugins/TRACE] [REI] [REIClientPlugin START] Reloading Section: "reloadable-plugin/CollapsibleEntryRegistryImpl/"
[20:47:20] [REI-ReloadPlugins/TRACE] [REI] [REIClientPlugin START] Reloading Section: "reloadable-plugin/CollapsibleEntryRegistryImpl/DefaultClientPluginImpl of DefaultClientPluginImpl [roughlyenoughitems]/"
[20:47:20] [REI-ReloadPlugins/TRACE] [REI] [REIClientPlugin START] Reloading Section: "reloadable-plugin/CollapsibleEntryRegistryImpl/DefaultClientPluginImpl of DefaultClientPluginImpl [roughlyenoughitems]/" done in 13.70 μs
[20:47:20] [REI-ReloadPlugins/TRACE] [REI] [REIClientPlugin START] Reloading Section: "reloadable-plugin/CollapsibleEntryRegistryImpl/JEI Plugin [CreateAdditionJEI:createaddition:jei_plugin] of REI Plugin Compatibilities Adapter [rei_plugin_compatibilities, jei]/"
[20:47:20] [REI-ReloadPlugins/TRACE] [REI] [REIClientPlugin START] Reloading Section: "reloadable-plugin/CollapsibleEntryRegistryImpl/JEI Plugin [CreateAdditionJEI:createaddition:jei_plugin] of REI Plugin Compatibilities Adapter [rei_plugin_compatibilities, jei]/" done in 13.00 μs
[20:47:20] [REI-ReloadPlugins/TRACE] [REI] [REIClientPlugin START] Reloading Section: "reloadable-plugin/CollapsibleEntryRegistryImpl/JEI Plugin [PolyJEIPlugin:polylib:jei_plugin] of REI Plugin Compatibilities Adapter [rei_plugin_compatibilities, jei]/"
[20:47:20] [REI-ReloadPlugins/TRACE] [REI] [REIClientPlugin START] Reloading Section: "reloadable-plugin/CollapsibleEntryRegistryImpl/JEI Plugin [PolyJEIPlugin:polylib:jei_plugin] of REI Plugin Compatibilities Adapter [rei_plugin_compatibilities, jei]/" done in 11.60 μs
[20:47:20] [REI-ReloadPlugins/TRACE] [REI] [REIClientPlugin START] Reloading Section: "reloadable-plugin/CollapsibleEntryRegistryImpl/JEI Plugin [GTSEJEIPlugin:gregtech_steam_expansion:jei_plugin] of REI Plugin Compatibilities Adapter [rei_plugin_compatibilities, jei]/"
[20:47:20] [REI-ReloadPlugins/TRACE] [REI] [REIClientPlugin START] Reloading Section: "reloadable-plugin/CollapsibleEntryRegistryImpl/JEI Plugin [GTSEJEIPlugin:gregtech_steam_expansion:jei_plugin] of REI Plugin Compatibilities Adapter [rei_plugin_compatibilities, jei]/" done in 12.00 μs
[20:47:20] [REI-ReloadPlugins/TRACE] [REI] [REIClientPlugin START] Reloading Section: "reloadable-plugin/CollapsibleEntryRegistryImpl/JEI Plugin [GTJEIPlugin:gtceu:jei_plugin] of REI Plugin Compatibilities Adapter [rei_plugin_compatibilities, jei]/"
[20:47:20] [REI-ReloadPlugins/TRACE] [REI] [REIClientPlugin START] Reloading Section: "reloadable-plugin/CollapsibleEntryRegistryImpl/JEI Plugin [GTJEIPlugin:gtceu:jei_plugin] of REI Plugin Compatibilities Adapter [rei_plugin_compatibilities, jei]/" done in 71.70 μs
[20:47:20] [REI-ReloadPlugins/TRACE] [REI] [REIClientPlugin START] Reloading Section: "reloadable-plugin/CollapsibleEntryRegistryImpl/JEI Plugin [JEIIntegration:ftblibrary:jei] of REI Plugin Compatibilities Adapter [rei_plugin_compatibilities, jei]/"
[20:47:20] [REI-ReloadPlugins/TRACE] [REI] [REIClientPlugin START] Reloading Section: "reloadable-plugin/CollapsibleEntryRegistryImpl/JEI Plugin [JEIIntegration:ftblibrary:jei] of REI Plugin Compatibilities Adapter [rei_plugin_compatibilities, jei]/" done in 16.60 μs
[20:47:20] [REI-ReloadPlugins/TRACE] [REI] [REIClientPlugin START] Reloading Section: "reloadable-plugin/CollapsibleEntryRegistryImpl/JEI Plugin [JEIPlugin:kubejs:jei] of REI Plugin Compatibilities Adapter [rei_plugin_compatibilities, jei]/"
[20:47:20] [REI-ReloadPlugins/TRACE] [REI] [REIClientPlugin START] Reloading Section: "reloadable-plugin/CollapsibleEntryRegistryImpl/JEI Plugin [JEIPlugin:kubejs:jei] of REI Plugin Compatibilities Adapter [rei_plugin_compatibilities, jei]/" done in 12.80 μs
[20:47:20] [REI-ReloadPlugins/TRACE] [REI] [REIClientPlugin START] Reloading Section: "reloadable-plugin/CollapsibleEntryRegistryImpl/JEI Plugin [JEIIntegration:fluxnetworks:jei] of REI Plugin Compatibilities Adapter [rei_plugin_compatibilities, jei]/"
[20:47:20] [REI-ReloadPlugins/TRACE] [REI] [REIClientPlugin START] Reloading Section: "reloadable-plugin/CollapsibleEntryRegistryImpl/JEI Plugin [JEIIntegration:fluxnetworks:jei] of REI Plugin Compatibilities Adapter [rei_plugin_compatibilities, jei]/" done in 11.80 μs
[20:47:20] [REI-ReloadPlugins/TRACE] [REI] [REIClientPlugin START] Reloading Section: "reloadable-plugin/CollapsibleEntryRegistryImpl/JEI Plugin [CreateJEI:create:jei_plugin] of REI Plugin Compatibilities Adapter [rei_plugin_compatibilities, jei]/"
[20:47:20] [REI-ReloadPlugins/TRACE] [REI] [REIClientPlugin START] Reloading Section: "reloadable-plugin/CollapsibleEntryRegistryImpl/JEI Plugin [CreateJEI:create:jei_plugin] of REI Plugin Compatibilities Adapter [rei_plugin_compatibilities, jei]/" done in 11.70 μs
[20:47:20] [REI-ReloadPlugins/TRACE] [REI] [REIClientPlugin START] Reloading Section: "reloadable-plugin/CollapsibleEntryRegistryImpl/JEI Plugin [JEIPlugin:ae2:core] of REI Plugin Compatibilities Adapter [rei_plugin_compatibilities, jei]/"
[20:47:20] [REI-ReloadPlugins/TRACE] [REI] [REIClientPlugin START] Reloading Section: "reloadable-plugin/CollapsibleEntryRegistryImpl/JEI Plugin [JEIPlugin:ae2:core] of REI Plugin Compatibilities Adapter [rei_plugin_compatibilities, jei]/" done in 11.60 μs
[20:47:20] [REI-ReloadPlugins/TRACE] [REI] [REIClientPlugin START] Reloading Section: "reloadable-plugin/CollapsibleEntryRegistryImpl/JEI Plugin [JEICompat:jade:main] of REI Plugin Compatibilities Adapter [rei_plugin_compatibilities, jei]/"
[20:47:20] [REI-ReloadPlugins/TRACE] [REI] [REIClientPlugin START] Reloading Section: "reloadable-plugin/CollapsibleEntryRegistryImpl/JEI Plugin [JEICompat:jade:main] of REI Plugin Compatibilities Adapter [rei_plugin_compatibilities, jei]/" done in 12.60 μs
[20:47:20] [REI-ReloadPlugins/TRACE] [REI] [REIClientPlugin START] Reloading Section: "reloadable-plugin/CollapsibleEntryRegistryImpl/JEI Plugin [JEIPlugin:ldlib:jei_plugin] of REI Plugin Compatibilities Adapter [rei_plugin_compatibilities, jei]/"
[20:47:20] [REI-ReloadPlugins/TRACE] [REI] [REIClientPlugin START] Reloading Section: "reloadable-plugin/CollapsibleEntryRegistryImpl/JEI Plugin [JEIPlugin:ldlib:jei_plugin] of REI Plugin Compatibilities Adapter [rei_plugin_compatibilities, jei]/" done in 28.40 μs
[20:47:20] [REI-ReloadPlugins/TRACE] [REI] [REIClientPlugin START] Reloading Section: "reloadable-plugin/CollapsibleEntryRegistryImpl/JEI Plugin [BCJeiPlugin:bibliocraft:jei_plugin] of REI Plugin Compatibilities Adapter [rei_plugin_compatibilities, jei]/"
[20:47:20] [REI-ReloadPlugins/TRACE] [REI] [REIClientPlugin START] Reloading Section: "reloadable-plugin/CollapsibleEntryRegistryImpl/JEI Plugin [BCJeiPlugin:bibliocraft:jei_plugin] of REI Plugin Compatibilities Adapter [rei_plugin_compatibilities, jei]/" done in 14.30 μs
[20:47:20] [REI-ReloadPlugins/TRACE] [REI] [REIClientPlugin START] Reloading Section: "reloadable-plugin/CollapsibleEntryRegistryImpl/GTREIPlugin of GTREIPlugin [gtceu]/"
[20:47:20] [REI-ReloadPlugins/TRACE] [REI] [REIClientPlugin START] Reloading Section: "reloadable-plugin/CollapsibleEntryRegistryImpl/GTREIPlugin of GTREIPlugin [gtceu]/" done in 11.70 μs
[20:47:20] [REI-ReloadPlugins/TRACE] [REI] [REIClientPlugin START] Reloading Section: "reloadable-plugin/CollapsibleEntryRegistryImpl/FramedReiPlugin of FramedReiPlugin [framedblocks]/"
[20:47:20] [REI-ReloadPlugins/TRACE] [REI] [REIClientPlugin START] Reloading Section: "reloadable-plugin/CollapsibleEntryRegistryImpl/FramedReiPlugin of FramedReiPlugin [framedblocks]/" done in 11.30 μs
[20:47:20] [REI-ReloadPlugins/TRACE] [REI] [REIClientPlugin START] Reloading Section: "reloadable-plugin/CollapsibleEntryRegistryImpl/REIPluginImpl of REIPluginImpl [ldlib]/"
[20:47:20] [REI-ReloadPlugins/TRACE] [REI] [REIClientPlugin START] Reloading Section: "reloadable-plugin/CollapsibleEntryRegistryImpl/REIPluginImpl of REIPluginImpl [ldlib]/" done in 11.10 μs
[20:47:20] [REI-ReloadPlugins/TRACE] [REI] [REIClientPlugin START] Reloading Section: "reloadable-plugin/CollapsibleEntryRegistryImpl/REI Plugin Compatibilities Client Handler of REI Plugin Compatibilities Client Handler [rei_plugin_compatibilities, jei]/"
[20:47:20] [REI-ReloadPlugins/TRACE] [REI] [REIClientPlugin START] Reloading Section: "reloadable-plugin/CollapsibleEntryRegistryImpl/REI Plugin Compatibilities Client Handler of REI Plugin Compatibilities Client Handler [rei_plugin_compatibilities, jei]/" done in 11.30 μs
[20:47:20] [REI-ReloadPlugins/TRACE] [REI] [REIClientPlugin START] Reloading Section: "reloadable-plugin/CollapsibleEntryRegistryImpl/REIForgePluginStub of REIForgePluginStub [ftblibrary]/"
[20:47:20] [REI-ReloadPlugins/TRACE] [REI] [REIClientPlugin START] Reloading Section: "reloadable-plugin/CollapsibleEntryRegistryImpl/REIForgePluginStub of REIForgePluginStub [ftblibrary]/" done in 11.10 μs
[20:47:20] [REI-ReloadPlugins/TRACE] [REI] [REIClientPlugin START] Reloading Section: "reloadable-plugin/CollapsibleEntryRegistryImpl/AE2 of AE2 [ae2]/"
[20:47:20] [REI-ReloadPlugins/TRACE] [REI] [REIClientPlugin START] Reloading Section: "reloadable-plugin/CollapsibleEntryRegistryImpl/AE2 of AE2 [ae2]/" done in 10.80 μs
[20:47:20] [REI-ReloadPlugins/TRACE] [REI] [REIClientPlugin START] Reloading Section: "reloadable-plugin/CollapsibleEntryRegistryImpl/HideIngredientsFromTagsPlugin of HideIngredientsFromTagsPlugin [roughlyenoughitems]/"
[20:47:20] [REI-ReloadPlugins/TRACE] [REI] [REIClientPlugin START] Reloading Section: "reloadable-plugin/CollapsibleEntryRegistryImpl/HideIngredientsFromTagsPlugin of HideIngredientsFromTagsPlugin [roughlyenoughitems]/" done in 11.90 μs
[20:47:20] [REI-ReloadPlugins/TRACE] [REI] [REIClientPlugin START] Reloading Section: "reloadable-plugin/CollapsibleEntryRegistryImpl/DefaultClientRuntimePlugin of DefaultClientRuntimePlugin [roughlyenoughitems]/"
[20:47:20] [REI-ReloadPlugins/TRACE] [REI] [REIClientPlugin START] Reloading Section: "reloadable-plugin/CollapsibleEntryRegistryImpl/DefaultClientRuntimePlugin of DefaultClientRuntimePlugin [roughlyenoughitems]/" done in 10.90 μs
[20:47:20] [REI-ReloadPlugins/TRACE] [REI] [REIClientPlugin START] Reloading Section: "reloadable-plugin/CollapsibleEntryRegistryImpl/REIForgePluginStub of REIForgePluginStub [kubejs]/"
[20:47:20] [REI-ReloadPlugins/TRACE] [REI] [REIClientPlugin START] Reloading Section: "reloadable-plugin/CollapsibleEntryRegistryImpl/REIForgePluginStub of REIForgePluginStub [kubejs]/" done in 12.30 μs
[20:47:20] [REI-ReloadPlugins/TRACE] [REI] [REIClientPlugin START] Reloading Section: "reloadable-plugin/CollapsibleEntryRegistryImpl/" done in 1.005 ms
[20:47:20] [REI-ReloadPlugins/TRACE] [REI] [REIClientPlugin START] Reloading Section: "reloadable-plugin/BasicFilteringRuleImpl/"
[20:47:20] [REI-ReloadPlugins/TRACE] [REI] [REIClientPlugin START] Reloading Section: "reloadable-plugin/BasicFilteringRuleImpl/DefaultClientPluginImpl of DefaultClientPluginImpl [roughlyenoughitems]/"
[20:47:20] [REI-ReloadPlugins/TRACE] [REI] [REIClientPlugin START] Reloading Section: "reloadable-plugin/BasicFilteringRuleImpl/DefaultClientPluginImpl of DefaultClientPluginImpl [roughlyenoughitems]/" done in 24.90 μs
[20:47:20] [REI-ReloadPlugins/TRACE] [REI] [REIClientPlugin START] Reloading Section: "reloadable-plugin/BasicFilteringRuleImpl/JEI Plugin [CreateAdditionJEI:createaddition:jei_plugin] of REI Plugin Compatibilities Adapter [rei_plugin_compatibilities, jei]/"
[20:47:20] [REI-ReloadPlugins/TRACE] [REI] [REIClientPlugin START] Reloading Section: "reloadable-plugin/BasicFilteringRuleImpl/JEI Plugin [CreateAdditionJEI:createaddition:jei_plugin] of REI Plugin Compatibilities Adapter [rei_plugin_compatibilities, jei]/" done in 12.70 μs
[20:47:20] [REI-ReloadPlugins/TRACE] [REI] [REIClientPlugin START] Reloading Section: "reloadable-plugin/BasicFilteringRuleImpl/JEI Plugin [PolyJEIPlugin:polylib:jei_plugin] of REI Plugin Compatibilities Adapter [rei_plugin_compatibilities, jei]/"
[20:47:20] [REI-ReloadPlugins/TRACE] [REI] [REIClientPlugin START] Reloading Section: "reloadable-plugin/BasicFilteringRuleImpl/JEI Plugin [PolyJEIPlugin:polylib:jei_plugin] of REI Plugin Compatibilities Adapter [rei_plugin_compatibilities, jei]/" done in 11.40 μs
[20:47:20] [REI-ReloadPlugins/TRACE] [REI] [REIClientPlugin START] Reloading Section: "reloadable-plugin/BasicFilteringRuleImpl/JEI Plugin [GTSEJEIPlugin:gregtech_steam_expansion:jei_plugin] of REI Plugin Compatibilities Adapter [rei_plugin_compatibilities, jei]/"
[20:47:20] [REI-ReloadPlugins/TRACE] [REI] [REIClientPlugin START] Reloading Section: "reloadable-plugin/BasicFilteringRuleImpl/JEI Plugin [GTSEJEIPlugin:gregtech_steam_expansion:jei_plugin] of REI Plugin Compatibilities Adapter [rei_plugin_compatibilities, jei]/" done in 11.70 μs
[20:47:20] [REI-ReloadPlugins/TRACE] [REI] [REIClientPlugin START] Reloading Section: "reloadable-plugin/BasicFilteringRuleImpl/JEI Plugin [GTJEIPlugin:gtceu:jei_plugin] of REI Plugin Compatibilities Adapter [rei_plugin_compatibilities, jei]/"
[20:47:20] [REI-ReloadPlugins/TRACE] [REI] [REIClientPlugin START] Reloading Section: "reloadable-plugin/BasicFilteringRuleImpl/JEI Plugin [GTJEIPlugin:gtceu:jei_plugin] of REI Plugin Compatibilities Adapter [rei_plugin_compatibilities, jei]/" done in 11.20 μs
[20:47:20] [REI-ReloadPlugins/TRACE] [REI] [REIClientPlugin START] Reloading Section: "reloadable-plugin/BasicFilteringRuleImpl/JEI Plugin [JEIIntegration:ftblibrary:jei] of REI Plugin Compatibilities Adapter [rei_plugin_compatibilities, jei]/"
[20:47:20] [REI-ReloadPlugins/TRACE] [REI] [REIClientPlugin START] Reloading Section: "reloadable-plugin/BasicFilteringRuleImpl/JEI Plugin [JEIIntegration:ftblibrary:jei] of REI Plugin Compatibilities Adapter [rei_plugin_compatibilities, jei]/" done in 11.20 μs
[20:47:20] [REI-ReloadPlugins/TRACE] [REI] [REIClientPlugin START] Reloading Section: "reloadable-plugin/BasicFilteringRuleImpl/JEI Plugin [JEIPlugin:kubejs:jei] of REI Plugin Compatibilities Adapter [rei_plugin_compatibilities, jei]/"
[20:47:20] [REI-ReloadPlugins/TRACE] [REI] [REIClientPlugin START] Reloading Section: "reloadable-plugin/BasicFilteringRuleImpl/JEI Plugin [JEIPlugin:kubejs:jei] of REI Plugin Compatibilities Adapter [rei_plugin_compatibilities, jei]/" done in 11.30 μs
[20:47:20] [REI-ReloadPlugins/TRACE] [REI] [REIClientPlugin START] Reloading Section: "reloadable-plugin/BasicFilteringRuleImpl/JEI Plugin [JEIIntegration:fluxnetworks:jei] of REI Plugin Compatibilities Adapter [rei_plugin_compatibilities, jei]/"
[20:47:20] [REI-ReloadPlugins/TRACE] [REI] [REIClientPlugin START] Reloading Section: "reloadable-plugin/BasicFilteringRuleImpl/JEI Plugin [JEIIntegration:fluxnetworks:jei] of REI Plugin Compatibilities Adapter [rei_plugin_compatibilities, jei]/" done in 17.00 μs
[20:47:20] [REI-ReloadPlugins/TRACE] [REI] [REIClientPlugin START] Reloading Section: "reloadable-plugin/BasicFilteringRuleImpl/JEI Plugin [CreateJEI:create:jei_plugin] of REI Plugin Compatibilities Adapter [rei_plugin_compatibilities, jei]/"
[20:47:20] [REI-ReloadPlugins/TRACE] [REI] [REIClientPlugin START] Reloading Section: "reloadable-plugin/BasicFilteringRuleImpl/JEI Plugin [CreateJEI:create:jei_plugin] of REI Plugin Compatibilities Adapter [rei_plugin_compatibilities, jei]/" done in 13.50 μs
[20:47:20] [REI-ReloadPlugins/TRACE] [REI] [REIClientPlugin START] Reloading Section: "reloadable-plugin/BasicFilteringRuleImpl/JEI Plugin [JEIPlugin:ae2:core] of REI Plugin Compatibilities Adapter [rei_plugin_compatibilities, jei]/"
[20:47:20] [REI-ReloadPlugins/TRACE] [REI] [REIClientPlugin START] Reloading Section: "reloadable-plugin/BasicFilteringRuleImpl/JEI Plugin [JEIPlugin:ae2:core] of REI Plugin Compatibilities Adapter [rei_plugin_compatibilities, jei]/" done in 12.30 μs
[20:47:20] [REI-ReloadPlugins/TRACE] [REI] [REIClientPlugin START] Reloading Section: "reloadable-plugin/BasicFilteringRuleImpl/JEI Plugin [JEICompat:jade:main] of REI Plugin Compatibilities Adapter [rei_plugin_compatibilities, jei]/"
[20:47:20] [REI-ReloadPlugins/TRACE] [REI] [REIClientPlugin START] Reloading Section: "reloadable-plugin/BasicFilteringRuleImpl/JEI Plugin [JEICompat:jade:main] of REI Plugin Compatibilities Adapter [rei_plugin_compatibilities, jei]/" done in 11.00 μs
[20:47:20] [REI-ReloadPlugins/TRACE] [REI] [REIClientPlugin START] Reloading Section: "reloadable-plugin/BasicFilteringRuleImpl/JEI Plugin [JEIPlugin:ldlib:jei_plugin] of REI Plugin Compatibilities Adapter [rei_plugin_compatibilities, jei]/"
[20:47:20] [REI-ReloadPlugins/TRACE] [REI] [REIClientPlugin START] Reloading Section: "reloadable-plugin/BasicFilteringRuleImpl/JEI Plugin [JEIPlugin:ldlib:jei_plugin] of REI Plugin Compatibilities Adapter [rei_plugin_compatibilities, jei]/" done in 11.30 μs
[20:47:20] [REI-ReloadPlugins/TRACE] [REI] [REIClientPlugin START] Reloading Section: "reloadable-plugin/BasicFilteringRuleImpl/JEI Plugin [BCJeiPlugin:bibliocraft:jei_plugin] of REI Plugin Compatibilities Adapter [rei_plugin_compatibilities, jei]/"
[20:47:20] [REI-ReloadPlugins/TRACE] [REI] [REIClientPlugin START] Reloading Section: "reloadable-plugin/BasicFilteringRuleImpl/JEI Plugin [BCJeiPlugin:bibliocraft:jei_plugin] of REI Plugin Compatibilities Adapter [rei_plugin_compatibilities, jei]/" done in 12.00 μs
[20:47:20] [REI-ReloadPlugins/TRACE] [REI] [REIClientPlugin START] Reloading Section: "reloadable-plugin/BasicFilteringRuleImpl/GTREIPlugin of GTREIPlugin [gtceu]/"
[20:47:20] [REI-ReloadPlugins/TRACE] [REI] [REIClientPlugin START] Reloading Section: "reloadable-plugin/BasicFilteringRuleImpl/GTREIPlugin of GTREIPlugin [gtceu]/" done in 11.90 μs
[20:47:20] [REI-ReloadPlugins/TRACE] [REI] [REIClientPlugin START] Reloading Section: "reloadable-plugin/BasicFilteringRuleImpl/FramedReiPlugin of FramedReiPlugin [framedblocks]/"
[20:47:20] [REI-ReloadPlugins/TRACE] [REI] [REIClientPlugin START] Reloading Section: "reloadable-plugin/BasicFilteringRuleImpl/FramedReiPlugin of FramedReiPlugin [framedblocks]/" done in 11.00 μs
[20:47:20] [REI-ReloadPlugins/TRACE] [REI] [REIClientPlugin START] Reloading Section: "reloadable-plugin/BasicFilteringRuleImpl/REIPluginImpl of REIPluginImpl [ldlib]/"
[20:47:20] [REI-ReloadPlugins/TRACE] [REI] [REIClientPlugin START] Reloading Section: "reloadable-plugin/BasicFilteringRuleImpl/REIPluginImpl of REIPluginImpl [ldlib]/" done in 16.10 μs
[20:47:20] [REI-ReloadPlugins/TRACE] [REI] [REIClientPlugin START] Reloading Section: "reloadable-plugin/BasicFilteringRuleImpl/REI Plugin Compatibilities Client Handler of REI Plugin Compatibilities Client Handler [rei_plugin_compatibilities, jei]/"
[20:47:20] [REI-ReloadPlugins/TRACE] [REI] [REIClientPlugin START] Reloading Section: "reloadable-plugin/BasicFilteringRuleImpl/REI Plugin Compatibilities Client Handler of REI Plugin Compatibilities Client Handler [rei_plugin_compatibilities, jei]/" done in 13.80 μs
[20:47:20] [REI-ReloadPlugins/TRACE] [REI] [REIClientPlugin START] Reloading Section: "reloadable-plugin/BasicFilteringRuleImpl/REIForgePluginStub of REIForgePluginStub [ftblibrary]/"
[20:47:20] [REI-ReloadPlugins/TRACE] [REI] [REIClientPlugin START] Reloading Section: "reloadable-plugin/BasicFilteringRuleImpl/REIForgePluginStub of REIForgePluginStub [ftblibrary]/" done in 13.80 μs
[20:47:20] [REI-ReloadPlugins/TRACE] [REI] [REIClientPlugin START] Reloading Section: "reloadable-plugin/BasicFilteringRuleImpl/AE2 of AE2 [ae2]/"
[20:47:20] [REI-ReloadPlugins/TRACE] [REI] [REIClientPlugin START] Reloading Section: "reloadable-plugin/BasicFilteringRuleImpl/AE2 of AE2 [ae2]/" done in 20.30 μs
[20:47:20] [REI-ReloadPlugins/TRACE] [REI] [REIClientPlugin START] Reloading Section: "reloadable-plugin/BasicFilteringRuleImpl/HideIngredientsFromTagsPlugin of HideIngredientsFromTagsPlugin [roughlyenoughitems]/"
[20:47:20] [REI-ReloadPlugins/TRACE] [REI] [REIClientPlugin START] Reloading Section: "reloadable-plugin/BasicFilteringRuleImpl/HideIngredientsFromTagsPlugin of HideIngredientsFromTagsPlugin [roughlyenoughitems]/" done in 11.50 μs
[20:47:20] [REI-ReloadPlugins/TRACE] [REI] [REIClientPlugin START] Reloading Section: "reloadable-plugin/BasicFilteringRuleImpl/DefaultClientRuntimePlugin of DefaultClientRuntimePlugin [roughlyenoughitems]/"
[20:47:20] [REI-ReloadPlugins/TRACE] [REI] [REIClientPlugin START] Reloading Section: "reloadable-plugin/BasicFilteringRuleImpl/DefaultClientRuntimePlugin of DefaultClientRuntimePlugin [roughlyenoughitems]/" done in 11.00 μs
[20:47:20] [REI-ReloadPlugins/TRACE] [REI] [REIClientPlugin START] Reloading Section: "reloadable-plugin/BasicFilteringRuleImpl/REIForgePluginStub of REIForgePluginStub [kubejs]/"
[20:47:20] [REI-ReloadPlugins/TRACE] [REI] [REIClientPlugin START] Reloading Section: "reloadable-plugin/BasicFilteringRuleImpl/REIForgePluginStub of REIForgePluginStub [kubejs]/" done in 14.50 μs
[20:47:20] [REI-ReloadPlugins/TRACE] [REI] [REIClientPlugin START] Reloading Section: "reloadable-plugin/BasicFilteringRuleImpl/" done in 789.4 μs
[20:47:20] [REI-ReloadPlugins/TRACE] [REI] [REIClientPlugin START] Reloading Section: "reloadable-plugin/CategoryRegistryImpl/"
[20:47:20] [REI-ReloadPlugins/TRACE] [REI] [REIClientPlugin START] Reloading Section: "reloadable-plugin/CategoryRegistryImpl/DefaultClientPluginImpl of DefaultClientPluginImpl [roughlyenoughitems]/"
[20:47:20] [REI-ReloadPlugins/TRACE] [REI] [REIClientPlugin START] Reloading Section: "reloadable-plugin/CategoryRegistryImpl/DefaultClientPluginImpl of DefaultClientPluginImpl [roughlyenoughitems]/" done in 16.10 μs
[20:47:20] [REI-ReloadPlugins/TRACE] [REI] [REIClientPlugin START] Reloading Section: "reloadable-plugin/CategoryRegistryImpl/JEI Plugin [CreateAdditionJEI:createaddition:jei_plugin] of REI Plugin Compatibilities Adapter [rei_plugin_compatibilities, jei]/"
[20:47:20] [REI-ReloadPlugins/TRACE] [REI] [REIClientPlugin START] Reloading Section: "reloadable-plugin/CategoryRegistryImpl/JEI Plugin [CreateAdditionJEI:createaddition:jei_plugin] of REI Plugin Compatibilities Adapter [rei_plugin_compatibilities, jei]/" done in 12.00 μs
[20:47:20] [REI-ReloadPlugins/TRACE] [REI] [REIClientPlugin START] Reloading Section: "reloadable-plugin/CategoryRegistryImpl/JEI Plugin [PolyJEIPlugin:polylib:jei_plugin] of REI Plugin Compatibilities Adapter [rei_plugin_compatibilities, jei]/"
[20:47:20] [REI-ReloadPlugins/TRACE] [REI] [REIClientPlugin START] Reloading Section: "reloadable-plugin/CategoryRegistryImpl/JEI Plugin [PolyJEIPlugin:polylib:jei_plugin] of REI Plugin Compatibilities Adapter [rei_plugin_compatibilities, jei]/" done in 11.40 μs
[20:47:20] [REI-ReloadPlugins/TRACE] [REI] [REIClientPlugin START] Reloading Section: "reloadable-plugin/CategoryRegistryImpl/JEI Plugin [GTSEJEIPlugin:gregtech_steam_expansion:jei_plugin] of REI Plugin Compatibilities Adapter [rei_plugin_compatibilities, jei]/"
[20:47:20] [REI-ReloadPlugins/TRACE] [REI] [REIClientPlugin START] Reloading Section: "reloadable-plugin/CategoryRegistryImpl/JEI Plugin [GTSEJEIPlugin:gregtech_steam_expansion:jei_plugin] of REI Plugin Compatibilities Adapter [rei_plugin_compatibilities, jei]/" done in 12.50 μs
[20:47:20] [REI-ReloadPlugins/TRACE] [REI] [REIClientPlugin START] Reloading Section: "reloadable-plugin/CategoryRegistryImpl/JEI Plugin [GTJEIPlugin:gtceu:jei_plugin] of REI Plugin Compatibilities Adapter [rei_plugin_compatibilities, jei]/"
[20:47:20] [REI-ReloadPlugins/TRACE] [REI] [REIClientPlugin START] Reloading Section: "reloadable-plugin/CategoryRegistryImpl/JEI Plugin [GTJEIPlugin:gtceu:jei_plugin] of REI Plugin Compatibilities Adapter [rei_plugin_compatibilities, jei]/" done in 15.50 μs
[20:47:20] [REI-ReloadPlugins/TRACE] [REI] [REIClientPlugin START] Reloading Section: "reloadable-plugin/CategoryRegistryImpl/JEI Plugin [JEIIntegration:ftblibrary:jei] of REI Plugin Compatibilities Adapter [rei_plugin_compatibilities, jei]/"
[20:47:20] [REI-ReloadPlugins/TRACE] [REI] [REIClientPlugin START] Reloading Section: "reloadable-plugin/CategoryRegistryImpl/JEI Plugin [JEIIntegration:ftblibrary:jei] of REI Plugin Compatibilities Adapter [rei_plugin_compatibilities, jei]/" done in 12.00 μs
[20:47:20] [REI-ReloadPlugins/TRACE] [REI] [REIClientPlugin START] Reloading Section: "reloadable-plugin/CategoryRegistryImpl/JEI Plugin [JEIPlugin:kubejs:jei] of REI Plugin Compatibilities Adapter [rei_plugin_compatibilities, jei]/"
[20:47:20] [REI-ReloadPlugins/TRACE] [REI] [REIClientPlugin START] Reloading Section: "reloadable-plugin/CategoryRegistryImpl/JEI Plugin [JEIPlugin:kubejs:jei] of REI Plugin Compatibilities Adapter [rei_plugin_compatibilities, jei]/" done in 12.10 μs
[20:47:20] [REI-ReloadPlugins/TRACE] [REI] [REIClientPlugin START] Reloading Section: "reloadable-plugin/CategoryRegistryImpl/JEI Plugin [JEIIntegration:fluxnetworks:jei] of REI Plugin Compatibilities Adapter [rei_plugin_compatibilities, jei]/"
[20:47:20] [REI-ReloadPlugins/TRACE] [REI] [REIClientPlugin START] Reloading Section: "reloadable-plugin/CategoryRegistryImpl/JEI Plugin [JEIIntegration:fluxnetworks:jei] of REI Plugin Compatibilities Adapter [rei_plugin_compatibilities, jei]/" done in 15.60 μs
[20:47:20] [REI-ReloadPlugins/TRACE] [REI] [REIClientPlugin START] Reloading Section: "reloadable-plugin/CategoryRegistryImpl/JEI Plugin [CreateJEI:create:jei_plugin] of REI Plugin Compatibilities Adapter [rei_plugin_compatibilities, jei]/"
[20:47:20] [REI-ReloadPlugins/TRACE] [REI] [REIClientPlugin START] Reloading Section: "reloadable-plugin/CategoryRegistryImpl/JEI Plugin [CreateJEI:create:jei_plugin] of REI Plugin Compatibilities Adapter [rei_plugin_compatibilities, jei]/" done in 14.40 μs
[20:47:20] [REI-ReloadPlugins/TRACE] [REI] [REIClientPlugin START] Reloading Section: "reloadable-plugin/CategoryRegistryImpl/JEI Plugin [JEIPlugin:ae2:core] of REI Plugin Compatibilities Adapter [rei_plugin_compatibilities, jei]/"
[20:47:20] [REI-ReloadPlugins/TRACE] [REI] [REIClientPlugin START] Reloading Section: "reloadable-plugin/CategoryRegistryImpl/JEI Plugin [JEIPlugin:ae2:core] of REI Plugin Compatibilities Adapter [rei_plugin_compatibilities, jei]/" done in 11.40 μs
[20:47:20] [REI-ReloadPlugins/TRACE] [REI] [REIClientPlugin START] Reloading Section: "reloadable-plugin/CategoryRegistryImpl/JEI Plugin [JEICompat:jade:main] of REI Plugin Compatibilities Adapter [rei_plugin_compatibilities, jei]/"
[20:47:20] [REI-ReloadPlugins/TRACE] [REI] [REIClientPlugin START] Reloading Section: "reloadable-plugin/CategoryRegistryImpl/JEI Plugin [JEICompat:jade:main] of REI Plugin Compatibilities Adapter [rei_plugin_compatibilities, jei]/" done in 11.20 μs
[20:47:20] [REI-ReloadPlugins/TRACE] [REI] [REIClientPlugin START] Reloading Section: "reloadable-plugin/CategoryRegistryImpl/JEI Plugin [JEIPlugin:ldlib:jei_plugin] of REI Plugin Compatibilities Adapter [rei_plugin_compatibilities, jei]/"
[20:47:20] [REI-ReloadPlugins/TRACE] [REI] [REIClientPlugin START] Reloading Section: "reloadable-plugin/CategoryRegistryImpl/JEI Plugin [JEIPlugin:ldlib:jei_plugin] of REI Plugin Compatibilities Adapter [rei_plugin_compatibilities, jei]/" done in 14.20 μs
[20:47:20] [REI-ReloadPlugins/TRACE] [REI] [REIClientPlugin START] Reloading Section: "reloadable-plugin/CategoryRegistryImpl/JEI Plugin [BCJeiPlugin:bibliocraft:jei_plugin] of REI Plugin Compatibilities Adapter [rei_plugin_compatibilities, jei]/"
[20:47:20] [REI-ReloadPlugins/TRACE] [REI] [REIClientPlugin START] Reloading Section: "reloadable-plugin/CategoryRegistryImpl/JEI Plugin [BCJeiPlugin:bibliocraft:jei_plugin] of REI Plugin Compatibilities Adapter [rei_plugin_compatibilities, jei]/" done in 11.20 μs
[20:47:20] [REI-ReloadPlugins/TRACE] [REI] [REIClientPlugin START] Reloading Section: "reloadable-plugin/CategoryRegistryImpl/GTREIPlugin of GTREIPlugin [gtceu]/"
[20:47:20] [REI-ReloadPlugins/TRACE] [REI] [REIClientPlugin START] Reloading Section: "reloadable-plugin/CategoryRegistryImpl/GTREIPlugin of GTREIPlugin [gtceu]/" done in 11.00 μs
[20:47:20] [REI-ReloadPlugins/TRACE] [REI] [REIClientPlugin START] Reloading Section: "reloadable-plugin/CategoryRegistryImpl/FramedReiPlugin of FramedReiPlugin [framedblocks]/"
[20:47:20] [REI-ReloadPlugins/TRACE] [REI] [REIClientPlugin START] Reloading Section: "reloadable-plugin/CategoryRegistryImpl/FramedReiPlugin of FramedReiPlugin [framedblocks]/" done in 10.70 μs
[20:47:20] [REI-ReloadPlugins/TRACE] [REI] [REIClientPlugin START] Reloading Section: "reloadable-plugin/CategoryRegistryImpl/REIPluginImpl of REIPluginImpl [ldlib]/"
[20:47:20] [REI-ReloadPlugins/TRACE] [REI] [REIClientPlugin START] Reloading Section: "reloadable-plugin/CategoryRegistryImpl/REIPluginImpl of REIPluginImpl [ldlib]/" done in 16.80 μs
[20:47:20] [REI-ReloadPlugins/TRACE] [REI] [REIClientPlugin START] Reloading Section: "reloadable-plugin/CategoryRegistryImpl/REI Plugin Compatibilities Client Handler of REI Plugin Compatibilities Client Handler [rei_plugin_compatibilities, jei]/"
[20:47:20] [REI-ReloadPlugins/TRACE] [REI] [REIClientPlugin START] Reloading Section: "reloadable-plugin/CategoryRegistryImpl/REI Plugin Compatibilities Client Handler of REI Plugin Compatibilities Client Handler [rei_plugin_compatibilities, jei]/" done in 10.90 μs
[20:47:20] [REI-ReloadPlugins/TRACE] [REI] [REIClientPlugin START] Reloading Section: "reloadable-plugin/CategoryRegistryImpl/REIForgePluginStub of REIForgePluginStub [ftblibrary]/"
[20:47:20] [REI-ReloadPlugins/TRACE] [REI] [REIClientPlugin START] Reloading Section: "reloadable-plugin/CategoryRegistryImpl/REIForgePluginStub of REIForgePluginStub [ftblibrary]/" done in 10.90 μs
[20:47:20] [REI-ReloadPlugins/TRACE] [REI] [REIClientPlugin START] Reloading Section: "reloadable-plugin/CategoryRegistryImpl/AE2 of AE2 [ae2]/"
[20:47:20] [REI-ReloadPlugins/TRACE] [REI] [REIClientPlugin START] Reloading Section: "reloadable-plugin/CategoryRegistryImpl/AE2 of AE2 [ae2]/" done in 10.60 μs
[20:47:20] [REI-ReloadPlugins/TRACE] [REI] [REIClientPlugin START] Reloading Section: "reloadable-plugin/CategoryRegistryImpl/HideIngredientsFromTagsPlugin of HideIngredientsFromTagsPlugin [roughlyenoughitems]/"
[20:47:20] [REI-ReloadPlugins/TRACE] [REI] [REIClientPlugin START] Reloading Section: "reloadable-plugin/CategoryRegistryImpl/HideIngredientsFromTagsPlugin of HideIngredientsFromTagsPlugin [roughlyenoughitems]/" done in 10.80 μs
[20:47:20] [REI-ReloadPlugins/TRACE] [REI] [REIClientPlugin START] Reloading Section: "reloadable-plugin/CategoryRegistryImpl/DefaultClientRuntimePlugin of DefaultClientRuntimePlugin [roughlyenoughitems]/"
[20:47:20] [REI-ReloadPlugins/TRACE] [REI] [REIClientPlugin START] Reloading Section: "reloadable-plugin/CategoryRegistryImpl/DefaultClientRuntimePlugin of DefaultClientRuntimePlugin [roughlyenoughitems]/" done in 10.50 μs
[20:47:20] [REI-ReloadPlugins/TRACE] [REI] [REIClientPlugin START] Reloading Section: "reloadable-plugin/CategoryRegistryImpl/REIForgePluginStub of REIForgePluginStub [kubejs]/"
[20:47:20] [REI-ReloadPlugins/TRACE] [REI] [REIClientPlugin START] Reloading Section: "reloadable-plugin/CategoryRegistryImpl/REIForgePluginStub of REIForgePluginStub [kubejs]/" done in 25.20 μs
[20:47:20] [REI-ReloadPlugins/TRACE] [REI] [REIClientPlugin START] Reloading Section: "reloadable-plugin/CategoryRegistryImpl/" done in 942.9 μs
[20:47:20] [REI-ReloadPlugins/TRACE] [REI] [REIClientPlugin START] Reloading Section: "reloadable-plugin/DisplayRegistryImpl/"
[20:47:20] [REI-ReloadPlugins/TRACE] [REI] [REIClientPlugin START] Reloading Section: "reloadable-plugin/DisplayRegistryImpl/DefaultClientPluginImpl of DefaultClientPluginImpl [roughlyenoughitems]/"
[20:47:20] [REI-ReloadPlugins/TRACE] [REI] [REIClientPlugin START] Reloading Section: "reloadable-plugin/DisplayRegistryImpl/DefaultClientPluginImpl of DefaultClientPluginImpl [roughlyenoughitems]/" done in 39.20 μs
[20:47:20] [REI-ReloadPlugins/TRACE] [REI] [REIClientPlugin START] Reloading Section: "reloadable-plugin/DisplayRegistryImpl/JEI Plugin [CreateAdditionJEI:createaddition:jei_plugin] of REI Plugin Compatibilities Adapter [rei_plugin_compatibilities, jei]/"
[20:47:20] [REI-ReloadPlugins/TRACE] [REI] [REIClientPlugin START] Reloading Section: "reloadable-plugin/DisplayRegistryImpl/JEI Plugin [CreateAdditionJEI:createaddition:jei_plugin] of REI Plugin Compatibilities Adapter [rei_plugin_compatibilities, jei]/" done in 17.90 μs
[20:47:20] [REI-ReloadPlugins/TRACE] [REI] [REIClientPlugin START] Reloading Section: "reloadable-plugin/DisplayRegistryImpl/JEI Plugin [PolyJEIPlugin:polylib:jei_plugin] of REI Plugin Compatibilities Adapter [rei_plugin_compatibilities, jei]/"
[20:47:20] [REI-ReloadPlugins/TRACE] [REI] [REIClientPlugin START] Reloading Section: "reloadable-plugin/DisplayRegistryImpl/JEI Plugin [PolyJEIPlugin:polylib:jei_plugin] of REI Plugin Compatibilities Adapter [rei_plugin_compatibilities, jei]/" done in 10.90 μs
[20:47:20] [REI-ReloadPlugins/TRACE] [REI] [REIClientPlugin START] Reloading Section: "reloadable-plugin/DisplayRegistryImpl/JEI Plugin [GTSEJEIPlugin:gregtech_steam_expansion:jei_plugin] of REI Plugin Compatibilities Adapter [rei_plugin_compatibilities, jei]/"
[20:47:20] [REI-ReloadPlugins/TRACE] [REI] [REIClientPlugin START] Reloading Section: "reloadable-plugin/DisplayRegistryImpl/JEI Plugin [GTSEJEIPlugin:gregtech_steam_expansion:jei_plugin] of REI Plugin Compatibilities Adapter [rei_plugin_compatibilities, jei]/" done in 12.00 μs
[20:47:20] [REI-ReloadPlugins/TRACE] [REI] [REIClientPlugin START] Reloading Section: "reloadable-plugin/DisplayRegistryImpl/JEI Plugin [GTJEIPlugin:gtceu:jei_plugin] of REI Plugin Compatibilities Adapter [rei_plugin_compatibilities, jei]/"
[20:47:20] [REI-ReloadPlugins/TRACE] [REI] [REIClientPlugin START] Reloading Section: "reloadable-plugin/DisplayRegistryImpl/JEI Plugin [GTJEIPlugin:gtceu:jei_plugin] of REI Plugin Compatibilities Adapter [rei_plugin_compatibilities, jei]/" done in 10.70 μs
[20:47:20] [REI-ReloadPlugins/TRACE] [REI] [REIClientPlugin START] Reloading Section: "reloadable-plugin/DisplayRegistryImpl/JEI Plugin [JEIIntegration:ftblibrary:jei] of REI Plugin Compatibilities Adapter [rei_plugin_compatibilities, jei]/"
[20:47:20] [REI-ReloadPlugins/TRACE] [REI] [REIClientPlugin START] Reloading Section: "reloadable-plugin/DisplayRegistryImpl/JEI Plugin [JEIIntegration:ftblibrary:jei] of REI Plugin Compatibilities Adapter [rei_plugin_compatibilities, jei]/" done in 10.80 μs
[20:47:20] [REI-ReloadPlugins/TRACE] [REI] [REIClientPlugin START] Reloading Section: "reloadable-plugin/DisplayRegistryImpl/JEI Plugin [JEIPlugin:kubejs:jei] of REI Plugin Compatibilities Adapter [rei_plugin_compatibilities, jei]/"
[20:47:20] [REI-ReloadPlugins/TRACE] [REI] [REIClientPlugin START] Reloading Section: "reloadable-plugin/DisplayRegistryImpl/JEI Plugin [JEIPlugin:kubejs:jei] of REI Plugin Compatibilities Adapter [rei_plugin_compatibilities, jei]/" done in 11.50 μs
[20:47:20] [REI-ReloadPlugins/TRACE] [REI] [REIClientPlugin START] Reloading Section: "reloadable-plugin/DisplayRegistryImpl/JEI Plugin [JEIIntegration:fluxnetworks:jei] of REI Plugin Compatibilities Adapter [rei_plugin_compatibilities, jei]/"
[20:47:20] [REI-ReloadPlugins/TRACE] [REI] [REIClientPlugin START] Reloading Section: "reloadable-plugin/DisplayRegistryImpl/JEI Plugin [JEIIntegration:fluxnetworks:jei] of REI Plugin Compatibilities Adapter [rei_plugin_compatibilities, jei]/" done in 10.90 μs
[20:47:20] [REI-ReloadPlugins/TRACE] [REI] [REIClientPlugin START] Reloading Section: "reloadable-plugin/DisplayRegistryImpl/JEI Plugin [CreateJEI:create:jei_plugin] of REI Plugin Compatibilities Adapter [rei_plugin_compatibilities, jei]/"
[20:47:20] [REI-ReloadPlugins/TRACE] [REI] [REIClientPlugin START] Reloading Section: "reloadable-plugin/DisplayRegistryImpl/JEI Plugin [CreateJEI:create:jei_plugin] of REI Plugin Compatibilities Adapter [rei_plugin_compatibilities, jei]/" done in 11.10 μs
[20:47:20] [REI-ReloadPlugins/TRACE] [REI] [REIClientPlugin START] Reloading Section: "reloadable-plugin/DisplayRegistryImpl/JEI Plugin [JEIPlugin:ae2:core] of REI Plugin Compatibilities Adapter [rei_plugin_compatibilities, jei]/"
[20:47:20] [REI-ReloadPlugins/TRACE] [REI] [REIClientPlugin START] Reloading Section: "reloadable-plugin/DisplayRegistryImpl/JEI Plugin [JEIPlugin:ae2:core] of REI Plugin Compatibilities Adapter [rei_plugin_compatibilities, jei]/" done in 11.00 μs
[20:47:20] [REI-ReloadPlugins/TRACE] [REI] [REIClientPlugin START] Reloading Section: "reloadable-plugin/DisplayRegistryImpl/JEI Plugin [JEICompat:jade:main] of REI Plugin Compatibilities Adapter [rei_plugin_compatibilities, jei]/"
[20:47:20] [REI-ReloadPlugins/TRACE] [REI] [REIClientPlugin START] Reloading Section: "reloadable-plugin/DisplayRegistryImpl/JEI Plugin [JEICompat:jade:main] of REI Plugin Compatibilities Adapter [rei_plugin_compatibilities, jei]/" done in 10.40 μs
[20:47:20] [REI-ReloadPlugins/TRACE] [REI] [REIClientPlugin START] Reloading Section: "reloadable-plugin/DisplayRegistryImpl/JEI Plugin [JEIPlugin:ldlib:jei_plugin] of REI Plugin Compatibilities Adapter [rei_plugin_compatibilities, jei]/"
[20:47:20] [REI-ReloadPlugins/TRACE] [REI] [REIClientPlugin START] Reloading Section: "reloadable-plugin/DisplayRegistryImpl/JEI Plugin [JEIPlugin:ldlib:jei_plugin] of REI Plugin Compatibilities Adapter [rei_plugin_compatibilities, jei]/" done in 10.90 μs
[20:47:20] [REI-ReloadPlugins/TRACE] [REI] [REIClientPlugin START] Reloading Section: "reloadable-plugin/DisplayRegistryImpl/JEI Plugin [BCJeiPlugin:bibliocraft:jei_plugin] of REI Plugin Compatibilities Adapter [rei_plugin_compatibilities, jei]/"
[20:47:20] [REI-ReloadPlugins/TRACE] [REI] [REIClientPlugin START] Reloading Section: "reloadable-plugin/DisplayRegistryImpl/JEI Plugin [BCJeiPlugin:bibliocraft:jei_plugin] of REI Plugin Compatibilities Adapter [rei_plugin_compatibilities, jei]/" done in 10.90 μs
[20:47:20] [REI-ReloadPlugins/TRACE] [REI] [REIClientPlugin START] Reloading Section: "reloadable-plugin/DisplayRegistryImpl/GTREIPlugin of GTREIPlugin [gtceu]/"
[20:47:20] [REI-ReloadPlugins/TRACE] [REI] [REIClientPlugin START] Reloading Section: "reloadable-plugin/DisplayRegistryImpl/GTREIPlugin of GTREIPlugin [gtceu]/" done in 10.50 μs
[20:47:20] [REI-ReloadPlugins/TRACE] [REI] [REIClientPlugin START] Reloading Section: "reloadable-plugin/DisplayRegistryImpl/FramedReiPlugin of FramedReiPlugin [framedblocks]/"
[20:47:20] [REI-ReloadPlugins/TRACE] [REI] [REIClientPlugin START] Reloading Section: "reloadable-plugin/DisplayRegistryImpl/FramedReiPlugin of FramedReiPlugin [framedblocks]/" done in 11.10 μs
[20:47:20] [REI-ReloadPlugins/TRACE] [REI] [REIClientPlugin START] Reloading Section: "reloadable-plugin/DisplayRegistryImpl/REIPluginImpl of REIPluginImpl [ldlib]/"
[20:47:20] [REI-ReloadPlugins/TRACE] [REI] [REIClientPlugin START] Reloading Section: "reloadable-plugin/DisplayRegistryImpl/REIPluginImpl of REIPluginImpl [ldlib]/" done in 15.70 μs
[20:47:20] [REI-ReloadPlugins/TRACE] [REI] [REIClientPlugin START] Reloading Section: "reloadable-plugin/DisplayRegistryImpl/REI Plugin Compatibilities Client Handler of REI Plugin Compatibilities Client Handler [rei_plugin_compatibilities, jei]/"
[20:47:20] [REI-ReloadPlugins/TRACE] [REI] [REIClientPlugin START] Reloading Section: "reloadable-plugin/DisplayRegistryImpl/REI Plugin Compatibilities Client Handler of REI Plugin Compatibilities Client Handler [rei_plugin_compatibilities, jei]/" done in 11.30 μs
[20:47:20] [REI-ReloadPlugins/TRACE] [REI] [REIClientPlugin START] Reloading Section: "reloadable-plugin/DisplayRegistryImpl/REIForgePluginStub of REIForgePluginStub [ftblibrary]/"
[20:47:20] [REI-ReloadPlugins/TRACE] [REI] [REIClientPlugin START] Reloading Section: "reloadable-plugin/DisplayRegistryImpl/REIForgePluginStub of REIForgePluginStub [ftblibrary]/" done in 10.70 μs
[20:47:20] [REI-ReloadPlugins/TRACE] [REI] [REIClientPlugin START] Reloading Section: "reloadable-plugin/DisplayRegistryImpl/AE2 of AE2 [ae2]/"
[20:47:20] [REI-ReloadPlugins/TRACE] [REI] [REIClientPlugin START] Reloading Section: "reloadable-plugin/DisplayRegistryImpl/AE2 of AE2 [ae2]/" done in 15.10 μs
[20:47:20] [REI-ReloadPlugins/TRACE] [REI] [REIClientPlugin START] Reloading Section: "reloadable-plugin/DisplayRegistryImpl/HideIngredientsFromTagsPlugin of HideIngredientsFromTagsPlugin [roughlyenoughitems]/"
[20:47:20] [REI-ReloadPlugins/TRACE] [REI] [REIClientPlugin START] Reloading Section: "reloadable-plugin/DisplayRegistryImpl/HideIngredientsFromTagsPlugin of HideIngredientsFromTagsPlugin [roughlyenoughitems]/" done in 14.20 μs
[20:47:20] [REI-ReloadPlugins/TRACE] [REI] [REIClientPlugin START] Reloading Section: "reloadable-plugin/DisplayRegistryImpl/DefaultClientRuntimePlugin of DefaultClientRuntimePlugin [roughlyenoughitems]/"
[20:47:20] [REI-ReloadPlugins/TRACE] [REI] [REIClientPlugin START] Reloading Section: "reloadable-plugin/DisplayRegistryImpl/DefaultClientRuntimePlugin of DefaultClientRuntimePlugin [roughlyenoughitems]/" done in 10.50 μs
[20:47:20] [REI-ReloadPlugins/TRACE] [REI] [REIClientPlugin START] Reloading Section: "reloadable-plugin/DisplayRegistryImpl/REIForgePluginStub of REIForgePluginStub [kubejs]/"
[20:47:20] [REI-ReloadPlugins/TRACE] [REI] [REIClientPlugin START] Reloading Section: "reloadable-plugin/DisplayRegistryImpl/REIForgePluginStub of REIForgePluginStub [kubejs]/" done in 10.70 μs
[20:47:20] [REI-ReloadPlugins/TRACE] [REI] [REIClientPlugin START] Reloading Section: "reloadable-plugin/DisplayRegistryImpl/" done in 731.1 μs
[20:47:20] [REI-ReloadPlugins/TRACE] [REI] [REIClientPlugin START] Reloading Section: "reloadable-plugin/ScreenRegistryImpl/"
[20:47:20] [REI-ReloadPlugins/TRACE] [REI] [REIClientPlugin START] Reloading Section: "reloadable-plugin/ScreenRegistryImpl/DefaultClientPluginImpl of DefaultClientPluginImpl [roughlyenoughitems]/"
[20:47:20] [REI-ReloadPlugins/DEBUG] [REI] Added click area provider for net.minecraft.client.gui.screens.inventory.CraftingScreen: me.shedaniel.rei.api.client.registry.screen.SimpleClickArea$$Lambda$31004/0x0000026255dc9bb0@1a695d20
[20:47:20] [REI-ReloadPlugins/DEBUG] [REI] Added click area provider for net.minecraft.client.gui.screens.inventory.InventoryScreen: me.shedaniel.rei.api.client.registry.screen.SimpleClickArea$$Lambda$31004/0x0000026255dc9bb0@24cac72b
[20:47:20] [REI-ReloadPlugins/DEBUG] [REI] Added click area provider for net.minecraft.client.gui.screens.inventory.BrewingStandScreen: me.shedaniel.rei.api.client.registry.screen.SimpleClickArea$$Lambda$31004/0x0000026255dc9bb0@7adfaf6f
[20:47:20] [REI-ReloadPlugins/DEBUG] [REI] Added click area provider for net.minecraft.client.gui.screens.inventory.FurnaceScreen: me.shedaniel.rei.api.client.registry.screen.SimpleClickArea$$Lambda$31004/0x0000026255dc9bb0@2a8f6d49
[20:47:20] [REI-ReloadPlugins/DEBUG] [REI] Added click area provider for net.minecraft.client.gui.screens.inventory.SmokerScreen: me.shedaniel.rei.api.client.registry.screen.SimpleClickArea$$Lambda$31004/0x0000026255dc9bb0@6342a203
[20:47:20] [REI-ReloadPlugins/DEBUG] [REI] Added click area provider for net.minecraft.client.gui.screens.inventory.BlastFurnaceScreen: me.shedaniel.rei.api.client.registry.screen.SimpleClickArea$$Lambda$31004/0x0000026255dc9bb0@11c3d2df
[20:47:20] [REI-ReloadPlugins/DEBUG] [REI] Added exclusion zones provider: me.shedaniel.rei.plugin.client.exclusionzones.DefaultPotionEffectExclusionZones@1534aaab for net.minecraft.client.gui.screens.inventory.EffectRenderingInventoryScreen
[20:47:20] [REI-ReloadPlugins/DEBUG] [REI] Added exclusion zones provider: me.shedaniel.rei.plugin.client.exclusionzones.DefaultRecipeBookExclusionZones@3de594ae for net.minecraft.client.gui.screens.recipebook.RecipeUpdateListener
[20:47:20] [REI-ReloadPlugins/TRACE] [REI] [REIClientPlugin START] Reloading Section: "reloadable-plugin/ScreenRegistryImpl/DefaultClientPluginImpl of DefaultClientPluginImpl [roughlyenoughitems]/" done in 9.936 ms
[20:47:20] [REI-ReloadPlugins/TRACE] [REI] [REIClientPlugin START] Reloading Section: "reloadable-plugin/ScreenRegistryImpl/JEI Plugin [CreateAdditionJEI:createaddition:jei_plugin] of REI Plugin Compatibilities Adapter [rei_plugin_compatibilities, jei]/"
[20:47:20] [REI-ReloadPlugins/TRACE] [REI] [REIClientPlugin START] Reloading Section: "reloadable-plugin/ScreenRegistryImpl/JEI Plugin [CreateAdditionJEI:createaddition:jei_plugin] of REI Plugin Compatibilities Adapter [rei_plugin_compatibilities, jei]/" done in 4.568 ms
[20:47:20] [REI-ReloadPlugins/TRACE] [REI] [REIClientPlugin START] Reloading Section: "reloadable-plugin/ScreenRegistryImpl/JEI Plugin [PolyJEIPlugin:polylib:jei_plugin] of REI Plugin Compatibilities Adapter [rei_plugin_compatibilities, jei]/"
[20:47:20] [REI-ReloadPlugins/DEBUG] [REI] Added exclusion zones provider: me.shedaniel.rei.jeicompat.wrap.JEIGuiHandlerRegistration$$Lambda$31010/0x0000026255dccc38@7cf528c7 for net.creeperhost.polylib.client.modulargui.ModularGuiContainer
[20:47:20] [REI-ReloadPlugins/DEBUG] [REI] Added focused stack provider: me.shedaniel.rei.jeicompat.wrap.JEIGuiHandlerRegistration$$Lambda$31011/0x0000026255dcce58@361cf253 [0.00 priority]
[20:47:20] [REI-ReloadPlugins/DEBUG] [REI] Added click area provider for net.creeperhost.polylib.client.modulargui.ModularGuiContainer: me.shedaniel.rei.jeicompat.wrap.JEIGuiHandlerRegistration$$Lambda$31012/0x0000026255dcd0c0@50a73ead
[20:47:20] [REI-ReloadPlugins/DEBUG] [REI] Added exclusion zones provider: me.shedaniel.rei.jeicompat.wrap.JEIGuiHandlerRegistration$$Lambda$31010/0x0000026255dccc38@7ba002fd for net.minecraft.client.gui.screens.inventory.AbstractContainerScreen
[20:47:20] [REI-ReloadPlugins/DEBUG] [REI] Added focused stack provider: me.shedaniel.rei.jeicompat.wrap.JEIGuiHandlerRegistration$$Lambda$31011/0x0000026255dcce58@11559b37 [0.00 priority]
[20:47:20] [REI-ReloadPlugins/DEBUG] [REI] Added click area provider for net.minecraft.client.gui.screens.inventory.AbstractContainerScreen: me.shedaniel.rei.jeicompat.wrap.JEIGuiHandlerRegistration$$Lambda$31012/0x0000026255dcd0c0@43f325cf
[20:47:20] [REI-ReloadPlugins/DEBUG] [REI] Added draggable component visitor: me.shedaniel.rei.jeicompat.wrap.JEIGuiHandlerRegistration$2@43caad62 [0.00 priority]
[20:47:20] [REI-ReloadPlugins/TRACE] [REI] [REIClientPlugin START] Reloading Section: "reloadable-plugin/ScreenRegistryImpl/JEI Plugin [PolyJEIPlugin:polylib:jei_plugin] of REI Plugin Compatibilities Adapter [rei_plugin_compatibilities, jei]/" done in 16.22 ms
[20:47:20] [REI-ReloadPlugins/TRACE] [REI] [REIClientPlugin START] Reloading Section: "reloadable-plugin/ScreenRegistryImpl/JEI Plugin [GTSEJEIPlugin:gregtech_steam_expansion:jei_plugin] of REI Plugin Compatibilities Adapter [rei_plugin_compatibilities, jei]/"
[20:47:20] [REI-ReloadPlugins/TRACE] [REI] [REIClientPlugin START] Reloading Section: "reloadable-plugin/ScreenRegistryImpl/JEI Plugin [GTSEJEIPlugin:gregtech_steam_expansion:jei_plugin] of REI Plugin Compatibilities Adapter [rei_plugin_compatibilities, jei]/" done in 33.20 μs
[20:47:20] [REI-ReloadPlugins/TRACE] [REI] [REIClientPlugin START] Reloading Section: "reloadable-plugin/ScreenRegistryImpl/JEI Plugin [GTJEIPlugin:gtceu:jei_plugin] of REI Plugin Compatibilities Adapter [rei_plugin_compatibilities, jei]/"
[20:47:20] [REI-ReloadPlugins/TRACE] [REI] [REIClientPlugin START] Reloading Section: "reloadable-plugin/ScreenRegistryImpl/JEI Plugin [GTJEIPlugin:gtceu:jei_plugin] of REI Plugin Compatibilities Adapter [rei_plugin_compatibilities, jei]/" done in 27.20 μs
[20:47:20] [REI-ReloadPlugins/TRACE] [REI] [REIClientPlugin START] Reloading Section: "reloadable-plugin/ScreenRegistryImpl/JEI Plugin [JEIIntegration:ftblibrary:jei] of REI Plugin Compatibilities Adapter [rei_plugin_compatibilities, jei]/"
[20:47:20] [REI-ReloadPlugins/TRACE] [REI] [REIClientPlugin START] Reloading Section: "reloadable-plugin/ScreenRegistryImpl/JEI Plugin [JEIIntegration:ftblibrary:jei] of REI Plugin Compatibilities Adapter [rei_plugin_compatibilities, jei]/" done in 22.10 μs
[20:47:20] [REI-ReloadPlugins/TRACE] [REI] [REIClientPlugin START] Reloading Section: "reloadable-plugin/ScreenRegistryImpl/JEI Plugin [JEIPlugin:kubejs:jei] of REI Plugin Compatibilities Adapter [rei_plugin_compatibilities, jei]/"
[20:47:20] [REI-ReloadPlugins/TRACE] [REI] [REIClientPlugin START] Reloading Section: "reloadable-plugin/ScreenRegistryImpl/JEI Plugin [JEIPlugin:kubejs:jei] of REI Plugin Compatibilities Adapter [rei_plugin_compatibilities, jei]/" done in 17.70 μs
[20:47:20] [REI-ReloadPlugins/TRACE] [REI] [REIClientPlugin START] Reloading Section: "reloadable-plugin/ScreenRegistryImpl/JEI Plugin [JEIIntegration:fluxnetworks:jei] of REI Plugin Compatibilities Adapter [rei_plugin_compatibilities, jei]/"
[20:47:20] [REI-ReloadPlugins/TRACE] [REI] [REIClientPlugin START] Reloading Section: "reloadable-plugin/ScreenRegistryImpl/JEI Plugin [JEIIntegration:fluxnetworks:jei] of REI Plugin Compatibilities Adapter [rei_plugin_compatibilities, jei]/" done in 17.30 μs
[20:47:20] [REI-ReloadPlugins/TRACE] [REI] [REIClientPlugin START] Reloading Section: "reloadable-plugin/ScreenRegistryImpl/JEI Plugin [CreateJEI:create:jei_plugin] of REI Plugin Compatibilities Adapter [rei_plugin_compatibilities, jei]/"
[20:47:20] [REI-ReloadPlugins/DEBUG] [REI] Added exclusion zones provider: me.shedaniel.rei.jeicompat.wrap.JEIGuiHandlerRegistration$$Lambda$31010/0x0000026255dccc38@62deae5c for com.simibubi.create.foundation.gui.menu.AbstractSimiContainerScreen
[20:47:20] [REI-ReloadPlugins/DEBUG] [REI] Added focused stack provider: me.shedaniel.rei.jeicompat.wrap.JEIGuiHandlerRegistration$$Lambda$31011/0x0000026255dcce58@2ea3518d [0.00 priority]
[20:47:20] [REI-ReloadPlugins/DEBUG] [REI] Added click area provider for com.simibubi.create.foundation.gui.menu.AbstractSimiContainerScreen: me.shedaniel.rei.jeicompat.wrap.JEIGuiHandlerRegistration$$Lambda$31012/0x0000026255dcd0c0@44a73e83
[20:47:20] [REI-ReloadPlugins/DEBUG] [REI] Added draggable component visitor: me.shedaniel.rei.jeicompat.wrap.JEIGuiHandlerRegistration$2@5edf3a1c [0.00 priority]
[20:47:20] [REI-ReloadPlugins/DEBUG] [REI] Added draggable component visitor: me.shedaniel.rei.jeicompat.wrap.JEIGuiHandlerRegistration$2@53ef814c [0.00 priority]
[20:47:20] [REI-ReloadPlugins/DEBUG] [REI] Added draggable component visitor: me.shedaniel.rei.jeicompat.wrap.JEIGuiHandlerRegistration$2@16bc2210 [0.00 priority]
[20:47:20] [REI-ReloadPlugins/DEBUG] [REI] Added draggable component visitor: me.shedaniel.rei.jeicompat.wrap.JEIGuiHandlerRegistration$2@3fba6c63 [0.00 priority]
[20:47:20] [REI-ReloadPlugins/DEBUG] [REI] Added draggable component visitor: me.shedaniel.rei.jeicompat.wrap.JEIGuiHandlerRegistration$2@1892be52 [0.00 priority]
[20:47:20] [REI-ReloadPlugins/DEBUG] [REI] Added draggable component visitor: me.shedaniel.rei.jeicompat.wrap.JEIGuiHandlerRegistration$2@3758b9ed [0.00 priority]
[20:47:20] [REI-ReloadPlugins/DEBUG] [REI] Added exclusion zones provider: me.shedaniel.rei.jeicompat.wrap.JEIGuiHandlerRegistration$$Lambda$31010/0x0000026255dccc38@eed888c for com.simibubi.create.content.logistics.stockTicker.StockKeeperRequestScreen
[20:47:20] [REI-ReloadPlugins/DEBUG] [REI] Added focused stack provider: me.shedaniel.rei.jeicompat.wrap.JEIGuiHandlerRegistration$$Lambda$31011/0x0000026255dcce58@126296ee [0.00 priority]
[20:47:20] [REI-ReloadPlugins/DEBUG] [REI] Added click area provider for com.simibubi.create.content.logistics.stockTicker.StockKeeperRequestScreen: me.shedaniel.rei.jeicompat.wrap.JEIGuiHandlerRegistration$$Lambda$31012/0x0000026255dcd0c0@69b8b27c
[20:47:20] [REI-ReloadPlugins/TRACE] [REI] [REIClientPlugin START] Reloading Section: "reloadable-plugin/ScreenRegistryImpl/JEI Plugin [CreateJEI:create:jei_plugin] of REI Plugin Compatibilities Adapter [rei_plugin_compatibilities, jei]/" done in 7.898 ms
[20:47:20] [REI-ReloadPlugins/TRACE] [REI] [REIClientPlugin START] Reloading Section: "reloadable-plugin/ScreenRegistryImpl/JEI Plugin [JEIPlugin:ae2:core] of REI Plugin Compatibilities Adapter [rei_plugin_compatibilities, jei]/"
[20:47:20] [REI-ReloadPlugins/DEBUG] [REI] Added exclusion zones provider: me.shedaniel.rei.jeicompat.wrap.JEIGuiHandlerRegistration$$Lambda$31010/0x0000026255dccc38@309aba5d for appeng.client.gui.AEBaseScreen
[20:47:20] [REI-ReloadPlugins/DEBUG] [REI] Added focused stack provider: me.shedaniel.rei.jeicompat.wrap.JEIGuiHandlerRegistration$$Lambda$31011/0x0000026255dcce58@3a62b86d [0.00 priority]
[20:47:20] [REI-ReloadPlugins/DEBUG] [REI] Added click area provider for appeng.client.gui.AEBaseScreen: me.shedaniel.rei.jeicompat.wrap.JEIGuiHandlerRegistration$$Lambda$31012/0x0000026255dcd0c0@2f66ae7c
[20:47:20] [REI-ReloadPlugins/DEBUG] [REI] Added draggable component visitor: me.shedaniel.rei.jeicompat.wrap.JEIGuiHandlerRegistration$2@7d393626 [0.00 priority]
[20:47:20] [REI-ReloadPlugins/TRACE] [REI] [REIClientPlugin START] Reloading Section: "reloadable-plugin/ScreenRegistryImpl/JEI Plugin [JEIPlugin:ae2:core] of REI Plugin Compatibilities Adapter [rei_plugin_compatibilities, jei]/" done in 4.959 ms
[20:47:20] [REI-ReloadPlugins/TRACE] [REI] [REIClientPlugin START] Reloading Section: "reloadable-plugin/ScreenRegistryImpl/JEI Plugin [JEICompat:jade:main] of REI Plugin Compatibilities Adapter [rei_plugin_compatibilities, jei]/"
[20:47:20] [REI-ReloadPlugins/TRACE] [REI] [REIClientPlugin START] Reloading Section: "reloadable-plugin/ScreenRegistryImpl/JEI Plugin [JEICompat:jade:main] of REI Plugin Compatibilities Adapter [rei_plugin_compatibilities, jei]/" done in 56.80 μs
[20:47:20] [REI-ReloadPlugins/TRACE] [REI] [REIClientPlugin START] Reloading Section: "reloadable-plugin/ScreenRegistryImpl/JEI Plugin [JEIPlugin:ldlib:jei_plugin] of REI Plugin Compatibilities Adapter [rei_plugin_compatibilities, jei]/"
[20:47:20] [REI-ReloadPlugins/TRACE] [REI] [REIClientPlugin START] Reloading Section: "reloadable-plugin/ScreenRegistryImpl/JEI Plugin [JEIPlugin:ldlib:jei_plugin] of REI Plugin Compatibilities Adapter [rei_plugin_compatibilities, jei]/" done in 95.10 μs
[20:47:20] [REI-ReloadPlugins/TRACE] [REI] [REIClientPlugin START] Reloading Section: "reloadable-plugin/ScreenRegistryImpl/JEI Plugin [BCJeiPlugin:bibliocraft:jei_plugin] of REI Plugin Compatibilities Adapter [rei_plugin_compatibilities, jei]/"
[20:47:20] [REI-ReloadPlugins/DEBUG] [REI] Added exclusion zones provider: me.shedaniel.rei.jeicompat.wrap.JEIGuiHandlerRegistration$$Lambda$31010/0x0000026255dccc38@2d5fefd for com.github.minecraftschurlimods.bibliocraft.client.screen.FancyCrafterScreen
[20:47:20] [REI-ReloadPlugins/DEBUG] [REI] Added focused stack provider: me.shedaniel.rei.jeicompat.wrap.JEIGuiHandlerRegistration$$Lambda$31011/0x0000026255dcce58@2782188a [0.00 priority]
[20:47:20] [REI-ReloadPlugins/DEBUG] [REI] Added click area provider for com.github.minecraftschurlimods.bibliocraft.client.screen.FancyCrafterScreen: me.shedaniel.rei.jeicompat.wrap.JEIGuiHandlerRegistration$$Lambda$31012/0x0000026255dcd0c0@354c09a4
[20:47:20] [REI-ReloadPlugins/DEBUG] [REI] Added exclusion zones provider: me.shedaniel.rei.jeicompat.wrap.JEIGuiHandlerRegistration$$Lambda$31010/0x0000026255dccc38@26d1072b for com.github.minecraftschurlimods.bibliocraft.client.screen.PrintingTableScreen
[20:47:20] [REI-ReloadPlugins/DEBUG] [REI] Added focused stack provider: me.shedaniel.rei.jeicompat.wrap.JEIGuiHandlerRegistration$$Lambda$31011/0x0000026255dcce58@764eea62 [0.00 priority]
[20:47:20] [REI-ReloadPlugins/DEBUG] [REI] Added click area provider for com.github.minecraftschurlimods.bibliocraft.client.screen.PrintingTableScreen: me.shedaniel.rei.jeicompat.wrap.JEIGuiHandlerRegistration$$Lambda$31012/0x0000026255dcd0c0@10d77864
[20:47:20] [REI-ReloadPlugins/TRACE] [REI] [REIClientPlugin START] Reloading Section: "reloadable-plugin/ScreenRegistryImpl/JEI Plugin [BCJeiPlugin:bibliocraft:jei_plugin] of REI Plugin Compatibilities Adapter [rei_plugin_compatibilities, jei]/" done in 13.16 ms
[20:47:20] [REI-ReloadPlugins/TRACE] [REI] [REIClientPlugin START] Reloading Section: "reloadable-plugin/ScreenRegistryImpl/GTREIPlugin of GTREIPlugin [gtceu]/"
[20:47:20] [REI-ReloadPlugins/TRACE] [REI] [REIClientPlugin START] Reloading Section: "reloadable-plugin/ScreenRegistryImpl/GTREIPlugin of GTREIPlugin [gtceu]/" done in 38.40 μs
[20:47:20] [REI-ReloadPlugins/TRACE] [REI] [REIClientPlugin START] Reloading Section: "reloadable-plugin/ScreenRegistryImpl/FramedReiPlugin of FramedReiPlugin [framedblocks]/"
[20:47:20] [REI-ReloadPlugins/DEBUG] [REI] Added draggable component visitor: xfacthd.framedblocks.common.compat.rei.PoweredFramingSawDraggableStackVisitor@1b712c2a [0.00 priority]
[20:47:20] [REI-ReloadPlugins/DEBUG] [REI] Added click area provider for xfacthd.framedblocks.client.screen.PoweredFramingSawScreen: me.shedaniel.rei.api.client.registry.screen.SimpleClickArea$$Lambda$31004/0x0000026255dc9bb0@21893c15
[20:47:20] [REI-ReloadPlugins/TRACE] [REI] [REIClientPlugin START] Reloading Section: "reloadable-plugin/ScreenRegistryImpl/FramedReiPlugin of FramedReiPlugin [framedblocks]/" done in 7.230 ms
[20:47:20] [REI-ReloadPlugins/TRACE] [REI] [REIClientPlugin START] Reloading Section: "reloadable-plugin/ScreenRegistryImpl/REIPluginImpl of REIPluginImpl [ldlib]/"
[20:47:20] [REI-ReloadPlugins/DEBUG] [REI] Added focused stack provider: com.lowdragmc.lowdraglib.rei.ModularUIReiHandlers$$Lambda$31016/0x0000026255dd5880@722e4597 [0.00 priority]
[20:47:20] [REI-ReloadPlugins/DEBUG] [REI] Added draggable component visitor: com.lowdragmc.lowdraglib.rei.ModularUIReiHandlers$1@ed759b1 [0.00 priority]
[20:47:20] [REI-ReloadPlugins/DEBUG] [REI] Added exclusion zones provider: com.lowdragmc.lowdraglib.rei.ModularUIReiHandlers$$Lambda$31015/0x0000026255dd5668@6d9eafd4 for com.lowdragmc.lowdraglib.gui.modular.ModularUIGuiContainer
[20:47:20] [REI-ReloadPlugins/TRACE] [REI] [REIClientPlugin START] Reloading Section: "reloadable-plugin/ScreenRegistryImpl/REIPluginImpl of REIPluginImpl [ldlib]/" done in 6.422 ms
[20:47:20] [REI-ReloadPlugins/TRACE] [REI] [REIClientPlugin START] Reloading Section: "reloadable-plugin/ScreenRegistryImpl/REI Plugin Compatibilities Client Handler of REI Plugin Compatibilities Client Handler [rei_plugin_compatibilities, jei]/"
[20:47:20] [REI-ReloadPlugins/TRACE] [REI] [REIClientPlugin START] Reloading Section: "reloadable-plugin/ScreenRegistryImpl/REI Plugin Compatibilities Client Handler of REI Plugin Compatibilities Client Handler [rei_plugin_compatibilities, jei]/" done in 20.50 μs
[20:47:20] [REI-ReloadPlugins/TRACE] [REI] [REIClientPlugin START] Reloading Section: "reloadable-plugin/ScreenRegistryImpl/REIForgePluginStub of REIForgePluginStub [ftblibrary]/"
[20:47:20] [REI-ReloadPlugins/TRACE] [REI] [REIClientPlugin START] Reloading Section: "reloadable-plugin/ScreenRegistryImpl/REIForgePluginStub of REIForgePluginStub [ftblibrary]/" done in 12.30 μs
[20:47:20] [REI-ReloadPlugins/TRACE] [REI] [REIClientPlugin START] Reloading Section: "reloadable-plugin/ScreenRegistryImpl/AE2 of AE2 [ae2]/"
[20:47:20] [REI-ReloadPlugins/TRACE] [REI] [REIClientPlugin START] Reloading Section: "reloadable-plugin/ScreenRegistryImpl/AE2 of AE2 [ae2]/" done in 13.70 μs
[20:47:20] [REI-ReloadPlugins/TRACE] [REI] [REIClientPlugin START] Reloading Section: "reloadable-plugin/ScreenRegistryImpl/HideIngredientsFromTagsPlugin of HideIngredientsFromTagsPlugin [roughlyenoughitems]/"
[20:47:20] [REI-ReloadPlugins/TRACE] [REI] [REIClientPlugin START] Reloading Section: "reloadable-plugin/ScreenRegistryImpl/HideIngredientsFromTagsPlugin of HideIngredientsFromTagsPlugin [roughlyenoughitems]/" done in 17.70 μs
[20:47:20] [REI-ReloadPlugins/TRACE] [REI] [REIClientPlugin START] Reloading Section: "reloadable-plugin/ScreenRegistryImpl/DefaultClientRuntimePlugin of DefaultClientRuntimePlugin [roughlyenoughitems]/"
[20:47:20] [REI-ReloadPlugins/DEBUG] [REI] Added exclusion zones provider: me.shedaniel.rei.plugin.client.runtime.DefaultClientRuntimePlugin$$Lambda$31017/0x0000026255dd5de0@e1c0ea4 for me.shedaniel.rei.impl.client.gui.screen.DefaultDisplayViewingScreen
[20:47:20] [REI-ReloadPlugins/DEBUG] [REI] Added exclusion zones provider: me.shedaniel.rei.plugin.client.runtime.DefaultClientRuntimePlugin$$Lambda$31018/0x0000026255dd5ff8@7d8e4206 for net.minecraft.client.gui.screens.Screen
[20:47:20] [REI-ReloadPlugins/DEBUG] [REI] Added draggable component provider: me.shedaniel.rei.api.client.gui.drag.component.DraggableComponentProviderWidget$1@2c233b35 [0.00 priority]
[20:47:20] [REI-ReloadPlugins/DEBUG] [REI] Added draggable component visitor: me.shedaniel.rei.api.client.gui.drag.component.DraggableComponentVisitorWidget$2@5dc02d20 [0.00 priority]
[20:47:20] [REI-ReloadPlugins/TRACE] [REI] [REIClientPlugin START] Reloading Section: "reloadable-plugin/ScreenRegistryImpl/DefaultClientRuntimePlugin of DefaultClientRuntimePlugin [roughlyenoughitems]/" done in 3.571 ms
[20:47:20] [REI-ReloadPlugins/TRACE] [REI] [REIClientPlugin START] Reloading Section: "reloadable-plugin/ScreenRegistryImpl/REIForgePluginStub of REIForgePluginStub [kubejs]/"
[20:47:20] [REI-ReloadPlugins/TRACE] [REI] [REIClientPlugin START] Reloading Section: "reloadable-plugin/ScreenRegistryImpl/REIForgePluginStub of REIForgePluginStub [kubejs]/" done in 22.10 μs
[20:47:20] [REI-ReloadPlugins/TRACE] [REI] [REIClientPlugin START] Reloading Section: "reloadable-plugin/ScreenRegistryImpl/" done in 75.67 ms
[20:47:20] [REI-ReloadPlugins/TRACE] [REI] [REIClientPlugin START] Reloading Section: "reloadable-plugin/FavoriteEntryTypeRegistryImpl/"
[20:47:20] [REI-ReloadPlugins/TRACE] [REI] [REIClientPlugin START] Reloading Section: "reloadable-plugin/FavoriteEntryTypeRegistryImpl/DefaultClientPluginImpl of DefaultClientPluginImpl [roughlyenoughitems]/"
[20:47:20] [REI-ReloadPlugins/DEBUG] [REI] Added favorite entry type [roughlyenoughitems:gamemode]: INSTANCE
[20:47:20] [REI-ReloadPlugins/DEBUG] [REI] Added favorite entry type [roughlyenoughitems:weather]: INSTANCE
[20:47:20] [REI-ReloadPlugins/DEBUG] [REI] Added favorite entry type [roughlyenoughitems:time]: INSTANCE
[20:47:20] [REI-ReloadPlugins/TRACE] [REI] [REIClientPlugin START] Reloading Section: "reloadable-plugin/FavoriteEntryTypeRegistryImpl/DefaultClientPluginImpl of DefaultClientPluginImpl [roughlyenoughitems]/" done in 32.63 ms
[20:47:20] [REI-ReloadPlugins/TRACE] [REI] [REIClientPlugin START] Reloading Section: "reloadable-plugin/FavoriteEntryTypeRegistryImpl/JEI Plugin [CreateAdditionJEI:createaddition:jei_plugin] of REI Plugin Compatibilities Adapter [rei_plugin_compatibilities, jei]/"
[20:47:20] [REI-ReloadPlugins/TRACE] [REI] [REIClientPlugin START] Reloading Section: "reloadable-plugin/FavoriteEntryTypeRegistryImpl/JEI Plugin [CreateAdditionJEI:createaddition:jei_plugin] of REI Plugin Compatibilities Adapter [rei_plugin_compatibilities, jei]/" done in 35.80 μs
[20:47:20] [REI-ReloadPlugins/TRACE] [REI] [REIClientPlugin START] Reloading Section: "reloadable-plugin/FavoriteEntryTypeRegistryImpl/JEI Plugin [PolyJEIPlugin:polylib:jei_plugin] of REI Plugin Compatibilities Adapter [rei_plugin_compatibilities, jei]/"
[20:47:20] [REI-ReloadPlugins/TRACE] [REI] [REIClientPlugin START] Reloading Section: "reloadable-plugin/FavoriteEntryTypeRegistryImpl/JEI Plugin [PolyJEIPlugin:polylib:jei_plugin] of REI Plugin Compatibilities Adapter [rei_plugin_compatibilities, jei]/" done in 14.30 μs
[20:47:20] [REI-ReloadPlugins/TRACE] [REI] [REIClientPlugin START] Reloading Section: "reloadable-plugin/FavoriteEntryTypeRegistryImpl/JEI Plugin [GTSEJEIPlugin:gregtech_steam_expansion:jei_plugin] of REI Plugin Compatibilities Adapter [rei_plugin_compatibilities, jei]/"
[20:47:20] [REI-ReloadPlugins/TRACE] [REI] [REIClientPlugin START] Reloading Section: "reloadable-plugin/FavoriteEntryTypeRegistryImpl/JEI Plugin [GTSEJEIPlugin:gregtech_steam_expansion:jei_plugin] of REI Plugin Compatibilities Adapter [rei_plugin_compatibilities, jei]/" done in 17.70 μs
[20:47:20] [REI-ReloadPlugins/TRACE] [REI] [REIClientPlugin START] Reloading Section: "reloadable-plugin/FavoriteEntryTypeRegistryImpl/JEI Plugin [GTJEIPlugin:gtceu:jei_plugin] of REI Plugin Compatibilities Adapter [rei_plugin_compatibilities, jei]/"
[20:47:20] [REI-ReloadPlugins/TRACE] [REI] [REIClientPlugin START] Reloading Section: "reloadable-plugin/FavoriteEntryTypeRegistryImpl/JEI Plugin [GTJEIPlugin:gtceu:jei_plugin] of REI Plugin Compatibilities Adapter [rei_plugin_compatibilities, jei]/" done in 12.50 μs
[20:47:20] [REI-ReloadPlugins/TRACE] [REI] [REIClientPlugin START] Reloading Section: "reloadable-plugin/FavoriteEntryTypeRegistryImpl/JEI Plugin [JEIIntegration:ftblibrary:jei] of REI Plugin Compatibilities Adapter [rei_plugin_compatibilities, jei]/"
[20:47:20] [REI-ReloadPlugins/TRACE] [REI] [REIClientPlugin START] Reloading Section: "reloadable-plugin/FavoriteEntryTypeRegistryImpl/JEI Plugin [JEIIntegration:ftblibrary:jei] of REI Plugin Compatibilities Adapter [rei_plugin_compatibilities, jei]/" done in 12.40 μs
[20:47:20] [REI-ReloadPlugins/TRACE] [REI] [REIClientPlugin START] Reloading Section: "reloadable-plugin/FavoriteEntryTypeRegistryImpl/JEI Plugin [JEIPlugin:kubejs:jei] of REI Plugin Compatibilities Adapter [rei_plugin_compatibilities, jei]/"
[20:47:20] [REI-ReloadPlugins/TRACE] [REI] [REIClientPlugin START] Reloading Section: "reloadable-plugin/FavoriteEntryTypeRegistryImpl/JEI Plugin [JEIPlugin:kubejs:jei] of REI Plugin Compatibilities Adapter [rei_plugin_compatibilities, jei]/" done in 12.30 μs
[20:47:20] [REI-ReloadPlugins/TRACE] [REI] [REIClientPlugin START] Reloading Section: "reloadable-plugin/FavoriteEntryTypeRegistryImpl/JEI Plugin [JEIIntegration:fluxnetworks:jei] of REI Plugin Compatibilities Adapter [rei_plugin_compatibilities, jei]/"
[20:47:20] [REI-ReloadPlugins/TRACE] [REI] [REIClientPlugin START] Reloading Section: "reloadable-plugin/FavoriteEntryTypeRegistryImpl/JEI Plugin [JEIIntegration:fluxnetworks:jei] of REI Plugin Compatibilities Adapter [rei_plugin_compatibilities, jei]/" done in 12.80 μs
[20:47:20] [REI-ReloadPlugins/TRACE] [REI] [REIClientPlugin START] Reloading Section: "reloadable-plugin/FavoriteEntryTypeRegistryImpl/JEI Plugin [CreateJEI:create:jei_plugin] of REI Plugin Compatibilities Adapter [rei_plugin_compatibilities, jei]/"
[20:47:20] [REI-ReloadPlugins/TRACE] [REI] [REIClientPlugin START] Reloading Section: "reloadable-plugin/FavoriteEntryTypeRegistryImpl/JEI Plugin [CreateJEI:create:jei_plugin] of REI Plugin Compatibilities Adapter [rei_plugin_compatibilities, jei]/" done in 13.40 μs
[20:47:20] [REI-ReloadPlugins/TRACE] [REI] [REIClientPlugin START] Reloading Section: "reloadable-plugin/FavoriteEntryTypeRegistryImpl/JEI Plugin [JEIPlugin:ae2:core] of REI Plugin Compatibilities Adapter [rei_plugin_compatibilities, jei]/"
[20:47:20] [REI-ReloadPlugins/TRACE] [REI] [REIClientPlugin START] Reloading Section: "reloadable-plugin/FavoriteEntryTypeRegistryImpl/JEI Plugin [JEIPlugin:ae2:core] of REI Plugin Compatibilities Adapter [rei_plugin_compatibilities, jei]/" done in 12.30 μs
[20:47:20] [REI-ReloadPlugins/TRACE] [REI] [REIClientPlugin START] Reloading Section: "reloadable-plugin/FavoriteEntryTypeRegistryImpl/JEI Plugin [JEICompat:jade:main] of REI Plugin Compatibilities Adapter [rei_plugin_compatibilities, jei]/"
[20:47:20] [REI-ReloadPlugins/TRACE] [REI] [REIClientPlugin START] Reloading Section: "reloadable-plugin/FavoriteEntryTypeRegistryImpl/JEI Plugin [JEICompat:jade:main] of REI Plugin Compatibilities Adapter [rei_plugin_compatibilities, jei]/" done in 12.30 μs
[20:47:20] [REI-ReloadPlugins/TRACE] [REI] [REIClientPlugin START] Reloading Section: "reloadable-plugin/FavoriteEntryTypeRegistryImpl/JEI Plugin [JEIPlugin:ldlib:jei_plugin] of REI Plugin Compatibilities Adapter [rei_plugin_compatibilities, jei]/"
[20:47:20] [REI-ReloadPlugins/TRACE] [REI] [REIClientPlugin START] Reloading Section: "reloadable-plugin/FavoriteEntryTypeRegistryImpl/JEI Plugin [JEIPlugin:ldlib:jei_plugin] of REI Plugin Compatibilities Adapter [rei_plugin_compatibilities, jei]/" done in 16.20 μs
[20:47:20] [REI-ReloadPlugins/TRACE] [REI] [REIClientPlugin START] Reloading Section: "reloadable-plugin/FavoriteEntryTypeRegistryImpl/JEI Plugin [BCJeiPlugin:bibliocraft:jei_plugin] of REI Plugin Compatibilities Adapter [rei_plugin_compatibilities, jei]/"
[20:47:20] [REI-ReloadPlugins/TRACE] [REI] [REIClientPlugin START] Reloading Section: "reloadable-plugin/FavoriteEntryTypeRegistryImpl/JEI Plugin [BCJeiPlugin:bibliocraft:jei_plugin] of REI Plugin Compatibilities Adapter [rei_plugin_compatibilities, jei]/" done in 12.90 μs
[20:47:20] [REI-ReloadPlugins/TRACE] [REI] [REIClientPlugin START] Reloading Section: "reloadable-plugin/FavoriteEntryTypeRegistryImpl/GTREIPlugin of GTREIPlugin [gtceu]/"
[20:47:20] [REI-ReloadPlugins/TRACE] [REI] [REIClientPlugin START] Reloading Section: "reloadable-plugin/FavoriteEntryTypeRegistryImpl/GTREIPlugin of GTREIPlugin [gtceu]/" done in 12.60 μs
[20:47:20] [REI-ReloadPlugins/TRACE] [REI] [REIClientPlugin START] Reloading Section: "reloadable-plugin/FavoriteEntryTypeRegistryImpl/FramedReiPlugin of FramedReiPlugin [framedblocks]/"
[20:47:20] [REI-ReloadPlugins/TRACE] [REI] [REIClientPlugin START] Reloading Section: "reloadable-plugin/FavoriteEntryTypeRegistryImpl/FramedReiPlugin of FramedReiPlugin [framedblocks]/" done in 14.50 μs
[20:47:20] [REI-ReloadPlugins/TRACE] [REI] [REIClientPlugin START] Reloading Section: "reloadable-plugin/FavoriteEntryTypeRegistryImpl/REIPluginImpl of REIPluginImpl [ldlib]/"
[20:47:20] [REI-ReloadPlugins/TRACE] [REI] [REIClientPlugin START] Reloading Section: "reloadable-plugin/FavoriteEntryTypeRegistryImpl/REIPluginImpl of REIPluginImpl [ldlib]/" done in 12.40 μs
[20:47:20] [REI-ReloadPlugins/TRACE] [REI] [REIClientPlugin START] Reloading Section: "reloadable-plugin/FavoriteEntryTypeRegistryImpl/REI Plugin Compatibilities Client Handler of REI Plugin Compatibilities Client Handler [rei_plugin_compatibilities, jei]/"
[20:47:20] [REI-ReloadPlugins/TRACE] [REI] [REIClientPlugin START] Reloading Section: "reloadable-plugin/FavoriteEntryTypeRegistryImpl/REI Plugin Compatibilities Client Handler of REI Plugin Compatibilities Client Handler [rei_plugin_compatibilities, jei]/" done in 12.00 μs
[20:47:20] [REI-ReloadPlugins/TRACE] [REI] [REIClientPlugin START] Reloading Section: "reloadable-plugin/FavoriteEntryTypeRegistryImpl/REIForgePluginStub of REIForgePluginStub [ftblibrary]/"
[20:47:20] [REI-ReloadPlugins/DEBUG] [REI] Added favorite entry type [ftblibrary:sidebar_button]: INSTANCE
[20:47:20] [REI-ReloadPlugins/TRACE] [REI] [REIClientPlugin START] Reloading Section: "reloadable-plugin/FavoriteEntryTypeRegistryImpl/REIForgePluginStub of REIForgePluginStub [ftblibrary]/" done in 5.604 ms
[20:47:20] [REI-ReloadPlugins/TRACE] [REI] [REIClientPlugin START] Reloading Section: "reloadable-plugin/FavoriteEntryTypeRegistryImpl/AE2 of AE2 [ae2]/"
[20:47:20] [REI-ReloadPlugins/TRACE] [REI] [REIClientPlugin START] Reloading Section: "reloadable-plugin/FavoriteEntryTypeRegistryImpl/AE2 of AE2 [ae2]/" done in 28.40 μs
[20:47:20] [REI-ReloadPlugins/TRACE] [REI] [REIClientPlugin START] Reloading Section: "reloadable-plugin/FavoriteEntryTypeRegistryImpl/HideIngredientsFromTagsPlugin of HideIngredientsFromTagsPlugin [roughlyenoughitems]/"
[20:47:20] [REI-ReloadPlugins/TRACE] [REI] [REIClientPlugin START] Reloading Section: "reloadable-plugin/FavoriteEntryTypeRegistryImpl/HideIngredientsFromTagsPlugin of HideIngredientsFromTagsPlugin [roughlyenoughitems]/" done in 13.20 μs
[20:47:20] [REI-ReloadPlugins/TRACE] [REI] [REIClientPlugin START] Reloading Section: "reloadable-plugin/FavoriteEntryTypeRegistryImpl/DefaultClientRuntimePlugin of DefaultClientRuntimePlugin [roughlyenoughitems]/"
[20:47:20] [REI-ReloadPlugins/DEBUG] [REI] Added favorite entry type [roughlyenoughitems:entry_stack]: INSTANCE
[20:47:20] [REI-ReloadPlugins/DEBUG] [REI] Added favorite entry type [roughlyenoughitems:display]: INSTANCE
[20:47:20] [REI-ReloadPlugins/TRACE] [REI] [REIClientPlugin START] Reloading Section: "reloadable-plugin/FavoriteEntryTypeRegistryImpl/DefaultClientRuntimePlugin of DefaultClientRuntimePlugin [roughlyenoughitems]/" done in 4.382 ms
[20:47:20] [REI-ReloadPlugins/TRACE] [REI] [REIClientPlugin START] Reloading Section: "reloadable-plugin/FavoriteEntryTypeRegistryImpl/REIForgePluginStub of REIForgePluginStub [kubejs]/"
[20:47:20] [REI-ReloadPlugins/TRACE] [REI] [REIClientPlugin START] Reloading Section: "reloadable-plugin/FavoriteEntryTypeRegistryImpl/REIForgePluginStub of REIForgePluginStub [kubejs]/" done in 23.40 μs
[20:47:20] [REI-ReloadPlugins/TRACE] [REI] [REIClientPlugin START] Reloading Section: "reloadable-plugin/FavoriteEntryTypeRegistryImpl/" done in 43.87 ms
[20:47:20] [REI-ReloadPlugins/TRACE] [REI] [REIClientPlugin START] Reloading Section: "reloadable-plugin/SubsetsRegistryImpl/"
[20:47:20] [REI-ReloadPlugins/TRACE] [REI] [REIClientPlugin START] Reloading Section: "reloadable-plugin/SubsetsRegistryImpl/DefaultClientPluginImpl of DefaultClientPluginImpl [roughlyenoughitems]/"
[20:47:20] [REI-ReloadPlugins/TRACE] [REI] [REIClientPlugin START] Reloading Section: "reloadable-plugin/SubsetsRegistryImpl/DefaultClientPluginImpl of DefaultClientPluginImpl [roughlyenoughitems]/" done in 14.40 μs
[20:47:20] [REI-ReloadPlugins/TRACE] [REI] [REIClientPlugin START] Reloading Section: "reloadable-plugin/SubsetsRegistryImpl/JEI Plugin [CreateAdditionJEI:createaddition:jei_plugin] of REI Plugin Compatibilities Adapter [rei_plugin_compatibilities, jei]/"
[20:47:20] [REI-ReloadPlugins/TRACE] [REI] [REIClientPlugin START] Reloading Section: "reloadable-plugin/SubsetsRegistryImpl/JEI Plugin [CreateAdditionJEI:createaddition:jei_plugin] of REI Plugin Compatibilities Adapter [rei_plugin_compatibilities, jei]/" done in 13.50 μs
[20:47:20] [REI-ReloadPlugins/TRACE] [REI] [REIClientPlugin START] Reloading Section: "reloadable-plugin/SubsetsRegistryImpl/JEI Plugin [PolyJEIPlugin:polylib:jei_plugin] of REI Plugin Compatibilities Adapter [rei_plugin_compatibilities, jei]/"
[20:47:20] [REI-ReloadPlugins/TRACE] [REI] [REIClientPlugin START] Reloading Section: "reloadable-plugin/SubsetsRegistryImpl/JEI Plugin [PolyJEIPlugin:polylib:jei_plugin] of REI Plugin Compatibilities Adapter [rei_plugin_compatibilities, jei]/" done in 12.40 μs
[20:47:20] [REI-ReloadPlugins/TRACE] [REI] [REIClientPlugin START] Reloading Section: "reloadable-plugin/SubsetsRegistryImpl/JEI Plugin [GTSEJEIPlugin:gregtech_steam_expansion:jei_plugin] of REI Plugin Compatibilities Adapter [rei_plugin_compatibilities, jei]/"
[20:47:20] [REI-ReloadPlugins/TRACE] [REI] [REIClientPlugin START] Reloading Section: "reloadable-plugin/SubsetsRegistryImpl/JEI Plugin [GTSEJEIPlugin:gregtech_steam_expansion:jei_plugin] of REI Plugin Compatibilities Adapter [rei_plugin_compatibilities, jei]/" done in 11.80 μs
[20:47:20] [REI-ReloadPlugins/TRACE] [REI] [REIClientPlugin START] Reloading Section: "reloadable-plugin/SubsetsRegistryImpl/JEI Plugin [GTJEIPlugin:gtceu:jei_plugin] of REI Plugin Compatibilities Adapter [rei_plugin_compatibilities, jei]/"
[20:47:20] [REI-ReloadPlugins/TRACE] [REI] [REIClientPlugin START] Reloading Section: "reloadable-plugin/SubsetsRegistryImpl/JEI Plugin [GTJEIPlugin:gtceu:jei_plugin] of REI Plugin Compatibilities Adapter [rei_plugin_compatibilities, jei]/" done in 14.80 μs
[20:47:20] [REI-ReloadPlugins/TRACE] [REI] [REIClientPlugin START] Reloading Section: "reloadable-plugin/SubsetsRegistryImpl/JEI Plugin [JEIIntegration:ftblibrary:jei] of REI Plugin Compatibilities Adapter [rei_plugin_compatibilities, jei]/"
[20:47:20] [REI-ReloadPlugins/TRACE] [REI] [REIClientPlugin START] Reloading Section: "reloadable-plugin/SubsetsRegistryImpl/JEI Plugin [JEIIntegration:ftblibrary:jei] of REI Plugin Compatibilities Adapter [rei_plugin_compatibilities, jei]/" done in 12.40 μs
[20:47:20] [REI-ReloadPlugins/TRACE] [REI] [REIClientPlugin START] Reloading Section: "reloadable-plugin/SubsetsRegistryImpl/JEI Plugin [JEIPlugin:kubejs:jei] of REI Plugin Compatibilities Adapter [rei_plugin_compatibilities, jei]/"
[20:47:20] [REI-ReloadPlugins/TRACE] [REI] [REIClientPlugin START] Reloading Section: "reloadable-plugin/SubsetsRegistryImpl/JEI Plugin [JEIPlugin:kubejs:jei] of REI Plugin Compatibilities Adapter [rei_plugin_compatibilities, jei]/" done in 15.20 μs
[20:47:20] [REI-ReloadPlugins/TRACE] [REI] [REIClientPlugin START] Reloading Section: "reloadable-plugin/SubsetsRegistryImpl/JEI Plugin [JEIIntegration:fluxnetworks:jei] of REI Plugin Compatibilities Adapter [rei_plugin_compatibilities, jei]/"
[20:47:20] [REI-ReloadPlugins/TRACE] [REI] [REIClientPlugin START] Reloading Section: "reloadable-plugin/SubsetsRegistryImpl/JEI Plugin [JEIIntegration:fluxnetworks:jei] of REI Plugin Compatibilities Adapter [rei_plugin_compatibilities, jei]/" done in 16.80 μs
[20:47:20] [REI-ReloadPlugins/TRACE] [REI] [REIClientPlugin START] Reloading Section: "reloadable-plugin/SubsetsRegistryImpl/JEI Plugin [CreateJEI:create:jei_plugin] of REI Plugin Compatibilities Adapter [rei_plugin_compatibilities, jei]/"
[20:47:20] [REI-ReloadPlugins/TRACE] [REI] [REIClientPlugin START] Reloading Section: "reloadable-plugin/SubsetsRegistryImpl/JEI Plugin [CreateJEI:create:jei_plugin] of REI Plugin Compatibilities Adapter [rei_plugin_compatibilities, jei]/" done in 12.90 μs
[20:47:20] [REI-ReloadPlugins/TRACE] [REI] [REIClientPlugin START] Reloading Section: "reloadable-plugin/SubsetsRegistryImpl/JEI Plugin [JEIPlugin:ae2:core] of REI Plugin Compatibilities Adapter [rei_plugin_compatibilities, jei]/"
[20:47:20] [REI-ReloadPlugins/TRACE] [REI] [REIClientPlugin START] Reloading Section: "reloadable-plugin/SubsetsRegistryImpl/JEI Plugin [JEIPlugin:ae2:core] of REI Plugin Compatibilities Adapter [rei_plugin_compatibilities, jei]/" done in 13.30 μs
[20:47:20] [REI-ReloadPlugins/TRACE] [REI] [REIClientPlugin START] Reloading Section: "reloadable-plugin/SubsetsRegistryImpl/JEI Plugin [JEICompat:jade:main] of REI Plugin Compatibilities Adapter [rei_plugin_compatibilities, jei]/"
[20:47:20] [REI-ReloadPlugins/TRACE] [REI] [REIClientPlugin START] Reloading Section: "reloadable-plugin/SubsetsRegistryImpl/JEI Plugin [JEICompat:jade:main] of REI Plugin Compatibilities Adapter [rei_plugin_compatibilities, jei]/" done in 13.00 μs
[20:47:20] [REI-ReloadPlugins/TRACE] [REI] [REIClientPlugin START] Reloading Section: "reloadable-plugin/SubsetsRegistryImpl/JEI Plugin [JEIPlugin:ldlib:jei_plugin] of REI Plugin Compatibilities Adapter [rei_plugin_compatibilities, jei]/"
[20:47:20] [REI-ReloadPlugins/TRACE] [REI] [REIClientPlugin START] Reloading Section: "reloadable-plugin/SubsetsRegistryImpl/JEI Plugin [JEIPlugin:ldlib:jei_plugin] of REI Plugin Compatibilities Adapter [rei_plugin_compatibilities, jei]/" done in 12.30 μs
[20:47:20] [REI-ReloadPlugins/TRACE] [REI] [REIClientPlugin START] Reloading Section: "reloadable-plugin/SubsetsRegistryImpl/JEI Plugin [BCJeiPlugin:bibliocraft:jei_plugin] of REI Plugin Compatibilities Adapter [rei_plugin_compatibilities, jei]/"
[20:47:20] [REI-ReloadPlugins/TRACE] [REI] [REIClientPlugin START] Reloading Section: "reloadable-plugin/SubsetsRegistryImpl/JEI Plugin [BCJeiPlugin:bibliocraft:jei_plugin] of REI Plugin Compatibilities Adapter [rei_plugin_compatibilities, jei]/" done in 16.50 μs
[20:47:20] [REI-ReloadPlugins/TRACE] [REI] [REIClientPlugin START] Reloading Section: "reloadable-plugin/SubsetsRegistryImpl/GTREIPlugin of GTREIPlugin [gtceu]/"
[20:47:20] [REI-ReloadPlugins/TRACE] [REI] [REIClientPlugin START] Reloading Section: "reloadable-plugin/SubsetsRegistryImpl/GTREIPlugin of GTREIPlugin [gtceu]/" done in 17.30 μs
[20:47:20] [REI-ReloadPlugins/TRACE] [REI] [REIClientPlugin START] Reloading Section: "reloadable-plugin/SubsetsRegistryImpl/FramedReiPlugin of FramedReiPlugin [framedblocks]/"
[20:47:20] [REI-ReloadPlugins/TRACE] [REI] [REIClientPlugin START] Reloading Section: "reloadable-plugin/SubsetsRegistryImpl/FramedReiPlugin of FramedReiPlugin [framedblocks]/" done in 20.80 μs
[20:47:20] [REI-ReloadPlugins/TRACE] [REI] [REIClientPlugin START] Reloading Section: "reloadable-plugin/SubsetsRegistryImpl/REIPluginImpl of REIPluginImpl [ldlib]/"
[20:47:20] [REI-ReloadPlugins/TRACE] [REI] [REIClientPlugin START] Reloading Section: "reloadable-plugin/SubsetsRegistryImpl/REIPluginImpl of REIPluginImpl [ldlib]/" done in 17.70 μs
[20:47:20] [REI-ReloadPlugins/TRACE] [REI] [REIClientPlugin START] Reloading Section: "reloadable-plugin/SubsetsRegistryImpl/REI Plugin Compatibilities Client Handler of REI Plugin Compatibilities Client Handler [rei_plugin_compatibilities, jei]/"
[20:47:20] [REI-ReloadPlugins/TRACE] [REI] [REIClientPlugin START] Reloading Section: "reloadable-plugin/SubsetsRegistryImpl/REI Plugin Compatibilities Client Handler of REI Plugin Compatibilities Client Handler [rei_plugin_compatibilities, jei]/" done in 16.40 μs
[20:47:20] [REI-ReloadPlugins/TRACE] [REI] [REIClientPlugin START] Reloading Section: "reloadable-plugin/SubsetsRegistryImpl/REIForgePluginStub of REIForgePluginStub [ftblibrary]/"
[20:47:20] [REI-ReloadPlugins/TRACE] [REI] [REIClientPlugin START] Reloading Section: "reloadable-plugin/SubsetsRegistryImpl/REIForgePluginStub of REIForgePluginStub [ftblibrary]/" done in 15.50 μs
[20:47:20] [REI-ReloadPlugins/TRACE] [REI] [REIClientPlugin START] Reloading Section: "reloadable-plugin/SubsetsRegistryImpl/AE2 of AE2 [ae2]/"
[20:47:20] [REI-ReloadPlugins/TRACE] [REI] [REIClientPlugin START] Reloading Section: "reloadable-plugin/SubsetsRegistryImpl/AE2 of AE2 [ae2]/" done in 18.50 μs
[20:47:20] [REI-ReloadPlugins/TRACE] [REI] [REIClientPlugin START] Reloading Section: "reloadable-plugin/SubsetsRegistryImpl/HideIngredientsFromTagsPlugin of HideIngredientsFromTagsPlugin [roughlyenoughitems]/"
[20:47:20] [REI-ReloadPlugins/TRACE] [REI] [REIClientPlugin START] Reloading Section: "reloadable-plugin/SubsetsRegistryImpl/HideIngredientsFromTagsPlugin of HideIngredientsFromTagsPlugin [roughlyenoughitems]/" done in 18.40 μs
[20:47:20] [REI-ReloadPlugins/TRACE] [REI] [REIClientPlugin START] Reloading Section: "reloadable-plugin/SubsetsRegistryImpl/DefaultClientRuntimePlugin of DefaultClientRuntimePlugin [roughlyenoughitems]/"
[20:47:20] [REI-ReloadPlugins/TRACE] [REI] [REIClientPlugin START] Reloading Section: "reloadable-plugin/SubsetsRegistryImpl/DefaultClientRuntimePlugin of DefaultClientRuntimePlugin [roughlyenoughitems]/" done in 16.90 μs
[20:47:20] [REI-ReloadPlugins/TRACE] [REI] [REIClientPlugin START] Reloading Section: "reloadable-plugin/SubsetsRegistryImpl/REIForgePluginStub of REIForgePluginStub [kubejs]/"
[20:47:20] [REI-ReloadPlugins/TRACE] [REI] [REIClientPlugin START] Reloading Section: "reloadable-plugin/SubsetsRegistryImpl/REIForgePluginStub of REIForgePluginStub [kubejs]/" done in 16.60 μs
[20:47:20] [REI-ReloadPlugins/TRACE] [REI] [REIClientPlugin START] Reloading Section: "reloadable-plugin/SubsetsRegistryImpl/" done in 995.7 μs
[20:47:20] [REI-ReloadPlugins/TRACE] [REI] [REIClientPlugin START] Reloading Section: "reloadable-plugin/TransferHandlerRegistryImpl/"
[20:47:20] [REI-ReloadPlugins/TRACE] [REI] [REIClientPlugin START] Reloading Section: "reloadable-plugin/TransferHandlerRegistryImpl/DefaultClientPluginImpl of DefaultClientPluginImpl [roughlyenoughitems]/"
[20:47:20] [REI-ReloadPlugins/TRACE] [REI] [REIClientPlugin START] Reloading Section: "reloadable-plugin/TransferHandlerRegistryImpl/DefaultClientPluginImpl of DefaultClientPluginImpl [roughlyenoughitems]/" done in 26.40 μs
[20:47:20] [REI-ReloadPlugins/TRACE] [REI] [REIClientPlugin START] Reloading Section: "reloadable-plugin/TransferHandlerRegistryImpl/JEI Plugin [CreateAdditionJEI:createaddition:jei_plugin] of REI Plugin Compatibilities Adapter [rei_plugin_compatibilities, jei]/"
[20:47:20] [REI-ReloadPlugins/TRACE] [REI] [REIClientPlugin START] Reloading Section: "reloadable-plugin/TransferHandlerRegistryImpl/JEI Plugin [CreateAdditionJEI:createaddition:jei_plugin] of REI Plugin Compatibilities Adapter [rei_plugin_compatibilities, jei]/" done in 22.70 μs
[20:47:20] [REI-ReloadPlugins/TRACE] [REI] [REIClientPlugin START] Reloading Section: "reloadable-plugin/TransferHandlerRegistryImpl/JEI Plugin [PolyJEIPlugin:polylib:jei_plugin] of REI Plugin Compatibilities Adapter [rei_plugin_compatibilities, jei]/"
[20:47:20] [REI-ReloadPlugins/TRACE] [REI] [REIClientPlugin START] Reloading Section: "reloadable-plugin/TransferHandlerRegistryImpl/JEI Plugin [PolyJEIPlugin:polylib:jei_plugin] of REI Plugin Compatibilities Adapter [rei_plugin_compatibilities, jei]/" done in 20.50 μs
[20:47:20] [REI-ReloadPlugins/TRACE] [REI] [REIClientPlugin START] Reloading Section: "reloadable-plugin/TransferHandlerRegistryImpl/JEI Plugin [GTSEJEIPlugin:gregtech_steam_expansion:jei_plugin] of REI Plugin Compatibilities Adapter [rei_plugin_compatibilities, jei]/"
[20:47:20] [REI-ReloadPlugins/TRACE] [REI] [REIClientPlugin START] Reloading Section: "reloadable-plugin/TransferHandlerRegistryImpl/JEI Plugin [GTSEJEIPlugin:gregtech_steam_expansion:jei_plugin] of REI Plugin Compatibilities Adapter [rei_plugin_compatibilities, jei]/" done in 21.40 μs
[20:47:20] [REI-ReloadPlugins/TRACE] [REI] [REIClientPlugin START] Reloading Section: "reloadable-plugin/TransferHandlerRegistryImpl/JEI Plugin [GTJEIPlugin:gtceu:jei_plugin] of REI Plugin Compatibilities Adapter [rei_plugin_compatibilities, jei]/"
[20:47:20] [REI-ReloadPlugins/TRACE] [REI] [REIClientPlugin START] Reloading Section: "reloadable-plugin/TransferHandlerRegistryImpl/JEI Plugin [GTJEIPlugin:gtceu:jei_plugin] of REI Plugin Compatibilities Adapter [rei_plugin_compatibilities, jei]/" done in 39.40 μs
[20:47:20] [REI-ReloadPlugins/TRACE] [REI] [REIClientPlugin START] Reloading Section: "reloadable-plugin/TransferHandlerRegistryImpl/JEI Plugin [JEIIntegration:ftblibrary:jei] of REI Plugin Compatibilities Adapter [rei_plugin_compatibilities, jei]/"
[20:47:20] [REI-ReloadPlugins/TRACE] [REI] [REIClientPlugin START] Reloading Section: "reloadable-plugin/TransferHandlerRegistryImpl/JEI Plugin [JEIIntegration:ftblibrary:jei] of REI Plugin Compatibilities Adapter [rei_plugin_compatibilities, jei]/" done in 23.00 μs
[20:47:20] [REI-ReloadPlugins/TRACE] [REI] [REIClientPlugin START] Reloading Section: "reloadable-plugin/TransferHandlerRegistryImpl/JEI Plugin [JEIPlugin:kubejs:jei] of REI Plugin Compatibilities Adapter [rei_plugin_compatibilities, jei]/"
[20:47:20] [REI-ReloadPlugins/TRACE] [REI] [REIClientPlugin START] Reloading Section: "reloadable-plugin/TransferHandlerRegistryImpl/JEI Plugin [JEIPlugin:kubejs:jei] of REI Plugin Compatibilities Adapter [rei_plugin_compatibilities, jei]/" done in 20.70 μs
[20:47:20] [REI-ReloadPlugins/TRACE] [REI] [REIClientPlugin START] Reloading Section: "reloadable-plugin/TransferHandlerRegistryImpl/JEI Plugin [JEIIntegration:fluxnetworks:jei] of REI Plugin Compatibilities Adapter [rei_plugin_compatibilities, jei]/"
[20:47:20] [REI-ReloadPlugins/TRACE] [REI] [REIClientPlugin START] Reloading Section: "reloadable-plugin/TransferHandlerRegistryImpl/JEI Plugin [JEIIntegration:fluxnetworks:jei] of REI Plugin Compatibilities Adapter [rei_plugin_compatibilities, jei]/" done in 21.50 μs
[20:47:20] [REI-ReloadPlugins/TRACE] [REI] [REIClientPlugin START] Reloading Section: "reloadable-plugin/TransferHandlerRegistryImpl/JEI Plugin [CreateJEI:create:jei_plugin] of REI Plugin Compatibilities Adapter [rei_plugin_compatibilities, jei]/"
[20:47:20] [REI-ReloadPlugins/TRACE] [REI] [REIClientPlugin START] Reloading Section: "reloadable-plugin/TransferHandlerRegistryImpl/JEI Plugin [CreateJEI:create:jei_plugin] of REI Plugin Compatibilities Adapter [rei_plugin_compatibilities, jei]/" done in 23.30 μs
[20:47:20] [REI-ReloadPlugins/TRACE] [REI] [REIClientPlugin START] Reloading Section: "reloadable-plugin/TransferHandlerRegistryImpl/JEI Plugin [JEIPlugin:ae2:core] of REI Plugin Compatibilities Adapter [rei_plugin_compatibilities, jei]/"
[20:47:20] [REI-ReloadPlugins/TRACE] [REI] [REIClientPlugin START] Reloading Section: "reloadable-plugin/TransferHandlerRegistryImpl/JEI Plugin [JEIPlugin:ae2:core] of REI Plugin Compatibilities Adapter [rei_plugin_compatibilities, jei]/" done in 22.20 μs
[20:47:20] [REI-ReloadPlugins/TRACE] [REI] [REIClientPlugin START] Reloading Section: "reloadable-plugin/TransferHandlerRegistryImpl/JEI Plugin [JEICompat:jade:main] of REI Plugin Compatibilities Adapter [rei_plugin_compatibilities, jei]/"
[20:47:20] [REI-ReloadPlugins/TRACE] [REI] [REIClientPlugin START] Reloading Section: "reloadable-plugin/TransferHandlerRegistryImpl/JEI Plugin [JEICompat:jade:main] of REI Plugin Compatibilities Adapter [rei_plugin_compatibilities, jei]/" done in 21.80 μs
[20:47:20] [REI-ReloadPlugins/TRACE] [REI] [REIClientPlugin START] Reloading Section: "reloadable-plugin/TransferHandlerRegistryImpl/JEI Plugin [JEIPlugin:ldlib:jei_plugin] of REI Plugin Compatibilities Adapter [rei_plugin_compatibilities, jei]/"
[20:47:20] [REI-ReloadPlugins/TRACE] [REI] [REIClientPlugin START] Reloading Section: "reloadable-plugin/TransferHandlerRegistryImpl/JEI Plugin [JEIPlugin:ldlib:jei_plugin] of REI Plugin Compatibilities Adapter [rei_plugin_compatibilities, jei]/" done in 22.20 μs
[20:47:20] [REI-ReloadPlugins/TRACE] [REI] [REIClientPlugin START] Reloading Section: "reloadable-plugin/TransferHandlerRegistryImpl/JEI Plugin [BCJeiPlugin:bibliocraft:jei_plugin] of REI Plugin Compatibilities Adapter [rei_plugin_compatibilities, jei]/"
[20:47:20] [REI-ReloadPlugins/TRACE] [REI] [REIClientPlugin START] Reloading Section: "reloadable-plugin/TransferHandlerRegistryImpl/JEI Plugin [BCJeiPlugin:bibliocraft:jei_plugin] of REI Plugin Compatibilities Adapter [rei_plugin_compatibilities, jei]/" done in 22.00 μs
[20:47:20] [REI-ReloadPlugins/TRACE] [REI] [REIClientPlugin START] Reloading Section: "reloadable-plugin/TransferHandlerRegistryImpl/GTREIPlugin of GTREIPlugin [gtceu]/"
[20:47:20] [REI-ReloadPlugins/TRACE] [REI] [REIClientPlugin START] Reloading Section: "reloadable-plugin/TransferHandlerRegistryImpl/GTREIPlugin of GTREIPlugin [gtceu]/" done in 16.50 μs
[20:47:20] [REI-ReloadPlugins/TRACE] [REI] [REIClientPlugin START] Reloading Section: "reloadable-plugin/TransferHandlerRegistryImpl/FramedReiPlugin of FramedReiPlugin [framedblocks]/"
[20:47:20] [REI-ReloadPlugins/TRACE] [REI] [REIClientPlugin START] Reloading Section: "reloadable-plugin/TransferHandlerRegistryImpl/FramedReiPlugin of FramedReiPlugin [framedblocks]/" done in 15.80 μs
[20:47:20] [REI-ReloadPlugins/TRACE] [REI] [REIClientPlugin START] Reloading Section: "reloadable-plugin/TransferHandlerRegistryImpl/REIPluginImpl of REIPluginImpl [ldlib]/"
[20:47:20] [REI-ReloadPlugins/TRACE] [REI] [REIClientPlugin START] Reloading Section: "reloadable-plugin/TransferHandlerRegistryImpl/REIPluginImpl of REIPluginImpl [ldlib]/" done in 19.90 μs
[20:47:20] [REI-ReloadPlugins/TRACE] [REI] [REIClientPlugin START] Reloading Section: "reloadable-plugin/TransferHandlerRegistryImpl/REI Plugin Compatibilities Client Handler of REI Plugin Compatibilities Client Handler [rei_plugin_compatibilities, jei]/"
[20:47:20] [REI-ReloadPlugins/TRACE] [REI] [REIClientPlugin START] Reloading Section: "reloadable-plugin/TransferHandlerRegistryImpl/REI Plugin Compatibilities Client Handler of REI Plugin Compatibilities Client Handler [rei_plugin_compatibilities, jei]/" done in 18.10 μs
[20:47:20] [REI-ReloadPlugins/TRACE] [REI] [REIClientPlugin START] Reloading Section: "reloadable-plugin/TransferHandlerRegistryImpl/REIForgePluginStub of REIForgePluginStub [ftblibrary]/"
[20:47:20] [REI-ReloadPlugins/TRACE] [REI] [REIClientPlugin START] Reloading Section: "reloadable-plugin/TransferHandlerRegistryImpl/REIForgePluginStub of REIForgePluginStub [ftblibrary]/" done in 17.20 μs
[20:47:20] [REI-ReloadPlugins/TRACE] [REI] [REIClientPlugin START] Reloading Section: "reloadable-plugin/TransferHandlerRegistryImpl/AE2 of AE2 [ae2]/"
[20:47:20] [REI-ReloadPlugins/TRACE] [REI] [REIClientPlugin START] Reloading Section: "reloadable-plugin/TransferHandlerRegistryImpl/AE2 of AE2 [ae2]/" done in 19.40 μs
[20:47:20] [REI-ReloadPlugins/TRACE] [REI] [REIClientPlugin START] Reloading Section: "reloadable-plugin/TransferHandlerRegistryImpl/HideIngredientsFromTagsPlugin of HideIngredientsFromTagsPlugin [roughlyenoughitems]/"
[20:47:20] [REI-ReloadPlugins/TRACE] [REI] [REIClientPlugin START] Reloading Section: "reloadable-plugin/TransferHandlerRegistryImpl/HideIngredientsFromTagsPlugin of HideIngredientsFromTagsPlugin [roughlyenoughitems]/" done in 21.20 μs
[20:47:20] [REI-ReloadPlugins/TRACE] [REI] [REIClientPlugin START] Reloading Section: "reloadable-plugin/TransferHandlerRegistryImpl/DefaultClientRuntimePlugin of DefaultClientRuntimePlugin [roughlyenoughitems]/"
[20:47:20] [REI-ReloadPlugins/TRACE] [REI] [REIClientPlugin START] Reloading Section: "reloadable-plugin/TransferHandlerRegistryImpl/DefaultClientRuntimePlugin of DefaultClientRuntimePlugin [roughlyenoughitems]/" done in 21.70 μs
[20:47:20] [REI-ReloadPlugins/TRACE] [REI] [REIClientPlugin START] Reloading Section: "reloadable-plugin/TransferHandlerRegistryImpl/REIForgePluginStub of REIForgePluginStub [kubejs]/"
[20:47:20] [REI-ReloadPlugins/TRACE] [REI] [REIClientPlugin START] Reloading Section: "reloadable-plugin/TransferHandlerRegistryImpl/REIForgePluginStub of REIForgePluginStub [kubejs]/" done in 20.50 μs
[20:47:20] [REI-ReloadPlugins/TRACE] [REI] [REIClientPlugin START] Reloading Section: "reloadable-plugin/TransferHandlerRegistryImpl/" done in 1.399 ms
[20:47:20] [REI-ReloadPlugins/TRACE] [REI] [REIClientPlugin START] Reloading Section: "reloadable-plugin/SearchRuntime/"
[20:47:20] [REI-ReloadPlugins/TRACE] [REI] [REIClientPlugin START] Reloading Section: "reloadable-plugin/SearchRuntime/DefaultClientPluginImpl of DefaultClientPluginImpl [roughlyenoughitems]/"
[20:47:20] [REI-ReloadPlugins/TRACE] [REI] [REIClientPlugin START] Reloading Section: "reloadable-plugin/SearchRuntime/DefaultClientPluginImpl of DefaultClientPluginImpl [roughlyenoughitems]/" done in 20.40 μs
[20:47:20] [REI-ReloadPlugins/TRACE] [REI] [REIClientPlugin START] Reloading Section: "reloadable-plugin/SearchRuntime/JEI Plugin [CreateAdditionJEI:createaddition:jei_plugin] of REI Plugin Compatibilities Adapter [rei_plugin_compatibilities, jei]/"
[20:47:20] [REI-ReloadPlugins/TRACE] [REI] [REIClientPlugin START] Reloading Section: "reloadable-plugin/SearchRuntime/JEI Plugin [CreateAdditionJEI:createaddition:jei_plugin] of REI Plugin Compatibilities Adapter [rei_plugin_compatibilities, jei]/" done in 20.20 μs
[20:47:20] [REI-ReloadPlugins/TRACE] [REI] [REIClientPlugin START] Reloading Section: "reloadable-plugin/SearchRuntime/JEI Plugin [PolyJEIPlugin:polylib:jei_plugin] of REI Plugin Compatibilities Adapter [rei_plugin_compatibilities, jei]/"
[20:47:20] [REI-ReloadPlugins/TRACE] [REI] [REIClientPlugin START] Reloading Section: "reloadable-plugin/SearchRuntime/JEI Plugin [PolyJEIPlugin:polylib:jei_plugin] of REI Plugin Compatibilities Adapter [rei_plugin_compatibilities, jei]/" done in 20.20 μs
[20:47:20] [REI-ReloadPlugins/TRACE] [REI] [REIClientPlugin START] Reloading Section: "reloadable-plugin/SearchRuntime/JEI Plugin [GTSEJEIPlugin:gregtech_steam_expansion:jei_plugin] of REI Plugin Compatibilities Adapter [rei_plugin_compatibilities, jei]/"
[20:47:20] [REI-ReloadPlugins/TRACE] [REI] [REIClientPlugin START] Reloading Section: "reloadable-plugin/SearchRuntime/JEI Plugin [GTSEJEIPlugin:gregtech_steam_expansion:jei_plugin] of REI Plugin Compatibilities Adapter [rei_plugin_compatibilities, jei]/" done in 20.70 μs
[20:47:20] [REI-ReloadPlugins/TRACE] [REI] [REIClientPlugin START] Reloading Section: "reloadable-plugin/SearchRuntime/JEI Plugin [GTJEIPlugin:gtceu:jei_plugin] of REI Plugin Compatibilities Adapter [rei_plugin_compatibilities, jei]/"
[20:47:20] [REI-ReloadPlugins/TRACE] [REI] [REIClientPlugin START] Reloading Section: "reloadable-plugin/SearchRuntime/JEI Plugin [GTJEIPlugin:gtceu:jei_plugin] of REI Plugin Compatibilities Adapter [rei_plugin_compatibilities, jei]/" done in 20.10 μs
[20:47:20] [REI-ReloadPlugins/TRACE] [REI] [REIClientPlugin START] Reloading Section: "reloadable-plugin/SearchRuntime/JEI Plugin [JEIIntegration:ftblibrary:jei] of REI Plugin Compatibilities Adapter [rei_plugin_compatibilities, jei]/"
[20:47:20] [REI-ReloadPlugins/TRACE] [REI] [REIClientPlugin START] Reloading Section: "reloadable-plugin/SearchRuntime/JEI Plugin [JEIIntegration:ftblibrary:jei] of REI Plugin Compatibilities Adapter [rei_plugin_compatibilities, jei]/" done in 95.70 μs
[20:47:20] [REI-ReloadPlugins/TRACE] [REI] [REIClientPlugin START] Reloading Section: "reloadable-plugin/SearchRuntime/JEI Plugin [JEIPlugin:kubejs:jei] of REI Plugin Compatibilities Adapter [rei_plugin_compatibilities, jei]/"
[20:47:20] [REI-ReloadPlugins/TRACE] [REI] [REIClientPlugin START] Reloading Section: "reloadable-plugin/SearchRuntime/JEI Plugin [JEIPlugin:kubejs:jei] of REI Plugin Compatibilities Adapter [rei_plugin_compatibilities, jei]/" done in 25.70 μs
[20:47:20] [REI-ReloadPlugins/TRACE] [REI] [REIClientPlugin START] Reloading Section: "reloadable-plugin/SearchRuntime/JEI Plugin [JEIIntegration:fluxnetworks:jei] of REI Plugin Compatibilities Adapter [rei_plugin_compatibilities, jei]/"
[20:47:20] [REI-ReloadPlugins/TRACE] [REI] [REIClientPlugin START] Reloading Section: "reloadable-plugin/SearchRuntime/JEI Plugin [JEIIntegration:fluxnetworks:jei] of REI Plugin Compatibilities Adapter [rei_plugin_compatibilities, jei]/" done in 21.50 μs
[20:47:20] [REI-ReloadPlugins/TRACE] [REI] [REIClientPlugin START] Reloading Section: "reloadable-plugin/SearchRuntime/JEI Plugin [CreateJEI:create:jei_plugin] of REI Plugin Compatibilities Adapter [rei_plugin_compatibilities, jei]/"
[20:47:20] [REI-ReloadPlugins/TRACE] [REI] [REIClientPlugin START] Reloading Section: "reloadable-plugin/SearchRuntime/JEI Plugin [CreateJEI:create:jei_plugin] of REI Plugin Compatibilities Adapter [rei_plugin_compatibilities, jei]/" done in 22.20 μs
[20:47:20] [REI-ReloadPlugins/TRACE] [REI] [REIClientPlugin START] Reloading Section: "reloadable-plugin/SearchRuntime/JEI Plugin [JEIPlugin:ae2:core] of REI Plugin Compatibilities Adapter [rei_plugin_compatibilities, jei]/"
[20:47:20] [REI-ReloadPlugins/TRACE] [REI] [REIClientPlugin START] Reloading Section: "reloadable-plugin/SearchRuntime/JEI Plugin [JEIPlugin:ae2:core] of REI Plugin Compatibilities Adapter [rei_plugin_compatibilities, jei]/" done in 20.70 μs
[20:47:20] [REI-ReloadPlugins/TRACE] [REI] [REIClientPlugin START] Reloading Section: "reloadable-plugin/SearchRuntime/JEI Plugin [JEICompat:jade:main] of REI Plugin Compatibilities Adapter [rei_plugin_compatibilities, jei]/"
[20:47:20] [REI-ReloadPlugins/TRACE] [REI] [REIClientPlugin START] Reloading Section: "reloadable-plugin/SearchRuntime/JEI Plugin [JEICompat:jade:main] of REI Plugin Compatibilities Adapter [rei_plugin_compatibilities, jei]/" done in 21.00 μs
[20:47:20] [REI-ReloadPlugins/TRACE] [REI] [REIClientPlugin START] Reloading Section: "reloadable-plugin/SearchRuntime/JEI Plugin [JEIPlugin:ldlib:jei_plugin] of REI Plugin Compatibilities Adapter [rei_plugin_compatibilities, jei]/"
[20:47:20] [REI-ReloadPlugins/TRACE] [REI] [REIClientPlugin START] Reloading Section: "reloadable-plugin/SearchRuntime/JEI Plugin [JEIPlugin:ldlib:jei_plugin] of REI Plugin Compatibilities Adapter [rei_plugin_compatibilities, jei]/" done in 21.30 μs
[20:47:20] [REI-ReloadPlugins/TRACE] [REI] [REIClientPlugin START] Reloading Section: "reloadable-plugin/SearchRuntime/JEI Plugin [BCJeiPlugin:bibliocraft:jei_plugin] of REI Plugin Compatibilities Adapter [rei_plugin_compatibilities, jei]/"
[20:47:20] [REI-ReloadPlugins/TRACE] [REI] [REIClientPlugin START] Reloading Section: "reloadable-plugin/SearchRuntime/JEI Plugin [BCJeiPlugin:bibliocraft:jei_plugin] of REI Plugin Compatibilities Adapter [rei_plugin_compatibilities, jei]/" done in 21.40 μs
[20:47:20] [REI-ReloadPlugins/TRACE] [REI] [REIClientPlugin START] Reloading Section: "reloadable-plugin/SearchRuntime/GTREIPlugin of GTREIPlugin [gtceu]/"
[20:47:20] [REI-ReloadPlugins/TRACE] [REI] [REIClientPlugin START] Reloading Section: "reloadable-plugin/SearchRuntime/GTREIPlugin of GTREIPlugin [gtceu]/" done in 33.30 μs
[20:47:20] [REI-ReloadPlugins/TRACE] [REI] [REIClientPlugin START] Reloading Section: "reloadable-plugin/SearchRuntime/FramedReiPlugin of FramedReiPlugin [framedblocks]/"
[20:47:20] [REI-ReloadPlugins/TRACE] [REI] [REIClientPlugin START] Reloading Section: "reloadable-plugin/SearchRuntime/FramedReiPlugin of FramedReiPlugin [framedblocks]/" done in 49.50 μs
[20:47:20] [REI-ReloadPlugins/TRACE] [REI] [REIClientPlugin START] Reloading Section: "reloadable-plugin/SearchRuntime/REIPluginImpl of REIPluginImpl [ldlib]/"
[20:47:20] [REI-ReloadPlugins/TRACE] [REI] [REIClientPlugin START] Reloading Section: "reloadable-plugin/SearchRuntime/REIPluginImpl of REIPluginImpl [ldlib]/" done in 13.30 μs
[20:47:20] [REI-ReloadPlugins/TRACE] [REI] [REIClientPlugin START] Reloading Section: "reloadable-plugin/SearchRuntime/REI Plugin Compatibilities Client Handler of REI Plugin Compatibilities Client Handler [rei_plugin_compatibilities, jei]/"
[20:47:20] [REI-ReloadPlugins/TRACE] [REI] [REIClientPlugin START] Reloading Section: "reloadable-plugin/SearchRuntime/REI Plugin Compatibilities Client Handler of REI Plugin Compatibilities Client Handler [rei_plugin_compatibilities, jei]/" done in 12.30 μs
[20:47:20] [REI-ReloadPlugins/TRACE] [REI] [REIClientPlugin START] Reloading Section: "reloadable-plugin/SearchRuntime/REIForgePluginStub of REIForgePluginStub [ftblibrary]/"
[20:47:20] [REI-ReloadPlugins/TRACE] [REI] [REIClientPlugin START] Reloading Section: "reloadable-plugin/SearchRuntime/REIForgePluginStub of REIForgePluginStub [ftblibrary]/" done in 11.10 μs
[20:47:20] [REI-ReloadPlugins/TRACE] [REI] [REIClientPlugin START] Reloading Section: "reloadable-plugin/SearchRuntime/AE2 of AE2 [ae2]/"
[20:47:20] [REI-ReloadPlugins/TRACE] [REI] [REIClientPlugin START] Reloading Section: "reloadable-plugin/SearchRuntime/AE2 of AE2 [ae2]/" done in 12.00 μs
[20:47:20] [REI-ReloadPlugins/TRACE] [REI] [REIClientPlugin START] Reloading Section: "reloadable-plugin/SearchRuntime/HideIngredientsFromTagsPlugin of HideIngredientsFromTagsPlugin [roughlyenoughitems]/"
[20:47:20] [REI-ReloadPlugins/TRACE] [REI] [REIClientPlugin START] Reloading Section: "reloadable-plugin/SearchRuntime/HideIngredientsFromTagsPlugin of HideIngredientsFromTagsPlugin [roughlyenoughitems]/" done in 13.80 μs
[20:47:20] [REI-ReloadPlugins/TRACE] [REI] [REIClientPlugin START] Reloading Section: "reloadable-plugin/SearchRuntime/DefaultClientRuntimePlugin of DefaultClientRuntimePlugin [roughlyenoughitems]/"
[20:47:20] [REI-ReloadPlugins/TRACE] [REI] [REIClientPlugin START] Reloading Section: "reloadable-plugin/SearchRuntime/DefaultClientRuntimePlugin of DefaultClientRuntimePlugin [roughlyenoughitems]/" done in 12.20 μs
[20:47:20] [REI-ReloadPlugins/TRACE] [REI] [REIClientPlugin START] Reloading Section: "reloadable-plugin/SearchRuntime/REIForgePluginStub of REIForgePluginStub [kubejs]/"
[20:47:20] [REI-ReloadPlugins/TRACE] [REI] [REIClientPlugin START] Reloading Section: "reloadable-plugin/SearchRuntime/REIForgePluginStub of REIForgePluginStub [kubejs]/" done in 11.00 μs
[20:47:20] [REI-ReloadPlugins/TRACE] [REI] [REIClientPlugin START] Reloading Section: "reloadable-plugin/SearchRuntime/" done in 1.445 ms
[20:47:20] [REI-ReloadPlugins/TRACE] [REI] [REIClientPlugin START] Reloading Section: "reloadable-plugin/REIRuntimeImpl/"
[20:47:20] [REI-ReloadPlugins/TRACE] [REI] [REIClientPlugin START] Reloading Section: "reloadable-plugin/REIRuntimeImpl/DefaultClientPluginImpl of DefaultClientPluginImpl [roughlyenoughitems]/"
[20:47:20] [REI-ReloadPlugins/TRACE] [REI] [REIClientPlugin START] Reloading Section: "reloadable-plugin/REIRuntimeImpl/DefaultClientPluginImpl of DefaultClientPluginImpl [roughlyenoughitems]/" done in 13.00 μs
[20:47:20] [REI-ReloadPlugins/TRACE] [REI] [REIClientPlugin START] Reloading Section: "reloadable-plugin/REIRuntimeImpl/JEI Plugin [CreateAdditionJEI:createaddition:jei_plugin] of REI Plugin Compatibilities Adapter [rei_plugin_compatibilities, jei]/"
[20:47:20] [REI-ReloadPlugins/TRACE] [REI] [REIClientPlugin START] Reloading Section: "reloadable-plugin/REIRuntimeImpl/JEI Plugin [CreateAdditionJEI:createaddition:jei_plugin] of REI Plugin Compatibilities Adapter [rei_plugin_compatibilities, jei]/" done in 12.30 μs
[20:47:20] [REI-ReloadPlugins/TRACE] [REI] [REIClientPlugin START] Reloading Section: "reloadable-plugin/REIRuntimeImpl/JEI Plugin [PolyJEIPlugin:polylib:jei_plugin] of REI Plugin Compatibilities Adapter [rei_plugin_compatibilities, jei]/"
[20:47:20] [REI-ReloadPlugins/TRACE] [REI] [REIClientPlugin START] Reloading Section: "reloadable-plugin/REIRuntimeImpl/JEI Plugin [PolyJEIPlugin:polylib:jei_plugin] of REI Plugin Compatibilities Adapter [rei_plugin_compatibilities, jei]/" done in 15.00 μs
[20:47:20] [REI-ReloadPlugins/TRACE] [REI] [REIClientPlugin START] Reloading Section: "reloadable-plugin/REIRuntimeImpl/JEI Plugin [GTSEJEIPlugin:gregtech_steam_expansion:jei_plugin] of REI Plugin Compatibilities Adapter [rei_plugin_compatibilities, jei]/"
[20:47:20] [REI-ReloadPlugins/TRACE] [REI] [REIClientPlugin START] Reloading Section: "reloadable-plugin/REIRuntimeImpl/JEI Plugin [GTSEJEIPlugin:gregtech_steam_expansion:jei_plugin] of REI Plugin Compatibilities Adapter [rei_plugin_compatibilities, jei]/" done in 11.40 μs
[20:47:20] [REI-ReloadPlugins/TRACE] [REI] [REIClientPlugin START] Reloading Section: "reloadable-plugin/REIRuntimeImpl/JEI Plugin [GTJEIPlugin:gtceu:jei_plugin] of REI Plugin Compatibilities Adapter [rei_plugin_compatibilities, jei]/"
[20:47:20] [REI-ReloadPlugins/TRACE] [REI] [REIClientPlugin START] Reloading Section: "reloadable-plugin/REIRuntimeImpl/JEI Plugin [GTJEIPlugin:gtceu:jei_plugin] of REI Plugin Compatibilities Adapter [rei_plugin_compatibilities, jei]/" done in 11.10 μs
[20:47:20] [REI-ReloadPlugins/TRACE] [REI] [REIClientPlugin START] Reloading Section: "reloadable-plugin/REIRuntimeImpl/JEI Plugin [JEIIntegration:ftblibrary:jei] of REI Plugin Compatibilities Adapter [rei_plugin_compatibilities, jei]/"
[20:47:20] [REI-ReloadPlugins/TRACE] [REI] [REIClientPlugin START] Reloading Section: "reloadable-plugin/REIRuntimeImpl/JEI Plugin [JEIIntegration:ftblibrary:jei] of REI Plugin Compatibilities Adapter [rei_plugin_compatibilities, jei]/" done in 11.40 μs
[20:47:20] [REI-ReloadPlugins/TRACE] [REI] [REIClientPlugin START] Reloading Section: "reloadable-plugin/REIRuntimeImpl/JEI Plugin [JEIPlugin:kubejs:jei] of REI Plugin Compatibilities Adapter [rei_plugin_compatibilities, jei]/"
[20:47:20] [REI-ReloadPlugins/TRACE] [REI] [REIClientPlugin START] Reloading Section: "reloadable-plugin/REIRuntimeImpl/JEI Plugin [JEIPlugin:kubejs:jei] of REI Plugin Compatibilities Adapter [rei_plugin_compatibilities, jei]/" done in 11.60 μs
[20:47:20] [REI-ReloadPlugins/TRACE] [REI] [REIClientPlugin START] Reloading Section: "reloadable-plugin/REIRuntimeImpl/JEI Plugin [JEIIntegration:fluxnetworks:jei] of REI Plugin Compatibilities Adapter [rei_plugin_compatibilities, jei]/"
[20:47:20] [REI-ReloadPlugins/TRACE] [REI] [REIClientPlugin START] Reloading Section: "reloadable-plugin/REIRuntimeImpl/JEI Plugin [JEIIntegration:fluxnetworks:jei] of REI Plugin Compatibilities Adapter [rei_plugin_compatibilities, jei]/" done in 10.90 μs
[20:47:20] [REI-ReloadPlugins/TRACE] [REI] [REIClientPlugin START] Reloading Section: "reloadable-plugin/REIRuntimeImpl/JEI Plugin [CreateJEI:create:jei_plugin] of REI Plugin Compatibilities Adapter [rei_plugin_compatibilities, jei]/"
[20:47:20] [REI-ReloadPlugins/TRACE] [REI] [REIClientPlugin START] Reloading Section: "reloadable-plugin/REIRuntimeImpl/JEI Plugin [CreateJEI:create:jei_plugin] of REI Plugin Compatibilities Adapter [rei_plugin_compatibilities, jei]/" done in 11.30 μs
[20:47:20] [REI-ReloadPlugins/TRACE] [REI] [REIClientPlugin START] Reloading Section: "reloadable-plugin/REIRuntimeImpl/JEI Plugin [JEIPlugin:ae2:core] of REI Plugin Compatibilities Adapter [rei_plugin_compatibilities, jei]/"
[20:47:20] [REI-ReloadPlugins/TRACE] [REI] [REIClientPlugin START] Reloading Section: "reloadable-plugin/REIRuntimeImpl/JEI Plugin [JEIPlugin:ae2:core] of REI Plugin Compatibilities Adapter [rei_plugin_compatibilities, jei]/" done in 11.20 μs
[20:47:20] [REI-ReloadPlugins/TRACE] [REI] [REIClientPlugin START] Reloading Section: "reloadable-plugin/REIRuntimeImpl/JEI Plugin [JEICompat:jade:main] of REI Plugin Compatibilities Adapter [rei_plugin_compatibilities, jei]/"
[20:47:20] [REI-ReloadPlugins/TRACE] [REI] [REIClientPlugin START] Reloading Section: "reloadable-plugin/REIRuntimeImpl/JEI Plugin [JEICompat:jade:main] of REI Plugin Compatibilities Adapter [rei_plugin_compatibilities, jei]/" done in 14.40 μs
[20:47:20] [REI-ReloadPlugins/TRACE] [REI] [REIClientPlugin START] Reloading Section: "reloadable-plugin/REIRuntimeImpl/JEI Plugin [JEIPlugin:ldlib:jei_plugin] of REI Plugin Compatibilities Adapter [rei_plugin_compatibilities, jei]/"
[20:47:20] [REI-ReloadPlugins/TRACE] [REI] [REIClientPlugin START] Reloading Section: "reloadable-plugin/REIRuntimeImpl/JEI Plugin [JEIPlugin:ldlib:jei_plugin] of REI Plugin Compatibilities Adapter [rei_plugin_compatibilities, jei]/" done in 12.50 μs
[20:47:20] [REI-ReloadPlugins/TRACE] [REI] [REIClientPlugin START] Reloading Section: "reloadable-plugin/REIRuntimeImpl/JEI Plugin [BCJeiPlugin:bibliocraft:jei_plugin] of REI Plugin Compatibilities Adapter [rei_plugin_compatibilities, jei]/"
[20:47:20] [REI-ReloadPlugins/TRACE] [REI] [REIClientPlugin START] Reloading Section: "reloadable-plugin/REIRuntimeImpl/JEI Plugin [BCJeiPlugin:bibliocraft:jei_plugin] of REI Plugin Compatibilities Adapter [rei_plugin_compatibilities, jei]/" done in 12.00 μs
[20:47:20] [REI-ReloadPlugins/TRACE] [REI] [REIClientPlugin START] Reloading Section: "reloadable-plugin/REIRuntimeImpl/GTREIPlugin of GTREIPlugin [gtceu]/"
[20:47:20] [REI-ReloadPlugins/TRACE] [REI] [REIClientPlugin START] Reloading Section: "reloadable-plugin/REIRuntimeImpl/GTREIPlugin of GTREIPlugin [gtceu]/" done in 11.20 μs
[20:47:20] [REI-ReloadPlugins/TRACE] [REI] [REIClientPlugin START] Reloading Section: "reloadable-plugin/REIRuntimeImpl/FramedReiPlugin of FramedReiPlugin [framedblocks]/"
[20:47:20] [REI-ReloadPlugins/TRACE] [REI] [REIClientPlugin START] Reloading Section: "reloadable-plugin/REIRuntimeImpl/FramedReiPlugin of FramedReiPlugin [framedblocks]/" done in 11.00 μs
[20:47:20] [REI-ReloadPlugins/TRACE] [REI] [REIClientPlugin START] Reloading Section: "reloadable-plugin/REIRuntimeImpl/REIPluginImpl of REIPluginImpl [ldlib]/"
[20:47:20] [REI-ReloadPlugins/TRACE] [REI] [REIClientPlugin START] Reloading Section: "reloadable-plugin/REIRuntimeImpl/REIPluginImpl of REIPluginImpl [ldlib]/" done in 11.50 μs
[20:47:20] [REI-ReloadPlugins/TRACE] [REI] [REIClientPlugin START] Reloading Section: "reloadable-plugin/REIRuntimeImpl/REI Plugin Compatibilities Client Handler of REI Plugin Compatibilities Client Handler [rei_plugin_compatibilities, jei]/"
[20:47:20] [REI-ReloadPlugins/TRACE] [REI] [REIClientPlugin START] Reloading Section: "reloadable-plugin/REIRuntimeImpl/REI Plugin Compatibilities Client Handler of REI Plugin Compatibilities Client Handler [rei_plugin_compatibilities, jei]/" done in 11.20 μs
[20:47:20] [REI-ReloadPlugins/TRACE] [REI] [REIClientPlugin START] Reloading Section: "reloadable-plugin/REIRuntimeImpl/REIForgePluginStub of REIForgePluginStub [ftblibrary]/"
[20:47:20] [REI-ReloadPlugins/TRACE] [REI] [REIClientPlugin START] Reloading Section: "reloadable-plugin/REIRuntimeImpl/REIForgePluginStub of REIForgePluginStub [ftblibrary]/" done in 11.30 μs
[20:47:20] [REI-ReloadPlugins/TRACE] [REI] [REIClientPlugin START] Reloading Section: "reloadable-plugin/REIRuntimeImpl/AE2 of AE2 [ae2]/"
[20:47:20] [REI-ReloadPlugins/TRACE] [REI] [REIClientPlugin START] Reloading Section: "reloadable-plugin/REIRuntimeImpl/AE2 of AE2 [ae2]/" done in 11.50 μs
[20:47:20] [REI-ReloadPlugins/TRACE] [REI] [REIClientPlugin START] Reloading Section: "reloadable-plugin/REIRuntimeImpl/HideIngredientsFromTagsPlugin of HideIngredientsFromTagsPlugin [roughlyenoughitems]/"
[20:47:20] [REI-ReloadPlugins/TRACE] [REI] [REIClientPlugin START] Reloading Section: "reloadable-plugin/REIRuntimeImpl/HideIngredientsFromTagsPlugin of HideIngredientsFromTagsPlugin [roughlyenoughitems]/" done in 11.20 μs
[20:47:20] [REI-ReloadPlugins/TRACE] [REI] [REIClientPlugin START] Reloading Section: "reloadable-plugin/REIRuntimeImpl/DefaultClientRuntimePlugin of DefaultClientRuntimePlugin [roughlyenoughitems]/"
[20:47:20] [REI-ReloadPlugins/TRACE] [REI] [REIClientPlugin START] Reloading Section: "reloadable-plugin/REIRuntimeImpl/DefaultClientRuntimePlugin of DefaultClientRuntimePlugin [roughlyenoughitems]/" done in 13.10 μs
[20:47:20] [REI-ReloadPlugins/TRACE] [REI] [REIClientPlugin START] Reloading Section: "reloadable-plugin/REIRuntimeImpl/REIForgePluginStub of REIForgePluginStub [kubejs]/"
[20:47:20] [REI-ReloadPlugins/TRACE] [REI] [REIClientPlugin START] Reloading Section: "reloadable-plugin/REIRuntimeImpl/REIForgePluginStub of REIForgePluginStub [kubejs]/" done in 11.60 μs
[20:47:20] [REI-ReloadPlugins/TRACE] [REI] [REIClientPlugin START] Reloading Section: "reloadable-plugin/REIRuntimeImpl/" done in 809.6 μs
[20:47:20] [REI-ReloadPlugins/TRACE] [REI] [REIClientPlugin START] Reloading Section: "reloadable-plugin/ConfigAddonRegistryImpl/"
[20:47:20] [REI-ReloadPlugins/TRACE] [REI] [REIClientPlugin START] Reloading Section: "reloadable-plugin/ConfigAddonRegistryImpl/DefaultClientPluginImpl of DefaultClientPluginImpl [roughlyenoughitems]/"
[20:47:20] [REI-ReloadPlugins/TRACE] [REI] [REIClientPlugin START] Reloading Section: "reloadable-plugin/ConfigAddonRegistryImpl/DefaultClientPluginImpl of DefaultClientPluginImpl [roughlyenoughitems]/" done in 34.70 μs
[20:47:20] [REI-ReloadPlugins/TRACE] [REI] [REIClientPlugin START] Reloading Section: "reloadable-plugin/ConfigAddonRegistryImpl/JEI Plugin [CreateAdditionJEI:createaddition:jei_plugin] of REI Plugin Compatibilities Adapter [rei_plugin_compatibilities, jei]/"
[20:47:20] [REI-ReloadPlugins/TRACE] [REI] [REIClientPlugin START] Reloading Section: "reloadable-plugin/ConfigAddonRegistryImpl/JEI Plugin [CreateAdditionJEI:createaddition:jei_plugin] of REI Plugin Compatibilities Adapter [rei_plugin_compatibilities, jei]/" done in 12.50 μs
[20:47:20] [REI-ReloadPlugins/TRACE] [REI] [REIClientPlugin START] Reloading Section: "reloadable-plugin/ConfigAddonRegistryImpl/JEI Plugin [PolyJEIPlugin:polylib:jei_plugin] of REI Plugin Compatibilities Adapter [rei_plugin_compatibilities, jei]/"
[20:47:20] [REI-ReloadPlugins/TRACE] [REI] [REIClientPlugin START] Reloading Section: "reloadable-plugin/ConfigAddonRegistryImpl/JEI Plugin [PolyJEIPlugin:polylib:jei_plugin] of REI Plugin Compatibilities Adapter [rei_plugin_compatibilities, jei]/" done in 11.20 μs
[20:47:20] [REI-ReloadPlugins/TRACE] [REI] [REIClientPlugin START] Reloading Section: "reloadable-plugin/ConfigAddonRegistryImpl/JEI Plugin [GTSEJEIPlugin:gregtech_steam_expansion:jei_plugin] of REI Plugin Compatibilities Adapter [rei_plugin_compatibilities, jei]/"
[20:47:20] [REI-ReloadPlugins/TRACE] [REI] [REIClientPlugin START] Reloading Section: "reloadable-plugin/ConfigAddonRegistryImpl/JEI Plugin [GTSEJEIPlugin:gregtech_steam_expansion:jei_plugin] of REI Plugin Compatibilities Adapter [rei_plugin_compatibilities, jei]/" done in 11.90 μs
[20:47:20] [REI-ReloadPlugins/TRACE] [REI] [REIClientPlugin START] Reloading Section: "reloadable-plugin/ConfigAddonRegistryImpl/JEI Plugin [GTJEIPlugin:gtceu:jei_plugin] of REI Plugin Compatibilities Adapter [rei_plugin_compatibilities, jei]/"
[20:47:20] [REI-ReloadPlugins/TRACE] [REI] [REIClientPlugin START] Reloading Section: "reloadable-plugin/ConfigAddonRegistryImpl/JEI Plugin [GTJEIPlugin:gtceu:jei_plugin] of REI Plugin Compatibilities Adapter [rei_plugin_compatibilities, jei]/" done in 11.40 μs
[20:47:20] [REI-ReloadPlugins/TRACE] [REI] [REIClientPlugin START] Reloading Section: "reloadable-plugin/ConfigAddonRegistryImpl/JEI Plugin [JEIIntegration:ftblibrary:jei] of REI Plugin Compatibilities Adapter [rei_plugin_compatibilities, jei]/"
[20:47:20] [REI-ReloadPlugins/TRACE] [REI] [REIClientPlugin START] Reloading Section: "reloadable-plugin/ConfigAddonRegistryImpl/JEI Plugin [JEIIntegration:ftblibrary:jei] of REI Plugin Compatibilities Adapter [rei_plugin_compatibilities, jei]/" done in 11.10 μs
[20:47:20] [REI-ReloadPlugins/TRACE] [REI] [REIClientPlugin START] Reloading Section: "reloadable-plugin/ConfigAddonRegistryImpl/JEI Plugin [JEIPlugin:kubejs:jei] of REI Plugin Compatibilities Adapter [rei_plugin_compatibilities, jei]/"
[20:47:20] [REI-ReloadPlugins/TRACE] [REI] [REIClientPlugin START] Reloading Section: "reloadable-plugin/ConfigAddonRegistryImpl/JEI Plugin [JEIPlugin:kubejs:jei] of REI Plugin Compatibilities Adapter [rei_plugin_compatibilities, jei]/" done in 20.30 μs
[20:47:20] [REI-ReloadPlugins/TRACE] [REI] [REIClientPlugin START] Reloading Section: "reloadable-plugin/ConfigAddonRegistryImpl/JEI Plugin [JEIIntegration:fluxnetworks:jei] of REI Plugin Compatibilities Adapter [rei_plugin_compatibilities, jei]/"
[20:47:20] [REI-ReloadPlugins/TRACE] [REI] [REIClientPlugin START] Reloading Section: "reloadable-plugin/ConfigAddonRegistryImpl/JEI Plugin [JEIIntegration:fluxnetworks:jei] of REI Plugin Compatibilities Adapter [rei_plugin_compatibilities, jei]/" done in 11.00 μs
[20:47:20] [REI-ReloadPlugins/TRACE] [REI] [REIClientPlugin START] Reloading Section: "reloadable-plugin/ConfigAddonRegistryImpl/JEI Plugin [CreateJEI:create:jei_plugin] of REI Plugin Compatibilities Adapter [rei_plugin_compatibilities, jei]/"
[20:47:20] [REI-ReloadPlugins/TRACE] [REI] [REIClientPlugin START] Reloading Section: "reloadable-plugin/ConfigAddonRegistryImpl/JEI Plugin [CreateJEI:create:jei_plugin] of REI Plugin Compatibilities Adapter [rei_plugin_compatibilities, jei]/" done in 11.50 μs
[20:47:20] [REI-ReloadPlugins/TRACE] [REI] [REIClientPlugin START] Reloading Section: "reloadable-plugin/ConfigAddonRegistryImpl/JEI Plugin [JEIPlugin:ae2:core] of REI Plugin Compatibilities Adapter [rei_plugin_compatibilities, jei]/"
[20:47:20] [REI-ReloadPlugins/TRACE] [REI] [REIClientPlugin START] Reloading Section: "reloadable-plugin/ConfigAddonRegistryImpl/JEI Plugin [JEIPlugin:ae2:core] of REI Plugin Compatibilities Adapter [rei_plugin_compatibilities, jei]/" done in 11.40 μs
[20:47:20] [REI-ReloadPlugins/TRACE] [REI] [REIClientPlugin START] Reloading Section: "reloadable-plugin/ConfigAddonRegistryImpl/JEI Plugin [JEICompat:jade:main] of REI Plugin Compatibilities Adapter [rei_plugin_compatibilities, jei]/"
[20:47:20] [REI-ReloadPlugins/TRACE] [REI] [REIClientPlugin START] Reloading Section: "reloadable-plugin/ConfigAddonRegistryImpl/JEI Plugin [JEICompat:jade:main] of REI Plugin Compatibilities Adapter [rei_plugin_compatibilities, jei]/" done in 11.20 μs
[20:47:20] [REI-ReloadPlugins/TRACE] [REI] [REIClientPlugin START] Reloading Section: "reloadable-plugin/ConfigAddonRegistryImpl/JEI Plugin [JEIPlugin:ldlib:jei_plugin] of REI Plugin Compatibilities Adapter [rei_plugin_compatibilities, jei]/"
[20:47:20] [REI-ReloadPlugins/TRACE] [REI] [REIClientPlugin START] Reloading Section: "reloadable-plugin/ConfigAddonRegistryImpl/JEI Plugin [JEIPlugin:ldlib:jei_plugin] of REI Plugin Compatibilities Adapter [rei_plugin_compatibilities, jei]/" done in 12.80 μs
[20:47:20] [REI-ReloadPlugins/TRACE] [REI] [REIClientPlugin START] Reloading Section: "reloadable-plugin/ConfigAddonRegistryImpl/JEI Plugin [BCJeiPlugin:bibliocraft:jei_plugin] of REI Plugin Compatibilities Adapter [rei_plugin_compatibilities, jei]/"
[20:47:20] [REI-ReloadPlugins/TRACE] [REI] [REIClientPlugin START] Reloading Section: "reloadable-plugin/ConfigAddonRegistryImpl/JEI Plugin [BCJeiPlugin:bibliocraft:jei_plugin] of REI Plugin Compatibilities Adapter [rei_plugin_compatibilities, jei]/" done in 11.20 μs
[20:47:20] [REI-ReloadPlugins/TRACE] [REI] [REIClientPlugin START] Reloading Section: "reloadable-plugin/ConfigAddonRegistryImpl/GTREIPlugin of GTREIPlugin [gtceu]/"
[20:47:20] [REI-ReloadPlugins/TRACE] [REI] [REIClientPlugin START] Reloading Section: "reloadable-plugin/ConfigAddonRegistryImpl/GTREIPlugin of GTREIPlugin [gtceu]/" done in 11.10 μs
[20:47:20] [REI-ReloadPlugins/TRACE] [REI] [REIClientPlugin START] Reloading Section: "reloadable-plugin/ConfigAddonRegistryImpl/FramedReiPlugin of FramedReiPlugin [framedblocks]/"
[20:47:20] [REI-ReloadPlugins/TRACE] [REI] [REIClientPlugin START] Reloading Section: "reloadable-plugin/ConfigAddonRegistryImpl/FramedReiPlugin of FramedReiPlugin [framedblocks]/" done in 11.60 μs
[20:47:20] [REI-ReloadPlugins/TRACE] [REI] [REIClientPlugin START] Reloading Section: "reloadable-plugin/ConfigAddonRegistryImpl/REIPluginImpl of REIPluginImpl [ldlib]/"
[20:47:20] [REI-ReloadPlugins/TRACE] [REI] [REIClientPlugin START] Reloading Section: "reloadable-plugin/ConfigAddonRegistryImpl/REIPluginImpl of REIPluginImpl [ldlib]/" done in 12.40 μs
[20:47:20] [REI-ReloadPlugins/TRACE] [REI] [REIClientPlugin START] Reloading Section: "reloadable-plugin/ConfigAddonRegistryImpl/REI Plugin Compatibilities Client Handler of REI Plugin Compatibilities Client Handler [rei_plugin_compatibilities, jei]/"
[20:47:20] [REI-ReloadPlugins/TRACE] [REI] [REIClientPlugin START] Reloading Section: "reloadable-plugin/ConfigAddonRegistryImpl/REI Plugin Compatibilities Client Handler of REI Plugin Compatibilities Client Handler [rei_plugin_compatibilities, jei]/" done in 10.70 μs
[20:47:20] [REI-ReloadPlugins/TRACE] [REI] [REIClientPlugin START] Reloading Section: "reloadable-plugin/ConfigAddonRegistryImpl/REIForgePluginStub of REIForgePluginStub [ftblibrary]/"
[20:47:20] [REI-ReloadPlugins/TRACE] [REI] [REIClientPlugin START] Reloading Section: "reloadable-plugin/ConfigAddonRegistryImpl/REIForgePluginStub of REIForgePluginStub [ftblibrary]/" done in 11.20 μs
[20:47:20] [REI-ReloadPlugins/TRACE] [REI] [REIClientPlugin START] Reloading Section: "reloadable-plugin/ConfigAddonRegistryImpl/AE2 of AE2 [ae2]/"
[20:47:20] [REI-ReloadPlugins/TRACE] [REI] [REIClientPlugin START] Reloading Section: "reloadable-plugin/ConfigAddonRegistryImpl/AE2 of AE2 [ae2]/" done in 12.50 μs
[20:47:20] [REI-ReloadPlugins/TRACE] [REI] [REIClientPlugin START] Reloading Section: "reloadable-plugin/ConfigAddonRegistryImpl/HideIngredientsFromTagsPlugin of HideIngredientsFromTagsPlugin [roughlyenoughitems]/"
[20:47:20] [REI-ReloadPlugins/TRACE] [REI] [REIClientPlugin START] Reloading Section: "reloadable-plugin/ConfigAddonRegistryImpl/HideIngredientsFromTagsPlugin of HideIngredientsFromTagsPlugin [roughlyenoughitems]/" done in 11.60 μs
[20:47:20] [REI-ReloadPlugins/TRACE] [REI] [REIClientPlugin START] Reloading Section: "reloadable-plugin/ConfigAddonRegistryImpl/DefaultClientRuntimePlugin of DefaultClientRuntimePlugin [roughlyenoughitems]/"
[20:47:20] [REI-ReloadPlugins/TRACE] [REI] [REIClientPlugin START] Reloading Section: "reloadable-plugin/ConfigAddonRegistryImpl/DefaultClientRuntimePlugin of DefaultClientRuntimePlugin [roughlyenoughitems]/" done in 11.00 μs
[20:47:20] [REI-ReloadPlugins/TRACE] [REI] [REIClientPlugin START] Reloading Section: "reloadable-plugin/ConfigAddonRegistryImpl/REIForgePluginStub of REIForgePluginStub [kubejs]/"
[20:47:20] [REI-ReloadPlugins/TRACE] [REI] [REIClientPlugin START] Reloading Section: "reloadable-plugin/ConfigAddonRegistryImpl/REIForgePluginStub of REIForgePluginStub [kubejs]/" done in 11.20 μs
[20:47:20] [REI-ReloadPlugins/TRACE] [REI] [REIClientPlugin START] Reloading Section: "reloadable-plugin/ConfigAddonRegistryImpl/" done in 801.5 μs
[20:47:20] [REI-ReloadPlugins/TRACE] [REI] [REIClientPlugin START] Reloading Section: "reloadable-plugin/me.shedaniel.rei.plugin.client.runtime.PluginStageExecutionWatcher$1/"
[20:47:20] [REI-ReloadPlugins/TRACE] [REI] [REIClientPlugin START] Reloading Section: "reloadable-plugin/me.shedaniel.rei.plugin.client.runtime.PluginStageExecutionWatcher$1/DefaultClientPluginImpl of DefaultClientPluginImpl [roughlyenoughitems]/"
[20:47:20] [REI-ReloadPlugins/TRACE] [REI] [REIClientPlugin START] Reloading Section: "reloadable-plugin/me.shedaniel.rei.plugin.client.runtime.PluginStageExecutionWatcher$1/DefaultClientPluginImpl of DefaultClientPluginImpl [roughlyenoughitems]/" done in 11.70 μs
[20:47:20] [REI-ReloadPlugins/TRACE] [REI] [REIClientPlugin START] Reloading Section: "reloadable-plugin/me.shedaniel.rei.plugin.client.runtime.PluginStageExecutionWatcher$1/JEI Plugin [CreateAdditionJEI:createaddition:jei_plugin] of REI Plugin Compatibilities Adapter [rei_plugin_compatibilities, jei]/"
[20:47:20] [REI-ReloadPlugins/TRACE] [REI] [REIClientPlugin START] Reloading Section: "reloadable-plugin/me.shedaniel.rei.plugin.client.runtime.PluginStageExecutionWatcher$1/JEI Plugin [CreateAdditionJEI:createaddition:jei_plugin] of REI Plugin Compatibilities Adapter [rei_plugin_compatibilities, jei]/" done in 14.10 μs
[20:47:20] [REI-ReloadPlugins/TRACE] [REI] [REIClientPlugin START] Reloading Section: "reloadable-plugin/me.shedaniel.rei.plugin.client.runtime.PluginStageExecutionWatcher$1/JEI Plugin [PolyJEIPlugin:polylib:jei_plugin] of REI Plugin Compatibilities Adapter [rei_plugin_compatibilities, jei]/"
[20:47:20] [REI-ReloadPlugins/TRACE] [REI] [REIClientPlugin START] Reloading Section: "reloadable-plugin/me.shedaniel.rei.plugin.client.runtime.PluginStageExecutionWatcher$1/JEI Plugin [PolyJEIPlugin:polylib:jei_plugin] of REI Plugin Compatibilities Adapter [rei_plugin_compatibilities, jei]/" done in 28.20 μs
[20:47:20] [REI-ReloadPlugins/TRACE] [REI] [REIClientPlugin START] Reloading Section: "reloadable-plugin/me.shedaniel.rei.plugin.client.runtime.PluginStageExecutionWatcher$1/JEI Plugin [GTSEJEIPlugin:gregtech_steam_expansion:jei_plugin] of REI Plugin Compatibilities Adapter [rei_plugin_compatibilities, jei]/"
[20:47:20] [REI-ReloadPlugins/TRACE] [REI] [REIClientPlugin START] Reloading Section: "reloadable-plugin/me.shedaniel.rei.plugin.client.runtime.PluginStageExecutionWatcher$1/JEI Plugin [GTSEJEIPlugin:gregtech_steam_expansion:jei_plugin] of REI Plugin Compatibilities Adapter [rei_plugin_compatibilities, jei]/" done in 12.60 μs
[20:47:20] [REI-ReloadPlugins/TRACE] [REI] [REIClientPlugin START] Reloading Section: "reloadable-plugin/me.shedaniel.rei.plugin.client.runtime.PluginStageExecutionWatcher$1/JEI Plugin [GTJEIPlugin:gtceu:jei_plugin] of REI Plugin Compatibilities Adapter [rei_plugin_compatibilities, jei]/"
[20:47:20] [REI-ReloadPlugins/TRACE] [REI] [REIClientPlugin START] Reloading Section: "reloadable-plugin/me.shedaniel.rei.plugin.client.runtime.PluginStageExecutionWatcher$1/JEI Plugin [GTJEIPlugin:gtceu:jei_plugin] of REI Plugin Compatibilities Adapter [rei_plugin_compatibilities, jei]/" done in 11.50 μs
[20:47:20] [REI-ReloadPlugins/TRACE] [REI] [REIClientPlugin START] Reloading Section: "reloadable-plugin/me.shedaniel.rei.plugin.client.runtime.PluginStageExecutionWatcher$1/JEI Plugin [JEIIntegration:ftblibrary:jei] of REI Plugin Compatibilities Adapter [rei_plugin_compatibilities, jei]/"
[20:47:20] [REI-ReloadPlugins/TRACE] [REI] [REIClientPlugin START] Reloading Section: "reloadable-plugin/me.shedaniel.rei.plugin.client.runtime.PluginStageExecutionWatcher$1/JEI Plugin [JEIIntegration:ftblibrary:jei] of REI Plugin Compatibilities Adapter [rei_plugin_compatibilities, jei]/" done in 11.60 μs
[20:47:20] [REI-ReloadPlugins/TRACE] [REI] [REIClientPlugin START] Reloading Section: "reloadable-plugin/me.shedaniel.rei.plugin.client.runtime.PluginStageExecutionWatcher$1/JEI Plugin [JEIPlugin:kubejs:jei] of REI Plugin Compatibilities Adapter [rei_plugin_compatibilities, jei]/"
[20:47:20] [REI-ReloadPlugins/TRACE] [REI] [REIClientPlugin START] Reloading Section: "reloadable-plugin/me.shedaniel.rei.plugin.client.runtime.PluginStageExecutionWatcher$1/JEI Plugin [JEIPlugin:kubejs:jei] of REI Plugin Compatibilities Adapter [rei_plugin_compatibilities, jei]/" done in 11.10 μs
[20:47:20] [REI-ReloadPlugins/TRACE] [REI] [REIClientPlugin START] Reloading Section: "reloadable-plugin/me.shedaniel.rei.plugin.client.runtime.PluginStageExecutionWatcher$1/JEI Plugin [JEIIntegration:fluxnetworks:jei] of REI Plugin Compatibilities Adapter [rei_plugin_compatibilities, jei]/"
[20:47:20] [REI-ReloadPlugins/TRACE] [REI] [REIClientPlugin START] Reloading Section: "reloadable-plugin/me.shedaniel.rei.plugin.client.runtime.PluginStageExecutionWatcher$1/JEI Plugin [JEIIntegration:fluxnetworks:jei] of REI Plugin Compatibilities Adapter [rei_plugin_compatibilities, jei]/" done in 14.70 μs
[20:47:20] [REI-ReloadPlugins/TRACE] [REI] [REIClientPlugin START] Reloading Section: "reloadable-plugin/me.shedaniel.rei.plugin.client.runtime.PluginStageExecutionWatcher$1/JEI Plugin [CreateJEI:create:jei_plugin] of REI Plugin Compatibilities Adapter [rei_plugin_compatibilities, jei]/"
[20:47:20] [REI-ReloadPlugins/TRACE] [REI] [REIClientPlugin START] Reloading Section: "reloadable-plugin/me.shedaniel.rei.plugin.client.runtime.PluginStageExecutionWatcher$1/JEI Plugin [CreateJEI:create:jei_plugin] of REI Plugin Compatibilities Adapter [rei_plugin_compatibilities, jei]/" done in 12.80 μs
[20:47:20] [REI-ReloadPlugins/TRACE] [REI] [REIClientPlugin START] Reloading Section: "reloadable-plugin/me.shedaniel.rei.plugin.client.runtime.PluginStageExecutionWatcher$1/JEI Plugin [JEIPlugin:ae2:core] of REI Plugin Compatibilities Adapter [rei_plugin_compatibilities, jei]/"
[20:47:20] [REI-ReloadPlugins/TRACE] [REI] [REIClientPlugin START] Reloading Section: "reloadable-plugin/me.shedaniel.rei.plugin.client.runtime.PluginStageExecutionWatcher$1/JEI Plugin [JEIPlugin:ae2:core] of REI Plugin Compatibilities Adapter [rei_plugin_compatibilities, jei]/" done in 11.70 μs
[20:47:20] [REI-ReloadPlugins/TRACE] [REI] [REIClientPlugin START] Reloading Section: "reloadable-plugin/me.shedaniel.rei.plugin.client.runtime.PluginStageExecutionWatcher$1/JEI Plugin [JEICompat:jade:main] of REI Plugin Compatibilities Adapter [rei_plugin_compatibilities, jei]/"
[20:47:20] [REI-ReloadPlugins/TRACE] [REI] [REIClientPlugin START] Reloading Section: "reloadable-plugin/me.shedaniel.rei.plugin.client.runtime.PluginStageExecutionWatcher$1/JEI Plugin [JEICompat:jade:main] of REI Plugin Compatibilities Adapter [rei_plugin_compatibilities, jei]/" done in 11.20 μs
[20:47:20] [REI-ReloadPlugins/TRACE] [REI] [REIClientPlugin START] Reloading Section: "reloadable-plugin/me.shedaniel.rei.plugin.client.runtime.PluginStageExecutionWatcher$1/JEI Plugin [JEIPlugin:ldlib:jei_plugin] of REI Plugin Compatibilities Adapter [rei_plugin_compatibilities, jei]/"
[20:47:20] [REI-ReloadPlugins/TRACE] [REI] [REIClientPlugin START] Reloading Section: "reloadable-plugin/me.shedaniel.rei.plugin.client.runtime.PluginStageExecutionWatcher$1/JEI Plugin [JEIPlugin:ldlib:jei_plugin] of REI Plugin Compatibilities Adapter [rei_plugin_compatibilities, jei]/" done in 11.70 μs
[20:47:20] [REI-ReloadPlugins/TRACE] [REI] [REIClientPlugin START] Reloading Section: "reloadable-plugin/me.shedaniel.rei.plugin.client.runtime.PluginStageExecutionWatcher$1/JEI Plugin [BCJeiPlugin:bibliocraft:jei_plugin] of REI Plugin Compatibilities Adapter [rei_plugin_compatibilities, jei]/"
[20:47:20] [REI-ReloadPlugins/TRACE] [REI] [REIClientPlugin START] Reloading Section: "reloadable-plugin/me.shedaniel.rei.plugin.client.runtime.PluginStageExecutionWatcher$1/JEI Plugin [BCJeiPlugin:bibliocraft:jei_plugin] of REI Plugin Compatibilities Adapter [rei_plugin_compatibilities, jei]/" done in 11.60 μs
[20:47:20] [REI-ReloadPlugins/TRACE] [REI] [REIClientPlugin START] Reloading Section: "reloadable-plugin/me.shedaniel.rei.plugin.client.runtime.PluginStageExecutionWatcher$1/GTREIPlugin of GTREIPlugin [gtceu]/"
[20:47:20] [REI-ReloadPlugins/TRACE] [REI] [REIClientPlugin START] Reloading Section: "reloadable-plugin/me.shedaniel.rei.plugin.client.runtime.PluginStageExecutionWatcher$1/GTREIPlugin of GTREIPlugin [gtceu]/" done in 14.40 μs
[20:47:20] [REI-ReloadPlugins/TRACE] [REI] [REIClientPlugin START] Reloading Section: "reloadable-plugin/me.shedaniel.rei.plugin.client.runtime.PluginStageExecutionWatcher$1/FramedReiPlugin of FramedReiPlugin [framedblocks]/"
[20:47:20] [REI-ReloadPlugins/TRACE] [REI] [REIClientPlugin START] Reloading Section: "reloadable-plugin/me.shedaniel.rei.plugin.client.runtime.PluginStageExecutionWatcher$1/FramedReiPlugin of FramedReiPlugin [framedblocks]/" done in 11.30 μs
[20:47:20] [REI-ReloadPlugins/TRACE] [REI] [REIClientPlugin START] Reloading Section: "reloadable-plugin/me.shedaniel.rei.plugin.client.runtime.PluginStageExecutionWatcher$1/REIPluginImpl of REIPluginImpl [ldlib]/"
[20:47:20] [REI-ReloadPlugins/TRACE] [REI] [REIClientPlugin START] Reloading Section: "reloadable-plugin/me.shedaniel.rei.plugin.client.runtime.PluginStageExecutionWatcher$1/REIPluginImpl of REIPluginImpl [ldlib]/" done in 11.20 μs
[20:47:20] [REI-ReloadPlugins/TRACE] [REI] [REIClientPlugin START] Reloading Section: "reloadable-plugin/me.shedaniel.rei.plugin.client.runtime.PluginStageExecutionWatcher$1/REI Plugin Compatibilities Client Handler of REI Plugin Compatibilities Client Handler [rei_plugin_compatibilities, jei]/"
[20:47:20] [REI-ReloadPlugins/TRACE] [REI] [REIClientPlugin START] Reloading Section: "reloadable-plugin/me.shedaniel.rei.plugin.client.runtime.PluginStageExecutionWatcher$1/REI Plugin Compatibilities Client Handler of REI Plugin Compatibilities Client Handler [rei_plugin_compatibilities, jei]/" done in 11.60 μs
[20:47:20] [REI-ReloadPlugins/TRACE] [REI] [REIClientPlugin START] Reloading Section: "reloadable-plugin/me.shedaniel.rei.plugin.client.runtime.PluginStageExecutionWatcher$1/REIForgePluginStub of REIForgePluginStub [ftblibrary]/"
[20:47:20] [REI-ReloadPlugins/TRACE] [REI] [REIClientPlugin START] Reloading Section: "reloadable-plugin/me.shedaniel.rei.plugin.client.runtime.PluginStageExecutionWatcher$1/REIForgePluginStub of REIForgePluginStub [ftblibrary]/" done in 11.70 μs
[20:47:20] [REI-ReloadPlugins/TRACE] [REI] [REIClientPlugin START] Reloading Section: "reloadable-plugin/me.shedaniel.rei.plugin.client.runtime.PluginStageExecutionWatcher$1/AE2 of AE2 [ae2]/"
[20:47:20] [REI-ReloadPlugins/TRACE] [REI] [REIClientPlugin START] Reloading Section: "reloadable-plugin/me.shedaniel.rei.plugin.client.runtime.PluginStageExecutionWatcher$1/AE2 of AE2 [ae2]/" done in 11.60 μs
[20:47:20] [REI-ReloadPlugins/TRACE] [REI] [REIClientPlugin START] Reloading Section: "reloadable-plugin/me.shedaniel.rei.plugin.client.runtime.PluginStageExecutionWatcher$1/HideIngredientsFromTagsPlugin of HideIngredientsFromTagsPlugin [roughlyenoughitems]/"
[20:47:20] [REI-ReloadPlugins/TRACE] [REI] [REIClientPlugin START] Reloading Section: "reloadable-plugin/me.shedaniel.rei.plugin.client.runtime.PluginStageExecutionWatcher$1/HideIngredientsFromTagsPlugin of HideIngredientsFromTagsPlugin [roughlyenoughitems]/" done in 11.40 μs
[20:47:20] [REI-ReloadPlugins/TRACE] [REI] [REIClientPlugin START] Reloading Section: "reloadable-plugin/me.shedaniel.rei.plugin.client.runtime.PluginStageExecutionWatcher$1/DefaultClientRuntimePlugin of DefaultClientRuntimePlugin [roughlyenoughitems]/"
[20:47:20] [REI-ReloadPlugins/TRACE] [REI] [REIClientPlugin START] Reloading Section: "reloadable-plugin/me.shedaniel.rei.plugin.client.runtime.PluginStageExecutionWatcher$1/DefaultClientRuntimePlugin of DefaultClientRuntimePlugin [roughlyenoughitems]/" done in 11.40 μs
[20:47:20] [REI-ReloadPlugins/TRACE] [REI] [REIClientPlugin START] Reloading Section: "reloadable-plugin/me.shedaniel.rei.plugin.client.runtime.PluginStageExecutionWatcher$1/REIForgePluginStub of REIForgePluginStub [kubejs]/"
[20:47:20] [REI-ReloadPlugins/TRACE] [REI] [REIClientPlugin START] Reloading Section: "reloadable-plugin/me.shedaniel.rei.plugin.client.runtime.PluginStageExecutionWatcher$1/REIForgePluginStub of REIForgePluginStub [kubejs]/" done in 28.70 μs
[20:47:20] [REI-ReloadPlugins/TRACE] [REI] [REIClientPlugin START] Reloading Section: "reloadable-plugin/me.shedaniel.rei.plugin.client.runtime.PluginStageExecutionWatcher$1/" done in 857.4 μs
[20:47:20] [REI-ReloadPlugins/DEBUG] [REI] ========================================
[20:47:20] [REI-ReloadPlugins/DEBUG] [REI] REIClientPlugin ending main-reload for START.
[20:47:20] [REI-ReloadPlugins/DEBUG] [REI] ========================================
[20:47:20] [REI-ReloadPlugins/TRACE] [REI] [REIClientPlugin START] Reloading Section: "end-reload/"
[20:47:20] [REI-ReloadPlugins/TRACE] [REI] [REIClientPlugin START] Reloading Section: "end-reload/EntryRendererRegistryImpl/"
[20:47:20] [REI-ReloadPlugins/TRACE] [REI] [REIClientPlugin START] Reloading Section: "end-reload/EntryRendererRegistryImpl/" done in 12.80 μs
[20:47:20] [REI-ReloadPlugins/TRACE] [REI] [REIClientPlugin START] Reloading Section: "end-reload/ViewsImpl/"
[20:47:20] [REI-ReloadPlugins/TRACE] [REI] [REIClientPlugin START] Reloading Section: "end-reload/ViewsImpl/" done in 10.70 μs
[20:47:20] [REI-ReloadPlugins/TRACE] [REI] [REIClientPlugin START] Reloading Section: "end-reload/InputMethodRegistryImpl/"
[20:47:20] [REI-ReloadPlugins/TRACE] [REI] [REIClientPlugin START] Reloading Section: "end-reload/InputMethodRegistryImpl/" done in 12.60 μs
[20:47:20] [REI-ReloadPlugins/TRACE] [REI] [REIClientPlugin START] Reloading Section: "end-reload/SearchProviderImpl/"
[20:47:20] [REI-ReloadPlugins/TRACE] [REI] [REIClientPlugin START] Reloading Section: "end-reload/SearchProviderImpl/" done in 10.60 μs
[20:47:20] [REI-ReloadPlugins/TRACE] [REI] [REIClientPlugin START] Reloading Section: "end-reload/ConfigManagerImpl/"
[20:47:20] [REI-ReloadPlugins/TRACE] [REI] [REIClientPlugin START] Reloading Section: "end-reload/ConfigManagerImpl/" done in 10.30 μs
[20:47:20] [REI-ReloadPlugins/TRACE] [REI] [REIClientPlugin START] Reloading Section: "end-reload/EntryRegistryImpl/"
[20:47:20] [REI-ReloadPlugins/DEBUG] [REI] Config saved
[20:47:20] [REI-ReloadPlugins/DEBUG] [REI] Refiltered rule [INSTANCE] in 20.46 ms.
[20:47:20] [REI-ReloadPlugins/DEBUG] [REI] Refiltered rule [INSTANCE] in 12.41 ms.
[20:47:20] [REI-ReloadPlugins/DEBUG] [REI] Refiltered rule [INSTANCE] in 7.024 ms.
[20:47:20] [REI-ReloadPlugins/DEBUG] [REI] Refiltered 20294 entries with 3 rules in 107.6 ms.
[20:47:20] [REI-ReloadPlugins/DEBUG] [REI] Computed existing filtered displays with 3 rules in 11.90 ms
[20:47:20] [REI-ReloadPlugins/DEBUG] [REI] Reloaded entry registry with 20294 entries and 20293 filtered entries
[20:47:20] [REI-ReloadPlugins/TRACE] [REI] [REIClientPlugin START] Reloading Section: "end-reload/EntryRegistryImpl/" done in 132.4 ms
[20:47:20] [REI-ReloadPlugins/TRACE] [REI] [REIClientPlugin START] Reloading Section: "end-reload/CollapsibleEntryRegistryImpl/"
[20:47:20] [REI-ReloadPlugins/TRACE] [REI] [REIClientPlugin START] Reloading Section: "end-reload/CollapsibleEntryRegistryImpl/" done in 17.40 μs
[20:47:20] [REI-ReloadPlugins/TRACE] [REI] [REIClientPlugin START] Reloading Section: "end-reload/BasicFilteringRuleImpl/"
[20:47:20] [REI-ReloadPlugins/TRACE] [REI] [REIClientPlugin START] Reloading Section: "end-reload/BasicFilteringRuleImpl/" done in 13.20 μs
[20:47:20] [REI-ReloadPlugins/TRACE] [REI] [REIClientPlugin START] Reloading Section: "end-reload/CategoryRegistryImpl/"
[20:47:20] [REI-ReloadPlugins/TRACE] [REI] [REIClientPlugin START] Reloading Section: "end-reload/CategoryRegistryImpl/" done in 10.80 μs
[20:47:20] [REI-ReloadPlugins/TRACE] [REI] [REIClientPlugin START] Reloading Section: "end-reload/DisplayRegistryImpl/"
[20:47:20] [REI-ReloadPlugins/TRACE] [REI] [REIClientPlugin START] Reloading Section: "end-reload/DisplayRegistryImpl/" done in 11.20 μs
[20:47:20] [REI-ReloadPlugins/TRACE] [REI] [REIClientPlugin START] Reloading Section: "end-reload/ScreenRegistryImpl/"
[20:47:20] [REI-ReloadPlugins/DEBUG] [REI] Registered 4 overlay deciders and 12 exclusion zones
[20:47:20] [REI-ReloadPlugins/TRACE] [REI] [REIClientPlugin START] Reloading Section: "end-reload/ScreenRegistryImpl/" done in 52.90 μs
[20:47:20] [REI-ReloadPlugins/TRACE] [REI] [REIClientPlugin START] Reloading Section: "end-reload/FavoriteEntryTypeRegistryImpl/"
[20:47:20] [REI-ReloadPlugins/DEBUG] [REI] Config saved
[20:47:20] [REI-ReloadPlugins/DEBUG] [REI] Registered 6 favorite entry types
[20:47:20] [REI-ReloadPlugins/TRACE] [REI] [REIClientPlugin START] Reloading Section: "end-reload/FavoriteEntryTypeRegistryImpl/" done in 16.35 ms
[20:47:20] [REI-ReloadPlugins/TRACE] [REI] [REIClientPlugin START] Reloading Section: "end-reload/SubsetsRegistryImpl/"
[20:47:20] [REI-ReloadPlugins/TRACE] [REI] [REIClientPlugin START] Reloading Section: "end-reload/SubsetsRegistryImpl/" done in 31.30 μs
[20:47:20] [REI-ReloadPlugins/TRACE] [REI] [REIClientPlugin START] Reloading Section: "end-reload/TransferHandlerRegistryImpl/"
[20:47:20] [REI-ReloadPlugins/TRACE] [REI] [REIClientPlugin START] Reloading Section: "end-reload/TransferHandlerRegistryImpl/" done in 19.30 μs
[20:47:20] [REI-ReloadPlugins/TRACE] [REI] [REIClientPlugin START] Reloading Section: "end-reload/SearchRuntime/"
[20:47:20] [REI-ReloadPlugins/TRACE] [REI] Preparing 142058 stacks for search arguments
[20:47:21] [REI-ReloadPlugins/TRACE] [REI] Prepared 142058 / 142058 stacks for search arguments in 797ms
[20:47:21] [REI-ReloadPlugins/DEBUG] [REI] Preparing collapsed entry groups cache with 0 entries and 20294 stacks
[20:47:21] [REI-ReloadPlugins/DEBUG] [REI] Prepared collapsed entry groups cache with 0 entries and 20294 stacks
[20:47:21] [REI-ReloadPlugins/TRACE] [REI] [REIClientPlugin START] Reloading Section: "end-reload/SearchRuntime/" done in 814.2 ms
[20:47:21] [REI-ReloadPlugins/TRACE] [REI] [REIClientPlugin START] Reloading Section: "end-reload/REIRuntimeImpl/"
[20:47:21] [REI-ReloadPlugins/TRACE] [REI] [REIClientPlugin START] Reloading Section: "end-reload/REIRuntimeImpl/" done in 394.3 μs
[20:47:21] [REI-ReloadPlugins/TRACE] [REI] [REIClientPlugin START] Reloading Section: "end-reload/ConfigAddonRegistryImpl/"
[20:47:21] [REI-ReloadPlugins/TRACE] [REI] [REIClientPlugin START] Reloading Section: "end-reload/ConfigAddonRegistryImpl/" done in 38.40 μs
[20:47:21] [REI-ReloadPlugins/TRACE] [REI] [REIClientPlugin START] Reloading Section: "end-reload/me.shedaniel.rei.plugin.client.runtime.PluginStageExecutionWatcher$1/"
[20:47:21] [REI-ReloadPlugins/TRACE] [REI] [REIClientPlugin START] Reloading Section: "end-reload/me.shedaniel.rei.plugin.client.runtime.PluginStageExecutionWatcher$1/" done in 13.00 μs
[20:47:21] [REI-ReloadPlugins/TRACE] [REI] [REIClientPlugin START] Reloading Section: "end-reload/" done in 964.2 ms
[20:47:21] [REI-ReloadPlugins/DEBUG] [REI] ========================================
[20:47:21] [REI-ReloadPlugins/DEBUG] [REI] REIClientPlugin ended main-reload for START in 1.768 s.
[20:47:21] [REI-ReloadPlugins/DEBUG] [REI] ========================================
[20:47:21] [REI-ReloadPlugins/INFO] [REI] ~~~~~~~~~~~~~~~~~~~~~~~~~~~~~~~~~~~~~~~~
[20:47:21] [REI-ReloadPlugins/INFO] [REI] REIServerPlugin starting main-reload for START.
[20:47:21] [REI-ReloadPlugins/DEBUG] [REI] Reloadables (3):
[20:47:21] [REI-ReloadPlugins/DEBUG] [REI]  - MenuInfoRegistryImpl
[20:47:21] [REI-ReloadPlugins/DEBUG] [REI]  - SlotAccessorRegistryImpl
[20:47:21] [REI-ReloadPlugins/DEBUG] [REI]  - me.shedaniel.rei.plugin.client.runtime.PluginStageExecutionWatcher$1
[20:47:21] [REI-ReloadPlugins/INFO] [REI] Plugins (2):
[20:47:21] [REI-ReloadPlugins/INFO] [REI]  - (-100.00) DefaultPluginImpl of DefaultPluginImpl [roughlyenoughitems]
[20:47:21] [REI-ReloadPlugins/INFO] [REI]  - (0.00) DefaultRuntimePlugin of DefaultRuntimePlugin [roughlyenoughitems]
[20:47:21] [REI-ReloadPlugins/INFO] [REI] ~~~~~~~~~~~~~~~~~~~~~~~~~~~~~~~~~~~~~~~~
[20:47:21] [REI-ReloadPlugins/TRACE] [REI] [REIServerPlugin START] Reloading Section: "start-reload/"
[20:47:21] [REI-ReloadPlugins/TRACE] [REI] [REIServerPlugin START] Reloading Section: "start-reload/MenuInfoRegistryImpl/"
[20:47:21] [REI-ReloadPlugins/TRACE] [REI] [REIServerPlugin START] Reloading Section: "start-reload/MenuInfoRegistryImpl/" done in 20.00 μs
[20:47:21] [REI-ReloadPlugins/TRACE] [REI] [REIServerPlugin START] Reloading Section: "start-reload/SlotAccessorRegistryImpl/"
[20:47:21] [REI-ReloadPlugins/TRACE] [REI] [REIServerPlugin START] Reloading Section: "start-reload/SlotAccessorRegistryImpl/" done in 19.90 μs
[20:47:21] [REI-ReloadPlugins/TRACE] [REI] [REIServerPlugin START] Reloading Section: "start-reload/me.shedaniel.rei.plugin.client.runtime.PluginStageExecutionWatcher$1/"
[20:47:21] [REI-ReloadPlugins/TRACE] [REI] [REIServerPlugin START] Reloading Section: "start-reload/me.shedaniel.rei.plugin.client.runtime.PluginStageExecutionWatcher$1/" done in 17.40 μs
[20:47:21] [REI-ReloadPlugins/TRACE] [REI] [REIServerPlugin START] Reloading Section: "start-reload/" done in 191.2 μs
[20:47:21] [REI-ReloadPlugins/DEBUG] [REI] ========================================
[20:47:21] [REI-ReloadPlugins/DEBUG] [REI] REIServerPlugin started main-reload for START.
[20:47:21] [REI-ReloadPlugins/DEBUG] [REI] ========================================
[20:47:21] [REI-ReloadPlugins/TRACE] [REI] [REIServerPlugin START] Reloading Section: "reloadable-plugin/MenuInfoRegistryImpl/"
[20:47:21] [REI-ReloadPlugins/TRACE] [REI] [REIServerPlugin START] Reloading Section: "reloadable-plugin/MenuInfoRegistryImpl/DefaultPluginImpl of DefaultPluginImpl [roughlyenoughitems]/"
[20:47:21] [REI-ReloadPlugins/TRACE] [REI] [REIServerPlugin START] Reloading Section: "reloadable-plugin/MenuInfoRegistryImpl/DefaultPluginImpl of DefaultPluginImpl [roughlyenoughitems]/" done in 19.50 μs
[20:47:21] [REI-ReloadPlugins/TRACE] [REI] [REIServerPlugin START] Reloading Section: "reloadable-plugin/MenuInfoRegistryImpl/DefaultRuntimePlugin of DefaultRuntimePlugin [roughlyenoughitems]/"
[20:47:21] [REI-ReloadPlugins/TRACE] [REI] [REIServerPlugin START] Reloading Section: "reloadable-plugin/MenuInfoRegistryImpl/DefaultRuntimePlugin of DefaultRuntimePlugin [roughlyenoughitems]/" done in 11.20 μs
[20:47:21] [REI-ReloadPlugins/TRACE] [REI] [REIServerPlugin START] Reloading Section: "reloadable-plugin/MenuInfoRegistryImpl/" done in 112.3 μs
[20:47:21] [REI-ReloadPlugins/TRACE] [REI] [REIServerPlugin START] Reloading Section: "reloadable-plugin/SlotAccessorRegistryImpl/"
[20:47:21] [REI-ReloadPlugins/TRACE] [REI] [REIServerPlugin START] Reloading Section: "reloadable-plugin/SlotAccessorRegistryImpl/DefaultPluginImpl of DefaultPluginImpl [roughlyenoughitems]/"
[20:47:21] [REI-ReloadPlugins/TRACE] [REI] [REIServerPlugin START] Reloading Section: "reloadable-plugin/SlotAccessorRegistryImpl/DefaultPluginImpl of DefaultPluginImpl [roughlyenoughitems]/" done in 19.40 μs
[20:47:21] [REI-ReloadPlugins/TRACE] [REI] [REIServerPlugin START] Reloading Section: "reloadable-plugin/SlotAccessorRegistryImpl/DefaultRuntimePlugin of DefaultRuntimePlugin [roughlyenoughitems]/"
[20:47:21] [REI-ReloadPlugins/TRACE] [REI] [REIServerPlugin START] Reloading Section: "reloadable-plugin/SlotAccessorRegistryImpl/DefaultRuntimePlugin of DefaultRuntimePlugin [roughlyenoughitems]/" done in 11.80 μs
[20:47:21] [REI-ReloadPlugins/TRACE] [REI] [REIServerPlugin START] Reloading Section: "reloadable-plugin/SlotAccessorRegistryImpl/" done in 117.1 μs
[20:47:21] [REI-ReloadPlugins/TRACE] [REI] [REIServerPlugin START] Reloading Section: "reloadable-plugin/me.shedaniel.rei.plugin.client.runtime.PluginStageExecutionWatcher$1/"
[20:47:21] [REI-ReloadPlugins/TRACE] [REI] [REIServerPlugin START] Reloading Section: "reloadable-plugin/me.shedaniel.rei.plugin.client.runtime.PluginStageExecutionWatcher$1/DefaultPluginImpl of DefaultPluginImpl [roughlyenoughitems]/"
[20:47:21] [REI-ReloadPlugins/TRACE] [REI] [REIServerPlugin START] Reloading Section: "reloadable-plugin/me.shedaniel.rei.plugin.client.runtime.PluginStageExecutionWatcher$1/DefaultPluginImpl of DefaultPluginImpl [roughlyenoughitems]/" done in 12.10 μs
[20:47:21] [REI-ReloadPlugins/TRACE] [REI] [REIServerPlugin START] Reloading Section: "reloadable-plugin/me.shedaniel.rei.plugin.client.runtime.PluginStageExecutionWatcher$1/DefaultRuntimePlugin of DefaultRuntimePlugin [roughlyenoughitems]/"
[20:47:21] [REI-ReloadPlugins/TRACE] [REI] [REIServerPlugin START] Reloading Section: "reloadable-plugin/me.shedaniel.rei.plugin.client.runtime.PluginStageExecutionWatcher$1/DefaultRuntimePlugin of DefaultRuntimePlugin [roughlyenoughitems]/" done in 10.80 μs
[20:47:21] [REI-ReloadPlugins/TRACE] [REI] [REIServerPlugin START] Reloading Section: "reloadable-plugin/me.shedaniel.rei.plugin.client.runtime.PluginStageExecutionWatcher$1/" done in 75.80 μs
[20:47:21] [REI-ReloadPlugins/DEBUG] [REI] ========================================
[20:47:21] [REI-ReloadPlugins/DEBUG] [REI] REIServerPlugin ending main-reload for START.
[20:47:21] [REI-ReloadPlugins/DEBUG] [REI] ========================================
[20:47:21] [REI-ReloadPlugins/TRACE] [REI] [REIServerPlugin START] Reloading Section: "end-reload/"
[20:47:21] [REI-ReloadPlugins/TRACE] [REI] [REIServerPlugin START] Reloading Section: "end-reload/MenuInfoRegistryImpl/"
[20:47:21] [REI-ReloadPlugins/TRACE] [REI] [REIServerPlugin START] Reloading Section: "end-reload/MenuInfoRegistryImpl/" done in 12.20 μs
[20:47:21] [REI-ReloadPlugins/TRACE] [REI] [REIServerPlugin START] Reloading Section: "end-reload/SlotAccessorRegistryImpl/"
[20:47:21] [REI-ReloadPlugins/TRACE] [REI] [REIServerPlugin START] Reloading Section: "end-reload/SlotAccessorRegistryImpl/" done in 12.70 μs
[20:47:21] [REI-ReloadPlugins/TRACE] [REI] [REIServerPlugin START] Reloading Section: "end-reload/me.shedaniel.rei.plugin.client.runtime.PluginStageExecutionWatcher$1/"
[20:47:21] [REI-ReloadPlugins/TRACE] [REI] [REIServerPlugin START] Reloading Section: "end-reload/me.shedaniel.rei.plugin.client.runtime.PluginStageExecutionWatcher$1/" done in 11.00 μs
[20:47:21] [REI-ReloadPlugins/TRACE] [REI] [REIServerPlugin START] Reloading Section: "end-reload/" done in 101.2 μs
[20:47:21] [REI-ReloadPlugins/DEBUG] [REI] ========================================
[20:47:21] [REI-ReloadPlugins/DEBUG] [REI] REIServerPlugin ended main-reload for START in 1.390 ms.
[20:47:21] [REI-ReloadPlugins/DEBUG] [REI] ========================================
[20:47:21] [REI-ReloadPlugins/DEBUG] [REI] ========================================
[20:47:21] [REI-ReloadPlugins/DEBUG] [REI] REIPlugin starting post-reload for START.
[20:47:21] [REI-ReloadPlugins/DEBUG] [REI] Reloadables (8):
[20:47:21] [REI-ReloadPlugins/DEBUG] [REI]  - EntryTypeRegistryImpl
[20:47:21] [REI-ReloadPlugins/DEBUG] [REI]  - EntrySettingsAdapterRegistryImpl
[20:47:21] [REI-ReloadPlugins/DEBUG] [REI]  - RecipeManagerContextImpl
[20:47:21] [REI-ReloadPlugins/DEBUG] [REI]  - ItemComparatorRegistryImpl
[20:47:21] [REI-ReloadPlugins/DEBUG] [REI]  - FluidComparatorRegistryImpl
[20:47:21] [REI-ReloadPlugins/DEBUG] [REI]  - DisplaySerializerRegistryImpl
[20:47:21] [REI-ReloadPlugins/DEBUG] [REI]  - FluidSupportProviderImpl
[20:47:21] [REI-ReloadPlugins/DEBUG] [REI]  - me.shedaniel.rei.plugin.client.runtime.PluginStageExecutionWatcher$1
[20:47:21] [REI-ReloadPlugins/DEBUG] [REI] Plugins (24):
[20:47:21] [REI-ReloadPlugins/DEBUG] [REI]  - (-100.00) DefaultClientPluginImpl of DefaultClientPluginImpl [roughlyenoughitems]
[20:47:21] [REI-ReloadPlugins/DEBUG] [REI]  - (-100.00) DefaultPluginImpl of DefaultPluginImpl [roughlyenoughitems]
[20:47:21] [REI-ReloadPlugins/DEBUG] [REI]  - (0.00) HideIngredientsFromTagsPlugin of HideIngredientsFromTagsPlugin [roughlyenoughitems]
[20:47:21] [REI-ReloadPlugins/DEBUG] [REI]  - (0.00) DefaultClientRuntimePlugin of DefaultClientRuntimePlugin [roughlyenoughitems]
[20:47:21] [REI-ReloadPlugins/DEBUG] [REI]  - (0.00) DefaultRuntimePlugin of DefaultRuntimePlugin [roughlyenoughitems]
[20:47:21] [REI-ReloadPlugins/DEBUG] [REI]  - (0.00) JEI Plugin [CreateAdditionJEI:createaddition:jei_plugin] of REI Plugin Compatibilities Adapter [rei_plugin_compatibilities, jei]
[20:47:21] [REI-ReloadPlugins/DEBUG] [REI]  - (0.00) JEI Plugin [PolyJEIPlugin:polylib:jei_plugin] of REI Plugin Compatibilities Adapter [rei_plugin_compatibilities, jei]
[20:47:21] [REI-ReloadPlugins/DEBUG] [REI]  - (0.00) JEI Plugin [GTSEJEIPlugin:gregtech_steam_expansion:jei_plugin] of REI Plugin Compatibilities Adapter [rei_plugin_compatibilities, jei]
[20:47:21] [REI-ReloadPlugins/DEBUG] [REI]  - (0.00) JEI Plugin [GTJEIPlugin:gtceu:jei_plugin] of REI Plugin Compatibilities Adapter [rei_plugin_compatibilities, jei]
[20:47:21] [REI-ReloadPlugins/DEBUG] [REI]  - (0.00) JEI Plugin [JEIIntegration:ftblibrary:jei] of REI Plugin Compatibilities Adapter [rei_plugin_compatibilities, jei]
[20:47:21] [REI-ReloadPlugins/DEBUG] [REI]  - (0.00) JEI Plugin [JEIPlugin:kubejs:jei] of REI Plugin Compatibilities Adapter [rei_plugin_compatibilities, jei]
[20:47:21] [REI-ReloadPlugins/DEBUG] [REI]  - (0.00) JEI Plugin [JEIIntegration:fluxnetworks:jei] of REI Plugin Compatibilities Adapter [rei_plugin_compatibilities, jei]
[20:47:21] [REI-ReloadPlugins/DEBUG] [REI]  - (0.00) JEI Plugin [CreateJEI:create:jei_plugin] of REI Plugin Compatibilities Adapter [rei_plugin_compatibilities, jei]
[20:47:21] [REI-ReloadPlugins/DEBUG] [REI]  - (0.00) JEI Plugin [JEIPlugin:ae2:core] of REI Plugin Compatibilities Adapter [rei_plugin_compatibilities, jei]
[20:47:21] [REI-ReloadPlugins/DEBUG] [REI]  - (0.00) JEI Plugin [JEICompat:jade:main] of REI Plugin Compatibilities Adapter [rei_plugin_compatibilities, jei]
[20:47:21] [REI-ReloadPlugins/DEBUG] [REI]  - (0.00) JEI Plugin [JEIPlugin:ldlib:jei_plugin] of REI Plugin Compatibilities Adapter [rei_plugin_compatibilities, jei]
[20:47:21] [REI-ReloadPlugins/DEBUG] [REI]  - (0.00) JEI Plugin [BCJeiPlugin:bibliocraft:jei_plugin] of REI Plugin Compatibilities Adapter [rei_plugin_compatibilities, jei]
[20:47:21] [REI-ReloadPlugins/DEBUG] [REI]  - (0.00) GTREIPlugin of GTREIPlugin [gtceu]
[20:47:21] [REI-ReloadPlugins/DEBUG] [REI]  - (0.00) FramedReiPlugin of FramedReiPlugin [framedblocks]
[20:47:21] [REI-ReloadPlugins/DEBUG] [REI]  - (0.00) REIPluginImpl of REIPluginImpl [ldlib]
[20:47:21] [REI-ReloadPlugins/DEBUG] [REI]  - (0.00) REI Plugin Compatibilities Client Handler of REI Plugin Compatibilities Client Handler [rei_plugin_compatibilities, jei]
[20:47:21] [REI-ReloadPlugins/DEBUG] [REI]  - (0.00) REIForgePluginStub of REIForgePluginStub [ftblibrary]
[20:47:21] [REI-ReloadPlugins/DEBUG] [REI]  - (0.00) AE2 of AE2 [ae2]
[20:47:21] [REI-ReloadPlugins/DEBUG] [REI]  - (10000000.00) REIForgePluginStub of REIForgePluginStub [kubejs]
[20:47:21] [REI-ReloadPlugins/DEBUG] [REI] ========================================
[20:47:21] [REI-ReloadPlugins/TRACE] [REI] [REIPlugin START] Reloading Section: "post-register/"
[20:47:21] [REI-ReloadPlugins/TRACE] [REI] [REIPlugin START] Reloading Section: "post-register/DefaultClientPluginImpl of DefaultClientPluginImpl [roughlyenoughitems]/"
[20:47:21] [REI-ReloadPlugins/TRACE] [REI] [REIPlugin START] Reloading Section: "post-register/DefaultClientPluginImpl of DefaultClientPluginImpl [roughlyenoughitems]/" done in 1.102 ms
[20:47:21] [REI-ReloadPlugins/TRACE] [REI] [REIPlugin START] Reloading Section: "post-register/DefaultPluginImpl of DefaultPluginImpl [roughlyenoughitems]/"
[20:47:21] [REI-ReloadPlugins/TRACE] [REI] [REIPlugin START] Reloading Section: "post-register/DefaultPluginImpl of DefaultPluginImpl [roughlyenoughitems]/" done in 26.30 μs
[20:47:21] [REI-ReloadPlugins/TRACE] [REI] [REIPlugin START] Reloading Section: "post-register/HideIngredientsFromTagsPlugin of HideIngredientsFromTagsPlugin [roughlyenoughitems]/"
[20:47:21] [REI-ReloadPlugins/TRACE] [REI] [REIPlugin START] Reloading Section: "post-register/HideIngredientsFromTagsPlugin of HideIngredientsFromTagsPlugin [roughlyenoughitems]/" done in 22.60 μs
[20:47:21] [REI-ReloadPlugins/TRACE] [REI] [REIPlugin START] Reloading Section: "post-register/DefaultClientRuntimePlugin of DefaultClientRuntimePlugin [roughlyenoughitems]/"
[20:47:21] [REI-ReloadPlugins/TRACE] [REI] [REIPlugin START] Reloading Section: "post-register/DefaultClientRuntimePlugin of DefaultClientRuntimePlugin [roughlyenoughitems]/" done in 12.50 μs
[20:47:21] [REI-ReloadPlugins/TRACE] [REI] [REIPlugin START] Reloading Section: "post-register/DefaultRuntimePlugin of DefaultRuntimePlugin [roughlyenoughitems]/"
[20:47:21] [REI-ReloadPlugins/TRACE] [REI] [REIPlugin START] Reloading Section: "post-register/DefaultRuntimePlugin of DefaultRuntimePlugin [roughlyenoughitems]/" done in 13.10 μs
[20:47:21] [REI-ReloadPlugins/TRACE] [REI] [REIPlugin START] Reloading Section: "post-register/JEI Plugin [CreateAdditionJEI:createaddition:jei_plugin] of REI Plugin Compatibilities Adapter [rei_plugin_compatibilities, jei]/"
[20:47:21] [REI-ReloadPlugins/TRACE] [REI] [REIPlugin START] Reloading Section: "post-register/JEI Plugin [CreateAdditionJEI:createaddition:jei_plugin] of REI Plugin Compatibilities Adapter [rei_plugin_compatibilities, jei]/" done in 21.30 μs
[20:47:21] [REI-ReloadPlugins/TRACE] [REI] [REIPlugin START] Reloading Section: "post-register/JEI Plugin [PolyJEIPlugin:polylib:jei_plugin] of REI Plugin Compatibilities Adapter [rei_plugin_compatibilities, jei]/"
[20:47:21] [REI-ReloadPlugins/TRACE] [REI] [REIPlugin START] Reloading Section: "post-register/JEI Plugin [PolyJEIPlugin:polylib:jei_plugin] of REI Plugin Compatibilities Adapter [rei_plugin_compatibilities, jei]/" done in 30.20 μs
[20:47:21] [REI-ReloadPlugins/TRACE] [REI] [REIPlugin START] Reloading Section: "post-register/JEI Plugin [GTSEJEIPlugin:gregtech_steam_expansion:jei_plugin] of REI Plugin Compatibilities Adapter [rei_plugin_compatibilities, jei]/"
[20:47:21] [REI-ReloadPlugins/TRACE] [REI] [REIPlugin START] Reloading Section: "post-register/JEI Plugin [GTSEJEIPlugin:gregtech_steam_expansion:jei_plugin] of REI Plugin Compatibilities Adapter [rei_plugin_compatibilities, jei]/" done in 15.30 μs
[20:47:21] [REI-ReloadPlugins/TRACE] [REI] [REIPlugin START] Reloading Section: "post-register/JEI Plugin [GTJEIPlugin:gtceu:jei_plugin] of REI Plugin Compatibilities Adapter [rei_plugin_compatibilities, jei]/"
[20:47:21] [REI-ReloadPlugins/TRACE] [REI] [REIPlugin START] Reloading Section: "post-register/JEI Plugin [GTJEIPlugin:gtceu:jei_plugin] of REI Plugin Compatibilities Adapter [rei_plugin_compatibilities, jei]/" done in 12.00 μs
[20:47:21] [REI-ReloadPlugins/TRACE] [REI] [REIPlugin START] Reloading Section: "post-register/JEI Plugin [JEIIntegration:ftblibrary:jei] of REI Plugin Compatibilities Adapter [rei_plugin_compatibilities, jei]/"
[20:47:21] [REI-ReloadPlugins/TRACE] [REI] [REIPlugin START] Reloading Section: "post-register/JEI Plugin [JEIIntegration:ftblibrary:jei] of REI Plugin Compatibilities Adapter [rei_plugin_compatibilities, jei]/" done in 11.10 μs
[20:47:21] [REI-ReloadPlugins/TRACE] [REI] [REIPlugin START] Reloading Section: "post-register/JEI Plugin [JEIPlugin:kubejs:jei] of REI Plugin Compatibilities Adapter [rei_plugin_compatibilities, jei]/"
[20:47:21] [REI-ReloadPlugins/TRACE] [REI] [REIPlugin START] Reloading Section: "post-register/JEI Plugin [JEIPlugin:kubejs:jei] of REI Plugin Compatibilities Adapter [rei_plugin_compatibilities, jei]/" done in 11.20 μs
[20:47:21] [REI-ReloadPlugins/TRACE] [REI] [REIPlugin START] Reloading Section: "post-register/JEI Plugin [JEIIntegration:fluxnetworks:jei] of REI Plugin Compatibilities Adapter [rei_plugin_compatibilities, jei]/"
[20:47:21] [REI-ReloadPlugins/TRACE] [REI] [REIPlugin START] Reloading Section: "post-register/JEI Plugin [JEIIntegration:fluxnetworks:jei] of REI Plugin Compatibilities Adapter [rei_plugin_compatibilities, jei]/" done in 11.60 μs
[20:47:21] [REI-ReloadPlugins/TRACE] [REI] [REIPlugin START] Reloading Section: "post-register/JEI Plugin [CreateJEI:create:jei_plugin] of REI Plugin Compatibilities Adapter [rei_plugin_compatibilities, jei]/"
[20:47:21] [REI-ReloadPlugins/TRACE] [REI] [REIPlugin START] Reloading Section: "post-register/JEI Plugin [CreateJEI:create:jei_plugin] of REI Plugin Compatibilities Adapter [rei_plugin_compatibilities, jei]/" done in 11.10 μs
[20:47:21] [REI-ReloadPlugins/TRACE] [REI] [REIPlugin START] Reloading Section: "post-register/JEI Plugin [JEIPlugin:ae2:core] of REI Plugin Compatibilities Adapter [rei_plugin_compatibilities, jei]/"
[20:47:21] [REI-ReloadPlugins/TRACE] [REI] [REIPlugin START] Reloading Section: "post-register/JEI Plugin [JEIPlugin:ae2:core] of REI Plugin Compatibilities Adapter [rei_plugin_compatibilities, jei]/" done in 11.00 μs
[20:47:21] [REI-ReloadPlugins/TRACE] [REI] [REIPlugin START] Reloading Section: "post-register/JEI Plugin [JEICompat:jade:main] of REI Plugin Compatibilities Adapter [rei_plugin_compatibilities, jei]/"
[20:47:21] [REI-ReloadPlugins/TRACE] [REI] [REIPlugin START] Reloading Section: "post-register/JEI Plugin [JEICompat:jade:main] of REI Plugin Compatibilities Adapter [rei_plugin_compatibilities, jei]/" done in 11.00 μs
[20:47:21] [REI-ReloadPlugins/TRACE] [REI] [REIPlugin START] Reloading Section: "post-register/JEI Plugin [JEIPlugin:ldlib:jei_plugin] of REI Plugin Compatibilities Adapter [rei_plugin_compatibilities, jei]/"
[20:47:21] [REI-ReloadPlugins/TRACE] [REI] [REIPlugin START] Reloading Section: "post-register/JEI Plugin [JEIPlugin:ldlib:jei_plugin] of REI Plugin Compatibilities Adapter [rei_plugin_compatibilities, jei]/" done in 11.70 μs
[20:47:21] [REI-ReloadPlugins/TRACE] [REI] [REIPlugin START] Reloading Section: "post-register/JEI Plugin [BCJeiPlugin:bibliocraft:jei_plugin] of REI Plugin Compatibilities Adapter [rei_plugin_compatibilities, jei]/"
[20:47:21] [REI-ReloadPlugins/TRACE] [REI] [REIPlugin START] Reloading Section: "post-register/JEI Plugin [BCJeiPlugin:bibliocraft:jei_plugin] of REI Plugin Compatibilities Adapter [rei_plugin_compatibilities, jei]/" done in 13.50 μs
[20:47:21] [REI-ReloadPlugins/TRACE] [REI] [REIPlugin START] Reloading Section: "post-register/GTREIPlugin of GTREIPlugin [gtceu]/"
[20:47:21] [REI-ReloadPlugins/TRACE] [REI] [REIPlugin START] Reloading Section: "post-register/GTREIPlugin of GTREIPlugin [gtceu]/" done in 11.90 μs
[20:47:21] [REI-ReloadPlugins/TRACE] [REI] [REIPlugin START] Reloading Section: "post-register/FramedReiPlugin of FramedReiPlugin [framedblocks]/"
[20:47:21] [REI-ReloadPlugins/TRACE] [REI] [REIPlugin START] Reloading Section: "post-register/FramedReiPlugin of FramedReiPlugin [framedblocks]/" done in 11.00 μs
[20:47:21] [REI-ReloadPlugins/TRACE] [REI] [REIPlugin START] Reloading Section: "post-register/REIPluginImpl of REIPluginImpl [ldlib]/"
[20:47:21] [REI-ReloadPlugins/TRACE] [REI] [REIPlugin START] Reloading Section: "post-register/REIPluginImpl of REIPluginImpl [ldlib]/" done in 11.40 μs
[20:47:21] [REI-ReloadPlugins/TRACE] [REI] [REIPlugin START] Reloading Section: "post-register/REI Plugin Compatibilities Client Handler of REI Plugin Compatibilities Client Handler [rei_plugin_compatibilities, jei]/"
[20:47:21] [REI-ReloadPlugins/TRACE] [REI] [REIPlugin START] Reloading Section: "post-register/REI Plugin Compatibilities Client Handler of REI Plugin Compatibilities Client Handler [rei_plugin_compatibilities, jei]/" done in 11.50 μs
[20:47:21] [REI-ReloadPlugins/TRACE] [REI] [REIPlugin START] Reloading Section: "post-register/REIForgePluginStub of REIForgePluginStub [ftblibrary]/"
[20:47:21] [REI-ReloadPlugins/TRACE] [REI] [REIPlugin START] Reloading Section: "post-register/REIForgePluginStub of REIForgePluginStub [ftblibrary]/" done in 11.50 μs
[20:47:21] [REI-ReloadPlugins/TRACE] [REI] [REIPlugin START] Reloading Section: "post-register/AE2 of AE2 [ae2]/"
[20:47:21] [REI-ReloadPlugins/TRACE] [REI] [REIPlugin START] Reloading Section: "post-register/AE2 of AE2 [ae2]/" done in 11.30 μs
[20:47:21] [REI-ReloadPlugins/TRACE] [REI] [REIPlugin START] Reloading Section: "post-register/REIForgePluginStub of REIForgePluginStub [kubejs]/"
[20:47:21] [REI-ReloadPlugins/TRACE] [REI] [REIPlugin START] Reloading Section: "post-register/REIForgePluginStub of REIForgePluginStub [kubejs]/" done in 17.70 μs
[20:47:21] [REI-ReloadPlugins/TRACE] [REI] [REIPlugin START] Reloading Section: "post-register/" done in 3.329 ms
[20:47:21] [REI-ReloadPlugins/TRACE] [REI] [REIPlugin START] Reloading Section: "post-stage/"
[20:47:21] [REI-ReloadPlugins/TRACE] [REI] [REIPlugin START] Reloading Section: "post-stage/EntryTypeRegistryImpl/"
[20:47:21] [REI-ReloadPlugins/TRACE] [REI] [REIPlugin START] Reloading Section: "post-stage/EntryTypeRegistryImpl/" done in 24.20 μs
[20:47:21] [REI-ReloadPlugins/TRACE] [REI] [REIPlugin START] Reloading Section: "post-stage/EntrySettingsAdapterRegistryImpl/"
[20:47:21] [REI-ReloadPlugins/TRACE] [REI] [REIPlugin START] Reloading Section: "post-stage/EntrySettingsAdapterRegistryImpl/" done in 12.10 μs
[20:47:21] [REI-ReloadPlugins/TRACE] [REI] [REIPlugin START] Reloading Section: "post-stage/RecipeManagerContextImpl/"
[20:47:21] [REI-ReloadPlugins/TRACE] [REI] [REIPlugin START] Reloading Section: "post-stage/RecipeManagerContextImpl/" done in 12.90 μs
[20:47:21] [REI-ReloadPlugins/TRACE] [REI] [REIPlugin START] Reloading Section: "post-stage/ItemComparatorRegistryImpl/"
[20:47:21] [REI-ReloadPlugins/TRACE] [REI] [REIPlugin START] Reloading Section: "post-stage/ItemComparatorRegistryImpl/" done in 11.20 μs
[20:47:21] [REI-ReloadPlugins/TRACE] [REI] [REIPlugin START] Reloading Section: "post-stage/FluidComparatorRegistryImpl/"
[20:47:21] [REI-ReloadPlugins/TRACE] [REI] [REIPlugin START] Reloading Section: "post-stage/FluidComparatorRegistryImpl/" done in 10.90 μs
[20:47:21] [REI-ReloadPlugins/TRACE] [REI] [REIPlugin START] Reloading Section: "post-stage/DisplaySerializerRegistryImpl/"
[20:47:21] [REI-ReloadPlugins/TRACE] [REI] [REIPlugin START] Reloading Section: "post-stage/DisplaySerializerRegistryImpl/" done in 17.00 μs
[20:47:21] [REI-ReloadPlugins/TRACE] [REI] [REIPlugin START] Reloading Section: "post-stage/FluidSupportProviderImpl/"
[20:47:21] [REI-ReloadPlugins/TRACE] [REI] [REIPlugin START] Reloading Section: "post-stage/FluidSupportProviderImpl/" done in 11.30 μs
[20:47:21] [REI-ReloadPlugins/TRACE] [REI] [REIPlugin START] Reloading Section: "post-stage/me.shedaniel.rei.plugin.client.runtime.PluginStageExecutionWatcher$1/"
[20:47:21] [REI-ReloadPlugins/TRACE] [REI] [REIPlugin START] Reloading Section: "post-stage/me.shedaniel.rei.plugin.client.runtime.PluginStageExecutionWatcher$1/" done in 28.90 μs
[20:47:21] [REI-ReloadPlugins/TRACE] [REI] [REIPlugin START] Reloading Section: "post-stage/" done in 372.0 μs
[20:47:21] [REI-ReloadPlugins/DEBUG] [REI] ========================================
[20:47:21] [REI-ReloadPlugins/INFO] [REI] REIPlugin finished post-reload for START in 3.747 ms, totaling 264.9 ms.
[20:47:21] [REI-ReloadPlugins/DEBUG] [REI] ========================================
[20:47:21] [REI-ReloadPlugins/DEBUG] [REI] ========================================
[20:47:21] [REI-ReloadPlugins/DEBUG] [REI] REIClientPlugin starting post-reload for START.
[20:47:21] [REI-ReloadPlugins/DEBUG] [REI] Reloadables (18):
[20:47:21] [REI-ReloadPlugins/DEBUG] [REI]  - EntryRendererRegistryImpl
[20:47:21] [REI-ReloadPlugins/DEBUG] [REI]  - ViewsImpl
[20:47:21] [REI-ReloadPlugins/DEBUG] [REI]  - InputMethodRegistryImpl
[20:47:21] [REI-ReloadPlugins/DEBUG] [REI]  - SearchProviderImpl
[20:47:21] [REI-ReloadPlugins/DEBUG] [REI]  - ConfigManagerImpl
[20:47:21] [REI-ReloadPlugins/DEBUG] [REI]  - EntryRegistryImpl
[20:47:21] [REI-ReloadPlugins/DEBUG] [REI]  - CollapsibleEntryRegistryImpl
[20:47:21] [REI-ReloadPlugins/DEBUG] [REI]  - BasicFilteringRuleImpl
[20:47:21] [REI-ReloadPlugins/DEBUG] [REI]  - CategoryRegistryImpl
[20:47:21] [REI-ReloadPlugins/DEBUG] [REI]  - DisplayRegistryImpl
[20:47:21] [REI-ReloadPlugins/DEBUG] [REI]  - ScreenRegistryImpl
[20:47:21] [REI-ReloadPlugins/DEBUG] [REI]  - FavoriteEntryTypeRegistryImpl
[20:47:21] [REI-ReloadPlugins/DEBUG] [REI]  - SubsetsRegistryImpl
[20:47:21] [REI-ReloadPlugins/DEBUG] [REI]  - TransferHandlerRegistryImpl
[20:47:21] [REI-ReloadPlugins/DEBUG] [REI]  - SearchRuntime
[20:47:21] [REI-ReloadPlugins/DEBUG] [REI]  - REIRuntimeImpl
[20:47:21] [REI-ReloadPlugins/DEBUG] [REI]  - ConfigAddonRegistryImpl
[20:47:21] [REI-ReloadPlugins/DEBUG] [REI]  - me.shedaniel.rei.plugin.client.runtime.PluginStageExecutionWatcher$1
[20:47:21] [REI-ReloadPlugins/DEBUG] [REI] Plugins (22):
[20:47:21] [REI-ReloadPlugins/DEBUG] [REI]  - (-100.00) DefaultClientPluginImpl of DefaultClientPluginImpl [roughlyenoughitems]
[20:47:21] [REI-ReloadPlugins/DEBUG] [REI]  - (0.00) JEI Plugin [CreateAdditionJEI:createaddition:jei_plugin] of REI Plugin Compatibilities Adapter [rei_plugin_compatibilities, jei]
[20:47:21] [REI-ReloadPlugins/DEBUG] [REI]  - (0.00) JEI Plugin [PolyJEIPlugin:polylib:jei_plugin] of REI Plugin Compatibilities Adapter [rei_plugin_compatibilities, jei]
[20:47:21] [REI-ReloadPlugins/DEBUG] [REI]  - (0.00) JEI Plugin [GTSEJEIPlugin:gregtech_steam_expansion:jei_plugin] of REI Plugin Compatibilities Adapter [rei_plugin_compatibilities, jei]
[20:47:21] [REI-ReloadPlugins/DEBUG] [REI]  - (0.00) JEI Plugin [GTJEIPlugin:gtceu:jei_plugin] of REI Plugin Compatibilities Adapter [rei_plugin_compatibilities, jei]
[20:47:21] [REI-ReloadPlugins/DEBUG] [REI]  - (0.00) JEI Plugin [JEIIntegration:ftblibrary:jei] of REI Plugin Compatibilities Adapter [rei_plugin_compatibilities, jei]
[20:47:21] [REI-ReloadPlugins/DEBUG] [REI]  - (0.00) JEI Plugin [JEIPlugin:kubejs:jei] of REI Plugin Compatibilities Adapter [rei_plugin_compatibilities, jei]
[20:47:21] [REI-ReloadPlugins/DEBUG] [REI]  - (0.00) JEI Plugin [JEIIntegration:fluxnetworks:jei] of REI Plugin Compatibilities Adapter [rei_plugin_compatibilities, jei]
[20:47:21] [REI-ReloadPlugins/DEBUG] [REI]  - (0.00) JEI Plugin [CreateJEI:create:jei_plugin] of REI Plugin Compatibilities Adapter [rei_plugin_compatibilities, jei]
[20:47:21] [REI-ReloadPlugins/DEBUG] [REI]  - (0.00) JEI Plugin [JEIPlugin:ae2:core] of REI Plugin Compatibilities Adapter [rei_plugin_compatibilities, jei]
[20:47:21] [REI-ReloadPlugins/DEBUG] [REI]  - (0.00) JEI Plugin [JEICompat:jade:main] of REI Plugin Compatibilities Adapter [rei_plugin_compatibilities, jei]
[20:47:21] [REI-ReloadPlugins/DEBUG] [REI]  - (0.00) JEI Plugin [JEIPlugin:ldlib:jei_plugin] of REI Plugin Compatibilities Adapter [rei_plugin_compatibilities, jei]
[20:47:21] [REI-ReloadPlugins/DEBUG] [REI]  - (0.00) JEI Plugin [BCJeiPlugin:bibliocraft:jei_plugin] of REI Plugin Compatibilities Adapter [rei_plugin_compatibilities, jei]
[20:47:21] [REI-ReloadPlugins/DEBUG] [REI]  - (0.00) GTREIPlugin of GTREIPlugin [gtceu]
[20:47:21] [REI-ReloadPlugins/DEBUG] [REI]  - (0.00) FramedReiPlugin of FramedReiPlugin [framedblocks]
[20:47:21] [REI-ReloadPlugins/DEBUG] [REI]  - (0.00) REIPluginImpl of REIPluginImpl [ldlib]
[20:47:21] [REI-ReloadPlugins/DEBUG] [REI]  - (0.00) REI Plugin Compatibilities Client Handler of REI Plugin Compatibilities Client Handler [rei_plugin_compatibilities, jei]
[20:47:21] [REI-ReloadPlugins/DEBUG] [REI]  - (0.00) REIForgePluginStub of REIForgePluginStub [ftblibrary]
[20:47:21] [REI-ReloadPlugins/DEBUG] [REI]  - (0.00) AE2 of AE2 [ae2]
[20:47:21] [REI-ReloadPlugins/DEBUG] [REI]  - (0.00) HideIngredientsFromTagsPlugin of HideIngredientsFromTagsPlugin [roughlyenoughitems]
[20:47:21] [REI-ReloadPlugins/DEBUG] [REI]  - (0.00) DefaultClientRuntimePlugin of DefaultClientRuntimePlugin [roughlyenoughitems]
[20:47:21] [REI-ReloadPlugins/DEBUG] [REI]  - (10000000.00) REIForgePluginStub of REIForgePluginStub [kubejs]
[20:47:21] [REI-ReloadPlugins/DEBUG] [REI] ========================================
[20:47:21] [REI-ReloadPlugins/TRACE] [REI] [REIClientPlugin START] Reloading Section: "post-register/"
[20:47:21] [REI-ReloadPlugins/TRACE] [REI] [REIClientPlugin START] Reloading Section: "post-register/DefaultClientPluginImpl of DefaultClientPluginImpl [roughlyenoughitems]/"
[20:47:21] [REI-ReloadPlugins/TRACE] [REI] [REIClientPlugin START] Reloading Section: "post-register/DefaultClientPluginImpl of DefaultClientPluginImpl [roughlyenoughitems]/" done in 19.20 μs
[20:47:21] [REI-ReloadPlugins/TRACE] [REI] [REIClientPlugin START] Reloading Section: "post-register/JEI Plugin [CreateAdditionJEI:createaddition:jei_plugin] of REI Plugin Compatibilities Adapter [rei_plugin_compatibilities, jei]/"
[20:47:21] [REI-ReloadPlugins/TRACE] [REI] [REIClientPlugin START] Reloading Section: "post-register/JEI Plugin [CreateAdditionJEI:createaddition:jei_plugin] of REI Plugin Compatibilities Adapter [rei_plugin_compatibilities, jei]/" done in 27.50 μs
[20:47:21] [REI-ReloadPlugins/TRACE] [REI] [REIClientPlugin START] Reloading Section: "post-register/JEI Plugin [PolyJEIPlugin:polylib:jei_plugin] of REI Plugin Compatibilities Adapter [rei_plugin_compatibilities, jei]/"
[20:47:21] [REI-ReloadPlugins/TRACE] [REI] [REIClientPlugin START] Reloading Section: "post-register/JEI Plugin [PolyJEIPlugin:polylib:jei_plugin] of REI Plugin Compatibilities Adapter [rei_plugin_compatibilities, jei]/" done in 13.30 μs
[20:47:21] [REI-ReloadPlugins/TRACE] [REI] [REIClientPlugin START] Reloading Section: "post-register/JEI Plugin [GTSEJEIPlugin:gregtech_steam_expansion:jei_plugin] of REI Plugin Compatibilities Adapter [rei_plugin_compatibilities, jei]/"
[20:47:21] [REI-ReloadPlugins/TRACE] [REI] [REIClientPlugin START] Reloading Section: "post-register/JEI Plugin [GTSEJEIPlugin:gregtech_steam_expansion:jei_plugin] of REI Plugin Compatibilities Adapter [rei_plugin_compatibilities, jei]/" done in 12.50 μs
[20:47:21] [REI-ReloadPlugins/TRACE] [REI] [REIClientPlugin START] Reloading Section: "post-register/JEI Plugin [GTJEIPlugin:gtceu:jei_plugin] of REI Plugin Compatibilities Adapter [rei_plugin_compatibilities, jei]/"
[20:47:21] [REI-ReloadPlugins/TRACE] [REI] [REIClientPlugin START] Reloading Section: "post-register/JEI Plugin [GTJEIPlugin:gtceu:jei_plugin] of REI Plugin Compatibilities Adapter [rei_plugin_compatibilities, jei]/" done in 17.00 μs
[20:47:21] [REI-ReloadPlugins/TRACE] [REI] [REIClientPlugin START] Reloading Section: "post-register/JEI Plugin [JEIIntegration:ftblibrary:jei] of REI Plugin Compatibilities Adapter [rei_plugin_compatibilities, jei]/"
[20:47:21] [REI-ReloadPlugins/TRACE] [REI] [REIClientPlugin START] Reloading Section: "post-register/JEI Plugin [JEIIntegration:ftblibrary:jei] of REI Plugin Compatibilities Adapter [rei_plugin_compatibilities, jei]/" done in 15.70 μs
[20:47:21] [REI-ReloadPlugins/TRACE] [REI] [REIClientPlugin START] Reloading Section: "post-register/JEI Plugin [JEIPlugin:kubejs:jei] of REI Plugin Compatibilities Adapter [rei_plugin_compatibilities, jei]/"
[20:47:21] [REI-ReloadPlugins/TRACE] [REI] [REIClientPlugin START] Reloading Section: "post-register/JEI Plugin [JEIPlugin:kubejs:jei] of REI Plugin Compatibilities Adapter [rei_plugin_compatibilities, jei]/" done in 12.40 μs
[20:47:21] [REI-ReloadPlugins/TRACE] [REI] [REIClientPlugin START] Reloading Section: "post-register/JEI Plugin [JEIIntegration:fluxnetworks:jei] of REI Plugin Compatibilities Adapter [rei_plugin_compatibilities, jei]/"
[20:47:21] [REI-ReloadPlugins/TRACE] [REI] [REIClientPlugin START] Reloading Section: "post-register/JEI Plugin [JEIIntegration:fluxnetworks:jei] of REI Plugin Compatibilities Adapter [rei_plugin_compatibilities, jei]/" done in 47.10 μs
[20:47:21] [REI-ReloadPlugins/TRACE] [REI] [REIClientPlugin START] Reloading Section: "post-register/JEI Plugin [CreateJEI:create:jei_plugin] of REI Plugin Compatibilities Adapter [rei_plugin_compatibilities, jei]/"
[20:47:21] [REI-ReloadPlugins/TRACE] [REI] [REIClientPlugin START] Reloading Section: "post-register/JEI Plugin [CreateJEI:create:jei_plugin] of REI Plugin Compatibilities Adapter [rei_plugin_compatibilities, jei]/" done in 12.00 μs
[20:47:21] [REI-ReloadPlugins/TRACE] [REI] [REIClientPlugin START] Reloading Section: "post-register/JEI Plugin [JEIPlugin:ae2:core] of REI Plugin Compatibilities Adapter [rei_plugin_compatibilities, jei]/"
[20:47:21] [REI-ReloadPlugins/TRACE] [REI] [REIClientPlugin START] Reloading Section: "post-register/JEI Plugin [JEIPlugin:ae2:core] of REI Plugin Compatibilities Adapter [rei_plugin_compatibilities, jei]/" done in 11.80 μs
[20:47:21] [REI-ReloadPlugins/TRACE] [REI] [REIClientPlugin START] Reloading Section: "post-register/JEI Plugin [JEICompat:jade:main] of REI Plugin Compatibilities Adapter [rei_plugin_compatibilities, jei]/"
[20:47:21] [REI-ReloadPlugins/TRACE] [REI] [REIClientPlugin START] Reloading Section: "post-register/JEI Plugin [JEICompat:jade:main] of REI Plugin Compatibilities Adapter [rei_plugin_compatibilities, jei]/" done in 11.60 μs
[20:47:21] [REI-ReloadPlugins/TRACE] [REI] [REIClientPlugin START] Reloading Section: "post-register/JEI Plugin [JEIPlugin:ldlib:jei_plugin] of REI Plugin Compatibilities Adapter [rei_plugin_compatibilities, jei]/"
[20:47:21] [REI-ReloadPlugins/TRACE] [REI] [REIClientPlugin START] Reloading Section: "post-register/JEI Plugin [JEIPlugin:ldlib:jei_plugin] of REI Plugin Compatibilities Adapter [rei_plugin_compatibilities, jei]/" done in 13.70 μs
[20:47:21] [REI-ReloadPlugins/TRACE] [REI] [REIClientPlugin START] Reloading Section: "post-register/JEI Plugin [BCJeiPlugin:bibliocraft:jei_plugin] of REI Plugin Compatibilities Adapter [rei_plugin_compatibilities, jei]/"
[20:47:21] [REI-ReloadPlugins/TRACE] [REI] [REIClientPlugin START] Reloading Section: "post-register/JEI Plugin [BCJeiPlugin:bibliocraft:jei_plugin] of REI Plugin Compatibilities Adapter [rei_plugin_compatibilities, jei]/" done in 11.50 μs
[20:47:21] [REI-ReloadPlugins/TRACE] [REI] [REIClientPlugin START] Reloading Section: "post-register/GTREIPlugin of GTREIPlugin [gtceu]/"
[20:47:21] [REI-ReloadPlugins/TRACE] [REI] [REIClientPlugin START] Reloading Section: "post-register/GTREIPlugin of GTREIPlugin [gtceu]/" done in 11.30 μs
[20:47:21] [REI-ReloadPlugins/TRACE] [REI] [REIClientPlugin START] Reloading Section: "post-register/FramedReiPlugin of FramedReiPlugin [framedblocks]/"
[20:47:21] [REI-ReloadPlugins/TRACE] [REI] [REIClientPlugin START] Reloading Section: "post-register/FramedReiPlugin of FramedReiPlugin [framedblocks]/" done in 13.10 μs
[20:47:21] [REI-ReloadPlugins/TRACE] [REI] [REIClientPlugin START] Reloading Section: "post-register/REIPluginImpl of REIPluginImpl [ldlib]/"
[20:47:21] [REI-ReloadPlugins/TRACE] [REI] [REIClientPlugin START] Reloading Section: "post-register/REIPluginImpl of REIPluginImpl [ldlib]/" done in 11.30 μs
[20:47:21] [REI-ReloadPlugins/TRACE] [REI] [REIClientPlugin START] Reloading Section: "post-register/REI Plugin Compatibilities Client Handler of REI Plugin Compatibilities Client Handler [rei_plugin_compatibilities, jei]/"
[20:47:21] [REI-ReloadPlugins/TRACE] [REI] [REIClientPlugin START] Reloading Section: "post-register/REI Plugin Compatibilities Client Handler of REI Plugin Compatibilities Client Handler [rei_plugin_compatibilities, jei]/" done in 11.40 μs
[20:47:21] [REI-ReloadPlugins/TRACE] [REI] [REIClientPlugin START] Reloading Section: "post-register/REIForgePluginStub of REIForgePluginStub [ftblibrary]/"
[20:47:21] [REI-ReloadPlugins/TRACE] [REI] [REIClientPlugin START] Reloading Section: "post-register/REIForgePluginStub of REIForgePluginStub [ftblibrary]/" done in 14.60 μs
[20:47:21] [REI-ReloadPlugins/TRACE] [REI] [REIClientPlugin START] Reloading Section: "post-register/AE2 of AE2 [ae2]/"
[20:47:21] [REI-ReloadPlugins/TRACE] [REI] [REIClientPlugin START] Reloading Section: "post-register/AE2 of AE2 [ae2]/" done in 11.70 μs
[20:47:21] [REI-ReloadPlugins/TRACE] [REI] [REIClientPlugin START] Reloading Section: "post-register/HideIngredientsFromTagsPlugin of HideIngredientsFromTagsPlugin [roughlyenoughitems]/"
[20:47:21] [REI-ReloadPlugins/TRACE] [REI] [REIClientPlugin START] Reloading Section: "post-register/HideIngredientsFromTagsPlugin of HideIngredientsFromTagsPlugin [roughlyenoughitems]/" done in 53.50 μs
[20:47:21] [REI-ReloadPlugins/TRACE] [REI] [REIClientPlugin START] Reloading Section: "post-register/DefaultClientRuntimePlugin of DefaultClientRuntimePlugin [roughlyenoughitems]/"
[20:47:21] [REI-ReloadPlugins/TRACE] [REI] [REIClientPlugin START] Reloading Section: "post-register/DefaultClientRuntimePlugin of DefaultClientRuntimePlugin [roughlyenoughitems]/" done in 13.70 μs
[20:47:21] [REI-ReloadPlugins/TRACE] [REI] [REIClientPlugin START] Reloading Section: "post-register/REIForgePluginStub of REIForgePluginStub [kubejs]/"
[20:47:21] [REI-ReloadPlugins/TRACE] [REI] [REIClientPlugin START] Reloading Section: "post-register/REIForgePluginStub of REIForgePluginStub [kubejs]/" done in 11.70 μs
[20:47:21] [REI-ReloadPlugins/TRACE] [REI] [REIClientPlugin START] Reloading Section: "post-register/" done in 878.0 μs
[20:47:21] [REI-ReloadPlugins/TRACE] [REI] [REIClientPlugin START] Reloading Section: "post-stage/"
[20:47:21] [REI-ReloadPlugins/TRACE] [REI] [REIClientPlugin START] Reloading Section: "post-stage/EntryRendererRegistryImpl/"
[20:47:21] [REI-ReloadPlugins/TRACE] [REI] [REIClientPlugin START] Reloading Section: "post-stage/EntryRendererRegistryImpl/" done in 14.60 μs
[20:47:21] [REI-ReloadPlugins/TRACE] [REI] [REIClientPlugin START] Reloading Section: "post-stage/ViewsImpl/"
[20:47:21] [REI-ReloadPlugins/TRACE] [REI] [REIClientPlugin START] Reloading Section: "post-stage/ViewsImpl/" done in 11.40 μs
[20:47:21] [REI-ReloadPlugins/TRACE] [REI] [REIClientPlugin START] Reloading Section: "post-stage/InputMethodRegistryImpl/"
[20:47:21] [REI-ReloadPlugins/TRACE] [REI] [REIClientPlugin START] Reloading Section: "post-stage/InputMethodRegistryImpl/" done in 10.50 μs
[20:47:21] [REI-ReloadPlugins/TRACE] [REI] [REIClientPlugin START] Reloading Section: "post-stage/SearchProviderImpl/"
[20:47:21] [REI-ReloadPlugins/TRACE] [REI] [REIClientPlugin START] Reloading Section: "post-stage/SearchProviderImpl/" done in 10.90 μs
[20:47:21] [REI-ReloadPlugins/TRACE] [REI] [REIClientPlugin START] Reloading Section: "post-stage/ConfigManagerImpl/"
[20:47:21] [REI-ReloadPlugins/TRACE] [REI] [REIClientPlugin START] Reloading Section: "post-stage/ConfigManagerImpl/" done in 11.90 μs
[20:47:21] [REI-ReloadPlugins/TRACE] [REI] [REIClientPlugin START] Reloading Section: "post-stage/EntryRegistryImpl/"
[20:47:21] [REI-ReloadPlugins/TRACE] [REI] [REIClientPlugin START] Reloading Section: "post-stage/EntryRegistryImpl/" done in 11.10 μs
[20:47:21] [REI-ReloadPlugins/TRACE] [REI] [REIClientPlugin START] Reloading Section: "post-stage/CollapsibleEntryRegistryImpl/"
[20:47:21] [REI-ReloadPlugins/TRACE] [REI] [REIClientPlugin START] Reloading Section: "post-stage/CollapsibleEntryRegistryImpl/" done in 11.00 μs
[20:47:21] [REI-ReloadPlugins/TRACE] [REI] [REIClientPlugin START] Reloading Section: "post-stage/BasicFilteringRuleImpl/"
[20:47:21] [REI-ReloadPlugins/TRACE] [REI] [REIClientPlugin START] Reloading Section: "post-stage/BasicFilteringRuleImpl/" done in 11.50 μs
[20:47:21] [REI-ReloadPlugins/TRACE] [REI] [REIClientPlugin START] Reloading Section: "post-stage/CategoryRegistryImpl/"
[20:47:21] [REI-ReloadPlugins/TRACE] [REI] [REIClientPlugin START] Reloading Section: "post-stage/CategoryRegistryImpl/" done in 10.80 μs
[20:47:21] [REI-ReloadPlugins/TRACE] [REI] [REIClientPlugin START] Reloading Section: "post-stage/DisplayRegistryImpl/"
[20:47:21] [REI-ReloadPlugins/TRACE] [REI] [REIClientPlugin START] Reloading Section: "post-stage/DisplayRegistryImpl/" done in 22.40 μs
[20:47:21] [REI-ReloadPlugins/TRACE] [REI] [REIClientPlugin START] Reloading Section: "post-stage/ScreenRegistryImpl/"
[20:47:21] [REI-ReloadPlugins/TRACE] [REI] [REIClientPlugin START] Reloading Section: "post-stage/ScreenRegistryImpl/" done in 11.90 μs
[20:47:21] [REI-ReloadPlugins/TRACE] [REI] [REIClientPlugin START] Reloading Section: "post-stage/FavoriteEntryTypeRegistryImpl/"
[20:47:21] [REI-ReloadPlugins/TRACE] [REI] [REIClientPlugin START] Reloading Section: "post-stage/FavoriteEntryTypeRegistryImpl/" done in 11.10 μs
[20:47:21] [REI-ReloadPlugins/TRACE] [REI] [REIClientPlugin START] Reloading Section: "post-stage/SubsetsRegistryImpl/"
[20:47:21] [REI-ReloadPlugins/TRACE] [REI] [REIClientPlugin START] Reloading Section: "post-stage/SubsetsRegistryImpl/" done in 11.60 μs
[20:47:21] [REI-ReloadPlugins/TRACE] [REI] [REIClientPlugin START] Reloading Section: "post-stage/TransferHandlerRegistryImpl/"
[20:47:21] [REI-ReloadPlugins/TRACE] [REI] [REIClientPlugin START] Reloading Section: "post-stage/TransferHandlerRegistryImpl/" done in 12.40 μs
[20:47:21] [REI-ReloadPlugins/TRACE] [REI] [REIClientPlugin START] Reloading Section: "post-stage/SearchRuntime/"
[20:47:21] [REI-ReloadPlugins/TRACE] [REI] [REIClientPlugin START] Reloading Section: "post-stage/SearchRuntime/" done in 11.00 μs
[20:47:21] [REI-ReloadPlugins/TRACE] [REI] [REIClientPlugin START] Reloading Section: "post-stage/REIRuntimeImpl/"
[20:47:21] [REI-ReloadPlugins/TRACE] [REI] [REIClientPlugin START] Reloading Section: "post-stage/REIRuntimeImpl/" done in 10.30 μs
[20:47:21] [REI-ReloadPlugins/TRACE] [REI] [REIClientPlugin START] Reloading Section: "post-stage/ConfigAddonRegistryImpl/"
[20:47:21] [REI-ReloadPlugins/TRACE] [REI] [REIClientPlugin START] Reloading Section: "post-stage/ConfigAddonRegistryImpl/" done in 10.90 μs
[20:47:21] [REI-ReloadPlugins/TRACE] [REI] [REIClientPlugin START] Reloading Section: "post-stage/me.shedaniel.rei.plugin.client.runtime.PluginStageExecutionWatcher$1/"
[20:47:21] [REI-ReloadPlugins/TRACE] [REI] [REIClientPlugin START] Reloading Section: "post-stage/me.shedaniel.rei.plugin.client.runtime.PluginStageExecutionWatcher$1/" done in 15.70 μs
[20:47:21] [REI-ReloadPlugins/TRACE] [REI] [REIClientPlugin START] Reloading Section: "post-stage/" done in 570.3 μs
[20:47:21] [REI-ReloadPlugins/DEBUG] [REI] ========================================
[20:47:21] [REI-ReloadPlugins/INFO] [REI] REIClientPlugin finished post-reload for START in 1.482 ms, totaling 1.776 s.
[20:47:21] [REI-ReloadPlugins/DEBUG] [REI] ========================================
[20:47:21] [REI-ReloadPlugins/DEBUG] [REI] ========================================
[20:47:21] [REI-ReloadPlugins/DEBUG] [REI] REIServerPlugin starting post-reload for START.
[20:47:21] [REI-ReloadPlugins/DEBUG] [REI] Reloadables (3):
[20:47:21] [REI-ReloadPlugins/DEBUG] [REI]  - MenuInfoRegistryImpl
[20:47:21] [REI-ReloadPlugins/DEBUG] [REI]  - SlotAccessorRegistryImpl
[20:47:21] [REI-ReloadPlugins/DEBUG] [REI]  - me.shedaniel.rei.plugin.client.runtime.PluginStageExecutionWatcher$1
[20:47:21] [REI-ReloadPlugins/DEBUG] [REI] Plugins (2):
[20:47:21] [REI-ReloadPlugins/DEBUG] [REI]  - (-100.00) DefaultPluginImpl of DefaultPluginImpl [roughlyenoughitems]
[20:47:21] [REI-ReloadPlugins/DEBUG] [REI]  - (0.00) DefaultRuntimePlugin of DefaultRuntimePlugin [roughlyenoughitems]
[20:47:21] [REI-ReloadPlugins/DEBUG] [REI] ========================================
[20:47:21] [REI-ReloadPlugins/TRACE] [REI] [REIServerPlugin START] Reloading Section: "post-register/"
[20:47:21] [REI-ReloadPlugins/TRACE] [REI] [REIServerPlugin START] Reloading Section: "post-register/DefaultPluginImpl of DefaultPluginImpl [roughlyenoughitems]/"
[20:47:21] [REI-ReloadPlugins/TRACE] [REI] [REIServerPlugin START] Reloading Section: "post-register/DefaultPluginImpl of DefaultPluginImpl [roughlyenoughitems]/" done in 19.70 μs
[20:47:21] [REI-ReloadPlugins/TRACE] [REI] [REIServerPlugin START] Reloading Section: "post-register/DefaultRuntimePlugin of DefaultRuntimePlugin [roughlyenoughitems]/"
[20:47:21] [REI-ReloadPlugins/TRACE] [REI] [REIServerPlugin START] Reloading Section: "post-register/DefaultRuntimePlugin of DefaultRuntimePlugin [roughlyenoughitems]/" done in 17.60 μs
[20:47:21] [REI-ReloadPlugins/TRACE] [REI] [REIServerPlugin START] Reloading Section: "post-register/" done in 112.9 μs
[20:47:21] [REI-ReloadPlugins/TRACE] [REI] [REIServerPlugin START] Reloading Section: "post-stage/"
[20:47:21] [REI-ReloadPlugins/TRACE] [REI] [REIServerPlugin START] Reloading Section: "post-stage/MenuInfoRegistryImpl/"
[20:47:21] [REI-ReloadPlugins/TRACE] [REI] [REIServerPlugin START] Reloading Section: "post-stage/MenuInfoRegistryImpl/" done in 14.50 μs
[20:47:21] [REI-ReloadPlugins/TRACE] [REI] [REIServerPlugin START] Reloading Section: "post-stage/SlotAccessorRegistryImpl/"
[20:47:21] [REI-ReloadPlugins/TRACE] [REI] [REIServerPlugin START] Reloading Section: "post-stage/SlotAccessorRegistryImpl/" done in 11.50 μs
[20:47:21] [REI-ReloadPlugins/TRACE] [REI] [REIServerPlugin START] Reloading Section: "post-stage/me.shedaniel.rei.plugin.client.runtime.PluginStageExecutionWatcher$1/"
[20:47:21] [REI-ReloadPlugins/TRACE] [REI] [REIServerPlugin START] Reloading Section: "post-stage/me.shedaniel.rei.plugin.client.runtime.PluginStageExecutionWatcher$1/" done in 14.00 μs
[20:47:21] [REI-ReloadPlugins/TRACE] [REI] [REIServerPlugin START] Reloading Section: "post-stage/" done in 105.8 μs
[20:47:21] [REI-ReloadPlugins/DEBUG] [REI] ========================================
[20:47:21] [REI-ReloadPlugins/INFO] [REI] REIServerPlugin finished post-reload for START in 252.5 μs, totaling 2.341 ms.
[20:47:21] [REI-ReloadPlugins/DEBUG] [REI] ========================================
[20:47:22] [Render thread/DEBUG] [REI] Starting Reload Plugins of stage END
java.lang.Throwable
	at TRANSFORMER/roughlyenoughitems@12.1.785/me.shedaniel.rei.impl.common.plugins.ReloadManagerImpl.reloadPlugins(ReloadManagerImpl.java:110)
	at TRANSFORMER/roughlyenoughitems@12.1.785/me.shedaniel.rei.RoughlyEnoughItemsCoreClient.reloadPlugins(RoughlyEnoughItemsCoreClient.java:473)
	at TRANSFORMER/roughlyenoughitems@12.1.785/me.shedaniel.rei.RoughlyEnoughItemsCoreClient.lambda$registerEvents$10(RoughlyEnoughItemsCoreClient.java:315)
	at TRANSFORMER/architectury@9.2.14/dev.architectury.event.forge.EventHandlerImplClient.event(EventHandlerImplClient.java:173)
	at TRANSFORMER/architectury@9.2.14/dev.architectury.event.forge.__EventHandlerImplClient_event_RecipesUpdatedEvent.invoke(.dynamic)
	at MC-BOOTSTRAP/net.minecraftforge.eventbus/net.minecraftforge.eventbus.ASMEventHandler.invoke(ASMEventHandler.java:73)
	at MC-BOOTSTRAP/net.minecraftforge.eventbus/net.minecraftforge.eventbus.EventBus.post(EventBus.java:315)
	at MC-BOOTSTRAP/net.minecraftforge.eventbus/net.minecraftforge.eventbus.EventBus.post(EventBus.java:296)
	at TRANSFORMER/forge@47.4.10/net.minecraftforge.client.ForgeHooksClient.onRecipesUpdated(ForgeHooksClient.java:718)
	at TRANSFORMER/minecraft@1.20.1/net.minecraft.client.multiplayer.ClientPacketListener.m_6327_(ClientPacketListener.java:1354)
	at TRANSFORMER/minecraft@1.20.1/net.minecraft.network.protocol.game.ClientboundUpdateRecipesPacket.m_5797_(ClientboundUpdateRecipesPacket.java:32)
	at TRANSFORMER/minecraft@1.20.1/net.minecraft.network.protocol.game.ClientboundUpdateRecipesPacket.m_5797_(ClientboundUpdateRecipesPacket.java:14)
	at TRANSFORMER/minecraft@1.20.1/net.minecraft.network.protocol.PacketUtils.m_263899_(PacketUtils.java:22)
	at TRANSFORMER/minecraft@1.20.1/net.minecraft.util.thread.BlockableEventLoop.m_6367_(BlockableEventLoop.java:156)
	at TRANSFORMER/minecraft@1.20.1/net.minecraft.util.thread.ReentrantBlockableEventLoop.m_6367_(ReentrantBlockableEventLoop.java:23)
	at TRANSFORMER/minecraft@1.20.1/net.minecraft.util.thread.BlockableEventLoop.m_7245_(BlockableEventLoop.java:130)
	at TRANSFORMER/minecraft@1.20.1/net.minecraft.util.thread.BlockableEventLoop.m_18699_(BlockableEventLoop.java:115)
	at TRANSFORMER/minecraft@1.20.1/net.minecraft.client.Minecraft.m_91383_(Minecraft.java:1106)
	at TRANSFORMER/minecraft@1.20.1/net.minecraft.client.Minecraft.m_91374_(Minecraft.java:718)
	at TRANSFORMER/minecraft@1.20.1/net.minecraft.client.main.Main.main(Main.java:218)
	at java.base/jdk.internal.reflect.NativeMethodAccessorImpl.invoke0(Native Method)
	at java.base/jdk.internal.reflect.NativeMethodAccessorImpl.invoke(Unknown Source)
	at java.base/jdk.internal.reflect.DelegatingMethodAccessorImpl.invoke(Unknown Source)
	at java.base/java.lang.reflect.Method.invoke(Unknown Source)
	at MC-BOOTSTRAP/fmlloader@1.20.1-47.4.10/net.minecraftforge.fml.loading.targets.CommonLaunchHandler.runTarget(CommonLaunchHandler.java:111)
	at MC-BOOTSTRAP/fmlloader@1.20.1-47.4.10/net.minecraftforge.fml.loading.targets.CommonLaunchHandler.clientService(CommonLaunchHandler.java:99)
	at MC-BOOTSTRAP/fmlloader@1.20.1-47.4.10/net.minecraftforge.fml.loading.targets.CommonClientLaunchHandler.lambda$makeService$0(CommonClientLaunchHandler.java:25)
	at MC-BOOTSTRAP/cpw.mods.modlauncher@10.0.9/cpw.mods.modlauncher.LaunchServiceHandlerDecorator.launch(LaunchServiceHandlerDecorator.java:30)
	at MC-BOOTSTRAP/cpw.mods.modlauncher@10.0.9/cpw.mods.modlauncher.LaunchServiceHandler.launch(LaunchServiceHandler.java:53)
	at MC-BOOTSTRAP/cpw.mods.modlauncher@10.0.9/cpw.mods.modlauncher.LaunchServiceHandler.launch(LaunchServiceHandler.java:71)
	at MC-BOOTSTRAP/cpw.mods.modlauncher@10.0.9/cpw.mods.modlauncher.Launcher.run(Launcher.java:108)
	at MC-BOOTSTRAP/cpw.mods.modlauncher@10.0.9/cpw.mods.modlauncher.Launcher.main(Launcher.java:78)
	at MC-BOOTSTRAP/cpw.mods.modlauncher@10.0.9/cpw.mods.modlauncher.BootstrapLaunchConsumer.accept(BootstrapLaunchConsumer.java:26)
	at MC-BOOTSTRAP/cpw.mods.modlauncher@10.0.9/cpw.mods.modlauncher.BootstrapLaunchConsumer.accept(BootstrapLaunchConsumer.java:23)
	at cpw.mods.bootstraplauncher@1.1.2/cpw.mods.bootstraplauncher.BootstrapLauncher.main(BootstrapLauncher.java:141)
[20:47:22] [REI-ReloadPlugins/DEBUG] [REI] ========================================
[20:47:22] [REI-ReloadPlugins/DEBUG] [REI] REIPlugin starting pre-reload for END.
[20:47:22] [REI-ReloadPlugins/DEBUG] [REI] Reloadables (8):
[20:47:22] [REI-ReloadPlugins/DEBUG] [REI]  - EntryTypeRegistryImpl
[20:47:22] [REI-ReloadPlugins/DEBUG] [REI]  - EntrySettingsAdapterRegistryImpl
[20:47:22] [REI-ReloadPlugins/DEBUG] [REI]  - RecipeManagerContextImpl
[20:47:22] [REI-ReloadPlugins/DEBUG] [REI]  - ItemComparatorRegistryImpl
[20:47:22] [REI-ReloadPlugins/DEBUG] [REI]  - FluidComparatorRegistryImpl
[20:47:22] [REI-ReloadPlugins/DEBUG] [REI]  - DisplaySerializerRegistryImpl
[20:47:22] [REI-ReloadPlugins/DEBUG] [REI]  - FluidSupportProviderImpl
[20:47:22] [REI-ReloadPlugins/DEBUG] [REI]  - me.shedaniel.rei.plugin.client.runtime.PluginStageExecutionWatcher$1
[20:47:22] [REI-ReloadPlugins/DEBUG] [REI] Plugins (24):
[20:47:22] [REI-ReloadPlugins/DEBUG] [REI]  - (-100.00) DefaultClientPluginImpl of DefaultClientPluginImpl [roughlyenoughitems]
[20:47:22] [REI-ReloadPlugins/DEBUG] [REI]  - (-100.00) DefaultPluginImpl of DefaultPluginImpl [roughlyenoughitems]
[20:47:22] [REI-ReloadPlugins/DEBUG] [REI]  - (0.00) HideIngredientsFromTagsPlugin of HideIngredientsFromTagsPlugin [roughlyenoughitems]
[20:47:22] [REI-ReloadPlugins/DEBUG] [REI]  - (0.00) DefaultClientRuntimePlugin of DefaultClientRuntimePlugin [roughlyenoughitems]
[20:47:22] [REI-ReloadPlugins/DEBUG] [REI]  - (0.00) DefaultRuntimePlugin of DefaultRuntimePlugin [roughlyenoughitems]
[20:47:22] [REI-ReloadPlugins/DEBUG] [REI]  - (0.00) JEI Plugin [CreateAdditionJEI:createaddition:jei_plugin] of REI Plugin Compatibilities Adapter [rei_plugin_compatibilities, jei]
[20:47:22] [REI-ReloadPlugins/DEBUG] [REI]  - (0.00) JEI Plugin [PolyJEIPlugin:polylib:jei_plugin] of REI Plugin Compatibilities Adapter [rei_plugin_compatibilities, jei]
[20:47:22] [REI-ReloadPlugins/DEBUG] [REI]  - (0.00) JEI Plugin [GTSEJEIPlugin:gregtech_steam_expansion:jei_plugin] of REI Plugin Compatibilities Adapter [rei_plugin_compatibilities, jei]
[20:47:22] [REI-ReloadPlugins/DEBUG] [REI]  - (0.00) JEI Plugin [GTJEIPlugin:gtceu:jei_plugin] of REI Plugin Compatibilities Adapter [rei_plugin_compatibilities, jei]
[20:47:22] [REI-ReloadPlugins/DEBUG] [REI]  - (0.00) JEI Plugin [JEIIntegration:ftblibrary:jei] of REI Plugin Compatibilities Adapter [rei_plugin_compatibilities, jei]
[20:47:22] [REI-ReloadPlugins/DEBUG] [REI]  - (0.00) JEI Plugin [JEIPlugin:kubejs:jei] of REI Plugin Compatibilities Adapter [rei_plugin_compatibilities, jei]
[20:47:22] [Render thread/DEBUG] [REI] Marking hidden ingredients from tag cache as dirty.
[20:47:22] [REI-ReloadPlugins/DEBUG] [REI]  - (0.00) JEI Plugin [JEIIntegration:fluxnetworks:jei] of REI Plugin Compatibilities Adapter [rei_plugin_compatibilities, jei]
[20:47:22] [REI-ReloadPlugins/DEBUG] [REI]  - (0.00) JEI Plugin [CreateJEI:create:jei_plugin] of REI Plugin Compatibilities Adapter [rei_plugin_compatibilities, jei]
[20:47:22] [REI-ReloadPlugins/DEBUG] [REI]  - (0.00) JEI Plugin [JEIPlugin:ae2:core] of REI Plugin Compatibilities Adapter [rei_plugin_compatibilities, jei]
[20:47:22] [REI-ReloadPlugins/DEBUG] [REI]  - (0.00) JEI Plugin [JEICompat:jade:main] of REI Plugin Compatibilities Adapter [rei_plugin_compatibilities, jei]
[20:47:22] [REI-ReloadPlugins/DEBUG] [REI]  - (0.00) JEI Plugin [JEIPlugin:ldlib:jei_plugin] of REI Plugin Compatibilities Adapter [rei_plugin_compatibilities, jei]
[20:47:22] [REI-ReloadPlugins/DEBUG] [REI]  - (0.00) JEI Plugin [BCJeiPlugin:bibliocraft:jei_plugin] of REI Plugin Compatibilities Adapter [rei_plugin_compatibilities, jei]
[20:47:22] [REI-ReloadPlugins/DEBUG] [REI]  - (0.00) GTREIPlugin of GTREIPlugin [gtceu]
[20:47:22] [REI-ReloadPlugins/DEBUG] [REI]  - (0.00) FramedReiPlugin of FramedReiPlugin [framedblocks]
[20:47:22] [REI-ReloadPlugins/DEBUG] [REI]  - (0.00) REIPluginImpl of REIPluginImpl [ldlib]
[20:47:22] [REI-ReloadPlugins/DEBUG] [REI]  - (0.00) REI Plugin Compatibilities Client Handler of REI Plugin Compatibilities Client Handler [rei_plugin_compatibilities, jei]
[20:47:22] [REI-ReloadPlugins/DEBUG] [REI]  - (0.00) REIForgePluginStub of REIForgePluginStub [ftblibrary]
[20:47:22] [REI-ReloadPlugins/DEBUG] [REI]  - (0.00) AE2 of AE2 [ae2]
[20:47:22] [Render thread/DEBUG] [REI] Marked 0 hidden ingredients from tag cache as dirty.
[20:47:22] [REI-ReloadPlugins/DEBUG] [REI]  - (10000000.00) REIForgePluginStub of REIForgePluginStub [kubejs]
[20:47:22] [REI-ReloadPlugins/DEBUG] [REI] ========================================
[20:47:22] [REI-ReloadPlugins/TRACE] [REI] [REIPlugin END] Reloading Section: "pre-register/"
[20:47:22] [REI-ReloadPlugins/TRACE] [REI] [REIPlugin END] Reloading Section: "pre-register/DefaultClientPluginImpl of DefaultClientPluginImpl [roughlyenoughitems]/"
[20:47:22] [REI-ReloadPlugins/TRACE] [REI] [REIPlugin END] Reloading Section: "pre-register/DefaultClientPluginImpl of DefaultClientPluginImpl [roughlyenoughitems]/" done in 32.90 μs
[20:47:22] [REI-ReloadPlugins/TRACE] [REI] [REIPlugin END] Reloading Section: "pre-register/DefaultPluginImpl of DefaultPluginImpl [roughlyenoughitems]/"
[20:47:22] [REI-ReloadPlugins/TRACE] [REI] [REIPlugin END] Reloading Section: "pre-register/DefaultPluginImpl of DefaultPluginImpl [roughlyenoughitems]/" done in 17.80 μs
[20:47:22] [REI-ReloadPlugins/TRACE] [REI] [REIPlugin END] Reloading Section: "pre-register/HideIngredientsFromTagsPlugin of HideIngredientsFromTagsPlugin [roughlyenoughitems]/"
[20:47:22] [REI-ReloadPlugins/TRACE] [REI] [REIPlugin END] Reloading Section: "pre-register/HideIngredientsFromTagsPlugin of HideIngredientsFromTagsPlugin [roughlyenoughitems]/" done in 15.80 μs
[20:47:22] [REI-ReloadPlugins/TRACE] [REI] [REIPlugin END] Reloading Section: "pre-register/DefaultClientRuntimePlugin of DefaultClientRuntimePlugin [roughlyenoughitems]/"
[20:47:22] [REI-ReloadPlugins/TRACE] [REI] [REIPlugin END] Reloading Section: "pre-register/DefaultClientRuntimePlugin of DefaultClientRuntimePlugin [roughlyenoughitems]/" done in 15.30 μs
[20:47:22] [REI-ReloadPlugins/TRACE] [REI] [REIPlugin END] Reloading Section: "pre-register/DefaultRuntimePlugin of DefaultRuntimePlugin [roughlyenoughitems]/"
[20:47:22] [REI-ReloadPlugins/TRACE] [REI] [REIPlugin END] Reloading Section: "pre-register/DefaultRuntimePlugin of DefaultRuntimePlugin [roughlyenoughitems]/" done in 14.80 μs
[20:47:22] [REI-ReloadPlugins/TRACE] [REI] [REIPlugin END] Reloading Section: "pre-register/JEI Plugin [CreateAdditionJEI:createaddition:jei_plugin] of REI Plugin Compatibilities Adapter [rei_plugin_compatibilities, jei]/"
[20:47:22] [REI-ReloadPlugins/TRACE] [REI] [REIPlugin END] Reloading Section: "pre-register/JEI Plugin [CreateAdditionJEI:createaddition:jei_plugin] of REI Plugin Compatibilities Adapter [rei_plugin_compatibilities, jei]/" done in 15.90 μs
[20:47:22] [REI-ReloadPlugins/TRACE] [REI] [REIPlugin END] Reloading Section: "pre-register/JEI Plugin [PolyJEIPlugin:polylib:jei_plugin] of REI Plugin Compatibilities Adapter [rei_plugin_compatibilities, jei]/"
[20:47:22] [REI-ReloadPlugins/TRACE] [REI] [REIPlugin END] Reloading Section: "pre-register/JEI Plugin [PolyJEIPlugin:polylib:jei_plugin] of REI Plugin Compatibilities Adapter [rei_plugin_compatibilities, jei]/" done in 15.00 μs
[20:47:22] [REI-ReloadPlugins/TRACE] [REI] [REIPlugin END] Reloading Section: "pre-register/JEI Plugin [GTSEJEIPlugin:gregtech_steam_expansion:jei_plugin] of REI Plugin Compatibilities Adapter [rei_plugin_compatibilities, jei]/"
[20:47:22] [REI-ReloadPlugins/TRACE] [REI] [REIPlugin END] Reloading Section: "pre-register/JEI Plugin [GTSEJEIPlugin:gregtech_steam_expansion:jei_plugin] of REI Plugin Compatibilities Adapter [rei_plugin_compatibilities, jei]/" done in 15.20 μs
[20:47:22] [REI-ReloadPlugins/TRACE] [REI] [REIPlugin END] Reloading Section: "pre-register/JEI Plugin [GTJEIPlugin:gtceu:jei_plugin] of REI Plugin Compatibilities Adapter [rei_plugin_compatibilities, jei]/"
[20:47:22] [REI-ReloadPlugins/TRACE] [REI] [REIPlugin END] Reloading Section: "pre-register/JEI Plugin [GTJEIPlugin:gtceu:jei_plugin] of REI Plugin Compatibilities Adapter [rei_plugin_compatibilities, jei]/" done in 15.70 μs
[20:47:22] [REI-ReloadPlugins/TRACE] [REI] [REIPlugin END] Reloading Section: "pre-register/JEI Plugin [JEIIntegration:ftblibrary:jei] of REI Plugin Compatibilities Adapter [rei_plugin_compatibilities, jei]/"
[20:47:22] [REI-ReloadPlugins/TRACE] [REI] [REIPlugin END] Reloading Section: "pre-register/JEI Plugin [JEIIntegration:ftblibrary:jei] of REI Plugin Compatibilities Adapter [rei_plugin_compatibilities, jei]/" done in 14.70 μs
[20:47:22] [REI-ReloadPlugins/TRACE] [REI] [REIPlugin END] Reloading Section: "pre-register/JEI Plugin [JEIPlugin:kubejs:jei] of REI Plugin Compatibilities Adapter [rei_plugin_compatibilities, jei]/"
[20:47:22] [REI-ReloadPlugins/TRACE] [REI] [REIPlugin END] Reloading Section: "pre-register/JEI Plugin [JEIPlugin:kubejs:jei] of REI Plugin Compatibilities Adapter [rei_plugin_compatibilities, jei]/" done in 21.40 μs
[20:47:22] [REI-ReloadPlugins/TRACE] [REI] [REIPlugin END] Reloading Section: "pre-register/JEI Plugin [JEIIntegration:fluxnetworks:jei] of REI Plugin Compatibilities Adapter [rei_plugin_compatibilities, jei]/"
[20:47:22] [REI-ReloadPlugins/TRACE] [REI] [REIPlugin END] Reloading Section: "pre-register/JEI Plugin [JEIIntegration:fluxnetworks:jei] of REI Plugin Compatibilities Adapter [rei_plugin_compatibilities, jei]/" done in 14.90 μs
[20:47:22] [REI-ReloadPlugins/TRACE] [REI] [REIPlugin END] Reloading Section: "pre-register/JEI Plugin [CreateJEI:create:jei_plugin] of REI Plugin Compatibilities Adapter [rei_plugin_compatibilities, jei]/"
[20:47:22] [REI-ReloadPlugins/TRACE] [REI] [REIPlugin END] Reloading Section: "pre-register/JEI Plugin [CreateJEI:create:jei_plugin] of REI Plugin Compatibilities Adapter [rei_plugin_compatibilities, jei]/" done in 14.80 μs
[20:47:22] [REI-ReloadPlugins/TRACE] [REI] [REIPlugin END] Reloading Section: "pre-register/JEI Plugin [JEIPlugin:ae2:core] of REI Plugin Compatibilities Adapter [rei_plugin_compatibilities, jei]/"
[20:47:22] [REI-ReloadPlugins/TRACE] [REI] [REIPlugin END] Reloading Section: "pre-register/JEI Plugin [JEIPlugin:ae2:core] of REI Plugin Compatibilities Adapter [rei_plugin_compatibilities, jei]/" done in 16.00 μs
[20:47:22] [REI-ReloadPlugins/TRACE] [REI] [REIPlugin END] Reloading Section: "pre-register/JEI Plugin [JEICompat:jade:main] of REI Plugin Compatibilities Adapter [rei_plugin_compatibilities, jei]/"
[20:47:22] [REI-ReloadPlugins/TRACE] [REI] [REIPlugin END] Reloading Section: "pre-register/JEI Plugin [JEICompat:jade:main] of REI Plugin Compatibilities Adapter [rei_plugin_compatibilities, jei]/" done in 15.40 μs
[20:47:22] [REI-ReloadPlugins/TRACE] [REI] [REIPlugin END] Reloading Section: "pre-register/JEI Plugin [JEIPlugin:ldlib:jei_plugin] of REI Plugin Compatibilities Adapter [rei_plugin_compatibilities, jei]/"
[20:47:22] [REI-ReloadPlugins/TRACE] [REI] [REIPlugin END] Reloading Section: "pre-register/JEI Plugin [JEIPlugin:ldlib:jei_plugin] of REI Plugin Compatibilities Adapter [rei_plugin_compatibilities, jei]/" done in 14.90 μs
[20:47:22] [REI-ReloadPlugins/TRACE] [REI] [REIPlugin END] Reloading Section: "pre-register/JEI Plugin [BCJeiPlugin:bibliocraft:jei_plugin] of REI Plugin Compatibilities Adapter [rei_plugin_compatibilities, jei]/"
[20:47:22] [REI-ReloadPlugins/TRACE] [REI] [REIPlugin END] Reloading Section: "pre-register/JEI Plugin [BCJeiPlugin:bibliocraft:jei_plugin] of REI Plugin Compatibilities Adapter [rei_plugin_compatibilities, jei]/" done in 14.90 μs
[20:47:22] [REI-ReloadPlugins/TRACE] [REI] [REIPlugin END] Reloading Section: "pre-register/GTREIPlugin of GTREIPlugin [gtceu]/"
[20:47:22] [REI-ReloadPlugins/TRACE] [REI] [REIPlugin END] Reloading Section: "pre-register/GTREIPlugin of GTREIPlugin [gtceu]/" done in 15.00 μs
[20:47:22] [REI-ReloadPlugins/TRACE] [REI] [REIPlugin END] Reloading Section: "pre-register/FramedReiPlugin of FramedReiPlugin [framedblocks]/"
[20:47:22] [REI-ReloadPlugins/TRACE] [REI] [REIPlugin END] Reloading Section: "pre-register/FramedReiPlugin of FramedReiPlugin [framedblocks]/" done in 15.00 μs
[20:47:22] [REI-ReloadPlugins/TRACE] [REI] [REIPlugin END] Reloading Section: "pre-register/REIPluginImpl of REIPluginImpl [ldlib]/"
[20:47:22] [REI-ReloadPlugins/TRACE] [REI] [REIPlugin END] Reloading Section: "pre-register/REIPluginImpl of REIPluginImpl [ldlib]/" done in 14.80 μs
[20:47:22] [REI-ReloadPlugins/TRACE] [REI] [REIPlugin END] Reloading Section: "pre-register/REI Plugin Compatibilities Client Handler of REI Plugin Compatibilities Client Handler [rei_plugin_compatibilities, jei]/"
[20:47:22] [REI-ReloadPlugins/TRACE] [REI] [REIPlugin END] Reloading Section: "pre-register/REI Plugin Compatibilities Client Handler of REI Plugin Compatibilities Client Handler [rei_plugin_compatibilities, jei]/" done in 14.80 μs
[20:47:22] [REI-ReloadPlugins/TRACE] [REI] [REIPlugin END] Reloading Section: "pre-register/REIForgePluginStub of REIForgePluginStub [ftblibrary]/"
[20:47:22] [REI-ReloadPlugins/TRACE] [REI] [REIPlugin END] Reloading Section: "pre-register/REIForgePluginStub of REIForgePluginStub [ftblibrary]/" done in 19.70 μs
[20:47:22] [REI-ReloadPlugins/TRACE] [REI] [REIPlugin END] Reloading Section: "pre-register/AE2 of AE2 [ae2]/"
[20:47:22] [REI-ReloadPlugins/TRACE] [REI] [REIPlugin END] Reloading Section: "pre-register/AE2 of AE2 [ae2]/" done in 15.20 μs
[20:47:22] [REI-ReloadPlugins/TRACE] [REI] [REIPlugin END] Reloading Section: "pre-register/REIForgePluginStub of REIForgePluginStub [kubejs]/"
[20:47:22] [REI-ReloadPlugins/TRACE] [REI] [REIPlugin END] Reloading Section: "pre-register/REIForgePluginStub of REIForgePluginStub [kubejs]/" done in 14.60 μs
[20:47:22] [REI-ReloadPlugins/TRACE] [REI] [REIPlugin END] Reloading Section: "pre-register/" done in 1.204 ms
[20:47:22] [REI-ReloadPlugins/TRACE] [REI] [REIPlugin END] Reloading Section: "pre-stage/"
[20:47:22] [REI-ReloadPlugins/TRACE] [REI] [REIPlugin END] Reloading Section: "pre-stage/EntryTypeRegistryImpl/"
[20:47:22] [REI-ReloadPlugins/TRACE] [REI] [REIPlugin END] Reloading Section: "pre-stage/EntryTypeRegistryImpl/" done in 19.80 μs
[20:47:22] [REI-ReloadPlugins/TRACE] [REI] [REIPlugin END] Reloading Section: "pre-stage/EntrySettingsAdapterRegistryImpl/"
[20:47:22] [REI-ReloadPlugins/TRACE] [REI] [REIPlugin END] Reloading Section: "pre-stage/EntrySettingsAdapterRegistryImpl/" done in 15.90 μs
[20:47:22] [REI-ReloadPlugins/TRACE] [REI] [REIPlugin END] Reloading Section: "pre-stage/RecipeManagerContextImpl/"
[20:47:22] [REI-ReloadPlugins/TRACE] [REI] [REIPlugin END] Reloading Section: "pre-stage/RecipeManagerContextImpl/" done in 14.90 μs
[20:47:22] [REI-ReloadPlugins/TRACE] [REI] [REIPlugin END] Reloading Section: "pre-stage/ItemComparatorRegistryImpl/"
[20:47:22] [REI-ReloadPlugins/TRACE] [REI] [REIPlugin END] Reloading Section: "pre-stage/ItemComparatorRegistryImpl/" done in 14.40 μs
[20:47:22] [REI-ReloadPlugins/TRACE] [REI] [REIPlugin END] Reloading Section: "pre-stage/FluidComparatorRegistryImpl/"
[20:47:22] [REI-ReloadPlugins/TRACE] [REI] [REIPlugin END] Reloading Section: "pre-stage/FluidComparatorRegistryImpl/" done in 14.40 μs
[20:47:22] [REI-ReloadPlugins/TRACE] [REI] [REIPlugin END] Reloading Section: "pre-stage/DisplaySerializerRegistryImpl/"
[20:47:22] [REI-ReloadPlugins/TRACE] [REI] [REIPlugin END] Reloading Section: "pre-stage/DisplaySerializerRegistryImpl/" done in 14.30 μs
[20:47:22] [REI-ReloadPlugins/TRACE] [REI] [REIPlugin END] Reloading Section: "pre-stage/FluidSupportProviderImpl/"
[20:47:22] [REI-ReloadPlugins/TRACE] [REI] [REIPlugin END] Reloading Section: "pre-stage/FluidSupportProviderImpl/" done in 14.00 μs
[20:47:22] [REI-ReloadPlugins/TRACE] [REI] [REIPlugin END] Reloading Section: "pre-stage/me.shedaniel.rei.plugin.client.runtime.PluginStageExecutionWatcher$1/"
[20:47:22] [REI-ReloadPlugins/TRACE] [REI] [REIPlugin END] Reloading Section: "pre-stage/me.shedaniel.rei.plugin.client.runtime.PluginStageExecutionWatcher$1/" done in 19.20 μs
[20:47:22] [REI-ReloadPlugins/TRACE] [REI] [REIPlugin END] Reloading Section: "pre-stage/" done in 363.8 μs
[20:47:22] [REI-ReloadPlugins/DEBUG] [REI] ========================================
[20:47:22] [REI-ReloadPlugins/DEBUG] [REI] REIPlugin finished pre-reload for END in 1.640 ms.
[20:47:22] [REI-ReloadPlugins/DEBUG] [REI] ========================================
[20:47:22] [REI-ReloadPlugins/DEBUG] [REI] ========================================
[20:47:22] [REI-ReloadPlugins/DEBUG] [REI] REIClientPlugin starting pre-reload for END.
[20:47:22] [REI-ReloadPlugins/DEBUG] [REI] Reloadables (18):
[20:47:22] [REI-ReloadPlugins/DEBUG] [REI]  - EntryRendererRegistryImpl
[20:47:22] [REI-ReloadPlugins/DEBUG] [REI]  - ViewsImpl
[20:47:22] [REI-ReloadPlugins/DEBUG] [REI]  - InputMethodRegistryImpl
[20:47:22] [REI-ReloadPlugins/DEBUG] [REI]  - SearchProviderImpl
[20:47:22] [REI-ReloadPlugins/DEBUG] [REI]  - ConfigManagerImpl
[20:47:22] [REI-ReloadPlugins/DEBUG] [REI]  - EntryRegistryImpl
[20:47:22] [REI-ReloadPlugins/DEBUG] [REI]  - CollapsibleEntryRegistryImpl
[20:47:22] [REI-ReloadPlugins/DEBUG] [REI]  - BasicFilteringRuleImpl
[20:47:22] [REI-ReloadPlugins/DEBUG] [REI]  - CategoryRegistryImpl
[20:47:22] [REI-ReloadPlugins/DEBUG] [REI]  - DisplayRegistryImpl
[20:47:22] [REI-ReloadPlugins/DEBUG] [REI]  - ScreenRegistryImpl
[20:47:22] [REI-ReloadPlugins/DEBUG] [REI]  - FavoriteEntryTypeRegistryImpl
[20:47:22] [REI-ReloadPlugins/DEBUG] [REI]  - SubsetsRegistryImpl
[20:47:22] [REI-ReloadPlugins/DEBUG] [REI]  - TransferHandlerRegistryImpl
[20:47:22] [REI-ReloadPlugins/DEBUG] [REI]  - SearchRuntime
[20:47:22] [REI-ReloadPlugins/DEBUG] [REI]  - REIRuntimeImpl
[20:47:22] [REI-ReloadPlugins/DEBUG] [REI]  - ConfigAddonRegistryImpl
[20:47:22] [REI-ReloadPlugins/DEBUG] [REI]  - me.shedaniel.rei.plugin.client.runtime.PluginStageExecutionWatcher$1
[20:47:22] [REI-ReloadPlugins/DEBUG] [REI] Plugins (22):
[20:47:22] [REI-ReloadPlugins/DEBUG] [REI]  - (-100.00) DefaultClientPluginImpl of DefaultClientPluginImpl [roughlyenoughitems]
[20:47:22] [REI-ReloadPlugins/DEBUG] [REI]  - (0.00) JEI Plugin [CreateAdditionJEI:createaddition:jei_plugin] of REI Plugin Compatibilities Adapter [rei_plugin_compatibilities, jei]
[20:47:22] [REI-ReloadPlugins/DEBUG] [REI]  - (0.00) JEI Plugin [PolyJEIPlugin:polylib:jei_plugin] of REI Plugin Compatibilities Adapter [rei_plugin_compatibilities, jei]
[20:47:22] [REI-ReloadPlugins/DEBUG] [REI]  - (0.00) JEI Plugin [GTSEJEIPlugin:gregtech_steam_expansion:jei_plugin] of REI Plugin Compatibilities Adapter [rei_plugin_compatibilities, jei]
[20:47:22] [REI-ReloadPlugins/DEBUG] [REI]  - (0.00) JEI Plugin [GTJEIPlugin:gtceu:jei_plugin] of REI Plugin Compatibilities Adapter [rei_plugin_compatibilities, jei]
[20:47:22] [REI-ReloadPlugins/DEBUG] [REI]  - (0.00) JEI Plugin [JEIIntegration:ftblibrary:jei] of REI Plugin Compatibilities Adapter [rei_plugin_compatibilities, jei]
[20:47:22] [REI-ReloadPlugins/DEBUG] [REI]  - (0.00) JEI Plugin [JEIPlugin:kubejs:jei] of REI Plugin Compatibilities Adapter [rei_plugin_compatibilities, jei]
[20:47:22] [REI-ReloadPlugins/DEBUG] [REI]  - (0.00) JEI Plugin [JEIIntegration:fluxnetworks:jei] of REI Plugin Compatibilities Adapter [rei_plugin_compatibilities, jei]
[20:47:22] [REI-ReloadPlugins/DEBUG] [REI]  - (0.00) JEI Plugin [CreateJEI:create:jei_plugin] of REI Plugin Compatibilities Adapter [rei_plugin_compatibilities, jei]
[20:47:22] [REI-ReloadPlugins/DEBUG] [REI]  - (0.00) JEI Plugin [JEIPlugin:ae2:core] of REI Plugin Compatibilities Adapter [rei_plugin_compatibilities, jei]
[20:47:22] [REI-ReloadPlugins/DEBUG] [REI]  - (0.00) JEI Plugin [JEICompat:jade:main] of REI Plugin Compatibilities Adapter [rei_plugin_compatibilities, jei]
[20:47:22] [REI-ReloadPlugins/DEBUG] [REI]  - (0.00) JEI Plugin [JEIPlugin:ldlib:jei_plugin] of REI Plugin Compatibilities Adapter [rei_plugin_compatibilities, jei]
[20:47:22] [REI-ReloadPlugins/DEBUG] [REI]  - (0.00) JEI Plugin [BCJeiPlugin:bibliocraft:jei_plugin] of REI Plugin Compatibilities Adapter [rei_plugin_compatibilities, jei]
[20:47:22] [REI-ReloadPlugins/DEBUG] [REI]  - (0.00) GTREIPlugin of GTREIPlugin [gtceu]
[20:47:22] [REI-ReloadPlugins/DEBUG] [REI]  - (0.00) FramedReiPlugin of FramedReiPlugin [framedblocks]
[20:47:22] [REI-ReloadPlugins/DEBUG] [REI]  - (0.00) REIPluginImpl of REIPluginImpl [ldlib]
[20:47:22] [REI-ReloadPlugins/DEBUG] [REI]  - (0.00) REI Plugin Compatibilities Client Handler of REI Plugin Compatibilities Client Handler [rei_plugin_compatibilities, jei]
[20:47:22] [REI-ReloadPlugins/DEBUG] [REI]  - (0.00) REIForgePluginStub of REIForgePluginStub [ftblibrary]
[20:47:22] [REI-ReloadPlugins/DEBUG] [REI]  - (0.00) AE2 of AE2 [ae2]
[20:47:22] [REI-ReloadPlugins/DEBUG] [REI]  - (0.00) HideIngredientsFromTagsPlugin of HideIngredientsFromTagsPlugin [roughlyenoughitems]
[20:47:22] [REI-ReloadPlugins/DEBUG] [REI]  - (0.00) DefaultClientRuntimePlugin of DefaultClientRuntimePlugin [roughlyenoughitems]
[20:47:22] [REI-ReloadPlugins/DEBUG] [REI]  - (10000000.00) REIForgePluginStub of REIForgePluginStub [kubejs]
[20:47:22] [REI-ReloadPlugins/DEBUG] [REI] ========================================
[20:47:22] [REI-ReloadPlugins/TRACE] [REI] [REIClientPlugin END] Reloading Section: "pre-register/"
[20:47:22] [REI-ReloadPlugins/TRACE] [REI] [REIClientPlugin END] Reloading Section: "pre-register/DefaultClientPluginImpl of DefaultClientPluginImpl [roughlyenoughitems]/"
[20:47:22] [REI-ReloadPlugins/TRACE] [REI] [REIClientPlugin END] Reloading Section: "pre-register/DefaultClientPluginImpl of DefaultClientPluginImpl [roughlyenoughitems]/" done in 21.60 μs
[20:47:22] [REI-ReloadPlugins/TRACE] [REI] [REIClientPlugin END] Reloading Section: "pre-register/JEI Plugin [CreateAdditionJEI:createaddition:jei_plugin] of REI Plugin Compatibilities Adapter [rei_plugin_compatibilities, jei]/"
[20:47:22] [REI-ReloadPlugins/TRACE] [REI] [REIClientPlugin END] Reloading Section: "pre-register/JEI Plugin [CreateAdditionJEI:createaddition:jei_plugin] of REI Plugin Compatibilities Adapter [rei_plugin_compatibilities, jei]/" done in 16.60 μs
[20:47:22] [REI-ReloadPlugins/TRACE] [REI] [REIClientPlugin END] Reloading Section: "pre-register/JEI Plugin [PolyJEIPlugin:polylib:jei_plugin] of REI Plugin Compatibilities Adapter [rei_plugin_compatibilities, jei]/"
[20:47:22] [REI-ReloadPlugins/TRACE] [REI] [REIClientPlugin END] Reloading Section: "pre-register/JEI Plugin [PolyJEIPlugin:polylib:jei_plugin] of REI Plugin Compatibilities Adapter [rei_plugin_compatibilities, jei]/" done in 15.50 μs
[20:47:22] [REI-ReloadPlugins/TRACE] [REI] [REIClientPlugin END] Reloading Section: "pre-register/JEI Plugin [GTSEJEIPlugin:gregtech_steam_expansion:jei_plugin] of REI Plugin Compatibilities Adapter [rei_plugin_compatibilities, jei]/"
[20:47:22] [REI-ReloadPlugins/TRACE] [REI] [REIClientPlugin END] Reloading Section: "pre-register/JEI Plugin [GTSEJEIPlugin:gregtech_steam_expansion:jei_plugin] of REI Plugin Compatibilities Adapter [rei_plugin_compatibilities, jei]/" done in 15.80 μs
[20:47:22] [REI-ReloadPlugins/TRACE] [REI] [REIClientPlugin END] Reloading Section: "pre-register/JEI Plugin [GTJEIPlugin:gtceu:jei_plugin] of REI Plugin Compatibilities Adapter [rei_plugin_compatibilities, jei]/"
[20:47:22] [REI-ReloadPlugins/TRACE] [REI] [REIClientPlugin END] Reloading Section: "pre-register/JEI Plugin [GTJEIPlugin:gtceu:jei_plugin] of REI Plugin Compatibilities Adapter [rei_plugin_compatibilities, jei]/" done in 14.60 μs
[20:47:22] [REI-ReloadPlugins/TRACE] [REI] [REIClientPlugin END] Reloading Section: "pre-register/JEI Plugin [JEIIntegration:ftblibrary:jei] of REI Plugin Compatibilities Adapter [rei_plugin_compatibilities, jei]/"
[20:47:22] [REI-ReloadPlugins/TRACE] [REI] [REIClientPlugin END] Reloading Section: "pre-register/JEI Plugin [JEIIntegration:ftblibrary:jei] of REI Plugin Compatibilities Adapter [rei_plugin_compatibilities, jei]/" done in 13.70 μs
[20:47:22] [REI-ReloadPlugins/TRACE] [REI] [REIClientPlugin END] Reloading Section: "pre-register/JEI Plugin [JEIPlugin:kubejs:jei] of REI Plugin Compatibilities Adapter [rei_plugin_compatibilities, jei]/"
[20:47:22] [REI-ReloadPlugins/TRACE] [REI] [REIClientPlugin END] Reloading Section: "pre-register/JEI Plugin [JEIPlugin:kubejs:jei] of REI Plugin Compatibilities Adapter [rei_plugin_compatibilities, jei]/" done in 14.20 μs
[20:47:22] [REI-ReloadPlugins/TRACE] [REI] [REIClientPlugin END] Reloading Section: "pre-register/JEI Plugin [JEIIntegration:fluxnetworks:jei] of REI Plugin Compatibilities Adapter [rei_plugin_compatibilities, jei]/"
[20:47:22] [REI-ReloadPlugins/TRACE] [REI] [REIClientPlugin END] Reloading Section: "pre-register/JEI Plugin [JEIIntegration:fluxnetworks:jei] of REI Plugin Compatibilities Adapter [rei_plugin_compatibilities, jei]/" done in 13.90 μs
[20:47:22] [REI-ReloadPlugins/TRACE] [REI] [REIClientPlugin END] Reloading Section: "pre-register/JEI Plugin [CreateJEI:create:jei_plugin] of REI Plugin Compatibilities Adapter [rei_plugin_compatibilities, jei]/"
[20:47:22] [REI-ReloadPlugins/TRACE] [REI] [REIClientPlugin END] Reloading Section: "pre-register/JEI Plugin [CreateJEI:create:jei_plugin] of REI Plugin Compatibilities Adapter [rei_plugin_compatibilities, jei]/" done in 14.30 μs
[20:47:22] [REI-ReloadPlugins/TRACE] [REI] [REIClientPlugin END] Reloading Section: "pre-register/JEI Plugin [JEIPlugin:ae2:core] of REI Plugin Compatibilities Adapter [rei_plugin_compatibilities, jei]/"
[20:47:22] [REI-ReloadPlugins/TRACE] [REI] [REIClientPlugin END] Reloading Section: "pre-register/JEI Plugin [JEIPlugin:ae2:core] of REI Plugin Compatibilities Adapter [rei_plugin_compatibilities, jei]/" done in 15.40 μs
[20:47:22] [REI-ReloadPlugins/TRACE] [REI] [REIClientPlugin END] Reloading Section: "pre-register/JEI Plugin [JEICompat:jade:main] of REI Plugin Compatibilities Adapter [rei_plugin_compatibilities, jei]/"
[20:47:22] [REI-ReloadPlugins/TRACE] [REI] [REIClientPlugin END] Reloading Section: "pre-register/JEI Plugin [JEICompat:jade:main] of REI Plugin Compatibilities Adapter [rei_plugin_compatibilities, jei]/" done in 13.60 μs
[20:47:22] [REI-ReloadPlugins/TRACE] [REI] [REIClientPlugin END] Reloading Section: "pre-register/JEI Plugin [JEIPlugin:ldlib:jei_plugin] of REI Plugin Compatibilities Adapter [rei_plugin_compatibilities, jei]/"
[20:47:22] [REI-ReloadPlugins/TRACE] [REI] [REIClientPlugin END] Reloading Section: "pre-register/JEI Plugin [JEIPlugin:ldlib:jei_plugin] of REI Plugin Compatibilities Adapter [rei_plugin_compatibilities, jei]/" done in 14.40 μs
[20:47:22] [REI-ReloadPlugins/TRACE] [REI] [REIClientPlugin END] Reloading Section: "pre-register/JEI Plugin [BCJeiPlugin:bibliocraft:jei_plugin] of REI Plugin Compatibilities Adapter [rei_plugin_compatibilities, jei]/"
[20:47:22] [REI-ReloadPlugins/TRACE] [REI] [REIClientPlugin END] Reloading Section: "pre-register/JEI Plugin [BCJeiPlugin:bibliocraft:jei_plugin] of REI Plugin Compatibilities Adapter [rei_plugin_compatibilities, jei]/" done in 15.20 μs
[20:47:22] [REI-ReloadPlugins/TRACE] [REI] [REIClientPlugin END] Reloading Section: "pre-register/GTREIPlugin of GTREIPlugin [gtceu]/"
[20:47:22] [REI-ReloadPlugins/TRACE] [REI] [REIClientPlugin END] Reloading Section: "pre-register/GTREIPlugin of GTREIPlugin [gtceu]/" done in 16.00 μs
[20:47:22] [REI-ReloadPlugins/TRACE] [REI] [REIClientPlugin END] Reloading Section: "pre-register/FramedReiPlugin of FramedReiPlugin [framedblocks]/"
[20:47:22] [REI-ReloadPlugins/TRACE] [REI] [REIClientPlugin END] Reloading Section: "pre-register/FramedReiPlugin of FramedReiPlugin [framedblocks]/" done in 13.70 μs
[20:47:22] [REI-ReloadPlugins/TRACE] [REI] [REIClientPlugin END] Reloading Section: "pre-register/REIPluginImpl of REIPluginImpl [ldlib]/"
[20:47:22] [REI-ReloadPlugins/TRACE] [REI] [REIClientPlugin END] Reloading Section: "pre-register/REIPluginImpl of REIPluginImpl [ldlib]/" done in 14.70 μs
[20:47:22] [REI-ReloadPlugins/TRACE] [REI] [REIClientPlugin END] Reloading Section: "pre-register/REI Plugin Compatibilities Client Handler of REI Plugin Compatibilities Client Handler [rei_plugin_compatibilities, jei]/"
[20:47:22] [REI-ReloadPlugins/TRACE] [REI] [REIClientPlugin END] Reloading Section: "pre-register/REI Plugin Compatibilities Client Handler of REI Plugin Compatibilities Client Handler [rei_plugin_compatibilities, jei]/" done in 15.00 μs
[20:47:22] [REI-ReloadPlugins/TRACE] [REI] [REIClientPlugin END] Reloading Section: "pre-register/REIForgePluginStub of REIForgePluginStub [ftblibrary]/"
[20:47:22] [REI-ReloadPlugins/TRACE] [REI] [REIClientPlugin END] Reloading Section: "pre-register/REIForgePluginStub of REIForgePluginStub [ftblibrary]/" done in 14.20 μs
[20:47:22] [REI-ReloadPlugins/TRACE] [REI] [REIClientPlugin END] Reloading Section: "pre-register/AE2 of AE2 [ae2]/"
[20:47:22] [REI-ReloadPlugins/TRACE] [REI] [REIClientPlugin END] Reloading Section: "pre-register/AE2 of AE2 [ae2]/" done in 28.40 μs
[20:47:22] [REI-ReloadPlugins/TRACE] [REI] [REIClientPlugin END] Reloading Section: "pre-register/HideIngredientsFromTagsPlugin of HideIngredientsFromTagsPlugin [roughlyenoughitems]/"
[20:47:22] [REI-ReloadPlugins/TRACE] [REI] [REIClientPlugin END] Reloading Section: "pre-register/HideIngredientsFromTagsPlugin of HideIngredientsFromTagsPlugin [roughlyenoughitems]/" done in 13.80 μs
[20:47:22] [REI-ReloadPlugins/TRACE] [REI] [REIClientPlugin END] Reloading Section: "pre-register/DefaultClientRuntimePlugin of DefaultClientRuntimePlugin [roughlyenoughitems]/"
[20:47:22] [REI-ReloadPlugins/TRACE] [REI] [REIClientPlugin END] Reloading Section: "pre-register/DefaultClientRuntimePlugin of DefaultClientRuntimePlugin [roughlyenoughitems]/" done in 14.90 μs
[20:47:22] [REI-ReloadPlugins/TRACE] [REI] [REIClientPlugin END] Reloading Section: "pre-register/REIForgePluginStub of REIForgePluginStub [kubejs]/"
[20:47:22] [REI-ReloadPlugins/TRACE] [REI] [REIClientPlugin END] Reloading Section: "pre-register/REIForgePluginStub of REIForgePluginStub [kubejs]/" done in 13.80 μs
[20:47:22] [REI-ReloadPlugins/TRACE] [REI] [REIClientPlugin END] Reloading Section: "pre-register/" done in 951.2 μs
[20:47:22] [REI-ReloadPlugins/TRACE] [REI] [REIClientPlugin END] Reloading Section: "pre-stage/"
[20:47:22] [REI-ReloadPlugins/TRACE] [REI] [REIClientPlugin END] Reloading Section: "pre-stage/EntryRendererRegistryImpl/"
[20:47:22] [REI-ReloadPlugins/TRACE] [REI] [REIClientPlugin END] Reloading Section: "pre-stage/EntryRendererRegistryImpl/" done in 17.80 μs
[20:47:22] [REI-ReloadPlugins/TRACE] [REI] [REIClientPlugin END] Reloading Section: "pre-stage/ViewsImpl/"
[20:47:22] [REI-ReloadPlugins/TRACE] [REI] [REIClientPlugin END] Reloading Section: "pre-stage/ViewsImpl/" done in 13.90 μs
[20:47:22] [REI-ReloadPlugins/TRACE] [REI] [REIClientPlugin END] Reloading Section: "pre-stage/InputMethodRegistryImpl/"
[20:47:22] [REI-ReloadPlugins/TRACE] [REI] [REIClientPlugin END] Reloading Section: "pre-stage/InputMethodRegistryImpl/" done in 14.10 μs
[20:47:22] [REI-ReloadPlugins/TRACE] [REI] [REIClientPlugin END] Reloading Section: "pre-stage/SearchProviderImpl/"
[20:47:22] [REI-ReloadPlugins/TRACE] [REI] [REIClientPlugin END] Reloading Section: "pre-stage/SearchProviderImpl/" done in 13.10 μs
[20:47:22] [REI-ReloadPlugins/TRACE] [REI] [REIClientPlugin END] Reloading Section: "pre-stage/ConfigManagerImpl/"
[20:47:22] [REI-ReloadPlugins/TRACE] [REI] [REIClientPlugin END] Reloading Section: "pre-stage/ConfigManagerImpl/" done in 13.20 μs
[20:47:22] [REI-ReloadPlugins/TRACE] [REI] [REIClientPlugin END] Reloading Section: "pre-stage/EntryRegistryImpl/"
[20:47:22] [REI-ReloadPlugins/TRACE] [REI] [REIClientPlugin END] Reloading Section: "pre-stage/EntryRegistryImpl/" done in 13.00 μs
[20:47:22] [REI-ReloadPlugins/TRACE] [REI] [REIClientPlugin END] Reloading Section: "pre-stage/CollapsibleEntryRegistryImpl/"
[20:47:22] [REI-ReloadPlugins/TRACE] [REI] [REIClientPlugin END] Reloading Section: "pre-stage/CollapsibleEntryRegistryImpl/" done in 13.20 μs
[20:47:22] [REI-ReloadPlugins/TRACE] [REI] [REIClientPlugin END] Reloading Section: "pre-stage/BasicFilteringRuleImpl/"
[20:47:22] [REI-ReloadPlugins/TRACE] [REI] [REIClientPlugin END] Reloading Section: "pre-stage/BasicFilteringRuleImpl/" done in 13.20 μs
[20:47:22] [REI-ReloadPlugins/TRACE] [REI] [REIClientPlugin END] Reloading Section: "pre-stage/CategoryRegistryImpl/"
[20:47:22] [REI-ReloadPlugins/TRACE] [REI] [REIClientPlugin END] Reloading Section: "pre-stage/CategoryRegistryImpl/" done in 13.00 μs
[20:47:22] [REI-ReloadPlugins/TRACE] [REI] [REIClientPlugin END] Reloading Section: "pre-stage/DisplayRegistryImpl/"
[20:47:22] [REI-ReloadPlugins/TRACE] [REI] [REIClientPlugin END] Reloading Section: "pre-stage/DisplayRegistryImpl/" done in 14.40 μs
[20:47:22] [REI-ReloadPlugins/TRACE] [REI] [REIClientPlugin END] Reloading Section: "pre-stage/ScreenRegistryImpl/"
[20:47:22] [REI-ReloadPlugins/TRACE] [REI] [REIClientPlugin END] Reloading Section: "pre-stage/ScreenRegistryImpl/" done in 13.40 μs
[20:47:22] [REI-ReloadPlugins/TRACE] [REI] [REIClientPlugin END] Reloading Section: "pre-stage/FavoriteEntryTypeRegistryImpl/"
[20:47:22] [REI-ReloadPlugins/TRACE] [REI] [REIClientPlugin END] Reloading Section: "pre-stage/FavoriteEntryTypeRegistryImpl/" done in 13.60 μs
[20:47:22] [REI-ReloadPlugins/TRACE] [REI] [REIClientPlugin END] Reloading Section: "pre-stage/SubsetsRegistryImpl/"
[20:47:22] [REI-ReloadPlugins/TRACE] [REI] [REIClientPlugin END] Reloading Section: "pre-stage/SubsetsRegistryImpl/" done in 17.20 μs
[20:47:22] [REI-ReloadPlugins/TRACE] [REI] [REIClientPlugin END] Reloading Section: "pre-stage/TransferHandlerRegistryImpl/"
[20:47:22] [REI-ReloadPlugins/TRACE] [REI] [REIClientPlugin END] Reloading Section: "pre-stage/TransferHandlerRegistryImpl/" done in 13.80 μs
[20:47:22] [REI-ReloadPlugins/TRACE] [REI] [REIClientPlugin END] Reloading Section: "pre-stage/SearchRuntime/"
[20:47:22] [REI-ReloadPlugins/TRACE] [REI] [REIClientPlugin END] Reloading Section: "pre-stage/SearchRuntime/" done in 14.50 μs
[20:47:22] [REI-ReloadPlugins/TRACE] [REI] [REIClientPlugin END] Reloading Section: "pre-stage/REIRuntimeImpl/"
[20:47:22] [REI-ReloadPlugins/TRACE] [REI] [REIClientPlugin END] Reloading Section: "pre-stage/REIRuntimeImpl/" done in 13.10 μs
[20:47:22] [REI-ReloadPlugins/TRACE] [REI] [REIClientPlugin END] Reloading Section: "pre-stage/ConfigAddonRegistryImpl/"
[20:47:22] [REI-ReloadPlugins/TRACE] [REI] [REIClientPlugin END] Reloading Section: "pre-stage/ConfigAddonRegistryImpl/" done in 23.10 μs
[20:47:22] [REI-ReloadPlugins/TRACE] [REI] [REIClientPlugin END] Reloading Section: "pre-stage/me.shedaniel.rei.plugin.client.runtime.PluginStageExecutionWatcher$1/"
[20:47:22] [REI-ReloadPlugins/TRACE] [REI] [REIClientPlugin END] Reloading Section: "pre-stage/me.shedaniel.rei.plugin.client.runtime.PluginStageExecutionWatcher$1/" done in 17.90 μs
[20:47:22] [REI-ReloadPlugins/TRACE] [REI] [REIClientPlugin END] Reloading Section: "pre-stage/" done in 786.9 μs
[20:47:22] [REI-ReloadPlugins/DEBUG] [REI] ========================================
[20:47:22] [REI-ReloadPlugins/DEBUG] [REI] REIClientPlugin finished pre-reload for END in 1.780 ms.
[20:47:22] [REI-ReloadPlugins/DEBUG] [REI] ========================================
[20:47:22] [REI-ReloadPlugins/DEBUG] [REI] ========================================
[20:47:22] [REI-ReloadPlugins/DEBUG] [REI] REIServerPlugin starting pre-reload for END.
[20:47:22] [REI-ReloadPlugins/DEBUG] [REI] Reloadables (3):
[20:47:22] [REI-ReloadPlugins/DEBUG] [REI]  - MenuInfoRegistryImpl
[20:47:22] [REI-ReloadPlugins/DEBUG] [REI]  - SlotAccessorRegistryImpl
[20:47:22] [REI-ReloadPlugins/DEBUG] [REI]  - me.shedaniel.rei.plugin.client.runtime.PluginStageExecutionWatcher$1
[20:47:22] [REI-ReloadPlugins/DEBUG] [REI] Plugins (2):
[20:47:22] [REI-ReloadPlugins/DEBUG] [REI]  - (-100.00) DefaultPluginImpl of DefaultPluginImpl [roughlyenoughitems]
[20:47:22] [REI-ReloadPlugins/DEBUG] [REI]  - (0.00) DefaultRuntimePlugin of DefaultRuntimePlugin [roughlyenoughitems]
[20:47:22] [REI-ReloadPlugins/DEBUG] [REI] ========================================
[20:47:22] [REI-ReloadPlugins/TRACE] [REI] [REIServerPlugin END] Reloading Section: "pre-register/"
[20:47:22] [REI-ReloadPlugins/TRACE] [REI] [REIServerPlugin END] Reloading Section: "pre-register/DefaultPluginImpl of DefaultPluginImpl [roughlyenoughitems]/"
[20:47:22] [REI-ReloadPlugins/TRACE] [REI] [REIServerPlugin END] Reloading Section: "pre-register/DefaultPluginImpl of DefaultPluginImpl [roughlyenoughitems]/" done in 18.70 μs
[20:47:22] [REI-ReloadPlugins/TRACE] [REI] [REIServerPlugin END] Reloading Section: "pre-register/DefaultRuntimePlugin of DefaultRuntimePlugin [roughlyenoughitems]/"
[20:47:22] [REI-ReloadPlugins/TRACE] [REI] [REIServerPlugin END] Reloading Section: "pre-register/DefaultRuntimePlugin of DefaultRuntimePlugin [roughlyenoughitems]/" done in 14.90 μs
[20:47:22] [REI-ReloadPlugins/TRACE] [REI] [REIServerPlugin END] Reloading Section: "pre-register/" done in 120.1 μs
[20:47:22] [REI-ReloadPlugins/TRACE] [REI] [REIServerPlugin END] Reloading Section: "pre-stage/"
[20:47:22] [REI-ReloadPlugins/TRACE] [REI] [REIServerPlugin END] Reloading Section: "pre-stage/MenuInfoRegistryImpl/"
[20:47:22] [REI-ReloadPlugins/TRACE] [REI] [REIServerPlugin END] Reloading Section: "pre-stage/MenuInfoRegistryImpl/" done in 15.70 μs
[20:47:22] [REI-ReloadPlugins/TRACE] [REI] [REIServerPlugin END] Reloading Section: "pre-stage/SlotAccessorRegistryImpl/"
[20:47:22] [REI-ReloadPlugins/TRACE] [REI] [REIServerPlugin END] Reloading Section: "pre-stage/SlotAccessorRegistryImpl/" done in 19.80 μs
[20:47:22] [REI-ReloadPlugins/TRACE] [REI] [REIServerPlugin END] Reloading Section: "pre-stage/me.shedaniel.rei.plugin.client.runtime.PluginStageExecutionWatcher$1/"
[20:47:22] [REI-ReloadPlugins/TRACE] [REI] [REIServerPlugin END] Reloading Section: "pre-stage/me.shedaniel.rei.plugin.client.runtime.PluginStageExecutionWatcher$1/" done in 16.30 μs
[20:47:22] [REI-ReloadPlugins/TRACE] [REI] [REIServerPlugin END] Reloading Section: "pre-stage/" done in 213.8 μs
[20:47:22] [REI-ReloadPlugins/DEBUG] [REI] ========================================
[20:47:22] [REI-ReloadPlugins/DEBUG] [REI] REIServerPlugin finished pre-reload for END in 386.2 μs.
[20:47:22] [REI-ReloadPlugins/DEBUG] [REI] ========================================
[20:47:22] [REI-ReloadPlugins/INFO] [REI] ****************************************
[20:47:22] [REI-ReloadPlugins/INFO] [REI] REIPlugin starting main-reload for END.
[20:47:22] [REI-ReloadPlugins/DEBUG] [REI] Reloadables (8):
[20:47:22] [REI-ReloadPlugins/DEBUG] [REI]  - EntryTypeRegistryImpl
[20:47:22] [REI-ReloadPlugins/DEBUG] [REI]  - EntrySettingsAdapterRegistryImpl
[20:47:22] [REI-ReloadPlugins/DEBUG] [REI]  - RecipeManagerContextImpl
[20:47:22] [REI-ReloadPlugins/DEBUG] [REI]  - ItemComparatorRegistryImpl
[20:47:22] [REI-ReloadPlugins/DEBUG] [REI]  - FluidComparatorRegistryImpl
[20:47:22] [REI-ReloadPlugins/DEBUG] [REI]  - DisplaySerializerRegistryImpl
[20:47:22] [REI-ReloadPlugins/DEBUG] [REI]  - FluidSupportProviderImpl
[20:47:22] [REI-ReloadPlugins/DEBUG] [REI]  - me.shedaniel.rei.plugin.client.runtime.PluginStageExecutionWatcher$1
[20:47:22] [REI-ReloadPlugins/INFO] [REI] Plugins (24):
[20:47:22] [REI-ReloadPlugins/INFO] [REI]  - (-100.00) DefaultClientPluginImpl of DefaultClientPluginImpl [roughlyenoughitems]
[20:47:22] [REI-ReloadPlugins/INFO] [REI]  - (-100.00) DefaultPluginImpl of DefaultPluginImpl [roughlyenoughitems]
[20:47:22] [REI-ReloadPlugins/INFO] [REI]  - (0.00) HideIngredientsFromTagsPlugin of HideIngredientsFromTagsPlugin [roughlyenoughitems]
[20:47:22] [REI-ReloadPlugins/INFO] [REI]  - (0.00) DefaultClientRuntimePlugin of DefaultClientRuntimePlugin [roughlyenoughitems]
[20:47:22] [REI-ReloadPlugins/INFO] [REI]  - (0.00) DefaultRuntimePlugin of DefaultRuntimePlugin [roughlyenoughitems]
[20:47:22] [REI-ReloadPlugins/INFO] [REI]  - (0.00) JEI Plugin [CreateAdditionJEI:createaddition:jei_plugin] of REI Plugin Compatibilities Adapter [rei_plugin_compatibilities, jei]
[20:47:22] [REI-ReloadPlugins/INFO] [REI]  - (0.00) JEI Plugin [PolyJEIPlugin:polylib:jei_plugin] of REI Plugin Compatibilities Adapter [rei_plugin_compatibilities, jei]
[20:47:22] [REI-ReloadPlugins/INFO] [REI]  - (0.00) JEI Plugin [GTSEJEIPlugin:gregtech_steam_expansion:jei_plugin] of REI Plugin Compatibilities Adapter [rei_plugin_compatibilities, jei]
[20:47:22] [REI-ReloadPlugins/INFO] [REI]  - (0.00) JEI Plugin [GTJEIPlugin:gtceu:jei_plugin] of REI Plugin Compatibilities Adapter [rei_plugin_compatibilities, jei]
[20:47:22] [REI-ReloadPlugins/INFO] [REI]  - (0.00) JEI Plugin [JEIIntegration:ftblibrary:jei] of REI Plugin Compatibilities Adapter [rei_plugin_compatibilities, jei]
[20:47:22] [REI-ReloadPlugins/INFO] [REI]  - (0.00) JEI Plugin [JEIPlugin:kubejs:jei] of REI Plugin Compatibilities Adapter [rei_plugin_compatibilities, jei]
[20:47:22] [REI-ReloadPlugins/INFO] [REI]  - (0.00) JEI Plugin [JEIIntegration:fluxnetworks:jei] of REI Plugin Compatibilities Adapter [rei_plugin_compatibilities, jei]
[20:47:22] [REI-ReloadPlugins/INFO] [REI]  - (0.00) JEI Plugin [CreateJEI:create:jei_plugin] of REI Plugin Compatibilities Adapter [rei_plugin_compatibilities, jei]
[20:47:22] [REI-ReloadPlugins/INFO] [REI]  - (0.00) JEI Plugin [JEIPlugin:ae2:core] of REI Plugin Compatibilities Adapter [rei_plugin_compatibilities, jei]
[20:47:22] [REI-ReloadPlugins/INFO] [REI]  - (0.00) JEI Plugin [JEICompat:jade:main] of REI Plugin Compatibilities Adapter [rei_plugin_compatibilities, jei]
[20:47:22] [REI-ReloadPlugins/INFO] [REI]  - (0.00) JEI Plugin [JEIPlugin:ldlib:jei_plugin] of REI Plugin Compatibilities Adapter [rei_plugin_compatibilities, jei]
[20:47:22] [REI-ReloadPlugins/INFO] [REI]  - (0.00) JEI Plugin [BCJeiPlugin:bibliocraft:jei_plugin] of REI Plugin Compatibilities Adapter [rei_plugin_compatibilities, jei]
[20:47:22] [REI-ReloadPlugins/INFO] [REI]  - (0.00) GTREIPlugin of GTREIPlugin [gtceu]
[20:47:22] [REI-ReloadPlugins/INFO] [REI]  - (0.00) FramedReiPlugin of FramedReiPlugin [framedblocks]
[20:47:22] [REI-ReloadPlugins/INFO] [REI]  - (0.00) REIPluginImpl of REIPluginImpl [ldlib]
[20:47:22] [REI-ReloadPlugins/INFO] [REI]  - (0.00) REI Plugin Compatibilities Client Handler of REI Plugin Compatibilities Client Handler [rei_plugin_compatibilities, jei]
[20:47:22] [REI-ReloadPlugins/INFO] [REI]  - (0.00) REIForgePluginStub of REIForgePluginStub [ftblibrary]
[20:47:22] [REI-ReloadPlugins/INFO] [REI]  - (0.00) AE2 of AE2 [ae2]
[20:47:22] [REI-ReloadPlugins/INFO] [REI]  - (10000000.00) REIForgePluginStub of REIForgePluginStub [kubejs]
[20:47:22] [REI-ReloadPlugins/INFO] [REI] ****************************************
[20:47:22] [REI-ReloadPlugins/TRACE] [REI] [REIPlugin END] Reloading Section: "start-reload/"
[20:47:22] [REI-ReloadPlugins/TRACE] [REI] [REIPlugin END] Reloading Section: "start-reload/EntryTypeRegistryImpl/"
[20:47:22] [REI-ReloadPlugins/TRACE] [REI] [REIPlugin END] Reloading Section: "start-reload/EntryTypeRegistryImpl/" done in 20.40 μs
[20:47:22] [REI-ReloadPlugins/TRACE] [REI] [REIPlugin END] Reloading Section: "start-reload/EntrySettingsAdapterRegistryImpl/"
[20:47:22] [REI-ReloadPlugins/TRACE] [REI] [REIPlugin END] Reloading Section: "start-reload/EntrySettingsAdapterRegistryImpl/" done in 22.40 μs
[20:47:22] [REI-ReloadPlugins/TRACE] [REI] [REIPlugin END] Reloading Section: "start-reload/RecipeManagerContextImpl/"
[20:47:22] [REI-ReloadPlugins/TRACE] [REI] [REIPlugin END] Reloading Section: "start-reload/RecipeManagerContextImpl/" done in 14.00 μs
[20:47:22] [REI-ReloadPlugins/TRACE] [REI] [REIPlugin END] Reloading Section: "start-reload/ItemComparatorRegistryImpl/"
[20:47:22] [REI-ReloadPlugins/TRACE] [REI] [REIPlugin END] Reloading Section: "start-reload/ItemComparatorRegistryImpl/" done in 16.50 μs
[20:47:22] [REI-ReloadPlugins/TRACE] [REI] [REIPlugin END] Reloading Section: "start-reload/FluidComparatorRegistryImpl/"
[20:47:22] [REI-ReloadPlugins/TRACE] [REI] [REIPlugin END] Reloading Section: "start-reload/FluidComparatorRegistryImpl/" done in 12.40 μs
[20:47:22] [REI-ReloadPlugins/TRACE] [REI] [REIPlugin END] Reloading Section: "start-reload/DisplaySerializerRegistryImpl/"
[20:47:22] [REI-ReloadPlugins/TRACE] [REI] [REIPlugin END] Reloading Section: "start-reload/DisplaySerializerRegistryImpl/" done in 33.00 μs
[20:47:22] [REI-ReloadPlugins/TRACE] [REI] [REIPlugin END] Reloading Section: "start-reload/FluidSupportProviderImpl/"
[20:47:22] [REI-ReloadPlugins/TRACE] [REI] [REIPlugin END] Reloading Section: "start-reload/FluidSupportProviderImpl/" done in 12.80 μs
[20:47:22] [REI-ReloadPlugins/TRACE] [REI] [REIPlugin END] Reloading Section: "start-reload/me.shedaniel.rei.plugin.client.runtime.PluginStageExecutionWatcher$1/"
[20:47:22] [REI-ReloadPlugins/TRACE] [REI] [REIPlugin END] Reloading Section: "start-reload/me.shedaniel.rei.plugin.client.runtime.PluginStageExecutionWatcher$1/" done in 18.60 μs
[20:47:22] [REI-ReloadPlugins/TRACE] [REI] [REIPlugin END] Reloading Section: "start-reload/" done in 371.1 μs
[20:47:22] [REI-ReloadPlugins/DEBUG] [REI] ========================================
[20:47:22] [REI-ReloadPlugins/DEBUG] [REI] REIPlugin started main-reload for END.
[20:47:22] [REI-ReloadPlugins/DEBUG] [REI] ========================================
[20:47:22] [REI-ReloadPlugins/TRACE] [REI] [REIPlugin END] Reloading Section: "reloadable-plugin/EntryTypeRegistryImpl/"
[20:47:22] [REI-ReloadPlugins/TRACE] [REI] [REIPlugin END] Reloading Section: "reloadable-plugin/EntryTypeRegistryImpl/DefaultClientPluginImpl of DefaultClientPluginImpl [roughlyenoughitems]/"
[20:47:22] [REI-ReloadPlugins/TRACE] [REI] [REIPlugin END] Reloading Section: "reloadable-plugin/EntryTypeRegistryImpl/DefaultClientPluginImpl of DefaultClientPluginImpl [roughlyenoughitems]/" done in 24.60 μs
[20:47:22] [REI-ReloadPlugins/TRACE] [REI] [REIPlugin END] Reloading Section: "reloadable-plugin/EntryTypeRegistryImpl/DefaultPluginImpl of DefaultPluginImpl [roughlyenoughitems]/"
[20:47:22] [REI-ReloadPlugins/TRACE] [REI] [REIPlugin END] Reloading Section: "reloadable-plugin/EntryTypeRegistryImpl/DefaultPluginImpl of DefaultPluginImpl [roughlyenoughitems]/" done in 13.10 μs
[20:47:22] [REI-ReloadPlugins/TRACE] [REI] [REIPlugin END] Reloading Section: "reloadable-plugin/EntryTypeRegistryImpl/HideIngredientsFromTagsPlugin of HideIngredientsFromTagsPlugin [roughlyenoughitems]/"
[20:47:22] [REI-ReloadPlugins/TRACE] [REI] [REIPlugin END] Reloading Section: "reloadable-plugin/EntryTypeRegistryImpl/HideIngredientsFromTagsPlugin of HideIngredientsFromTagsPlugin [roughlyenoughitems]/" done in 12.60 μs
[20:47:22] [REI-ReloadPlugins/TRACE] [REI] [REIPlugin END] Reloading Section: "reloadable-plugin/EntryTypeRegistryImpl/DefaultClientRuntimePlugin of DefaultClientRuntimePlugin [roughlyenoughitems]/"
[20:47:22] [REI-ReloadPlugins/TRACE] [REI] [REIPlugin END] Reloading Section: "reloadable-plugin/EntryTypeRegistryImpl/DefaultClientRuntimePlugin of DefaultClientRuntimePlugin [roughlyenoughitems]/" done in 12.60 μs
[20:47:22] [REI-ReloadPlugins/TRACE] [REI] [REIPlugin END] Reloading Section: "reloadable-plugin/EntryTypeRegistryImpl/DefaultRuntimePlugin of DefaultRuntimePlugin [roughlyenoughitems]/"
[20:47:22] [REI-ReloadPlugins/TRACE] [REI] [REIPlugin END] Reloading Section: "reloadable-plugin/EntryTypeRegistryImpl/DefaultRuntimePlugin of DefaultRuntimePlugin [roughlyenoughitems]/" done in 12.50 μs
[20:47:22] [REI-ReloadPlugins/TRACE] [REI] [REIPlugin END] Reloading Section: "reloadable-plugin/EntryTypeRegistryImpl/JEI Plugin [CreateAdditionJEI:createaddition:jei_plugin] of REI Plugin Compatibilities Adapter [rei_plugin_compatibilities, jei]/"
[20:47:22] [REI-ReloadPlugins/TRACE] [REI] [REIPlugin END] Reloading Section: "reloadable-plugin/EntryTypeRegistryImpl/JEI Plugin [CreateAdditionJEI:createaddition:jei_plugin] of REI Plugin Compatibilities Adapter [rei_plugin_compatibilities, jei]/" done in 15.40 μs
[20:47:22] [REI-ReloadPlugins/TRACE] [REI] [REIPlugin END] Reloading Section: "reloadable-plugin/EntryTypeRegistryImpl/JEI Plugin [PolyJEIPlugin:polylib:jei_plugin] of REI Plugin Compatibilities Adapter [rei_plugin_compatibilities, jei]/"
[20:47:22] [REI-ReloadPlugins/TRACE] [REI] [REIPlugin END] Reloading Section: "reloadable-plugin/EntryTypeRegistryImpl/JEI Plugin [PolyJEIPlugin:polylib:jei_plugin] of REI Plugin Compatibilities Adapter [rei_plugin_compatibilities, jei]/" done in 13.30 μs
[20:47:22] [REI-ReloadPlugins/TRACE] [REI] [REIPlugin END] Reloading Section: "reloadable-plugin/EntryTypeRegistryImpl/JEI Plugin [GTSEJEIPlugin:gregtech_steam_expansion:jei_plugin] of REI Plugin Compatibilities Adapter [rei_plugin_compatibilities, jei]/"
[20:47:22] [REI-ReloadPlugins/TRACE] [REI] [REIPlugin END] Reloading Section: "reloadable-plugin/EntryTypeRegistryImpl/JEI Plugin [GTSEJEIPlugin:gregtech_steam_expansion:jei_plugin] of REI Plugin Compatibilities Adapter [rei_plugin_compatibilities, jei]/" done in 13.00 μs
[20:47:22] [REI-ReloadPlugins/TRACE] [REI] [REIPlugin END] Reloading Section: "reloadable-plugin/EntryTypeRegistryImpl/JEI Plugin [GTJEIPlugin:gtceu:jei_plugin] of REI Plugin Compatibilities Adapter [rei_plugin_compatibilities, jei]/"
[20:47:22] [REI-ReloadPlugins/TRACE] [REI] [REIPlugin END] Reloading Section: "reloadable-plugin/EntryTypeRegistryImpl/JEI Plugin [GTJEIPlugin:gtceu:jei_plugin] of REI Plugin Compatibilities Adapter [rei_plugin_compatibilities, jei]/" done in 13.70 μs
[20:47:22] [REI-ReloadPlugins/TRACE] [REI] [REIPlugin END] Reloading Section: "reloadable-plugin/EntryTypeRegistryImpl/JEI Plugin [JEIIntegration:ftblibrary:jei] of REI Plugin Compatibilities Adapter [rei_plugin_compatibilities, jei]/"
[20:47:22] [REI-ReloadPlugins/TRACE] [REI] [REIPlugin END] Reloading Section: "reloadable-plugin/EntryTypeRegistryImpl/JEI Plugin [JEIIntegration:ftblibrary:jei] of REI Plugin Compatibilities Adapter [rei_plugin_compatibilities, jei]/" done in 29.90 μs
[20:47:22] [REI-ReloadPlugins/TRACE] [REI] [REIPlugin END] Reloading Section: "reloadable-plugin/EntryTypeRegistryImpl/JEI Plugin [JEIPlugin:kubejs:jei] of REI Plugin Compatibilities Adapter [rei_plugin_compatibilities, jei]/"
[20:47:22] [REI-ReloadPlugins/TRACE] [REI] [REIPlugin END] Reloading Section: "reloadable-plugin/EntryTypeRegistryImpl/JEI Plugin [JEIPlugin:kubejs:jei] of REI Plugin Compatibilities Adapter [rei_plugin_compatibilities, jei]/" done in 13.50 μs
[20:47:22] [REI-ReloadPlugins/TRACE] [REI] [REIPlugin END] Reloading Section: "reloadable-plugin/EntryTypeRegistryImpl/JEI Plugin [JEIIntegration:fluxnetworks:jei] of REI Plugin Compatibilities Adapter [rei_plugin_compatibilities, jei]/"
[20:47:22] [REI-ReloadPlugins/TRACE] [REI] [REIPlugin END] Reloading Section: "reloadable-plugin/EntryTypeRegistryImpl/JEI Plugin [JEIIntegration:fluxnetworks:jei] of REI Plugin Compatibilities Adapter [rei_plugin_compatibilities, jei]/" done in 20.00 μs
[20:47:22] [REI-ReloadPlugins/TRACE] [REI] [REIPlugin END] Reloading Section: "reloadable-plugin/EntryTypeRegistryImpl/JEI Plugin [CreateJEI:create:jei_plugin] of REI Plugin Compatibilities Adapter [rei_plugin_compatibilities, jei]/"
[20:47:22] [REI-ReloadPlugins/TRACE] [REI] [REIPlugin END] Reloading Section: "reloadable-plugin/EntryTypeRegistryImpl/JEI Plugin [CreateJEI:create:jei_plugin] of REI Plugin Compatibilities Adapter [rei_plugin_compatibilities, jei]/" done in 13.00 μs
[20:47:22] [REI-ReloadPlugins/TRACE] [REI] [REIPlugin END] Reloading Section: "reloadable-plugin/EntryTypeRegistryImpl/JEI Plugin [JEIPlugin:ae2:core] of REI Plugin Compatibilities Adapter [rei_plugin_compatibilities, jei]/"
[20:47:22] [REI-ReloadPlugins/TRACE] [REI] [REIPlugin END] Reloading Section: "reloadable-plugin/EntryTypeRegistryImpl/JEI Plugin [JEIPlugin:ae2:core] of REI Plugin Compatibilities Adapter [rei_plugin_compatibilities, jei]/" done in 12.80 μs
[20:47:22] [REI-ReloadPlugins/TRACE] [REI] [REIPlugin END] Reloading Section: "reloadable-plugin/EntryTypeRegistryImpl/JEI Plugin [JEICompat:jade:main] of REI Plugin Compatibilities Adapter [rei_plugin_compatibilities, jei]/"
[20:47:22] [REI-ReloadPlugins/TRACE] [REI] [REIPlugin END] Reloading Section: "reloadable-plugin/EntryTypeRegistryImpl/JEI Plugin [JEICompat:jade:main] of REI Plugin Compatibilities Adapter [rei_plugin_compatibilities, jei]/" done in 13.10 μs
[20:47:22] [REI-ReloadPlugins/TRACE] [REI] [REIPlugin END] Reloading Section: "reloadable-plugin/EntryTypeRegistryImpl/JEI Plugin [JEIPlugin:ldlib:jei_plugin] of REI Plugin Compatibilities Adapter [rei_plugin_compatibilities, jei]/"
[20:47:22] [REI-ReloadPlugins/TRACE] [REI] [REIPlugin END] Reloading Section: "reloadable-plugin/EntryTypeRegistryImpl/JEI Plugin [JEIPlugin:ldlib:jei_plugin] of REI Plugin Compatibilities Adapter [rei_plugin_compatibilities, jei]/" done in 13.00 μs
[20:47:22] [REI-ReloadPlugins/TRACE] [REI] [REIPlugin END] Reloading Section: "reloadable-plugin/EntryTypeRegistryImpl/JEI Plugin [BCJeiPlugin:bibliocraft:jei_plugin] of REI Plugin Compatibilities Adapter [rei_plugin_compatibilities, jei]/"
[20:47:22] [REI-ReloadPlugins/TRACE] [REI] [REIPlugin END] Reloading Section: "reloadable-plugin/EntryTypeRegistryImpl/JEI Plugin [BCJeiPlugin:bibliocraft:jei_plugin] of REI Plugin Compatibilities Adapter [rei_plugin_compatibilities, jei]/" done in 12.90 μs
[20:47:22] [REI-ReloadPlugins/TRACE] [REI] [REIPlugin END] Reloading Section: "reloadable-plugin/EntryTypeRegistryImpl/GTREIPlugin of GTREIPlugin [gtceu]/"
[20:47:22] [REI-ReloadPlugins/TRACE] [REI] [REIPlugin END] Reloading Section: "reloadable-plugin/EntryTypeRegistryImpl/GTREIPlugin of GTREIPlugin [gtceu]/" done in 13.30 μs
[20:47:22] [REI-ReloadPlugins/TRACE] [REI] [REIPlugin END] Reloading Section: "reloadable-plugin/EntryTypeRegistryImpl/FramedReiPlugin of FramedReiPlugin [framedblocks]/"
[20:47:22] [REI-ReloadPlugins/TRACE] [REI] [REIPlugin END] Reloading Section: "reloadable-plugin/EntryTypeRegistryImpl/FramedReiPlugin of FramedReiPlugin [framedblocks]/" done in 14.20 μs
[20:47:22] [REI-ReloadPlugins/TRACE] [REI] [REIPlugin END] Reloading Section: "reloadable-plugin/EntryTypeRegistryImpl/REIPluginImpl of REIPluginImpl [ldlib]/"
[20:47:22] [REI-ReloadPlugins/TRACE] [REI] [REIPlugin END] Reloading Section: "reloadable-plugin/EntryTypeRegistryImpl/REIPluginImpl of REIPluginImpl [ldlib]/" done in 81.50 μs
[20:47:22] [REI-ReloadPlugins/TRACE] [REI] [REIPlugin END] Reloading Section: "reloadable-plugin/EntryTypeRegistryImpl/REI Plugin Compatibilities Client Handler of REI Plugin Compatibilities Client Handler [rei_plugin_compatibilities, jei]/"
[20:47:22] [REI-ReloadPlugins/TRACE] [REI] [REIPlugin END] Reloading Section: "reloadable-plugin/EntryTypeRegistryImpl/REI Plugin Compatibilities Client Handler of REI Plugin Compatibilities Client Handler [rei_plugin_compatibilities, jei]/" done in 15.90 μs
[20:47:22] [REI-ReloadPlugins/TRACE] [REI] [REIPlugin END] Reloading Section: "reloadable-plugin/EntryTypeRegistryImpl/REIForgePluginStub of REIForgePluginStub [ftblibrary]/"
[20:47:22] [REI-ReloadPlugins/TRACE] [REI] [REIPlugin END] Reloading Section: "reloadable-plugin/EntryTypeRegistryImpl/REIForgePluginStub of REIForgePluginStub [ftblibrary]/" done in 13.20 μs
[20:47:22] [REI-ReloadPlugins/TRACE] [REI] [REIPlugin END] Reloading Section: "reloadable-plugin/EntryTypeRegistryImpl/AE2 of AE2 [ae2]/"
[20:47:22] [REI-ReloadPlugins/TRACE] [REI] [REIPlugin END] Reloading Section: "reloadable-plugin/EntryTypeRegistryImpl/AE2 of AE2 [ae2]/" done in 12.70 μs
[20:47:22] [REI-ReloadPlugins/TRACE] [REI] [REIPlugin END] Reloading Section: "reloadable-plugin/EntryTypeRegistryImpl/REIForgePluginStub of REIForgePluginStub [kubejs]/"
[20:47:22] [REI-ReloadPlugins/TRACE] [REI] [REIPlugin END] Reloading Section: "reloadable-plugin/EntryTypeRegistryImpl/REIForgePluginStub of REIForgePluginStub [kubejs]/" done in 12.70 μs
[20:47:22] [REI-ReloadPlugins/TRACE] [REI] [REIPlugin END] Reloading Section: "reloadable-plugin/EntryTypeRegistryImpl/" done in 1.259 ms
[20:47:22] [REI-ReloadPlugins/TRACE] [REI] [REIPlugin END] Reloading Section: "reloadable-plugin/EntrySettingsAdapterRegistryImpl/"
[20:47:22] [REI-ReloadPlugins/TRACE] [REI] [REIPlugin END] Reloading Section: "reloadable-plugin/EntrySettingsAdapterRegistryImpl/DefaultClientPluginImpl of DefaultClientPluginImpl [roughlyenoughitems]/"
[20:47:22] [REI-ReloadPlugins/TRACE] [REI] [REIPlugin END] Reloading Section: "reloadable-plugin/EntrySettingsAdapterRegistryImpl/DefaultClientPluginImpl of DefaultClientPluginImpl [roughlyenoughitems]/" done in 23.30 μs
[20:47:22] [REI-ReloadPlugins/TRACE] [REI] [REIPlugin END] Reloading Section: "reloadable-plugin/EntrySettingsAdapterRegistryImpl/DefaultPluginImpl of DefaultPluginImpl [roughlyenoughitems]/"
[20:47:22] [REI-ReloadPlugins/TRACE] [REI] [REIPlugin END] Reloading Section: "reloadable-plugin/EntrySettingsAdapterRegistryImpl/DefaultPluginImpl of DefaultPluginImpl [roughlyenoughitems]/" done in 12.60 μs
[20:47:22] [REI-ReloadPlugins/TRACE] [REI] [REIPlugin END] Reloading Section: "reloadable-plugin/EntrySettingsAdapterRegistryImpl/HideIngredientsFromTagsPlugin of HideIngredientsFromTagsPlugin [roughlyenoughitems]/"
[20:47:22] [REI-ReloadPlugins/TRACE] [REI] [REIPlugin END] Reloading Section: "reloadable-plugin/EntrySettingsAdapterRegistryImpl/HideIngredientsFromTagsPlugin of HideIngredientsFromTagsPlugin [roughlyenoughitems]/" done in 26.50 μs
[20:47:22] [REI-ReloadPlugins/TRACE] [REI] [REIPlugin END] Reloading Section: "reloadable-plugin/EntrySettingsAdapterRegistryImpl/DefaultClientRuntimePlugin of DefaultClientRuntimePlugin [roughlyenoughitems]/"
[20:47:22] [REI-ReloadPlugins/TRACE] [REI] [REIPlugin END] Reloading Section: "reloadable-plugin/EntrySettingsAdapterRegistryImpl/DefaultClientRuntimePlugin of DefaultClientRuntimePlugin [roughlyenoughitems]/" done in 12.60 μs
[20:47:22] [REI-ReloadPlugins/TRACE] [REI] [REIPlugin END] Reloading Section: "reloadable-plugin/EntrySettingsAdapterRegistryImpl/DefaultRuntimePlugin of DefaultRuntimePlugin [roughlyenoughitems]/"
[20:47:22] [REI-ReloadPlugins/TRACE] [REI] [REIPlugin END] Reloading Section: "reloadable-plugin/EntrySettingsAdapterRegistryImpl/DefaultRuntimePlugin of DefaultRuntimePlugin [roughlyenoughitems]/" done in 14.20 μs
[20:47:22] [REI-ReloadPlugins/TRACE] [REI] [REIPlugin END] Reloading Section: "reloadable-plugin/EntrySettingsAdapterRegistryImpl/JEI Plugin [CreateAdditionJEI:createaddition:jei_plugin] of REI Plugin Compatibilities Adapter [rei_plugin_compatibilities, jei]/"
[20:47:22] [REI-ReloadPlugins/TRACE] [REI] [REIPlugin END] Reloading Section: "reloadable-plugin/EntrySettingsAdapterRegistryImpl/JEI Plugin [CreateAdditionJEI:createaddition:jei_plugin] of REI Plugin Compatibilities Adapter [rei_plugin_compatibilities, jei]/" done in 13.70 μs
[20:47:22] [REI-ReloadPlugins/TRACE] [REI] [REIPlugin END] Reloading Section: "reloadable-plugin/EntrySettingsAdapterRegistryImpl/JEI Plugin [PolyJEIPlugin:polylib:jei_plugin] of REI Plugin Compatibilities Adapter [rei_plugin_compatibilities, jei]/"
[20:47:22] [REI-ReloadPlugins/TRACE] [REI] [REIPlugin END] Reloading Section: "reloadable-plugin/EntrySettingsAdapterRegistryImpl/JEI Plugin [PolyJEIPlugin:polylib:jei_plugin] of REI Plugin Compatibilities Adapter [rei_plugin_compatibilities, jei]/" done in 12.80 μs
[20:47:22] [REI-ReloadPlugins/TRACE] [REI] [REIPlugin END] Reloading Section: "reloadable-plugin/EntrySettingsAdapterRegistryImpl/JEI Plugin [GTSEJEIPlugin:gregtech_steam_expansion:jei_plugin] of REI Plugin Compatibilities Adapter [rei_plugin_compatibilities, jei]/"
[20:47:22] [REI-ReloadPlugins/TRACE] [REI] [REIPlugin END] Reloading Section: "reloadable-plugin/EntrySettingsAdapterRegistryImpl/JEI Plugin [GTSEJEIPlugin:gregtech_steam_expansion:jei_plugin] of REI Plugin Compatibilities Adapter [rei_plugin_compatibilities, jei]/" done in 12.90 μs
[20:47:22] [REI-ReloadPlugins/TRACE] [REI] [REIPlugin END] Reloading Section: "reloadable-plugin/EntrySettingsAdapterRegistryImpl/JEI Plugin [GTJEIPlugin:gtceu:jei_plugin] of REI Plugin Compatibilities Adapter [rei_plugin_compatibilities, jei]/"
[20:47:22] [REI-ReloadPlugins/TRACE] [REI] [REIPlugin END] Reloading Section: "reloadable-plugin/EntrySettingsAdapterRegistryImpl/JEI Plugin [GTJEIPlugin:gtceu:jei_plugin] of REI Plugin Compatibilities Adapter [rei_plugin_compatibilities, jei]/" done in 13.00 μs
[20:47:22] [REI-ReloadPlugins/TRACE] [REI] [REIPlugin END] Reloading Section: "reloadable-plugin/EntrySettingsAdapterRegistryImpl/JEI Plugin [JEIIntegration:ftblibrary:jei] of REI Plugin Compatibilities Adapter [rei_plugin_compatibilities, jei]/"
[20:47:22] [REI-ReloadPlugins/TRACE] [REI] [REIPlugin END] Reloading Section: "reloadable-plugin/EntrySettingsAdapterRegistryImpl/JEI Plugin [JEIIntegration:ftblibrary:jei] of REI Plugin Compatibilities Adapter [rei_plugin_compatibilities, jei]/" done in 12.40 μs
[20:47:22] [REI-ReloadPlugins/TRACE] [REI] [REIPlugin END] Reloading Section: "reloadable-plugin/EntrySettingsAdapterRegistryImpl/JEI Plugin [JEIPlugin:kubejs:jei] of REI Plugin Compatibilities Adapter [rei_plugin_compatibilities, jei]/"
[20:47:22] [REI-ReloadPlugins/TRACE] [REI] [REIPlugin END] Reloading Section: "reloadable-plugin/EntrySettingsAdapterRegistryImpl/JEI Plugin [JEIPlugin:kubejs:jei] of REI Plugin Compatibilities Adapter [rei_plugin_compatibilities, jei]/" done in 12.90 μs
[20:47:22] [REI-ReloadPlugins/TRACE] [REI] [REIPlugin END] Reloading Section: "reloadable-plugin/EntrySettingsAdapterRegistryImpl/JEI Plugin [JEIIntegration:fluxnetworks:jei] of REI Plugin Compatibilities Adapter [rei_plugin_compatibilities, jei]/"
[20:47:22] [REI-ReloadPlugins/TRACE] [REI] [REIPlugin END] Reloading Section: "reloadable-plugin/EntrySettingsAdapterRegistryImpl/JEI Plugin [JEIIntegration:fluxnetworks:jei] of REI Plugin Compatibilities Adapter [rei_plugin_compatibilities, jei]/" done in 12.60 μs
[20:47:22] [REI-ReloadPlugins/TRACE] [REI] [REIPlugin END] Reloading Section: "reloadable-plugin/EntrySettingsAdapterRegistryImpl/JEI Plugin [CreateJEI:create:jei_plugin] of REI Plugin Compatibilities Adapter [rei_plugin_compatibilities, jei]/"
[20:47:22] [REI-ReloadPlugins/TRACE] [REI] [REIPlugin END] Reloading Section: "reloadable-plugin/EntrySettingsAdapterRegistryImpl/JEI Plugin [CreateJEI:create:jei_plugin] of REI Plugin Compatibilities Adapter [rei_plugin_compatibilities, jei]/" done in 13.40 μs
[20:47:22] [REI-ReloadPlugins/TRACE] [REI] [REIPlugin END] Reloading Section: "reloadable-plugin/EntrySettingsAdapterRegistryImpl/JEI Plugin [JEIPlugin:ae2:core] of REI Plugin Compatibilities Adapter [rei_plugin_compatibilities, jei]/"
[20:47:22] [REI-ReloadPlugins/TRACE] [REI] [REIPlugin END] Reloading Section: "reloadable-plugin/EntrySettingsAdapterRegistryImpl/JEI Plugin [JEIPlugin:ae2:core] of REI Plugin Compatibilities Adapter [rei_plugin_compatibilities, jei]/" done in 12.70 μs
[20:47:22] [REI-ReloadPlugins/TRACE] [REI] [REIPlugin END] Reloading Section: "reloadable-plugin/EntrySettingsAdapterRegistryImpl/JEI Plugin [JEICompat:jade:main] of REI Plugin Compatibilities Adapter [rei_plugin_compatibilities, jei]/"
[20:47:22] [REI-ReloadPlugins/TRACE] [REI] [REIPlugin END] Reloading Section: "reloadable-plugin/EntrySettingsAdapterRegistryImpl/JEI Plugin [JEICompat:jade:main] of REI Plugin Compatibilities Adapter [rei_plugin_compatibilities, jei]/" done in 12.40 μs
[20:47:22] [REI-ReloadPlugins/TRACE] [REI] [REIPlugin END] Reloading Section: "reloadable-plugin/EntrySettingsAdapterRegistryImpl/JEI Plugin [JEIPlugin:ldlib:jei_plugin] of REI Plugin Compatibilities Adapter [rei_plugin_compatibilities, jei]/"
[20:47:22] [REI-ReloadPlugins/TRACE] [REI] [REIPlugin END] Reloading Section: "reloadable-plugin/EntrySettingsAdapterRegistryImpl/JEI Plugin [JEIPlugin:ldlib:jei_plugin] of REI Plugin Compatibilities Adapter [rei_plugin_compatibilities, jei]/" done in 12.30 μs
[20:47:22] [REI-ReloadPlugins/TRACE] [REI] [REIPlugin END] Reloading Section: "reloadable-plugin/EntrySettingsAdapterRegistryImpl/JEI Plugin [BCJeiPlugin:bibliocraft:jei_plugin] of REI Plugin Compatibilities Adapter [rei_plugin_compatibilities, jei]/"
[20:47:22] [REI-ReloadPlugins/TRACE] [REI] [REIPlugin END] Reloading Section: "reloadable-plugin/EntrySettingsAdapterRegistryImpl/JEI Plugin [BCJeiPlugin:bibliocraft:jei_plugin] of REI Plugin Compatibilities Adapter [rei_plugin_compatibilities, jei]/" done in 13.90 μs
[20:47:22] [REI-ReloadPlugins/TRACE] [REI] [REIPlugin END] Reloading Section: "reloadable-plugin/EntrySettingsAdapterRegistryImpl/GTREIPlugin of GTREIPlugin [gtceu]/"
[20:47:22] [REI-ReloadPlugins/TRACE] [REI] [REIPlugin END] Reloading Section: "reloadable-plugin/EntrySettingsAdapterRegistryImpl/GTREIPlugin of GTREIPlugin [gtceu]/" done in 12.70 μs
[20:47:22] [REI-ReloadPlugins/TRACE] [REI] [REIPlugin END] Reloading Section: "reloadable-plugin/EntrySettingsAdapterRegistryImpl/FramedReiPlugin of FramedReiPlugin [framedblocks]/"
[20:47:22] [REI-ReloadPlugins/TRACE] [REI] [REIPlugin END] Reloading Section: "reloadable-plugin/EntrySettingsAdapterRegistryImpl/FramedReiPlugin of FramedReiPlugin [framedblocks]/" done in 23.40 μs
[20:47:22] [REI-ReloadPlugins/TRACE] [REI] [REIPlugin END] Reloading Section: "reloadable-plugin/EntrySettingsAdapterRegistryImpl/REIPluginImpl of REIPluginImpl [ldlib]/"
[20:47:22] [REI-ReloadPlugins/TRACE] [REI] [REIPlugin END] Reloading Section: "reloadable-plugin/EntrySettingsAdapterRegistryImpl/REIPluginImpl of REIPluginImpl [ldlib]/" done in 12.40 μs
[20:47:22] [REI-ReloadPlugins/TRACE] [REI] [REIPlugin END] Reloading Section: "reloadable-plugin/EntrySettingsAdapterRegistryImpl/REI Plugin Compatibilities Client Handler of REI Plugin Compatibilities Client Handler [rei_plugin_compatibilities, jei]/"
[20:47:22] [REI-ReloadPlugins/TRACE] [REI] [REIPlugin END] Reloading Section: "reloadable-plugin/EntrySettingsAdapterRegistryImpl/REI Plugin Compatibilities Client Handler of REI Plugin Compatibilities Client Handler [rei_plugin_compatibilities, jei]/" done in 12.60 μs
[20:47:22] [REI-ReloadPlugins/TRACE] [REI] [REIPlugin END] Reloading Section: "reloadable-plugin/EntrySettingsAdapterRegistryImpl/REIForgePluginStub of REIForgePluginStub [ftblibrary]/"
[20:47:22] [REI-ReloadPlugins/TRACE] [REI] [REIPlugin END] Reloading Section: "reloadable-plugin/EntrySettingsAdapterRegistryImpl/REIForgePluginStub of REIForgePluginStub [ftblibrary]/" done in 14.20 μs
[20:47:22] [REI-ReloadPlugins/TRACE] [REI] [REIPlugin END] Reloading Section: "reloadable-plugin/EntrySettingsAdapterRegistryImpl/AE2 of AE2 [ae2]/"
[20:47:22] [REI-ReloadPlugins/TRACE] [REI] [REIPlugin END] Reloading Section: "reloadable-plugin/EntrySettingsAdapterRegistryImpl/AE2 of AE2 [ae2]/" done in 12.70 μs
[20:47:22] [REI-ReloadPlugins/TRACE] [REI] [REIPlugin END] Reloading Section: "reloadable-plugin/EntrySettingsAdapterRegistryImpl/REIForgePluginStub of REIForgePluginStub [kubejs]/"
[20:47:22] [REI-ReloadPlugins/TRACE] [REI] [REIPlugin END] Reloading Section: "reloadable-plugin/EntrySettingsAdapterRegistryImpl/REIForgePluginStub of REIForgePluginStub [kubejs]/" done in 12.50 μs
[20:47:22] [REI-ReloadPlugins/TRACE] [REI] [REIPlugin END] Reloading Section: "reloadable-plugin/EntrySettingsAdapterRegistryImpl/" done in 896.6 μs
[20:47:22] [REI-ReloadPlugins/TRACE] [REI] [REIPlugin END] Reloading Section: "reloadable-plugin/RecipeManagerContextImpl/"
[20:47:22] [REI-ReloadPlugins/TRACE] [REI] [REIPlugin END] Reloading Section: "reloadable-plugin/RecipeManagerContextImpl/DefaultClientPluginImpl of DefaultClientPluginImpl [roughlyenoughitems]/"
[20:47:22] [REI-ReloadPlugins/TRACE] [REI] [REIPlugin END] Reloading Section: "reloadable-plugin/RecipeManagerContextImpl/DefaultClientPluginImpl of DefaultClientPluginImpl [roughlyenoughitems]/" done in 13.70 μs
[20:47:22] [REI-ReloadPlugins/TRACE] [REI] [REIPlugin END] Reloading Section: "reloadable-plugin/RecipeManagerContextImpl/DefaultPluginImpl of DefaultPluginImpl [roughlyenoughitems]/"
[20:47:22] [REI-ReloadPlugins/TRACE] [REI] [REIPlugin END] Reloading Section: "reloadable-plugin/RecipeManagerContextImpl/DefaultPluginImpl of DefaultPluginImpl [roughlyenoughitems]/" done in 12.00 μs
[20:47:22] [REI-ReloadPlugins/TRACE] [REI] [REIPlugin END] Reloading Section: "reloadable-plugin/RecipeManagerContextImpl/HideIngredientsFromTagsPlugin of HideIngredientsFromTagsPlugin [roughlyenoughitems]/"
[20:47:22] [REI-ReloadPlugins/TRACE] [REI] [REIPlugin END] Reloading Section: "reloadable-plugin/RecipeManagerContextImpl/HideIngredientsFromTagsPlugin of HideIngredientsFromTagsPlugin [roughlyenoughitems]/" done in 12.40 μs
[20:47:22] [REI-ReloadPlugins/TRACE] [REI] [REIPlugin END] Reloading Section: "reloadable-plugin/RecipeManagerContextImpl/DefaultClientRuntimePlugin of DefaultClientRuntimePlugin [roughlyenoughitems]/"
[20:47:22] [REI-ReloadPlugins/TRACE] [REI] [REIPlugin END] Reloading Section: "reloadable-plugin/RecipeManagerContextImpl/DefaultClientRuntimePlugin of DefaultClientRuntimePlugin [roughlyenoughitems]/" done in 11.60 μs
[20:47:22] [REI-ReloadPlugins/TRACE] [REI] [REIPlugin END] Reloading Section: "reloadable-plugin/RecipeManagerContextImpl/DefaultRuntimePlugin of DefaultRuntimePlugin [roughlyenoughitems]/"
[20:47:22] [REI-ReloadPlugins/TRACE] [REI] [REIPlugin END] Reloading Section: "reloadable-plugin/RecipeManagerContextImpl/DefaultRuntimePlugin of DefaultRuntimePlugin [roughlyenoughitems]/" done in 11.80 μs
[20:47:22] [REI-ReloadPlugins/TRACE] [REI] [REIPlugin END] Reloading Section: "reloadable-plugin/RecipeManagerContextImpl/JEI Plugin [CreateAdditionJEI:createaddition:jei_plugin] of REI Plugin Compatibilities Adapter [rei_plugin_compatibilities, jei]/"
[20:47:22] [REI-ReloadPlugins/TRACE] [REI] [REIPlugin END] Reloading Section: "reloadable-plugin/RecipeManagerContextImpl/JEI Plugin [CreateAdditionJEI:createaddition:jei_plugin] of REI Plugin Compatibilities Adapter [rei_plugin_compatibilities, jei]/" done in 14.10 μs
[20:47:22] [REI-ReloadPlugins/TRACE] [REI] [REIPlugin END] Reloading Section: "reloadable-plugin/RecipeManagerContextImpl/JEI Plugin [PolyJEIPlugin:polylib:jei_plugin] of REI Plugin Compatibilities Adapter [rei_plugin_compatibilities, jei]/"
[20:47:22] [REI-ReloadPlugins/TRACE] [REI] [REIPlugin END] Reloading Section: "reloadable-plugin/RecipeManagerContextImpl/JEI Plugin [PolyJEIPlugin:polylib:jei_plugin] of REI Plugin Compatibilities Adapter [rei_plugin_compatibilities, jei]/" done in 15.40 μs
[20:47:22] [REI-ReloadPlugins/TRACE] [REI] [REIPlugin END] Reloading Section: "reloadable-plugin/RecipeManagerContextImpl/JEI Plugin [GTSEJEIPlugin:gregtech_steam_expansion:jei_plugin] of REI Plugin Compatibilities Adapter [rei_plugin_compatibilities, jei]/"
[20:47:22] [REI-ReloadPlugins/TRACE] [REI] [REIPlugin END] Reloading Section: "reloadable-plugin/RecipeManagerContextImpl/JEI Plugin [GTSEJEIPlugin:gregtech_steam_expansion:jei_plugin] of REI Plugin Compatibilities Adapter [rei_plugin_compatibilities, jei]/" done in 13.00 μs
[20:47:22] [REI-ReloadPlugins/TRACE] [REI] [REIPlugin END] Reloading Section: "reloadable-plugin/RecipeManagerContextImpl/JEI Plugin [GTJEIPlugin:gtceu:jei_plugin] of REI Plugin Compatibilities Adapter [rei_plugin_compatibilities, jei]/"
[20:47:22] [REI-ReloadPlugins/TRACE] [REI] [REIPlugin END] Reloading Section: "reloadable-plugin/RecipeManagerContextImpl/JEI Plugin [GTJEIPlugin:gtceu:jei_plugin] of REI Plugin Compatibilities Adapter [rei_plugin_compatibilities, jei]/" done in 12.20 μs
[20:47:22] [REI-ReloadPlugins/TRACE] [REI] [REIPlugin END] Reloading Section: "reloadable-plugin/RecipeManagerContextImpl/JEI Plugin [JEIIntegration:ftblibrary:jei] of REI Plugin Compatibilities Adapter [rei_plugin_compatibilities, jei]/"
[20:47:22] [REI-ReloadPlugins/TRACE] [REI] [REIPlugin END] Reloading Section: "reloadable-plugin/RecipeManagerContextImpl/JEI Plugin [JEIIntegration:ftblibrary:jei] of REI Plugin Compatibilities Adapter [rei_plugin_compatibilities, jei]/" done in 11.90 μs
[20:47:22] [REI-ReloadPlugins/TRACE] [REI] [REIPlugin END] Reloading Section: "reloadable-plugin/RecipeManagerContextImpl/JEI Plugin [JEIPlugin:kubejs:jei] of REI Plugin Compatibilities Adapter [rei_plugin_compatibilities, jei]/"
[20:47:22] [REI-ReloadPlugins/TRACE] [REI] [REIPlugin END] Reloading Section: "reloadable-plugin/RecipeManagerContextImpl/JEI Plugin [JEIPlugin:kubejs:jei] of REI Plugin Compatibilities Adapter [rei_plugin_compatibilities, jei]/" done in 12.10 μs
[20:47:22] [REI-ReloadPlugins/TRACE] [REI] [REIPlugin END] Reloading Section: "reloadable-plugin/RecipeManagerContextImpl/JEI Plugin [JEIIntegration:fluxnetworks:jei] of REI Plugin Compatibilities Adapter [rei_plugin_compatibilities, jei]/"
[20:47:22] [REI-ReloadPlugins/TRACE] [REI] [REIPlugin END] Reloading Section: "reloadable-plugin/RecipeManagerContextImpl/JEI Plugin [JEIIntegration:fluxnetworks:jei] of REI Plugin Compatibilities Adapter [rei_plugin_compatibilities, jei]/" done in 11.90 μs
[20:47:22] [REI-ReloadPlugins/TRACE] [REI] [REIPlugin END] Reloading Section: "reloadable-plugin/RecipeManagerContextImpl/JEI Plugin [CreateJEI:create:jei_plugin] of REI Plugin Compatibilities Adapter [rei_plugin_compatibilities, jei]/"
[20:47:22] [REI-ReloadPlugins/TRACE] [REI] [REIPlugin END] Reloading Section: "reloadable-plugin/RecipeManagerContextImpl/JEI Plugin [CreateJEI:create:jei_plugin] of REI Plugin Compatibilities Adapter [rei_plugin_compatibilities, jei]/" done in 12.30 μs
[20:47:22] [REI-ReloadPlugins/TRACE] [REI] [REIPlugin END] Reloading Section: "reloadable-plugin/RecipeManagerContextImpl/JEI Plugin [JEIPlugin:ae2:core] of REI Plugin Compatibilities Adapter [rei_plugin_compatibilities, jei]/"
[20:47:22] [REI-ReloadPlugins/TRACE] [REI] [REIPlugin END] Reloading Section: "reloadable-plugin/RecipeManagerContextImpl/JEI Plugin [JEIPlugin:ae2:core] of REI Plugin Compatibilities Adapter [rei_plugin_compatibilities, jei]/" done in 13.30 μs
[20:47:22] [REI-ReloadPlugins/TRACE] [REI] [REIPlugin END] Reloading Section: "reloadable-plugin/RecipeManagerContextImpl/JEI Plugin [JEICompat:jade:main] of REI Plugin Compatibilities Adapter [rei_plugin_compatibilities, jei]/"
[20:47:22] [REI-ReloadPlugins/TRACE] [REI] [REIPlugin END] Reloading Section: "reloadable-plugin/RecipeManagerContextImpl/JEI Plugin [JEICompat:jade:main] of REI Plugin Compatibilities Adapter [rei_plugin_compatibilities, jei]/" done in 14.40 μs
[20:47:22] [REI-ReloadPlugins/TRACE] [REI] [REIPlugin END] Reloading Section: "reloadable-plugin/RecipeManagerContextImpl/JEI Plugin [JEIPlugin:ldlib:jei_plugin] of REI Plugin Compatibilities Adapter [rei_plugin_compatibilities, jei]/"
[20:47:22] [REI-ReloadPlugins/TRACE] [REI] [REIPlugin END] Reloading Section: "reloadable-plugin/RecipeManagerContextImpl/JEI Plugin [JEIPlugin:ldlib:jei_plugin] of REI Plugin Compatibilities Adapter [rei_plugin_compatibilities, jei]/" done in 12.40 μs
[20:47:22] [REI-ReloadPlugins/TRACE] [REI] [REIPlugin END] Reloading Section: "reloadable-plugin/RecipeManagerContextImpl/JEI Plugin [BCJeiPlugin:bibliocraft:jei_plugin] of REI Plugin Compatibilities Adapter [rei_plugin_compatibilities, jei]/"
[20:47:22] [REI-ReloadPlugins/TRACE] [REI] [REIPlugin END] Reloading Section: "reloadable-plugin/RecipeManagerContextImpl/JEI Plugin [BCJeiPlugin:bibliocraft:jei_plugin] of REI Plugin Compatibilities Adapter [rei_plugin_compatibilities, jei]/" done in 12.50 μs
[20:47:22] [REI-ReloadPlugins/TRACE] [REI] [REIPlugin END] Reloading Section: "reloadable-plugin/RecipeManagerContextImpl/GTREIPlugin of GTREIPlugin [gtceu]/"
[20:47:22] [REI-ReloadPlugins/TRACE] [REI] [REIPlugin END] Reloading Section: "reloadable-plugin/RecipeManagerContextImpl/GTREIPlugin of GTREIPlugin [gtceu]/" done in 15.40 μs
[20:47:22] [REI-ReloadPlugins/TRACE] [REI] [REIPlugin END] Reloading Section: "reloadable-plugin/RecipeManagerContextImpl/FramedReiPlugin of FramedReiPlugin [framedblocks]/"
[20:47:22] [REI-ReloadPlugins/TRACE] [REI] [REIPlugin END] Reloading Section: "reloadable-plugin/RecipeManagerContextImpl/FramedReiPlugin of FramedReiPlugin [framedblocks]/" done in 12.10 μs
[20:47:22] [REI-ReloadPlugins/TRACE] [REI] [REIPlugin END] Reloading Section: "reloadable-plugin/RecipeManagerContextImpl/REIPluginImpl of REIPluginImpl [ldlib]/"
[20:47:22] [REI-ReloadPlugins/TRACE] [REI] [REIPlugin END] Reloading Section: "reloadable-plugin/RecipeManagerContextImpl/REIPluginImpl of REIPluginImpl [ldlib]/" done in 11.80 μs
[20:47:22] [REI-ReloadPlugins/TRACE] [REI] [REIPlugin END] Reloading Section: "reloadable-plugin/RecipeManagerContextImpl/REI Plugin Compatibilities Client Handler of REI Plugin Compatibilities Client Handler [rei_plugin_compatibilities, jei]/"
[20:47:22] [REI-ReloadPlugins/TRACE] [REI] [REIPlugin END] Reloading Section: "reloadable-plugin/RecipeManagerContextImpl/REI Plugin Compatibilities Client Handler of REI Plugin Compatibilities Client Handler [rei_plugin_compatibilities, jei]/" done in 12.50 μs
[20:47:22] [REI-ReloadPlugins/TRACE] [REI] [REIPlugin END] Reloading Section: "reloadable-plugin/RecipeManagerContextImpl/REIForgePluginStub of REIForgePluginStub [ftblibrary]/"
[20:47:22] [REI-ReloadPlugins/TRACE] [REI] [REIPlugin END] Reloading Section: "reloadable-plugin/RecipeManagerContextImpl/REIForgePluginStub of REIForgePluginStub [ftblibrary]/" done in 12.10 μs
[20:47:22] [REI-ReloadPlugins/TRACE] [REI] [REIPlugin END] Reloading Section: "reloadable-plugin/RecipeManagerContextImpl/AE2 of AE2 [ae2]/"
[20:47:22] [REI-ReloadPlugins/TRACE] [REI] [REIPlugin END] Reloading Section: "reloadable-plugin/RecipeManagerContextImpl/AE2 of AE2 [ae2]/" done in 12.40 μs
[20:47:22] [REI-ReloadPlugins/TRACE] [REI] [REIPlugin END] Reloading Section: "reloadable-plugin/RecipeManagerContextImpl/REIForgePluginStub of REIForgePluginStub [kubejs]/"
[20:47:22] [REI-ReloadPlugins/TRACE] [REI] [REIPlugin END] Reloading Section: "reloadable-plugin/RecipeManagerContextImpl/REIForgePluginStub of REIForgePluginStub [kubejs]/" done in 11.80 μs
[20:47:22] [REI-ReloadPlugins/TRACE] [REI] [REIPlugin END] Reloading Section: "reloadable-plugin/RecipeManagerContextImpl/" done in 825.2 μs
[20:47:22] [REI-ReloadPlugins/TRACE] [REI] [REIPlugin END] Reloading Section: "reloadable-plugin/ItemComparatorRegistryImpl/"
[20:47:22] [REI-ReloadPlugins/TRACE] [REI] [REIPlugin END] Reloading Section: "reloadable-plugin/ItemComparatorRegistryImpl/DefaultClientPluginImpl of DefaultClientPluginImpl [roughlyenoughitems]/"
[20:47:22] [REI-ReloadPlugins/TRACE] [REI] [REIPlugin END] Reloading Section: "reloadable-plugin/ItemComparatorRegistryImpl/DefaultClientPluginImpl of DefaultClientPluginImpl [roughlyenoughitems]/" done in 14.90 μs
[20:47:22] [REI-ReloadPlugins/TRACE] [REI] [REIPlugin END] Reloading Section: "reloadable-plugin/ItemComparatorRegistryImpl/DefaultPluginImpl of DefaultPluginImpl [roughlyenoughitems]/"
[20:47:22] [REI-ReloadPlugins/TRACE] [REI] [REIPlugin END] Reloading Section: "reloadable-plugin/ItemComparatorRegistryImpl/DefaultPluginImpl of DefaultPluginImpl [roughlyenoughitems]/" done in 12.40 μs
[20:47:22] [REI-ReloadPlugins/TRACE] [REI] [REIPlugin END] Reloading Section: "reloadable-plugin/ItemComparatorRegistryImpl/HideIngredientsFromTagsPlugin of HideIngredientsFromTagsPlugin [roughlyenoughitems]/"
[20:47:22] [REI-ReloadPlugins/TRACE] [REI] [REIPlugin END] Reloading Section: "reloadable-plugin/ItemComparatorRegistryImpl/HideIngredientsFromTagsPlugin of HideIngredientsFromTagsPlugin [roughlyenoughitems]/" done in 12.10 μs
[20:47:22] [REI-ReloadPlugins/TRACE] [REI] [REIPlugin END] Reloading Section: "reloadable-plugin/ItemComparatorRegistryImpl/DefaultClientRuntimePlugin of DefaultClientRuntimePlugin [roughlyenoughitems]/"
[20:47:22] [REI-ReloadPlugins/TRACE] [REI] [REIPlugin END] Reloading Section: "reloadable-plugin/ItemComparatorRegistryImpl/DefaultClientRuntimePlugin of DefaultClientRuntimePlugin [roughlyenoughitems]/" done in 11.80 μs
[20:47:22] [REI-ReloadPlugins/TRACE] [REI] [REIPlugin END] Reloading Section: "reloadable-plugin/ItemComparatorRegistryImpl/DefaultRuntimePlugin of DefaultRuntimePlugin [roughlyenoughitems]/"
[20:47:22] [REI-ReloadPlugins/TRACE] [REI] [REIPlugin END] Reloading Section: "reloadable-plugin/ItemComparatorRegistryImpl/DefaultRuntimePlugin of DefaultRuntimePlugin [roughlyenoughitems]/" done in 12.20 μs
[20:47:22] [REI-ReloadPlugins/TRACE] [REI] [REIPlugin END] Reloading Section: "reloadable-plugin/ItemComparatorRegistryImpl/JEI Plugin [CreateAdditionJEI:createaddition:jei_plugin] of REI Plugin Compatibilities Adapter [rei_plugin_compatibilities, jei]/"
[20:47:22] [REI-ReloadPlugins/TRACE] [REI] [REIPlugin END] Reloading Section: "reloadable-plugin/ItemComparatorRegistryImpl/JEI Plugin [CreateAdditionJEI:createaddition:jei_plugin] of REI Plugin Compatibilities Adapter [rei_plugin_compatibilities, jei]/" done in 12.40 μs
[20:47:22] [REI-ReloadPlugins/TRACE] [REI] [REIPlugin END] Reloading Section: "reloadable-plugin/ItemComparatorRegistryImpl/JEI Plugin [PolyJEIPlugin:polylib:jei_plugin] of REI Plugin Compatibilities Adapter [rei_plugin_compatibilities, jei]/"
[20:47:22] [REI-ReloadPlugins/TRACE] [REI] [REIPlugin END] Reloading Section: "reloadable-plugin/ItemComparatorRegistryImpl/JEI Plugin [PolyJEIPlugin:polylib:jei_plugin] of REI Plugin Compatibilities Adapter [rei_plugin_compatibilities, jei]/" done in 12.00 μs
[20:47:22] [REI-ReloadPlugins/TRACE] [REI] [REIPlugin END] Reloading Section: "reloadable-plugin/ItemComparatorRegistryImpl/JEI Plugin [GTSEJEIPlugin:gregtech_steam_expansion:jei_plugin] of REI Plugin Compatibilities Adapter [rei_plugin_compatibilities, jei]/"
[20:47:22] [REI-ReloadPlugins/TRACE] [REI] [REIPlugin END] Reloading Section: "reloadable-plugin/ItemComparatorRegistryImpl/JEI Plugin [GTSEJEIPlugin:gregtech_steam_expansion:jei_plugin] of REI Plugin Compatibilities Adapter [rei_plugin_compatibilities, jei]/" done in 12.00 μs
[20:47:22] [REI-ReloadPlugins/TRACE] [REI] [REIPlugin END] Reloading Section: "reloadable-plugin/ItemComparatorRegistryImpl/JEI Plugin [GTJEIPlugin:gtceu:jei_plugin] of REI Plugin Compatibilities Adapter [rei_plugin_compatibilities, jei]/"
[20:47:22] [REI-ReloadPlugins/TRACE] [REI] [REIPlugin END] Reloading Section: "reloadable-plugin/ItemComparatorRegistryImpl/JEI Plugin [GTJEIPlugin:gtceu:jei_plugin] of REI Plugin Compatibilities Adapter [rei_plugin_compatibilities, jei]/" done in 12.30 μs
[20:47:22] [REI-ReloadPlugins/TRACE] [REI] [REIPlugin END] Reloading Section: "reloadable-plugin/ItemComparatorRegistryImpl/JEI Plugin [JEIIntegration:ftblibrary:jei] of REI Plugin Compatibilities Adapter [rei_plugin_compatibilities, jei]/"
[20:47:22] [REI-ReloadPlugins/TRACE] [REI] [REIPlugin END] Reloading Section: "reloadable-plugin/ItemComparatorRegistryImpl/JEI Plugin [JEIIntegration:ftblibrary:jei] of REI Plugin Compatibilities Adapter [rei_plugin_compatibilities, jei]/" done in 13.10 μs
[20:47:22] [REI-ReloadPlugins/TRACE] [REI] [REIPlugin END] Reloading Section: "reloadable-plugin/ItemComparatorRegistryImpl/JEI Plugin [JEIPlugin:kubejs:jei] of REI Plugin Compatibilities Adapter [rei_plugin_compatibilities, jei]/"
[20:47:22] [REI-ReloadPlugins/TRACE] [REI] [REIPlugin END] Reloading Section: "reloadable-plugin/ItemComparatorRegistryImpl/JEI Plugin [JEIPlugin:kubejs:jei] of REI Plugin Compatibilities Adapter [rei_plugin_compatibilities, jei]/" done in 14.90 μs
[20:47:22] [REI-ReloadPlugins/TRACE] [REI] [REIPlugin END] Reloading Section: "reloadable-plugin/ItemComparatorRegistryImpl/JEI Plugin [JEIIntegration:fluxnetworks:jei] of REI Plugin Compatibilities Adapter [rei_plugin_compatibilities, jei]/"
[20:47:22] [REI-ReloadPlugins/TRACE] [REI] [REIPlugin END] Reloading Section: "reloadable-plugin/ItemComparatorRegistryImpl/JEI Plugin [JEIIntegration:fluxnetworks:jei] of REI Plugin Compatibilities Adapter [rei_plugin_compatibilities, jei]/" done in 11.60 μs
[20:47:22] [REI-ReloadPlugins/TRACE] [REI] [REIPlugin END] Reloading Section: "reloadable-plugin/ItemComparatorRegistryImpl/JEI Plugin [CreateJEI:create:jei_plugin] of REI Plugin Compatibilities Adapter [rei_plugin_compatibilities, jei]/"
[20:47:22] [REI-ReloadPlugins/TRACE] [REI] [REIPlugin END] Reloading Section: "reloadable-plugin/ItemComparatorRegistryImpl/JEI Plugin [CreateJEI:create:jei_plugin] of REI Plugin Compatibilities Adapter [rei_plugin_compatibilities, jei]/" done in 11.90 μs
[20:47:22] [REI-ReloadPlugins/TRACE] [REI] [REIPlugin END] Reloading Section: "reloadable-plugin/ItemComparatorRegistryImpl/JEI Plugin [JEIPlugin:ae2:core] of REI Plugin Compatibilities Adapter [rei_plugin_compatibilities, jei]/"
[20:47:22] [REI-ReloadPlugins/TRACE] [REI] [REIPlugin END] Reloading Section: "reloadable-plugin/ItemComparatorRegistryImpl/JEI Plugin [JEIPlugin:ae2:core] of REI Plugin Compatibilities Adapter [rei_plugin_compatibilities, jei]/" done in 11.80 μs
[20:47:22] [REI-ReloadPlugins/TRACE] [REI] [REIPlugin END] Reloading Section: "reloadable-plugin/ItemComparatorRegistryImpl/JEI Plugin [JEICompat:jade:main] of REI Plugin Compatibilities Adapter [rei_plugin_compatibilities, jei]/"
[20:47:22] [REI-ReloadPlugins/TRACE] [REI] [REIPlugin END] Reloading Section: "reloadable-plugin/ItemComparatorRegistryImpl/JEI Plugin [JEICompat:jade:main] of REI Plugin Compatibilities Adapter [rei_plugin_compatibilities, jei]/" done in 11.70 μs
[20:47:22] [REI-ReloadPlugins/TRACE] [REI] [REIPlugin END] Reloading Section: "reloadable-plugin/ItemComparatorRegistryImpl/JEI Plugin [JEIPlugin:ldlib:jei_plugin] of REI Plugin Compatibilities Adapter [rei_plugin_compatibilities, jei]/"
[20:47:22] [REI-ReloadPlugins/TRACE] [REI] [REIPlugin END] Reloading Section: "reloadable-plugin/ItemComparatorRegistryImpl/JEI Plugin [JEIPlugin:ldlib:jei_plugin] of REI Plugin Compatibilities Adapter [rei_plugin_compatibilities, jei]/" done in 11.60 μs
[20:47:22] [REI-ReloadPlugins/TRACE] [REI] [REIPlugin END] Reloading Section: "reloadable-plugin/ItemComparatorRegistryImpl/JEI Plugin [BCJeiPlugin:bibliocraft:jei_plugin] of REI Plugin Compatibilities Adapter [rei_plugin_compatibilities, jei]/"
[20:47:22] [REI-ReloadPlugins/TRACE] [REI] [REIPlugin END] Reloading Section: "reloadable-plugin/ItemComparatorRegistryImpl/JEI Plugin [BCJeiPlugin:bibliocraft:jei_plugin] of REI Plugin Compatibilities Adapter [rei_plugin_compatibilities, jei]/" done in 12.00 μs
[20:47:22] [REI-ReloadPlugins/TRACE] [REI] [REIPlugin END] Reloading Section: "reloadable-plugin/ItemComparatorRegistryImpl/GTREIPlugin of GTREIPlugin [gtceu]/"
[20:47:22] [REI-ReloadPlugins/TRACE] [REI] [REIPlugin END] Reloading Section: "reloadable-plugin/ItemComparatorRegistryImpl/GTREIPlugin of GTREIPlugin [gtceu]/" done in 30.20 μs
[20:47:22] [REI-ReloadPlugins/TRACE] [REI] [REIPlugin END] Reloading Section: "reloadable-plugin/ItemComparatorRegistryImpl/FramedReiPlugin of FramedReiPlugin [framedblocks]/"
[20:47:22] [REI-ReloadPlugins/TRACE] [REI] [REIPlugin END] Reloading Section: "reloadable-plugin/ItemComparatorRegistryImpl/FramedReiPlugin of FramedReiPlugin [framedblocks]/" done in 12.10 μs
[20:47:22] [REI-ReloadPlugins/TRACE] [REI] [REIPlugin END] Reloading Section: "reloadable-plugin/ItemComparatorRegistryImpl/REIPluginImpl of REIPluginImpl [ldlib]/"
[20:47:22] [REI-ReloadPlugins/TRACE] [REI] [REIPlugin END] Reloading Section: "reloadable-plugin/ItemComparatorRegistryImpl/REIPluginImpl of REIPluginImpl [ldlib]/" done in 11.50 μs
[20:47:22] [REI-ReloadPlugins/TRACE] [REI] [REIPlugin END] Reloading Section: "reloadable-plugin/ItemComparatorRegistryImpl/REI Plugin Compatibilities Client Handler of REI Plugin Compatibilities Client Handler [rei_plugin_compatibilities, jei]/"
[20:47:22] [REI-ReloadPlugins/TRACE] [REI] [REIPlugin END] Reloading Section: "reloadable-plugin/ItemComparatorRegistryImpl/REI Plugin Compatibilities Client Handler of REI Plugin Compatibilities Client Handler [rei_plugin_compatibilities, jei]/" done in 11.70 μs
[20:47:22] [REI-ReloadPlugins/TRACE] [REI] [REIPlugin END] Reloading Section: "reloadable-plugin/ItemComparatorRegistryImpl/REIForgePluginStub of REIForgePluginStub [ftblibrary]/"
[20:47:22] [REI-ReloadPlugins/TRACE] [REI] [REIPlugin END] Reloading Section: "reloadable-plugin/ItemComparatorRegistryImpl/REIForgePluginStub of REIForgePluginStub [ftblibrary]/" done in 11.50 μs
[20:47:22] [REI-ReloadPlugins/TRACE] [REI] [REIPlugin END] Reloading Section: "reloadable-plugin/ItemComparatorRegistryImpl/AE2 of AE2 [ae2]/"
[20:47:22] [REI-ReloadPlugins/TRACE] [REI] [REIPlugin END] Reloading Section: "reloadable-plugin/ItemComparatorRegistryImpl/AE2 of AE2 [ae2]/" done in 12.10 μs
[20:47:22] [REI-ReloadPlugins/TRACE] [REI] [REIPlugin END] Reloading Section: "reloadable-plugin/ItemComparatorRegistryImpl/REIForgePluginStub of REIForgePluginStub [kubejs]/"
[20:47:22] [REI-ReloadPlugins/TRACE] [REI] [REIPlugin END] Reloading Section: "reloadable-plugin/ItemComparatorRegistryImpl/REIForgePluginStub of REIForgePluginStub [kubejs]/" done in 11.80 μs
[20:47:22] [REI-ReloadPlugins/TRACE] [REI] [REIPlugin END] Reloading Section: "reloadable-plugin/ItemComparatorRegistryImpl/" done in 827.6 μs
[20:47:22] [REI-ReloadPlugins/TRACE] [REI] [REIPlugin END] Reloading Section: "reloadable-plugin/FluidComparatorRegistryImpl/"
[20:47:22] [REI-ReloadPlugins/TRACE] [REI] [REIPlugin END] Reloading Section: "reloadable-plugin/FluidComparatorRegistryImpl/DefaultClientPluginImpl of DefaultClientPluginImpl [roughlyenoughitems]/"
[20:47:22] [REI-ReloadPlugins/TRACE] [REI] [REIPlugin END] Reloading Section: "reloadable-plugin/FluidComparatorRegistryImpl/DefaultClientPluginImpl of DefaultClientPluginImpl [roughlyenoughitems]/" done in 14.00 μs
[20:47:22] [REI-ReloadPlugins/TRACE] [REI] [REIPlugin END] Reloading Section: "reloadable-plugin/FluidComparatorRegistryImpl/DefaultPluginImpl of DefaultPluginImpl [roughlyenoughitems]/"
[20:47:22] [REI-ReloadPlugins/TRACE] [REI] [REIPlugin END] Reloading Section: "reloadable-plugin/FluidComparatorRegistryImpl/DefaultPluginImpl of DefaultPluginImpl [roughlyenoughitems]/" done in 12.50 μs
[20:47:22] [REI-ReloadPlugins/TRACE] [REI] [REIPlugin END] Reloading Section: "reloadable-plugin/FluidComparatorRegistryImpl/HideIngredientsFromTagsPlugin of HideIngredientsFromTagsPlugin [roughlyenoughitems]/"
[20:47:22] [REI-ReloadPlugins/TRACE] [REI] [REIPlugin END] Reloading Section: "reloadable-plugin/FluidComparatorRegistryImpl/HideIngredientsFromTagsPlugin of HideIngredientsFromTagsPlugin [roughlyenoughitems]/" done in 11.40 μs
[20:47:22] [REI-ReloadPlugins/TRACE] [REI] [REIPlugin END] Reloading Section: "reloadable-plugin/FluidComparatorRegistryImpl/DefaultClientRuntimePlugin of DefaultClientRuntimePlugin [roughlyenoughitems]/"
[20:47:22] [REI-ReloadPlugins/TRACE] [REI] [REIPlugin END] Reloading Section: "reloadable-plugin/FluidComparatorRegistryImpl/DefaultClientRuntimePlugin of DefaultClientRuntimePlugin [roughlyenoughitems]/" done in 12.30 μs
[20:47:22] [REI-ReloadPlugins/TRACE] [REI] [REIPlugin END] Reloading Section: "reloadable-plugin/FluidComparatorRegistryImpl/DefaultRuntimePlugin of DefaultRuntimePlugin [roughlyenoughitems]/"
[20:47:22] [REI-ReloadPlugins/TRACE] [REI] [REIPlugin END] Reloading Section: "reloadable-plugin/FluidComparatorRegistryImpl/DefaultRuntimePlugin of DefaultRuntimePlugin [roughlyenoughitems]/" done in 11.80 μs
[20:47:22] [REI-ReloadPlugins/TRACE] [REI] [REIPlugin END] Reloading Section: "reloadable-plugin/FluidComparatorRegistryImpl/JEI Plugin [CreateAdditionJEI:createaddition:jei_plugin] of REI Plugin Compatibilities Adapter [rei_plugin_compatibilities, jei]/"
[20:47:22] [REI-ReloadPlugins/TRACE] [REI] [REIPlugin END] Reloading Section: "reloadable-plugin/FluidComparatorRegistryImpl/JEI Plugin [CreateAdditionJEI:createaddition:jei_plugin] of REI Plugin Compatibilities Adapter [rei_plugin_compatibilities, jei]/" done in 12.70 μs
[20:47:22] [REI-ReloadPlugins/TRACE] [REI] [REIPlugin END] Reloading Section: "reloadable-plugin/FluidComparatorRegistryImpl/JEI Plugin [PolyJEIPlugin:polylib:jei_plugin] of REI Plugin Compatibilities Adapter [rei_plugin_compatibilities, jei]/"
[20:47:22] [REI-ReloadPlugins/TRACE] [REI] [REIPlugin END] Reloading Section: "reloadable-plugin/FluidComparatorRegistryImpl/JEI Plugin [PolyJEIPlugin:polylib:jei_plugin] of REI Plugin Compatibilities Adapter [rei_plugin_compatibilities, jei]/" done in 11.70 μs
[20:47:22] [REI-ReloadPlugins/TRACE] [REI] [REIPlugin END] Reloading Section: "reloadable-plugin/FluidComparatorRegistryImpl/JEI Plugin [GTSEJEIPlugin:gregtech_steam_expansion:jei_plugin] of REI Plugin Compatibilities Adapter [rei_plugin_compatibilities, jei]/"
[20:47:22] [REI-ReloadPlugins/TRACE] [REI] [REIPlugin END] Reloading Section: "reloadable-plugin/FluidComparatorRegistryImpl/JEI Plugin [GTSEJEIPlugin:gregtech_steam_expansion:jei_plugin] of REI Plugin Compatibilities Adapter [rei_plugin_compatibilities, jei]/" done in 11.90 μs
[20:47:22] [REI-ReloadPlugins/TRACE] [REI] [REIPlugin END] Reloading Section: "reloadable-plugin/FluidComparatorRegistryImpl/JEI Plugin [GTJEIPlugin:gtceu:jei_plugin] of REI Plugin Compatibilities Adapter [rei_plugin_compatibilities, jei]/"
[20:47:22] [REI-ReloadPlugins/TRACE] [REI] [REIPlugin END] Reloading Section: "reloadable-plugin/FluidComparatorRegistryImpl/JEI Plugin [GTJEIPlugin:gtceu:jei_plugin] of REI Plugin Compatibilities Adapter [rei_plugin_compatibilities, jei]/" done in 11.70 μs
[20:47:22] [REI-ReloadPlugins/TRACE] [REI] [REIPlugin END] Reloading Section: "reloadable-plugin/FluidComparatorRegistryImpl/JEI Plugin [JEIIntegration:ftblibrary:jei] of REI Plugin Compatibilities Adapter [rei_plugin_compatibilities, jei]/"
[20:47:22] [REI-ReloadPlugins/TRACE] [REI] [REIPlugin END] Reloading Section: "reloadable-plugin/FluidComparatorRegistryImpl/JEI Plugin [JEIIntegration:ftblibrary:jei] of REI Plugin Compatibilities Adapter [rei_plugin_compatibilities, jei]/" done in 12.00 μs
[20:47:22] [REI-ReloadPlugins/TRACE] [REI] [REIPlugin END] Reloading Section: "reloadable-plugin/FluidComparatorRegistryImpl/JEI Plugin [JEIPlugin:kubejs:jei] of REI Plugin Compatibilities Adapter [rei_plugin_compatibilities, jei]/"
[20:47:22] [REI-ReloadPlugins/TRACE] [REI] [REIPlugin END] Reloading Section: "reloadable-plugin/FluidComparatorRegistryImpl/JEI Plugin [JEIPlugin:kubejs:jei] of REI Plugin Compatibilities Adapter [rei_plugin_compatibilities, jei]/" done in 12.40 μs
[20:47:22] [REI-ReloadPlugins/TRACE] [REI] [REIPlugin END] Reloading Section: "reloadable-plugin/FluidComparatorRegistryImpl/JEI Plugin [JEIIntegration:fluxnetworks:jei] of REI Plugin Compatibilities Adapter [rei_plugin_compatibilities, jei]/"
[20:47:22] [REI-ReloadPlugins/TRACE] [REI] [REIPlugin END] Reloading Section: "reloadable-plugin/FluidComparatorRegistryImpl/JEI Plugin [JEIIntegration:fluxnetworks:jei] of REI Plugin Compatibilities Adapter [rei_plugin_compatibilities, jei]/" done in 13.70 μs
[20:47:22] [REI-ReloadPlugins/TRACE] [REI] [REIPlugin END] Reloading Section: "reloadable-plugin/FluidComparatorRegistryImpl/JEI Plugin [CreateJEI:create:jei_plugin] of REI Plugin Compatibilities Adapter [rei_plugin_compatibilities, jei]/"
[20:47:22] [REI-ReloadPlugins/TRACE] [REI] [REIPlugin END] Reloading Section: "reloadable-plugin/FluidComparatorRegistryImpl/JEI Plugin [CreateJEI:create:jei_plugin] of REI Plugin Compatibilities Adapter [rei_plugin_compatibilities, jei]/" done in 12.00 μs
[20:47:22] [REI-ReloadPlugins/TRACE] [REI] [REIPlugin END] Reloading Section: "reloadable-plugin/FluidComparatorRegistryImpl/JEI Plugin [JEIPlugin:ae2:core] of REI Plugin Compatibilities Adapter [rei_plugin_compatibilities, jei]/"
[20:47:22] [REI-ReloadPlugins/TRACE] [REI] [REIPlugin END] Reloading Section: "reloadable-plugin/FluidComparatorRegistryImpl/JEI Plugin [JEIPlugin:ae2:core] of REI Plugin Compatibilities Adapter [rei_plugin_compatibilities, jei]/" done in 11.60 μs
[20:47:22] [REI-ReloadPlugins/TRACE] [REI] [REIPlugin END] Reloading Section: "reloadable-plugin/FluidComparatorRegistryImpl/JEI Plugin [JEICompat:jade:main] of REI Plugin Compatibilities Adapter [rei_plugin_compatibilities, jei]/"
[20:47:22] [REI-ReloadPlugins/TRACE] [REI] [REIPlugin END] Reloading Section: "reloadable-plugin/FluidComparatorRegistryImpl/JEI Plugin [JEICompat:jade:main] of REI Plugin Compatibilities Adapter [rei_plugin_compatibilities, jei]/" done in 12.60 μs
[20:47:22] [REI-ReloadPlugins/TRACE] [REI] [REIPlugin END] Reloading Section: "reloadable-plugin/FluidComparatorRegistryImpl/JEI Plugin [JEIPlugin:ldlib:jei_plugin] of REI Plugin Compatibilities Adapter [rei_plugin_compatibilities, jei]/"
[20:47:22] [REI-ReloadPlugins/TRACE] [REI] [REIPlugin END] Reloading Section: "reloadable-plugin/FluidComparatorRegistryImpl/JEI Plugin [JEIPlugin:ldlib:jei_plugin] of REI Plugin Compatibilities Adapter [rei_plugin_compatibilities, jei]/" done in 18.10 μs
[20:47:22] [REI-ReloadPlugins/TRACE] [REI] [REIPlugin END] Reloading Section: "reloadable-plugin/FluidComparatorRegistryImpl/JEI Plugin [BCJeiPlugin:bibliocraft:jei_plugin] of REI Plugin Compatibilities Adapter [rei_plugin_compatibilities, jei]/"
[20:47:22] [REI-ReloadPlugins/TRACE] [REI] [REIPlugin END] Reloading Section: "reloadable-plugin/FluidComparatorRegistryImpl/JEI Plugin [BCJeiPlugin:bibliocraft:jei_plugin] of REI Plugin Compatibilities Adapter [rei_plugin_compatibilities, jei]/" done in 11.90 μs
[20:47:22] [REI-ReloadPlugins/TRACE] [REI] [REIPlugin END] Reloading Section: "reloadable-plugin/FluidComparatorRegistryImpl/GTREIPlugin of GTREIPlugin [gtceu]/"
[20:47:22] [REI-ReloadPlugins/TRACE] [REI] [REIPlugin END] Reloading Section: "reloadable-plugin/FluidComparatorRegistryImpl/GTREIPlugin of GTREIPlugin [gtceu]/" done in 16.90 μs
[20:47:22] [REI-ReloadPlugins/TRACE] [REI] [REIPlugin END] Reloading Section: "reloadable-plugin/FluidComparatorRegistryImpl/FramedReiPlugin of FramedReiPlugin [framedblocks]/"
[20:47:22] [REI-ReloadPlugins/TRACE] [REI] [REIPlugin END] Reloading Section: "reloadable-plugin/FluidComparatorRegistryImpl/FramedReiPlugin of FramedReiPlugin [framedblocks]/" done in 14.90 μs
[20:47:22] [REI-ReloadPlugins/TRACE] [REI] [REIPlugin END] Reloading Section: "reloadable-plugin/FluidComparatorRegistryImpl/REIPluginImpl of REIPluginImpl [ldlib]/"
[20:47:22] [REI-ReloadPlugins/TRACE] [REI] [REIPlugin END] Reloading Section: "reloadable-plugin/FluidComparatorRegistryImpl/REIPluginImpl of REIPluginImpl [ldlib]/" done in 11.60 μs
[20:47:22] [REI-ReloadPlugins/TRACE] [REI] [REIPlugin END] Reloading Section: "reloadable-plugin/FluidComparatorRegistryImpl/REI Plugin Compatibilities Client Handler of REI Plugin Compatibilities Client Handler [rei_plugin_compatibilities, jei]/"
[20:47:22] [REI-ReloadPlugins/TRACE] [REI] [REIPlugin END] Reloading Section: "reloadable-plugin/FluidComparatorRegistryImpl/REI Plugin Compatibilities Client Handler of REI Plugin Compatibilities Client Handler [rei_plugin_compatibilities, jei]/" done in 53.30 μs
[20:47:22] [REI-ReloadPlugins/TRACE] [REI] [REIPlugin END] Reloading Section: "reloadable-plugin/FluidComparatorRegistryImpl/REIForgePluginStub of REIForgePluginStub [ftblibrary]/"
[20:47:22] [REI-ReloadPlugins/TRACE] [REI] [REIPlugin END] Reloading Section: "reloadable-plugin/FluidComparatorRegistryImpl/REIForgePluginStub of REIForgePluginStub [ftblibrary]/" done in 11.90 μs
[20:47:22] [REI-ReloadPlugins/TRACE] [REI] [REIPlugin END] Reloading Section: "reloadable-plugin/FluidComparatorRegistryImpl/AE2 of AE2 [ae2]/"
[20:47:22] [REI-ReloadPlugins/TRACE] [REI] [REIPlugin END] Reloading Section: "reloadable-plugin/FluidComparatorRegistryImpl/AE2 of AE2 [ae2]/" done in 11.60 μs
[20:47:22] [REI-ReloadPlugins/TRACE] [REI] [REIPlugin END] Reloading Section: "reloadable-plugin/FluidComparatorRegistryImpl/REIForgePluginStub of REIForgePluginStub [kubejs]/"
[20:47:22] [REI-ReloadPlugins/TRACE] [REI] [REIPlugin END] Reloading Section: "reloadable-plugin/FluidComparatorRegistryImpl/REIForgePluginStub of REIForgePluginStub [kubejs]/" done in 11.20 μs
[20:47:22] [REI-ReloadPlugins/TRACE] [REI] [REIPlugin END] Reloading Section: "reloadable-plugin/FluidComparatorRegistryImpl/" done in 930.4 μs
[20:47:22] [REI-ReloadPlugins/TRACE] [REI] [REIPlugin END] Reloading Section: "reloadable-plugin/DisplaySerializerRegistryImpl/"
[20:47:22] [REI-ReloadPlugins/TRACE] [REI] [REIPlugin END] Reloading Section: "reloadable-plugin/DisplaySerializerRegistryImpl/DefaultClientPluginImpl of DefaultClientPluginImpl [roughlyenoughitems]/"
[20:47:22] [REI-ReloadPlugins/TRACE] [REI] [REIPlugin END] Reloading Section: "reloadable-plugin/DisplaySerializerRegistryImpl/DefaultClientPluginImpl of DefaultClientPluginImpl [roughlyenoughitems]/" done in 20.90 μs
[20:47:22] [REI-ReloadPlugins/TRACE] [REI] [REIPlugin END] Reloading Section: "reloadable-plugin/DisplaySerializerRegistryImpl/DefaultPluginImpl of DefaultPluginImpl [roughlyenoughitems]/"
[20:47:22] [REI-ReloadPlugins/TRACE] [REI] [REIPlugin END] Reloading Section: "reloadable-plugin/DisplaySerializerRegistryImpl/DefaultPluginImpl of DefaultPluginImpl [roughlyenoughitems]/" done in 57.60 ms
[20:47:22] [REI-ReloadPlugins/TRACE] [REI] [REIPlugin END] Reloading Section: "reloadable-plugin/DisplaySerializerRegistryImpl/HideIngredientsFromTagsPlugin of HideIngredientsFromTagsPlugin [roughlyenoughitems]/"
[20:47:22] [REI-ReloadPlugins/TRACE] [REI] [REIPlugin END] Reloading Section: "reloadable-plugin/DisplaySerializerRegistryImpl/HideIngredientsFromTagsPlugin of HideIngredientsFromTagsPlugin [roughlyenoughitems]/" done in 41.50 μs
[20:47:22] [REI-ReloadPlugins/TRACE] [REI] [REIPlugin END] Reloading Section: "reloadable-plugin/DisplaySerializerRegistryImpl/DefaultClientRuntimePlugin of DefaultClientRuntimePlugin [roughlyenoughitems]/"
[20:47:22] [REI-ReloadPlugins/TRACE] [REI] [REIPlugin END] Reloading Section: "reloadable-plugin/DisplaySerializerRegistryImpl/DefaultClientRuntimePlugin of DefaultClientRuntimePlugin [roughlyenoughitems]/" done in 14.50 μs
[20:47:22] [REI-ReloadPlugins/TRACE] [REI] [REIPlugin END] Reloading Section: "reloadable-plugin/DisplaySerializerRegistryImpl/DefaultRuntimePlugin of DefaultRuntimePlugin [roughlyenoughitems]/"
[20:47:22] [REI-ReloadPlugins/TRACE] [REI] [REIPlugin END] Reloading Section: "reloadable-plugin/DisplaySerializerRegistryImpl/DefaultRuntimePlugin of DefaultRuntimePlugin [roughlyenoughitems]/" done in 11.50 μs
[20:47:22] [REI-ReloadPlugins/TRACE] [REI] [REIPlugin END] Reloading Section: "reloadable-plugin/DisplaySerializerRegistryImpl/JEI Plugin [CreateAdditionJEI:createaddition:jei_plugin] of REI Plugin Compatibilities Adapter [rei_plugin_compatibilities, jei]/"
[20:47:22] [REI-ReloadPlugins/TRACE] [REI] [REIPlugin END] Reloading Section: "reloadable-plugin/DisplaySerializerRegistryImpl/JEI Plugin [CreateAdditionJEI:createaddition:jei_plugin] of REI Plugin Compatibilities Adapter [rei_plugin_compatibilities, jei]/" done in 13.70 μs
[20:47:22] [REI-ReloadPlugins/TRACE] [REI] [REIPlugin END] Reloading Section: "reloadable-plugin/DisplaySerializerRegistryImpl/JEI Plugin [PolyJEIPlugin:polylib:jei_plugin] of REI Plugin Compatibilities Adapter [rei_plugin_compatibilities, jei]/"
[20:47:22] [REI-ReloadPlugins/TRACE] [REI] [REIPlugin END] Reloading Section: "reloadable-plugin/DisplaySerializerRegistryImpl/JEI Plugin [PolyJEIPlugin:polylib:jei_plugin] of REI Plugin Compatibilities Adapter [rei_plugin_compatibilities, jei]/" done in 11.00 μs
[20:47:22] [REI-ReloadPlugins/TRACE] [REI] [REIPlugin END] Reloading Section: "reloadable-plugin/DisplaySerializerRegistryImpl/JEI Plugin [GTSEJEIPlugin:gregtech_steam_expansion:jei_plugin] of REI Plugin Compatibilities Adapter [rei_plugin_compatibilities, jei]/"
[20:47:22] [REI-ReloadPlugins/TRACE] [REI] [REIPlugin END] Reloading Section: "reloadable-plugin/DisplaySerializerRegistryImpl/JEI Plugin [GTSEJEIPlugin:gregtech_steam_expansion:jei_plugin] of REI Plugin Compatibilities Adapter [rei_plugin_compatibilities, jei]/" done in 10.90 μs
[20:47:22] [REI-ReloadPlugins/TRACE] [REI] [REIPlugin END] Reloading Section: "reloadable-plugin/DisplaySerializerRegistryImpl/JEI Plugin [GTJEIPlugin:gtceu:jei_plugin] of REI Plugin Compatibilities Adapter [rei_plugin_compatibilities, jei]/"
[20:47:22] [REI-ReloadPlugins/TRACE] [REI] [REIPlugin END] Reloading Section: "reloadable-plugin/DisplaySerializerRegistryImpl/JEI Plugin [GTJEIPlugin:gtceu:jei_plugin] of REI Plugin Compatibilities Adapter [rei_plugin_compatibilities, jei]/" done in 11.40 μs
[20:47:22] [REI-ReloadPlugins/TRACE] [REI] [REIPlugin END] Reloading Section: "reloadable-plugin/DisplaySerializerRegistryImpl/JEI Plugin [JEIIntegration:ftblibrary:jei] of REI Plugin Compatibilities Adapter [rei_plugin_compatibilities, jei]/"
[20:47:22] [REI-ReloadPlugins/TRACE] [REI] [REIPlugin END] Reloading Section: "reloadable-plugin/DisplaySerializerRegistryImpl/JEI Plugin [JEIIntegration:ftblibrary:jei] of REI Plugin Compatibilities Adapter [rei_plugin_compatibilities, jei]/" done in 10.70 μs
[20:47:22] [REI-ReloadPlugins/TRACE] [REI] [REIPlugin END] Reloading Section: "reloadable-plugin/DisplaySerializerRegistryImpl/JEI Plugin [JEIPlugin:kubejs:jei] of REI Plugin Compatibilities Adapter [rei_plugin_compatibilities, jei]/"
[20:47:22] [REI-ReloadPlugins/TRACE] [REI] [REIPlugin END] Reloading Section: "reloadable-plugin/DisplaySerializerRegistryImpl/JEI Plugin [JEIPlugin:kubejs:jei] of REI Plugin Compatibilities Adapter [rei_plugin_compatibilities, jei]/" done in 10.80 μs
[20:47:22] [REI-ReloadPlugins/TRACE] [REI] [REIPlugin END] Reloading Section: "reloadable-plugin/DisplaySerializerRegistryImpl/JEI Plugin [JEIIntegration:fluxnetworks:jei] of REI Plugin Compatibilities Adapter [rei_plugin_compatibilities, jei]/"
[20:47:22] [REI-ReloadPlugins/TRACE] [REI] [REIPlugin END] Reloading Section: "reloadable-plugin/DisplaySerializerRegistryImpl/JEI Plugin [JEIIntegration:fluxnetworks:jei] of REI Plugin Compatibilities Adapter [rei_plugin_compatibilities, jei]/" done in 10.30 μs
[20:47:22] [REI-ReloadPlugins/TRACE] [REI] [REIPlugin END] Reloading Section: "reloadable-plugin/DisplaySerializerRegistryImpl/JEI Plugin [CreateJEI:create:jei_plugin] of REI Plugin Compatibilities Adapter [rei_plugin_compatibilities, jei]/"
[20:47:22] [REI-ReloadPlugins/TRACE] [REI] [REIPlugin END] Reloading Section: "reloadable-plugin/DisplaySerializerRegistryImpl/JEI Plugin [CreateJEI:create:jei_plugin] of REI Plugin Compatibilities Adapter [rei_plugin_compatibilities, jei]/" done in 10.30 μs
[20:47:22] [REI-ReloadPlugins/TRACE] [REI] [REIPlugin END] Reloading Section: "reloadable-plugin/DisplaySerializerRegistryImpl/JEI Plugin [JEIPlugin:ae2:core] of REI Plugin Compatibilities Adapter [rei_plugin_compatibilities, jei]/"
[20:47:22] [REI-ReloadPlugins/TRACE] [REI] [REIPlugin END] Reloading Section: "reloadable-plugin/DisplaySerializerRegistryImpl/JEI Plugin [JEIPlugin:ae2:core] of REI Plugin Compatibilities Adapter [rei_plugin_compatibilities, jei]/" done in 10.60 μs
[20:47:22] [REI-ReloadPlugins/TRACE] [REI] [REIPlugin END] Reloading Section: "reloadable-plugin/DisplaySerializerRegistryImpl/JEI Plugin [JEICompat:jade:main] of REI Plugin Compatibilities Adapter [rei_plugin_compatibilities, jei]/"
[20:47:22] [REI-ReloadPlugins/TRACE] [REI] [REIPlugin END] Reloading Section: "reloadable-plugin/DisplaySerializerRegistryImpl/JEI Plugin [JEICompat:jade:main] of REI Plugin Compatibilities Adapter [rei_plugin_compatibilities, jei]/" done in 10.50 μs
[20:47:22] [REI-ReloadPlugins/TRACE] [REI] [REIPlugin END] Reloading Section: "reloadable-plugin/DisplaySerializerRegistryImpl/JEI Plugin [JEIPlugin:ldlib:jei_plugin] of REI Plugin Compatibilities Adapter [rei_plugin_compatibilities, jei]/"
[20:47:22] [REI-ReloadPlugins/TRACE] [REI] [REIPlugin END] Reloading Section: "reloadable-plugin/DisplaySerializerRegistryImpl/JEI Plugin [JEIPlugin:ldlib:jei_plugin] of REI Plugin Compatibilities Adapter [rei_plugin_compatibilities, jei]/" done in 10.40 μs
[20:47:22] [REI-ReloadPlugins/TRACE] [REI] [REIPlugin END] Reloading Section: "reloadable-plugin/DisplaySerializerRegistryImpl/JEI Plugin [BCJeiPlugin:bibliocraft:jei_plugin] of REI Plugin Compatibilities Adapter [rei_plugin_compatibilities, jei]/"
[20:47:22] [REI-ReloadPlugins/TRACE] [REI] [REIPlugin END] Reloading Section: "reloadable-plugin/DisplaySerializerRegistryImpl/JEI Plugin [BCJeiPlugin:bibliocraft:jei_plugin] of REI Plugin Compatibilities Adapter [rei_plugin_compatibilities, jei]/" done in 10.60 μs
[20:47:22] [REI-ReloadPlugins/TRACE] [REI] [REIPlugin END] Reloading Section: "reloadable-plugin/DisplaySerializerRegistryImpl/GTREIPlugin of GTREIPlugin [gtceu]/"
[20:47:22] [REI-ReloadPlugins/TRACE] [REI] [REIPlugin END] Reloading Section: "reloadable-plugin/DisplaySerializerRegistryImpl/GTREIPlugin of GTREIPlugin [gtceu]/" done in 10.60 μs
[20:47:22] [REI-ReloadPlugins/TRACE] [REI] [REIPlugin END] Reloading Section: "reloadable-plugin/DisplaySerializerRegistryImpl/FramedReiPlugin of FramedReiPlugin [framedblocks]/"
[20:47:22] [REI-ReloadPlugins/TRACE] [REI] [REIPlugin END] Reloading Section: "reloadable-plugin/DisplaySerializerRegistryImpl/FramedReiPlugin of FramedReiPlugin [framedblocks]/" done in 10.40 μs
[20:47:22] [REI-ReloadPlugins/TRACE] [REI] [REIPlugin END] Reloading Section: "reloadable-plugin/DisplaySerializerRegistryImpl/REIPluginImpl of REIPluginImpl [ldlib]/"
[20:47:22] [REI-ReloadPlugins/TRACE] [REI] [REIPlugin END] Reloading Section: "reloadable-plugin/DisplaySerializerRegistryImpl/REIPluginImpl of REIPluginImpl [ldlib]/" done in 10.30 μs
[20:47:22] [REI-ReloadPlugins/TRACE] [REI] [REIPlugin END] Reloading Section: "reloadable-plugin/DisplaySerializerRegistryImpl/REI Plugin Compatibilities Client Handler of REI Plugin Compatibilities Client Handler [rei_plugin_compatibilities, jei]/"
[20:47:22] [REI-ReloadPlugins/TRACE] [REI] [REIPlugin END] Reloading Section: "reloadable-plugin/DisplaySerializerRegistryImpl/REI Plugin Compatibilities Client Handler of REI Plugin Compatibilities Client Handler [rei_plugin_compatibilities, jei]/" done in 10.40 μs
[20:47:22] [REI-ReloadPlugins/TRACE] [REI] [REIPlugin END] Reloading Section: "reloadable-plugin/DisplaySerializerRegistryImpl/REIForgePluginStub of REIForgePluginStub [ftblibrary]/"
[20:47:22] [REI-ReloadPlugins/TRACE] [REI] [REIPlugin END] Reloading Section: "reloadable-plugin/DisplaySerializerRegistryImpl/REIForgePluginStub of REIForgePluginStub [ftblibrary]/" done in 10.40 μs
[20:47:22] [REI-ReloadPlugins/TRACE] [REI] [REIPlugin END] Reloading Section: "reloadable-plugin/DisplaySerializerRegistryImpl/AE2 of AE2 [ae2]/"
[20:47:22] [REI-ReloadPlugins/TRACE] [REI] [REIPlugin END] Reloading Section: "reloadable-plugin/DisplaySerializerRegistryImpl/AE2 of AE2 [ae2]/" done in 10.40 μs
[20:47:22] [REI-ReloadPlugins/TRACE] [REI] [REIPlugin END] Reloading Section: "reloadable-plugin/DisplaySerializerRegistryImpl/REIForgePluginStub of REIForgePluginStub [kubejs]/"
[20:47:22] [REI-ReloadPlugins/TRACE] [REI] [REIPlugin END] Reloading Section: "reloadable-plugin/DisplaySerializerRegistryImpl/REIForgePluginStub of REIForgePluginStub [kubejs]/" done in 10.50 μs
[20:47:22] [REI-ReloadPlugins/TRACE] [REI] [REIPlugin END] Reloading Section: "reloadable-plugin/DisplaySerializerRegistryImpl/" done in 58.61 ms
[20:47:22] [REI-ReloadPlugins/TRACE] [REI] [REIPlugin END] Reloading Section: "reloadable-plugin/FluidSupportProviderImpl/"
[20:47:22] [REI-ReloadPlugins/TRACE] [REI] [REIPlugin END] Reloading Section: "reloadable-plugin/FluidSupportProviderImpl/DefaultClientPluginImpl of DefaultClientPluginImpl [roughlyenoughitems]/"
[20:47:22] [REI-ReloadPlugins/TRACE] [REI] [REIPlugin END] Reloading Section: "reloadable-plugin/FluidSupportProviderImpl/DefaultClientPluginImpl of DefaultClientPluginImpl [roughlyenoughitems]/" done in 12.50 μs
[20:47:22] [REI-ReloadPlugins/TRACE] [REI] [REIPlugin END] Reloading Section: "reloadable-plugin/FluidSupportProviderImpl/DefaultPluginImpl of DefaultPluginImpl [roughlyenoughitems]/"
[20:47:22] [REI-ReloadPlugins/TRACE] [REI] [REIPlugin END] Reloading Section: "reloadable-plugin/FluidSupportProviderImpl/DefaultPluginImpl of DefaultPluginImpl [roughlyenoughitems]/" done in 10.50 μs
[20:47:22] [REI-ReloadPlugins/TRACE] [REI] [REIPlugin END] Reloading Section: "reloadable-plugin/FluidSupportProviderImpl/HideIngredientsFromTagsPlugin of HideIngredientsFromTagsPlugin [roughlyenoughitems]/"
[20:47:22] [REI-ReloadPlugins/TRACE] [REI] [REIPlugin END] Reloading Section: "reloadable-plugin/FluidSupportProviderImpl/HideIngredientsFromTagsPlugin of HideIngredientsFromTagsPlugin [roughlyenoughitems]/" done in 12.00 μs
[20:47:22] [REI-ReloadPlugins/TRACE] [REI] [REIPlugin END] Reloading Section: "reloadable-plugin/FluidSupportProviderImpl/DefaultClientRuntimePlugin of DefaultClientRuntimePlugin [roughlyenoughitems]/"
[20:47:22] [REI-ReloadPlugins/TRACE] [REI] [REIPlugin END] Reloading Section: "reloadable-plugin/FluidSupportProviderImpl/DefaultClientRuntimePlugin of DefaultClientRuntimePlugin [roughlyenoughitems]/" done in 11.50 μs
[20:47:22] [REI-ReloadPlugins/TRACE] [REI] [REIPlugin END] Reloading Section: "reloadable-plugin/FluidSupportProviderImpl/DefaultRuntimePlugin of DefaultRuntimePlugin [roughlyenoughitems]/"
[20:47:22] [REI-ReloadPlugins/TRACE] [REI] [REIPlugin END] Reloading Section: "reloadable-plugin/FluidSupportProviderImpl/DefaultRuntimePlugin of DefaultRuntimePlugin [roughlyenoughitems]/" done in 10.30 μs
[20:47:22] [REI-ReloadPlugins/TRACE] [REI] [REIPlugin END] Reloading Section: "reloadable-plugin/FluidSupportProviderImpl/JEI Plugin [CreateAdditionJEI:createaddition:jei_plugin] of REI Plugin Compatibilities Adapter [rei_plugin_compatibilities, jei]/"
[20:47:22] [REI-ReloadPlugins/TRACE] [REI] [REIPlugin END] Reloading Section: "reloadable-plugin/FluidSupportProviderImpl/JEI Plugin [CreateAdditionJEI:createaddition:jei_plugin] of REI Plugin Compatibilities Adapter [rei_plugin_compatibilities, jei]/" done in 10.90 μs
[20:47:22] [REI-ReloadPlugins/TRACE] [REI] [REIPlugin END] Reloading Section: "reloadable-plugin/FluidSupportProviderImpl/JEI Plugin [PolyJEIPlugin:polylib:jei_plugin] of REI Plugin Compatibilities Adapter [rei_plugin_compatibilities, jei]/"
[20:47:22] [REI-ReloadPlugins/TRACE] [REI] [REIPlugin END] Reloading Section: "reloadable-plugin/FluidSupportProviderImpl/JEI Plugin [PolyJEIPlugin:polylib:jei_plugin] of REI Plugin Compatibilities Adapter [rei_plugin_compatibilities, jei]/" done in 10.50 μs
[20:47:22] [REI-ReloadPlugins/TRACE] [REI] [REIPlugin END] Reloading Section: "reloadable-plugin/FluidSupportProviderImpl/JEI Plugin [GTSEJEIPlugin:gregtech_steam_expansion:jei_plugin] of REI Plugin Compatibilities Adapter [rei_plugin_compatibilities, jei]/"
[20:47:22] [REI-ReloadPlugins/TRACE] [REI] [REIPlugin END] Reloading Section: "reloadable-plugin/FluidSupportProviderImpl/JEI Plugin [GTSEJEIPlugin:gregtech_steam_expansion:jei_plugin] of REI Plugin Compatibilities Adapter [rei_plugin_compatibilities, jei]/" done in 10.70 μs
[20:47:22] [REI-ReloadPlugins/TRACE] [REI] [REIPlugin END] Reloading Section: "reloadable-plugin/FluidSupportProviderImpl/JEI Plugin [GTJEIPlugin:gtceu:jei_plugin] of REI Plugin Compatibilities Adapter [rei_plugin_compatibilities, jei]/"
[20:47:22] [REI-ReloadPlugins/TRACE] [REI] [REIPlugin END] Reloading Section: "reloadable-plugin/FluidSupportProviderImpl/JEI Plugin [GTJEIPlugin:gtceu:jei_plugin] of REI Plugin Compatibilities Adapter [rei_plugin_compatibilities, jei]/" done in 13.40 μs
[20:47:22] [REI-ReloadPlugins/TRACE] [REI] [REIPlugin END] Reloading Section: "reloadable-plugin/FluidSupportProviderImpl/JEI Plugin [JEIIntegration:ftblibrary:jei] of REI Plugin Compatibilities Adapter [rei_plugin_compatibilities, jei]/"
[20:47:22] [REI-ReloadPlugins/TRACE] [REI] [REIPlugin END] Reloading Section: "reloadable-plugin/FluidSupportProviderImpl/JEI Plugin [JEIIntegration:ftblibrary:jei] of REI Plugin Compatibilities Adapter [rei_plugin_compatibilities, jei]/" done in 10.40 μs
[20:47:22] [REI-ReloadPlugins/TRACE] [REI] [REIPlugin END] Reloading Section: "reloadable-plugin/FluidSupportProviderImpl/JEI Plugin [JEIPlugin:kubejs:jei] of REI Plugin Compatibilities Adapter [rei_plugin_compatibilities, jei]/"
[20:47:22] [REI-ReloadPlugins/TRACE] [REI] [REIPlugin END] Reloading Section: "reloadable-plugin/FluidSupportProviderImpl/JEI Plugin [JEIPlugin:kubejs:jei] of REI Plugin Compatibilities Adapter [rei_plugin_compatibilities, jei]/" done in 10.50 μs
[20:47:22] [REI-ReloadPlugins/TRACE] [REI] [REIPlugin END] Reloading Section: "reloadable-plugin/FluidSupportProviderImpl/JEI Plugin [JEIIntegration:fluxnetworks:jei] of REI Plugin Compatibilities Adapter [rei_plugin_compatibilities, jei]/"
[20:47:22] [REI-ReloadPlugins/TRACE] [REI] [REIPlugin END] Reloading Section: "reloadable-plugin/FluidSupportProviderImpl/JEI Plugin [JEIIntegration:fluxnetworks:jei] of REI Plugin Compatibilities Adapter [rei_plugin_compatibilities, jei]/" done in 10.10 μs
[20:47:22] [REI-ReloadPlugins/TRACE] [REI] [REIPlugin END] Reloading Section: "reloadable-plugin/FluidSupportProviderImpl/JEI Plugin [CreateJEI:create:jei_plugin] of REI Plugin Compatibilities Adapter [rei_plugin_compatibilities, jei]/"
[20:47:22] [REI-ReloadPlugins/TRACE] [REI] [REIPlugin END] Reloading Section: "reloadable-plugin/FluidSupportProviderImpl/JEI Plugin [CreateJEI:create:jei_plugin] of REI Plugin Compatibilities Adapter [rei_plugin_compatibilities, jei]/" done in 10.40 μs
[20:47:22] [REI-ReloadPlugins/TRACE] [REI] [REIPlugin END] Reloading Section: "reloadable-plugin/FluidSupportProviderImpl/JEI Plugin [JEIPlugin:ae2:core] of REI Plugin Compatibilities Adapter [rei_plugin_compatibilities, jei]/"
[20:47:22] [REI-ReloadPlugins/TRACE] [REI] [REIPlugin END] Reloading Section: "reloadable-plugin/FluidSupportProviderImpl/JEI Plugin [JEIPlugin:ae2:core] of REI Plugin Compatibilities Adapter [rei_plugin_compatibilities, jei]/" done in 10.50 μs
[20:47:22] [REI-ReloadPlugins/TRACE] [REI] [REIPlugin END] Reloading Section: "reloadable-plugin/FluidSupportProviderImpl/JEI Plugin [JEICompat:jade:main] of REI Plugin Compatibilities Adapter [rei_plugin_compatibilities, jei]/"
[20:47:22] [REI-ReloadPlugins/TRACE] [REI] [REIPlugin END] Reloading Section: "reloadable-plugin/FluidSupportProviderImpl/JEI Plugin [JEICompat:jade:main] of REI Plugin Compatibilities Adapter [rei_plugin_compatibilities, jei]/" done in 10.40 μs
[20:47:22] [REI-ReloadPlugins/TRACE] [REI] [REIPlugin END] Reloading Section: "reloadable-plugin/FluidSupportProviderImpl/JEI Plugin [JEIPlugin:ldlib:jei_plugin] of REI Plugin Compatibilities Adapter [rei_plugin_compatibilities, jei]/"
[20:47:22] [REI-ReloadPlugins/TRACE] [REI] [REIPlugin END] Reloading Section: "reloadable-plugin/FluidSupportProviderImpl/JEI Plugin [JEIPlugin:ldlib:jei_plugin] of REI Plugin Compatibilities Adapter [rei_plugin_compatibilities, jei]/" done in 10.40 μs
[20:47:22] [REI-ReloadPlugins/TRACE] [REI] [REIPlugin END] Reloading Section: "reloadable-plugin/FluidSupportProviderImpl/JEI Plugin [BCJeiPlugin:bibliocraft:jei_plugin] of REI Plugin Compatibilities Adapter [rei_plugin_compatibilities, jei]/"
[20:47:22] [REI-ReloadPlugins/TRACE] [REI] [REIPlugin END] Reloading Section: "reloadable-plugin/FluidSupportProviderImpl/JEI Plugin [BCJeiPlugin:bibliocraft:jei_plugin] of REI Plugin Compatibilities Adapter [rei_plugin_compatibilities, jei]/" done in 11.50 μs
[20:47:22] [REI-ReloadPlugins/TRACE] [REI] [REIPlugin END] Reloading Section: "reloadable-plugin/FluidSupportProviderImpl/GTREIPlugin of GTREIPlugin [gtceu]/"
[20:47:22] [REI-ReloadPlugins/TRACE] [REI] [REIPlugin END] Reloading Section: "reloadable-plugin/FluidSupportProviderImpl/GTREIPlugin of GTREIPlugin [gtceu]/" done in 10.30 μs
[20:47:22] [REI-ReloadPlugins/TRACE] [REI] [REIPlugin END] Reloading Section: "reloadable-plugin/FluidSupportProviderImpl/FramedReiPlugin of FramedReiPlugin [framedblocks]/"
[20:47:22] [REI-ReloadPlugins/TRACE] [REI] [REIPlugin END] Reloading Section: "reloadable-plugin/FluidSupportProviderImpl/FramedReiPlugin of FramedReiPlugin [framedblocks]/" done in 10.20 μs
[20:47:22] [REI-ReloadPlugins/TRACE] [REI] [REIPlugin END] Reloading Section: "reloadable-plugin/FluidSupportProviderImpl/REIPluginImpl of REIPluginImpl [ldlib]/"
[20:47:22] [REI-ReloadPlugins/TRACE] [REI] [REIPlugin END] Reloading Section: "reloadable-plugin/FluidSupportProviderImpl/REIPluginImpl of REIPluginImpl [ldlib]/" done in 10.10 μs
[20:47:22] [REI-ReloadPlugins/TRACE] [REI] [REIPlugin END] Reloading Section: "reloadable-plugin/FluidSupportProviderImpl/REI Plugin Compatibilities Client Handler of REI Plugin Compatibilities Client Handler [rei_plugin_compatibilities, jei]/"
[20:47:22] [REI-ReloadPlugins/TRACE] [REI] [REIPlugin END] Reloading Section: "reloadable-plugin/FluidSupportProviderImpl/REI Plugin Compatibilities Client Handler of REI Plugin Compatibilities Client Handler [rei_plugin_compatibilities, jei]/" done in 10.10 μs
[20:47:22] [REI-ReloadPlugins/TRACE] [REI] [REIPlugin END] Reloading Section: "reloadable-plugin/FluidSupportProviderImpl/REIForgePluginStub of REIForgePluginStub [ftblibrary]/"
[20:47:22] [REI-ReloadPlugins/TRACE] [REI] [REIPlugin END] Reloading Section: "reloadable-plugin/FluidSupportProviderImpl/REIForgePluginStub of REIForgePluginStub [ftblibrary]/" done in 10.20 μs
[20:47:22] [REI-ReloadPlugins/TRACE] [REI] [REIPlugin END] Reloading Section: "reloadable-plugin/FluidSupportProviderImpl/AE2 of AE2 [ae2]/"
[20:47:22] [REI-ReloadPlugins/TRACE] [REI] [REIPlugin END] Reloading Section: "reloadable-plugin/FluidSupportProviderImpl/AE2 of AE2 [ae2]/" done in 10.10 μs
[20:47:22] [REI-ReloadPlugins/TRACE] [REI] [REIPlugin END] Reloading Section: "reloadable-plugin/FluidSupportProviderImpl/REIForgePluginStub of REIForgePluginStub [kubejs]/"
[20:47:22] [REI-ReloadPlugins/TRACE] [REI] [REIPlugin END] Reloading Section: "reloadable-plugin/FluidSupportProviderImpl/REIForgePluginStub of REIForgePluginStub [kubejs]/" done in 10.40 μs
[20:47:22] [REI-ReloadPlugins/TRACE] [REI] [REIPlugin END] Reloading Section: "reloadable-plugin/FluidSupportProviderImpl/" done in 711.2 μs
[20:47:22] [REI-ReloadPlugins/TRACE] [REI] [REIPlugin END] Reloading Section: "reloadable-plugin/me.shedaniel.rei.plugin.client.runtime.PluginStageExecutionWatcher$1/"
[20:47:22] [REI-ReloadPlugins/TRACE] [REI] [REIPlugin END] Reloading Section: "reloadable-plugin/me.shedaniel.rei.plugin.client.runtime.PluginStageExecutionWatcher$1/DefaultClientPluginImpl of DefaultClientPluginImpl [roughlyenoughitems]/"
[20:47:22] [REI-ReloadPlugins/TRACE] [REI] [REIPlugin END] Reloading Section: "reloadable-plugin/me.shedaniel.rei.plugin.client.runtime.PluginStageExecutionWatcher$1/DefaultClientPluginImpl of DefaultClientPluginImpl [roughlyenoughitems]/" done in 11.70 μs
[20:47:22] [REI-ReloadPlugins/TRACE] [REI] [REIPlugin END] Reloading Section: "reloadable-plugin/me.shedaniel.rei.plugin.client.runtime.PluginStageExecutionWatcher$1/DefaultPluginImpl of DefaultPluginImpl [roughlyenoughitems]/"
[20:47:22] [REI-ReloadPlugins/TRACE] [REI] [REIPlugin END] Reloading Section: "reloadable-plugin/me.shedaniel.rei.plugin.client.runtime.PluginStageExecutionWatcher$1/DefaultPluginImpl of DefaultPluginImpl [roughlyenoughitems]/" done in 10.40 μs
[20:47:22] [REI-ReloadPlugins/TRACE] [REI] [REIPlugin END] Reloading Section: "reloadable-plugin/me.shedaniel.rei.plugin.client.runtime.PluginStageExecutionWatcher$1/HideIngredientsFromTagsPlugin of HideIngredientsFromTagsPlugin [roughlyenoughitems]/"
[20:47:22] [REI-ReloadPlugins/TRACE] [REI] [REIPlugin END] Reloading Section: "reloadable-plugin/me.shedaniel.rei.plugin.client.runtime.PluginStageExecutionWatcher$1/HideIngredientsFromTagsPlugin of HideIngredientsFromTagsPlugin [roughlyenoughitems]/" done in 10.10 μs
[20:47:22] [REI-ReloadPlugins/TRACE] [REI] [REIPlugin END] Reloading Section: "reloadable-plugin/me.shedaniel.rei.plugin.client.runtime.PluginStageExecutionWatcher$1/DefaultClientRuntimePlugin of DefaultClientRuntimePlugin [roughlyenoughitems]/"
[20:47:22] [REI-ReloadPlugins/TRACE] [REI] [REIPlugin END] Reloading Section: "reloadable-plugin/me.shedaniel.rei.plugin.client.runtime.PluginStageExecutionWatcher$1/DefaultClientRuntimePlugin of DefaultClientRuntimePlugin [roughlyenoughitems]/" done in 10.20 μs
[20:47:22] [REI-ReloadPlugins/TRACE] [REI] [REIPlugin END] Reloading Section: "reloadable-plugin/me.shedaniel.rei.plugin.client.runtime.PluginStageExecutionWatcher$1/DefaultRuntimePlugin of DefaultRuntimePlugin [roughlyenoughitems]/"
[20:47:22] [REI-ReloadPlugins/TRACE] [REI] [REIPlugin END] Reloading Section: "reloadable-plugin/me.shedaniel.rei.plugin.client.runtime.PluginStageExecutionWatcher$1/DefaultRuntimePlugin of DefaultRuntimePlugin [roughlyenoughitems]/" done in 10.10 μs
[20:47:22] [REI-ReloadPlugins/TRACE] [REI] [REIPlugin END] Reloading Section: "reloadable-plugin/me.shedaniel.rei.plugin.client.runtime.PluginStageExecutionWatcher$1/JEI Plugin [CreateAdditionJEI:createaddition:jei_plugin] of REI Plugin Compatibilities Adapter [rei_plugin_compatibilities, jei]/"
[20:47:22] [REI-ReloadPlugins/TRACE] [REI] [REIPlugin END] Reloading Section: "reloadable-plugin/me.shedaniel.rei.plugin.client.runtime.PluginStageExecutionWatcher$1/JEI Plugin [CreateAdditionJEI:createaddition:jei_plugin] of REI Plugin Compatibilities Adapter [rei_plugin_compatibilities, jei]/" done in 10.90 μs
[20:47:22] [REI-ReloadPlugins/TRACE] [REI] [REIPlugin END] Reloading Section: "reloadable-plugin/me.shedaniel.rei.plugin.client.runtime.PluginStageExecutionWatcher$1/JEI Plugin [PolyJEIPlugin:polylib:jei_plugin] of REI Plugin Compatibilities Adapter [rei_plugin_compatibilities, jei]/"
[20:47:22] [REI-ReloadPlugins/TRACE] [REI] [REIPlugin END] Reloading Section: "reloadable-plugin/me.shedaniel.rei.plugin.client.runtime.PluginStageExecutionWatcher$1/JEI Plugin [PolyJEIPlugin:polylib:jei_plugin] of REI Plugin Compatibilities Adapter [rei_plugin_compatibilities, jei]/" done in 11.40 μs
[20:47:22] [REI-ReloadPlugins/TRACE] [REI] [REIPlugin END] Reloading Section: "reloadable-plugin/me.shedaniel.rei.plugin.client.runtime.PluginStageExecutionWatcher$1/JEI Plugin [GTSEJEIPlugin:gregtech_steam_expansion:jei_plugin] of REI Plugin Compatibilities Adapter [rei_plugin_compatibilities, jei]/"
[20:47:22] [REI-ReloadPlugins/TRACE] [REI] [REIPlugin END] Reloading Section: "reloadable-plugin/me.shedaniel.rei.plugin.client.runtime.PluginStageExecutionWatcher$1/JEI Plugin [GTSEJEIPlugin:gregtech_steam_expansion:jei_plugin] of REI Plugin Compatibilities Adapter [rei_plugin_compatibilities, jei]/" done in 12.00 μs
[20:47:22] [REI-ReloadPlugins/TRACE] [REI] [REIPlugin END] Reloading Section: "reloadable-plugin/me.shedaniel.rei.plugin.client.runtime.PluginStageExecutionWatcher$1/JEI Plugin [GTJEIPlugin:gtceu:jei_plugin] of REI Plugin Compatibilities Adapter [rei_plugin_compatibilities, jei]/"
[20:47:22] [REI-ReloadPlugins/TRACE] [REI] [REIPlugin END] Reloading Section: "reloadable-plugin/me.shedaniel.rei.plugin.client.runtime.PluginStageExecutionWatcher$1/JEI Plugin [GTJEIPlugin:gtceu:jei_plugin] of REI Plugin Compatibilities Adapter [rei_plugin_compatibilities, jei]/" done in 10.50 μs
[20:47:22] [REI-ReloadPlugins/TRACE] [REI] [REIPlugin END] Reloading Section: "reloadable-plugin/me.shedaniel.rei.plugin.client.runtime.PluginStageExecutionWatcher$1/JEI Plugin [JEIIntegration:ftblibrary:jei] of REI Plugin Compatibilities Adapter [rei_plugin_compatibilities, jei]/"
[20:47:22] [REI-ReloadPlugins/TRACE] [REI] [REIPlugin END] Reloading Section: "reloadable-plugin/me.shedaniel.rei.plugin.client.runtime.PluginStageExecutionWatcher$1/JEI Plugin [JEIIntegration:ftblibrary:jei] of REI Plugin Compatibilities Adapter [rei_plugin_compatibilities, jei]/" done in 11.70 μs
[20:47:22] [REI-ReloadPlugins/TRACE] [REI] [REIPlugin END] Reloading Section: "reloadable-plugin/me.shedaniel.rei.plugin.client.runtime.PluginStageExecutionWatcher$1/JEI Plugin [JEIPlugin:kubejs:jei] of REI Plugin Compatibilities Adapter [rei_plugin_compatibilities, jei]/"
[20:47:22] [REI-ReloadPlugins/TRACE] [REI] [REIPlugin END] Reloading Section: "reloadable-plugin/me.shedaniel.rei.plugin.client.runtime.PluginStageExecutionWatcher$1/JEI Plugin [JEIPlugin:kubejs:jei] of REI Plugin Compatibilities Adapter [rei_plugin_compatibilities, jei]/" done in 10.60 μs
[20:47:22] [REI-ReloadPlugins/TRACE] [REI] [REIPlugin END] Reloading Section: "reloadable-plugin/me.shedaniel.rei.plugin.client.runtime.PluginStageExecutionWatcher$1/JEI Plugin [JEIIntegration:fluxnetworks:jei] of REI Plugin Compatibilities Adapter [rei_plugin_compatibilities, jei]/"
[20:47:22] [REI-ReloadPlugins/TRACE] [REI] [REIPlugin END] Reloading Section: "reloadable-plugin/me.shedaniel.rei.plugin.client.runtime.PluginStageExecutionWatcher$1/JEI Plugin [JEIIntegration:fluxnetworks:jei] of REI Plugin Compatibilities Adapter [rei_plugin_compatibilities, jei]/" done in 10.80 μs
[20:47:22] [REI-ReloadPlugins/TRACE] [REI] [REIPlugin END] Reloading Section: "reloadable-plugin/me.shedaniel.rei.plugin.client.runtime.PluginStageExecutionWatcher$1/JEI Plugin [CreateJEI:create:jei_plugin] of REI Plugin Compatibilities Adapter [rei_plugin_compatibilities, jei]/"
[20:47:22] [REI-ReloadPlugins/TRACE] [REI] [REIPlugin END] Reloading Section: "reloadable-plugin/me.shedaniel.rei.plugin.client.runtime.PluginStageExecutionWatcher$1/JEI Plugin [CreateJEI:create:jei_plugin] of REI Plugin Compatibilities Adapter [rei_plugin_compatibilities, jei]/" done in 11.20 μs
[20:47:22] [REI-ReloadPlugins/TRACE] [REI] [REIPlugin END] Reloading Section: "reloadable-plugin/me.shedaniel.rei.plugin.client.runtime.PluginStageExecutionWatcher$1/JEI Plugin [JEIPlugin:ae2:core] of REI Plugin Compatibilities Adapter [rei_plugin_compatibilities, jei]/"
[20:47:22] [REI-ReloadPlugins/TRACE] [REI] [REIPlugin END] Reloading Section: "reloadable-plugin/me.shedaniel.rei.plugin.client.runtime.PluginStageExecutionWatcher$1/JEI Plugin [JEIPlugin:ae2:core] of REI Plugin Compatibilities Adapter [rei_plugin_compatibilities, jei]/" done in 10.30 μs
[20:47:22] [REI-ReloadPlugins/TRACE] [REI] [REIPlugin END] Reloading Section: "reloadable-plugin/me.shedaniel.rei.plugin.client.runtime.PluginStageExecutionWatcher$1/JEI Plugin [JEICompat:jade:main] of REI Plugin Compatibilities Adapter [rei_plugin_compatibilities, jei]/"
[20:47:22] [REI-ReloadPlugins/TRACE] [REI] [REIPlugin END] Reloading Section: "reloadable-plugin/me.shedaniel.rei.plugin.client.runtime.PluginStageExecutionWatcher$1/JEI Plugin [JEICompat:jade:main] of REI Plugin Compatibilities Adapter [rei_plugin_compatibilities, jei]/" done in 10.40 μs
[20:47:22] [REI-ReloadPlugins/TRACE] [REI] [REIPlugin END] Reloading Section: "reloadable-plugin/me.shedaniel.rei.plugin.client.runtime.PluginStageExecutionWatcher$1/JEI Plugin [JEIPlugin:ldlib:jei_plugin] of REI Plugin Compatibilities Adapter [rei_plugin_compatibilities, jei]/"
[20:47:22] [REI-ReloadPlugins/TRACE] [REI] [REIPlugin END] Reloading Section: "reloadable-plugin/me.shedaniel.rei.plugin.client.runtime.PluginStageExecutionWatcher$1/JEI Plugin [JEIPlugin:ldlib:jei_plugin] of REI Plugin Compatibilities Adapter [rei_plugin_compatibilities, jei]/" done in 10.20 μs
[20:47:22] [REI-ReloadPlugins/TRACE] [REI] [REIPlugin END] Reloading Section: "reloadable-plugin/me.shedaniel.rei.plugin.client.runtime.PluginStageExecutionWatcher$1/JEI Plugin [BCJeiPlugin:bibliocraft:jei_plugin] of REI Plugin Compatibilities Adapter [rei_plugin_compatibilities, jei]/"
[20:47:22] [REI-ReloadPlugins/TRACE] [REI] [REIPlugin END] Reloading Section: "reloadable-plugin/me.shedaniel.rei.plugin.client.runtime.PluginStageExecutionWatcher$1/JEI Plugin [BCJeiPlugin:bibliocraft:jei_plugin] of REI Plugin Compatibilities Adapter [rei_plugin_compatibilities, jei]/" done in 11.80 μs
[20:47:22] [REI-ReloadPlugins/TRACE] [REI] [REIPlugin END] Reloading Section: "reloadable-plugin/me.shedaniel.rei.plugin.client.runtime.PluginStageExecutionWatcher$1/GTREIPlugin of GTREIPlugin [gtceu]/"
[20:47:22] [REI-ReloadPlugins/TRACE] [REI] [REIPlugin END] Reloading Section: "reloadable-plugin/me.shedaniel.rei.plugin.client.runtime.PluginStageExecutionWatcher$1/GTREIPlugin of GTREIPlugin [gtceu]/" done in 10.40 μs
[20:47:22] [REI-ReloadPlugins/TRACE] [REI] [REIPlugin END] Reloading Section: "reloadable-plugin/me.shedaniel.rei.plugin.client.runtime.PluginStageExecutionWatcher$1/FramedReiPlugin of FramedReiPlugin [framedblocks]/"
[20:47:22] [REI-ReloadPlugins/TRACE] [REI] [REIPlugin END] Reloading Section: "reloadable-plugin/me.shedaniel.rei.plugin.client.runtime.PluginStageExecutionWatcher$1/FramedReiPlugin of FramedReiPlugin [framedblocks]/" done in 10.40 μs
[20:47:22] [REI-ReloadPlugins/TRACE] [REI] [REIPlugin END] Reloading Section: "reloadable-plugin/me.shedaniel.rei.plugin.client.runtime.PluginStageExecutionWatcher$1/REIPluginImpl of REIPluginImpl [ldlib]/"
[20:47:22] [REI-ReloadPlugins/TRACE] [REI] [REIPlugin END] Reloading Section: "reloadable-plugin/me.shedaniel.rei.plugin.client.runtime.PluginStageExecutionWatcher$1/REIPluginImpl of REIPluginImpl [ldlib]/" done in 16.80 μs
[20:47:22] [REI-ReloadPlugins/TRACE] [REI] [REIPlugin END] Reloading Section: "reloadable-plugin/me.shedaniel.rei.plugin.client.runtime.PluginStageExecutionWatcher$1/REI Plugin Compatibilities Client Handler of REI Plugin Compatibilities Client Handler [rei_plugin_compatibilities, jei]/"
[20:47:22] [REI-ReloadPlugins/TRACE] [REI] [REIPlugin END] Reloading Section: "reloadable-plugin/me.shedaniel.rei.plugin.client.runtime.PluginStageExecutionWatcher$1/REI Plugin Compatibilities Client Handler of REI Plugin Compatibilities Client Handler [rei_plugin_compatibilities, jei]/" done in 10.50 μs
[20:47:22] [REI-ReloadPlugins/TRACE] [REI] [REIPlugin END] Reloading Section: "reloadable-plugin/me.shedaniel.rei.plugin.client.runtime.PluginStageExecutionWatcher$1/REIForgePluginStub of REIForgePluginStub [ftblibrary]/"
[20:47:22] [REI-ReloadPlugins/TRACE] [REI] [REIPlugin END] Reloading Section: "reloadable-plugin/me.shedaniel.rei.plugin.client.runtime.PluginStageExecutionWatcher$1/REIForgePluginStub of REIForgePluginStub [ftblibrary]/" done in 10.30 μs
[20:47:22] [REI-ReloadPlugins/TRACE] [REI] [REIPlugin END] Reloading Section: "reloadable-plugin/me.shedaniel.rei.plugin.client.runtime.PluginStageExecutionWatcher$1/AE2 of AE2 [ae2]/"
[20:47:22] [REI-ReloadPlugins/TRACE] [REI] [REIPlugin END] Reloading Section: "reloadable-plugin/me.shedaniel.rei.plugin.client.runtime.PluginStageExecutionWatcher$1/AE2 of AE2 [ae2]/" done in 10.20 μs
[20:47:22] [REI-ReloadPlugins/TRACE] [REI] [REIPlugin END] Reloading Section: "reloadable-plugin/me.shedaniel.rei.plugin.client.runtime.PluginStageExecutionWatcher$1/REIForgePluginStub of REIForgePluginStub [kubejs]/"
[20:47:22] [REI-ReloadPlugins/TRACE] [REI] [REIPlugin END] Reloading Section: "reloadable-plugin/me.shedaniel.rei.plugin.client.runtime.PluginStageExecutionWatcher$1/REIForgePluginStub of REIForgePluginStub [kubejs]/" done in 12.10 μs
[20:47:22] [REI-ReloadPlugins/TRACE] [REI] [REIPlugin END] Reloading Section: "reloadable-plugin/me.shedaniel.rei.plugin.client.runtime.PluginStageExecutionWatcher$1/" done in 658.6 μs
[20:47:22] [REI-ReloadPlugins/DEBUG] [REI] ========================================
[20:47:22] [REI-ReloadPlugins/DEBUG] [REI] REIPlugin ending main-reload for END.
[20:47:22] [REI-ReloadPlugins/DEBUG] [REI] ========================================
[20:47:22] [REI-ReloadPlugins/TRACE] [REI] [REIPlugin END] Reloading Section: "end-reload/"
[20:47:22] [REI-ReloadPlugins/TRACE] [REI] [REIPlugin END] Reloading Section: "end-reload/EntryTypeRegistryImpl/"
[20:47:22] [REI-ReloadPlugins/TRACE] [REI] [REIPlugin END] Reloading Section: "end-reload/EntryTypeRegistryImpl/" done in 13.30 μs
[20:47:22] [REI-ReloadPlugins/TRACE] [REI] [REIPlugin END] Reloading Section: "end-reload/EntrySettingsAdapterRegistryImpl/"
[20:47:22] [REI-ReloadPlugins/TRACE] [REI] [REIPlugin END] Reloading Section: "end-reload/EntrySettingsAdapterRegistryImpl/" done in 33.50 μs
[20:47:22] [REI-ReloadPlugins/TRACE] [REI] [REIPlugin END] Reloading Section: "end-reload/RecipeManagerContextImpl/"
[20:47:22] [REI-ReloadPlugins/TRACE] [REI] [REIPlugin END] Reloading Section: "end-reload/RecipeManagerContextImpl/" done in 10.60 μs
[20:47:22] [REI-ReloadPlugins/TRACE] [REI] [REIPlugin END] Reloading Section: "end-reload/ItemComparatorRegistryImpl/"
[20:47:22] [REI-ReloadPlugins/TRACE] [REI] [REIPlugin END] Reloading Section: "end-reload/ItemComparatorRegistryImpl/" done in 11.10 μs
[20:47:22] [REI-ReloadPlugins/TRACE] [REI] [REIPlugin END] Reloading Section: "end-reload/FluidComparatorRegistryImpl/"
[20:47:22] [REI-ReloadPlugins/TRACE] [REI] [REIPlugin END] Reloading Section: "end-reload/FluidComparatorRegistryImpl/" done in 9.900 μs
[20:47:22] [REI-ReloadPlugins/TRACE] [REI] [REIPlugin END] Reloading Section: "end-reload/DisplaySerializerRegistryImpl/"
[20:47:22] [REI-ReloadPlugins/TRACE] [REI] [REIPlugin END] Reloading Section: "end-reload/DisplaySerializerRegistryImpl/" done in 10.10 μs
[20:47:22] [REI-ReloadPlugins/TRACE] [REI] [REIPlugin END] Reloading Section: "end-reload/FluidSupportProviderImpl/"
[20:47:22] [REI-ReloadPlugins/TRACE] [REI] [REIPlugin END] Reloading Section: "end-reload/FluidSupportProviderImpl/" done in 10.20 μs
[20:47:22] [REI-ReloadPlugins/TRACE] [REI] [REIPlugin END] Reloading Section: "end-reload/me.shedaniel.rei.plugin.client.runtime.PluginStageExecutionWatcher$1/"
[20:47:22] [REI-ReloadPlugins/TRACE] [REI] [REIPlugin END] Reloading Section: "end-reload/me.shedaniel.rei.plugin.client.runtime.PluginStageExecutionWatcher$1/" done in 10.20 μs
[20:47:22] [REI-ReloadPlugins/TRACE] [REI] [REIPlugin END] Reloading Section: "end-reload/" done in 239.4 μs
[20:47:22] [REI-ReloadPlugins/DEBUG] [REI] ========================================
[20:47:22] [REI-ReloadPlugins/DEBUG] [REI] REIPlugin ended main-reload for END in 68.53 ms.
[20:47:22] [REI-ReloadPlugins/DEBUG] [REI] ========================================
[20:47:22] [REI-ReloadPlugins/INFO] [REI] ========================================
[20:47:22] [REI-ReloadPlugins/INFO] [REI] REIClientPlugin starting main-reload for END.
[20:47:22] [REI-ReloadPlugins/DEBUG] [REI] Reloadables (18):
[20:47:22] [REI-ReloadPlugins/DEBUG] [REI]  - EntryRendererRegistryImpl
[20:47:22] [REI-ReloadPlugins/DEBUG] [REI]  - ViewsImpl
[20:47:22] [REI-ReloadPlugins/DEBUG] [REI]  - InputMethodRegistryImpl
[20:47:22] [REI-ReloadPlugins/DEBUG] [REI]  - SearchProviderImpl
[20:47:22] [REI-ReloadPlugins/DEBUG] [REI]  - ConfigManagerImpl
[20:47:22] [REI-ReloadPlugins/DEBUG] [REI]  - EntryRegistryImpl
[20:47:22] [REI-ReloadPlugins/DEBUG] [REI]  - CollapsibleEntryRegistryImpl
[20:47:22] [REI-ReloadPlugins/DEBUG] [REI]  - BasicFilteringRuleImpl
[20:47:22] [REI-ReloadPlugins/DEBUG] [REI]  - CategoryRegistryImpl
[20:47:22] [REI-ReloadPlugins/DEBUG] [REI]  - DisplayRegistryImpl
[20:47:22] [REI-ReloadPlugins/DEBUG] [REI]  - ScreenRegistryImpl
[20:47:22] [REI-ReloadPlugins/DEBUG] [REI]  - FavoriteEntryTypeRegistryImpl
[20:47:22] [REI-ReloadPlugins/DEBUG] [REI]  - SubsetsRegistryImpl
[20:47:22] [REI-ReloadPlugins/DEBUG] [REI]  - TransferHandlerRegistryImpl
[20:47:22] [REI-ReloadPlugins/DEBUG] [REI]  - SearchRuntime
[20:47:22] [REI-ReloadPlugins/DEBUG] [REI]  - REIRuntimeImpl
[20:47:22] [REI-ReloadPlugins/DEBUG] [REI]  - ConfigAddonRegistryImpl
[20:47:22] [REI-ReloadPlugins/DEBUG] [REI]  - me.shedaniel.rei.plugin.client.runtime.PluginStageExecutionWatcher$1
[20:47:22] [REI-ReloadPlugins/INFO] [REI] Plugins (22):
[20:47:22] [REI-ReloadPlugins/INFO] [REI]  - (-100.00) DefaultClientPluginImpl of DefaultClientPluginImpl [roughlyenoughitems]
[20:47:22] [REI-ReloadPlugins/INFO] [REI]  - (0.00) JEI Plugin [CreateAdditionJEI:createaddition:jei_plugin] of REI Plugin Compatibilities Adapter [rei_plugin_compatibilities, jei]
[20:47:22] [REI-ReloadPlugins/INFO] [REI]  - (0.00) JEI Plugin [PolyJEIPlugin:polylib:jei_plugin] of REI Plugin Compatibilities Adapter [rei_plugin_compatibilities, jei]
[20:47:22] [REI-ReloadPlugins/INFO] [REI]  - (0.00) JEI Plugin [GTSEJEIPlugin:gregtech_steam_expansion:jei_plugin] of REI Plugin Compatibilities Adapter [rei_plugin_compatibilities, jei]
[20:47:22] [REI-ReloadPlugins/INFO] [REI]  - (0.00) JEI Plugin [GTJEIPlugin:gtceu:jei_plugin] of REI Plugin Compatibilities Adapter [rei_plugin_compatibilities, jei]
[20:47:22] [REI-ReloadPlugins/INFO] [REI]  - (0.00) JEI Plugin [JEIIntegration:ftblibrary:jei] of REI Plugin Compatibilities Adapter [rei_plugin_compatibilities, jei]
[20:47:22] [REI-ReloadPlugins/INFO] [REI]  - (0.00) JEI Plugin [JEIPlugin:kubejs:jei] of REI Plugin Compatibilities Adapter [rei_plugin_compatibilities, jei]
[20:47:22] [REI-ReloadPlugins/INFO] [REI]  - (0.00) JEI Plugin [JEIIntegration:fluxnetworks:jei] of REI Plugin Compatibilities Adapter [rei_plugin_compatibilities, jei]
[20:47:22] [REI-ReloadPlugins/INFO] [REI]  - (0.00) JEI Plugin [CreateJEI:create:jei_plugin] of REI Plugin Compatibilities Adapter [rei_plugin_compatibilities, jei]
[20:47:22] [REI-ReloadPlugins/INFO] [REI]  - (0.00) JEI Plugin [JEIPlugin:ae2:core] of REI Plugin Compatibilities Adapter [rei_plugin_compatibilities, jei]
[20:47:22] [REI-ReloadPlugins/INFO] [REI]  - (0.00) JEI Plugin [JEICompat:jade:main] of REI Plugin Compatibilities Adapter [rei_plugin_compatibilities, jei]
[20:47:22] [REI-ReloadPlugins/INFO] [REI]  - (0.00) JEI Plugin [JEIPlugin:ldlib:jei_plugin] of REI Plugin Compatibilities Adapter [rei_plugin_compatibilities, jei]
[20:47:22] [REI-ReloadPlugins/INFO] [REI]  - (0.00) JEI Plugin [BCJeiPlugin:bibliocraft:jei_plugin] of REI Plugin Compatibilities Adapter [rei_plugin_compatibilities, jei]
[20:47:22] [REI-ReloadPlugins/INFO] [REI]  - (0.00) GTREIPlugin of GTREIPlugin [gtceu]
[20:47:22] [REI-ReloadPlugins/INFO] [REI]  - (0.00) FramedReiPlugin of FramedReiPlugin [framedblocks]
[20:47:22] [REI-ReloadPlugins/INFO] [REI]  - (0.00) REIPluginImpl of REIPluginImpl [ldlib]
[20:47:22] [REI-ReloadPlugins/INFO] [REI]  - (0.00) REI Plugin Compatibilities Client Handler of REI Plugin Compatibilities Client Handler [rei_plugin_compatibilities, jei]
[20:47:22] [REI-ReloadPlugins/INFO] [REI]  - (0.00) REIForgePluginStub of REIForgePluginStub [ftblibrary]
[20:47:22] [REI-ReloadPlugins/INFO] [REI]  - (0.00) AE2 of AE2 [ae2]
[20:47:22] [REI-ReloadPlugins/INFO] [REI]  - (0.00) HideIngredientsFromTagsPlugin of HideIngredientsFromTagsPlugin [roughlyenoughitems]
[20:47:22] [REI-ReloadPlugins/INFO] [REI]  - (0.00) DefaultClientRuntimePlugin of DefaultClientRuntimePlugin [roughlyenoughitems]
[20:47:22] [REI-ReloadPlugins/INFO] [REI]  - (10000000.00) REIForgePluginStub of REIForgePluginStub [kubejs]
[20:47:22] [REI-ReloadPlugins/INFO] [REI] ========================================
[20:47:22] [REI-ReloadPlugins/TRACE] [REI] [REIClientPlugin END] Reloading Section: "start-reload/"
[20:47:22] [REI-ReloadPlugins/TRACE] [REI] [REIClientPlugin END] Reloading Section: "start-reload/EntryRendererRegistryImpl/"
[20:47:22] [REI-ReloadPlugins/TRACE] [REI] [REIClientPlugin END] Reloading Section: "start-reload/EntryRendererRegistryImpl/" done in 35.20 μs
[20:47:22] [REI-ReloadPlugins/TRACE] [REI] [REIClientPlugin END] Reloading Section: "start-reload/ViewsImpl/"
[20:47:22] [REI-ReloadPlugins/TRACE] [REI] [REIClientPlugin END] Reloading Section: "start-reload/ViewsImpl/" done in 13.40 μs
[20:47:22] [REI-ReloadPlugins/TRACE] [REI] [REIClientPlugin END] Reloading Section: "start-reload/InputMethodRegistryImpl/"
[20:47:22] [REI-ReloadPlugins/TRACE] [REI] [REIClientPlugin END] Reloading Section: "start-reload/InputMethodRegistryImpl/" done in 21.90 μs
[20:47:22] [REI-ReloadPlugins/TRACE] [REI] [REIClientPlugin END] Reloading Section: "start-reload/SearchProviderImpl/"
[20:47:22] [REI-ReloadPlugins/TRACE] [REI] [REIClientPlugin END] Reloading Section: "start-reload/SearchProviderImpl/" done in 15.90 μs
[20:47:22] [REI-ReloadPlugins/TRACE] [REI] [REIClientPlugin END] Reloading Section: "start-reload/ConfigManagerImpl/"
[20:47:22] [REI-ReloadPlugins/TRACE] [REI] [REIClientPlugin END] Reloading Section: "start-reload/ConfigManagerImpl/" done in 10.50 μs
[20:47:22] [REI-ReloadPlugins/TRACE] [REI] [REIClientPlugin END] Reloading Section: "start-reload/EntryRegistryImpl/"
[20:47:22] [REI-ReloadPlugins/TRACE] [REI] [REIClientPlugin END] Reloading Section: "start-reload/EntryRegistryImpl/" done in 11.30 μs
[20:47:22] [REI-ReloadPlugins/TRACE] [REI] [REIClientPlugin END] Reloading Section: "start-reload/CollapsibleEntryRegistryImpl/"
[20:47:22] [REI-ReloadPlugins/TRACE] [REI] [REIClientPlugin END] Reloading Section: "start-reload/CollapsibleEntryRegistryImpl/" done in 13.20 μs
[20:47:22] [REI-ReloadPlugins/TRACE] [REI] [REIClientPlugin END] Reloading Section: "start-reload/BasicFilteringRuleImpl/"
[20:47:22] [REI-ReloadPlugins/TRACE] [REI] [REIClientPlugin END] Reloading Section: "start-reload/BasicFilteringRuleImpl/" done in 10.70 μs
[20:47:22] [REI-ReloadPlugins/TRACE] [REI] [REIClientPlugin END] Reloading Section: "start-reload/CategoryRegistryImpl/"
[20:47:22] [REI-ReloadPlugins/DEBUG] [REI] Added category visibility predicate: me.shedaniel.rei.impl.client.registry.category.CategoryRegistryImpl$$Lambda$31213/0x0000026255e178f0@7c6326d4 [0.00 priority]
[20:47:22] [REI-ReloadPlugins/TRACE] [REI] [REIClientPlugin END] Reloading Section: "start-reload/CategoryRegistryImpl/" done in 952.8 μs
[20:47:22] [REI-ReloadPlugins/TRACE] [REI] [REIClientPlugin END] Reloading Section: "start-reload/DisplayRegistryImpl/"
[20:47:22] [REI-ReloadPlugins/TRACE] [REI] [REIClientPlugin END] Reloading Section: "start-reload/DisplayRegistryImpl/" done in 125.0 μs
[20:47:22] [REI-ReloadPlugins/TRACE] [REI] [REIClientPlugin END] Reloading Section: "start-reload/ScreenRegistryImpl/"
[20:47:22] [REI-ReloadPlugins/TRACE] [REI] [REIClientPlugin END] Reloading Section: "start-reload/ScreenRegistryImpl/" done in 34.40 μs
[20:47:22] [REI-ReloadPlugins/TRACE] [REI] [REIClientPlugin END] Reloading Section: "start-reload/FavoriteEntryTypeRegistryImpl/"
[20:47:22] [REI-ReloadPlugins/TRACE] [REI] [REIClientPlugin END] Reloading Section: "start-reload/FavoriteEntryTypeRegistryImpl/" done in 30.30 μs
[20:47:22] [REI-ReloadPlugins/TRACE] [REI] [REIClientPlugin END] Reloading Section: "start-reload/SubsetsRegistryImpl/"
[20:47:22] [REI-ReloadPlugins/TRACE] [REI] [REIClientPlugin END] Reloading Section: "start-reload/SubsetsRegistryImpl/" done in 29.10 μs
[20:47:22] [REI-ReloadPlugins/TRACE] [REI] [REIClientPlugin END] Reloading Section: "start-reload/TransferHandlerRegistryImpl/"
[20:47:22] [REI-ReloadPlugins/TRACE] [REI] [REIClientPlugin END] Reloading Section: "start-reload/TransferHandlerRegistryImpl/" done in 38.40 μs
[20:47:22] [REI-ReloadPlugins/TRACE] [REI] [REIClientPlugin END] Reloading Section: "start-reload/SearchRuntime/"
[20:47:22] [REI-ReloadPlugins/DEBUG] [REI] Preparing collapsed entry groups cache with 0 entries and 20294 stacks
[20:47:22] [REI-ReloadPlugins/DEBUG] [REI] Prepared collapsed entry groups cache with 0 entries and 20294 stacks
[20:47:22] [REI-ReloadPlugins/TRACE] [REI] [REIClientPlugin END] Reloading Section: "start-reload/SearchRuntime/" done in 1.415 ms
[20:47:22] [REI-ReloadPlugins/TRACE] [REI] [REIClientPlugin END] Reloading Section: "start-reload/REIRuntimeImpl/"
[20:47:22] [REI-ReloadPlugins/TRACE] [REI] [REIClientPlugin END] Reloading Section: "start-reload/REIRuntimeImpl/" done in 20.80 μs
[20:47:22] [REI-ReloadPlugins/TRACE] [REI] [REIClientPlugin END] Reloading Section: "start-reload/ConfigAddonRegistryImpl/"
[20:47:22] [REI-ReloadPlugins/TRACE] [REI] [REIClientPlugin END] Reloading Section: "start-reload/ConfigAddonRegistryImpl/" done in 20.90 μs
[20:47:22] [REI-ReloadPlugins/TRACE] [REI] [REIClientPlugin END] Reloading Section: "start-reload/me.shedaniel.rei.plugin.client.runtime.PluginStageExecutionWatcher$1/"
[20:47:22] [REI-ReloadPlugins/TRACE] [REI] [REIClientPlugin END] Reloading Section: "start-reload/me.shedaniel.rei.plugin.client.runtime.PluginStageExecutionWatcher$1/" done in 17.00 μs
[20:47:22] [REI-ReloadPlugins/TRACE] [REI] [REIClientPlugin END] Reloading Section: "start-reload/" done in 3.486 ms
[20:47:22] [REI-ReloadPlugins/DEBUG] [REI] ========================================
[20:47:22] [REI-ReloadPlugins/DEBUG] [REI] REIClientPlugin started main-reload for END.
[20:47:22] [REI-ReloadPlugins/DEBUG] [REI] ========================================
[20:47:22] [REI-ReloadPlugins/TRACE] [REI] [REIClientPlugin END] Reloading Section: "reloadable-plugin/EntryRendererRegistryImpl/"
[20:47:22] [REI-ReloadPlugins/TRACE] [REI] [REIClientPlugin END] Reloading Section: "reloadable-plugin/EntryRendererRegistryImpl/DefaultClientPluginImpl of DefaultClientPluginImpl [roughlyenoughitems]/"
[20:47:22] [REI-ReloadPlugins/TRACE] [REI] [REIClientPlugin END] Reloading Section: "reloadable-plugin/EntryRendererRegistryImpl/DefaultClientPluginImpl of DefaultClientPluginImpl [roughlyenoughitems]/" done in 27.60 μs
[20:47:22] [REI-ReloadPlugins/TRACE] [REI] [REIClientPlugin END] Reloading Section: "reloadable-plugin/EntryRendererRegistryImpl/JEI Plugin [CreateAdditionJEI:createaddition:jei_plugin] of REI Plugin Compatibilities Adapter [rei_plugin_compatibilities, jei]/"
[20:47:22] [REI-ReloadPlugins/TRACE] [REI] [REIClientPlugin END] Reloading Section: "reloadable-plugin/EntryRendererRegistryImpl/JEI Plugin [CreateAdditionJEI:createaddition:jei_plugin] of REI Plugin Compatibilities Adapter [rei_plugin_compatibilities, jei]/" done in 14.10 μs
[20:47:22] [REI-ReloadPlugins/TRACE] [REI] [REIClientPlugin END] Reloading Section: "reloadable-plugin/EntryRendererRegistryImpl/JEI Plugin [PolyJEIPlugin:polylib:jei_plugin] of REI Plugin Compatibilities Adapter [rei_plugin_compatibilities, jei]/"
[20:47:22] [REI-ReloadPlugins/TRACE] [REI] [REIClientPlugin END] Reloading Section: "reloadable-plugin/EntryRendererRegistryImpl/JEI Plugin [PolyJEIPlugin:polylib:jei_plugin] of REI Plugin Compatibilities Adapter [rei_plugin_compatibilities, jei]/" done in 12.10 μs
[20:47:22] [REI-ReloadPlugins/TRACE] [REI] [REIClientPlugin END] Reloading Section: "reloadable-plugin/EntryRendererRegistryImpl/JEI Plugin [GTSEJEIPlugin:gregtech_steam_expansion:jei_plugin] of REI Plugin Compatibilities Adapter [rei_plugin_compatibilities, jei]/"
[20:47:22] [REI-ReloadPlugins/TRACE] [REI] [REIClientPlugin END] Reloading Section: "reloadable-plugin/EntryRendererRegistryImpl/JEI Plugin [GTSEJEIPlugin:gregtech_steam_expansion:jei_plugin] of REI Plugin Compatibilities Adapter [rei_plugin_compatibilities, jei]/" done in 11.40 μs
[20:47:22] [REI-ReloadPlugins/TRACE] [REI] [REIClientPlugin END] Reloading Section: "reloadable-plugin/EntryRendererRegistryImpl/JEI Plugin [GTJEIPlugin:gtceu:jei_plugin] of REI Plugin Compatibilities Adapter [rei_plugin_compatibilities, jei]/"
[20:47:22] [REI-ReloadPlugins/TRACE] [REI] [REIClientPlugin END] Reloading Section: "reloadable-plugin/EntryRendererRegistryImpl/JEI Plugin [GTJEIPlugin:gtceu:jei_plugin] of REI Plugin Compatibilities Adapter [rei_plugin_compatibilities, jei]/" done in 13.30 μs
[20:47:22] [REI-ReloadPlugins/TRACE] [REI] [REIClientPlugin END] Reloading Section: "reloadable-plugin/EntryRendererRegistryImpl/JEI Plugin [JEIIntegration:ftblibrary:jei] of REI Plugin Compatibilities Adapter [rei_plugin_compatibilities, jei]/"
[20:47:22] [REI-ReloadPlugins/TRACE] [REI] [REIClientPlugin END] Reloading Section: "reloadable-plugin/EntryRendererRegistryImpl/JEI Plugin [JEIIntegration:ftblibrary:jei] of REI Plugin Compatibilities Adapter [rei_plugin_compatibilities, jei]/" done in 25.60 μs
[20:47:22] [REI-ReloadPlugins/TRACE] [REI] [REIClientPlugin END] Reloading Section: "reloadable-plugin/EntryRendererRegistryImpl/JEI Plugin [JEIPlugin:kubejs:jei] of REI Plugin Compatibilities Adapter [rei_plugin_compatibilities, jei]/"
[20:47:22] [REI-ReloadPlugins/TRACE] [REI] [REIClientPlugin END] Reloading Section: "reloadable-plugin/EntryRendererRegistryImpl/JEI Plugin [JEIPlugin:kubejs:jei] of REI Plugin Compatibilities Adapter [rei_plugin_compatibilities, jei]/" done in 14.40 μs
[20:47:22] [REI-ReloadPlugins/TRACE] [REI] [REIClientPlugin END] Reloading Section: "reloadable-plugin/EntryRendererRegistryImpl/JEI Plugin [JEIIntegration:fluxnetworks:jei] of REI Plugin Compatibilities Adapter [rei_plugin_compatibilities, jei]/"
[20:47:22] [REI-ReloadPlugins/TRACE] [REI] [REIClientPlugin END] Reloading Section: "reloadable-plugin/EntryRendererRegistryImpl/JEI Plugin [JEIIntegration:fluxnetworks:jei] of REI Plugin Compatibilities Adapter [rei_plugin_compatibilities, jei]/" done in 10.90 μs
[20:47:22] [REI-ReloadPlugins/TRACE] [REI] [REIClientPlugin END] Reloading Section: "reloadable-plugin/EntryRendererRegistryImpl/JEI Plugin [CreateJEI:create:jei_plugin] of REI Plugin Compatibilities Adapter [rei_plugin_compatibilities, jei]/"
[20:47:22] [REI-ReloadPlugins/TRACE] [REI] [REIClientPlugin END] Reloading Section: "reloadable-plugin/EntryRendererRegistryImpl/JEI Plugin [CreateJEI:create:jei_plugin] of REI Plugin Compatibilities Adapter [rei_plugin_compatibilities, jei]/" done in 11.10 μs
[20:47:22] [REI-ReloadPlugins/TRACE] [REI] [REIClientPlugin END] Reloading Section: "reloadable-plugin/EntryRendererRegistryImpl/JEI Plugin [JEIPlugin:ae2:core] of REI Plugin Compatibilities Adapter [rei_plugin_compatibilities, jei]/"
[20:47:22] [REI-ReloadPlugins/TRACE] [REI] [REIClientPlugin END] Reloading Section: "reloadable-plugin/EntryRendererRegistryImpl/JEI Plugin [JEIPlugin:ae2:core] of REI Plugin Compatibilities Adapter [rei_plugin_compatibilities, jei]/" done in 11.40 μs
[20:47:22] [REI-ReloadPlugins/TRACE] [REI] [REIClientPlugin END] Reloading Section: "reloadable-plugin/EntryRendererRegistryImpl/JEI Plugin [JEICompat:jade:main] of REI Plugin Compatibilities Adapter [rei_plugin_compatibilities, jei]/"
[20:47:22] [REI-ReloadPlugins/TRACE] [REI] [REIClientPlugin END] Reloading Section: "reloadable-plugin/EntryRendererRegistryImpl/JEI Plugin [JEICompat:jade:main] of REI Plugin Compatibilities Adapter [rei_plugin_compatibilities, jei]/" done in 11.10 μs
[20:47:22] [REI-ReloadPlugins/TRACE] [REI] [REIClientPlugin END] Reloading Section: "reloadable-plugin/EntryRendererRegistryImpl/JEI Plugin [JEIPlugin:ldlib:jei_plugin] of REI Plugin Compatibilities Adapter [rei_plugin_compatibilities, jei]/"
[20:47:22] [REI-ReloadPlugins/TRACE] [REI] [REIClientPlugin END] Reloading Section: "reloadable-plugin/EntryRendererRegistryImpl/JEI Plugin [JEIPlugin:ldlib:jei_plugin] of REI Plugin Compatibilities Adapter [rei_plugin_compatibilities, jei]/" done in 12.30 μs
[20:47:22] [REI-ReloadPlugins/TRACE] [REI] [REIClientPlugin END] Reloading Section: "reloadable-plugin/EntryRendererRegistryImpl/JEI Plugin [BCJeiPlugin:bibliocraft:jei_plugin] of REI Plugin Compatibilities Adapter [rei_plugin_compatibilities, jei]/"
[20:47:22] [REI-ReloadPlugins/TRACE] [REI] [REIClientPlugin END] Reloading Section: "reloadable-plugin/EntryRendererRegistryImpl/JEI Plugin [BCJeiPlugin:bibliocraft:jei_plugin] of REI Plugin Compatibilities Adapter [rei_plugin_compatibilities, jei]/" done in 12.10 μs
[20:47:22] [REI-ReloadPlugins/TRACE] [REI] [REIClientPlugin END] Reloading Section: "reloadable-plugin/EntryRendererRegistryImpl/GTREIPlugin of GTREIPlugin [gtceu]/"
[20:47:22] [REI-ReloadPlugins/TRACE] [REI] [REIClientPlugin END] Reloading Section: "reloadable-plugin/EntryRendererRegistryImpl/GTREIPlugin of GTREIPlugin [gtceu]/" done in 11.10 μs
[20:47:22] [REI-ReloadPlugins/TRACE] [REI] [REIClientPlugin END] Reloading Section: "reloadable-plugin/EntryRendererRegistryImpl/FramedReiPlugin of FramedReiPlugin [framedblocks]/"
[20:47:22] [REI-ReloadPlugins/TRACE] [REI] [REIClientPlugin END] Reloading Section: "reloadable-plugin/EntryRendererRegistryImpl/FramedReiPlugin of FramedReiPlugin [framedblocks]/" done in 11.10 μs
[20:47:22] [REI-ReloadPlugins/TRACE] [REI] [REIClientPlugin END] Reloading Section: "reloadable-plugin/EntryRendererRegistryImpl/REIPluginImpl of REIPluginImpl [ldlib]/"
[20:47:22] [REI-ReloadPlugins/TRACE] [REI] [REIClientPlugin END] Reloading Section: "reloadable-plugin/EntryRendererRegistryImpl/REIPluginImpl of REIPluginImpl [ldlib]/" done in 30.80 μs
[20:47:22] [REI-ReloadPlugins/TRACE] [REI] [REIClientPlugin END] Reloading Section: "reloadable-plugin/EntryRendererRegistryImpl/REI Plugin Compatibilities Client Handler of REI Plugin Compatibilities Client Handler [rei_plugin_compatibilities, jei]/"
[20:47:22] [REI-ReloadPlugins/TRACE] [REI] [REIClientPlugin END] Reloading Section: "reloadable-plugin/EntryRendererRegistryImpl/REI Plugin Compatibilities Client Handler of REI Plugin Compatibilities Client Handler [rei_plugin_compatibilities, jei]/" done in 11.30 μs
[20:47:22] [REI-ReloadPlugins/TRACE] [REI] [REIClientPlugin END] Reloading Section: "reloadable-plugin/EntryRendererRegistryImpl/REIForgePluginStub of REIForgePluginStub [ftblibrary]/"
[20:47:22] [REI-ReloadPlugins/TRACE] [REI] [REIClientPlugin END] Reloading Section: "reloadable-plugin/EntryRendererRegistryImpl/REIForgePluginStub of REIForgePluginStub [ftblibrary]/" done in 11.20 μs
[20:47:22] [REI-ReloadPlugins/TRACE] [REI] [REIClientPlugin END] Reloading Section: "reloadable-plugin/EntryRendererRegistryImpl/AE2 of AE2 [ae2]/"
[20:47:22] [REI-ReloadPlugins/TRACE] [REI] [REIClientPlugin END] Reloading Section: "reloadable-plugin/EntryRendererRegistryImpl/AE2 of AE2 [ae2]/" done in 13.60 μs
[20:47:22] [REI-ReloadPlugins/TRACE] [REI] [REIClientPlugin END] Reloading Section: "reloadable-plugin/EntryRendererRegistryImpl/HideIngredientsFromTagsPlugin of HideIngredientsFromTagsPlugin [roughlyenoughitems]/"
[20:47:22] [REI-ReloadPlugins/TRACE] [REI] [REIClientPlugin END] Reloading Section: "reloadable-plugin/EntryRendererRegistryImpl/HideIngredientsFromTagsPlugin of HideIngredientsFromTagsPlugin [roughlyenoughitems]/" done in 11.30 μs
[20:47:22] [REI-ReloadPlugins/TRACE] [REI] [REIClientPlugin END] Reloading Section: "reloadable-plugin/EntryRendererRegistryImpl/DefaultClientRuntimePlugin of DefaultClientRuntimePlugin [roughlyenoughitems]/"
[20:47:22] [REI-ReloadPlugins/TRACE] [REI] [REIClientPlugin END] Reloading Section: "reloadable-plugin/EntryRendererRegistryImpl/DefaultClientRuntimePlugin of DefaultClientRuntimePlugin [roughlyenoughitems]/" done in 10.80 μs
[20:47:22] [REI-ReloadPlugins/TRACE] [REI] [REIClientPlugin END] Reloading Section: "reloadable-plugin/EntryRendererRegistryImpl/REIForgePluginStub of REIForgePluginStub [kubejs]/"
[20:47:22] [REI-ReloadPlugins/TRACE] [REI] [REIClientPlugin END] Reloading Section: "reloadable-plugin/EntryRendererRegistryImpl/REIForgePluginStub of REIForgePluginStub [kubejs]/" done in 11.00 μs
[20:47:22] [REI-ReloadPlugins/TRACE] [REI] [REIClientPlugin END] Reloading Section: "reloadable-plugin/EntryRendererRegistryImpl/" done in 829.9 μs
[20:47:22] [REI-ReloadPlugins/TRACE] [REI] [REIClientPlugin END] Reloading Section: "reloadable-plugin/ViewsImpl/"
[20:47:22] [REI-ReloadPlugins/TRACE] [REI] [REIClientPlugin END] Reloading Section: "reloadable-plugin/ViewsImpl/DefaultClientPluginImpl of DefaultClientPluginImpl [roughlyenoughitems]/"
[20:47:22] [REI-ReloadPlugins/TRACE] [REI] [REIClientPlugin END] Reloading Section: "reloadable-plugin/ViewsImpl/DefaultClientPluginImpl of DefaultClientPluginImpl [roughlyenoughitems]/" done in 15.40 μs
[20:47:22] [REI-ReloadPlugins/TRACE] [REI] [REIClientPlugin END] Reloading Section: "reloadable-plugin/ViewsImpl/JEI Plugin [CreateAdditionJEI:createaddition:jei_plugin] of REI Plugin Compatibilities Adapter [rei_plugin_compatibilities, jei]/"
[20:47:22] [REI-ReloadPlugins/TRACE] [REI] [REIClientPlugin END] Reloading Section: "reloadable-plugin/ViewsImpl/JEI Plugin [CreateAdditionJEI:createaddition:jei_plugin] of REI Plugin Compatibilities Adapter [rei_plugin_compatibilities, jei]/" done in 11.80 μs
[20:47:22] [REI-ReloadPlugins/TRACE] [REI] [REIClientPlugin END] Reloading Section: "reloadable-plugin/ViewsImpl/JEI Plugin [PolyJEIPlugin:polylib:jei_plugin] of REI Plugin Compatibilities Adapter [rei_plugin_compatibilities, jei]/"
[20:47:22] [REI-ReloadPlugins/TRACE] [REI] [REIClientPlugin END] Reloading Section: "reloadable-plugin/ViewsImpl/JEI Plugin [PolyJEIPlugin:polylib:jei_plugin] of REI Plugin Compatibilities Adapter [rei_plugin_compatibilities, jei]/" done in 14.10 μs
[20:47:22] [REI-ReloadPlugins/TRACE] [REI] [REIClientPlugin END] Reloading Section: "reloadable-plugin/ViewsImpl/JEI Plugin [GTSEJEIPlugin:gregtech_steam_expansion:jei_plugin] of REI Plugin Compatibilities Adapter [rei_plugin_compatibilities, jei]/"
[20:47:22] [REI-ReloadPlugins/TRACE] [REI] [REIClientPlugin END] Reloading Section: "reloadable-plugin/ViewsImpl/JEI Plugin [GTSEJEIPlugin:gregtech_steam_expansion:jei_plugin] of REI Plugin Compatibilities Adapter [rei_plugin_compatibilities, jei]/" done in 11.20 μs
[20:47:22] [REI-ReloadPlugins/TRACE] [REI] [REIClientPlugin END] Reloading Section: "reloadable-plugin/ViewsImpl/JEI Plugin [GTJEIPlugin:gtceu:jei_plugin] of REI Plugin Compatibilities Adapter [rei_plugin_compatibilities, jei]/"
[20:47:22] [REI-ReloadPlugins/TRACE] [REI] [REIClientPlugin END] Reloading Section: "reloadable-plugin/ViewsImpl/JEI Plugin [GTJEIPlugin:gtceu:jei_plugin] of REI Plugin Compatibilities Adapter [rei_plugin_compatibilities, jei]/" done in 11.30 μs
[20:47:22] [REI-ReloadPlugins/TRACE] [REI] [REIClientPlugin END] Reloading Section: "reloadable-plugin/ViewsImpl/JEI Plugin [JEIIntegration:ftblibrary:jei] of REI Plugin Compatibilities Adapter [rei_plugin_compatibilities, jei]/"
[20:47:22] [REI-ReloadPlugins/TRACE] [REI] [REIClientPlugin END] Reloading Section: "reloadable-plugin/ViewsImpl/JEI Plugin [JEIIntegration:ftblibrary:jei] of REI Plugin Compatibilities Adapter [rei_plugin_compatibilities, jei]/" done in 25.30 μs
[20:47:22] [REI-ReloadPlugins/TRACE] [REI] [REIClientPlugin END] Reloading Section: "reloadable-plugin/ViewsImpl/JEI Plugin [JEIPlugin:kubejs:jei] of REI Plugin Compatibilities Adapter [rei_plugin_compatibilities, jei]/"
[20:47:22] [REI-ReloadPlugins/TRACE] [REI] [REIClientPlugin END] Reloading Section: "reloadable-plugin/ViewsImpl/JEI Plugin [JEIPlugin:kubejs:jei] of REI Plugin Compatibilities Adapter [rei_plugin_compatibilities, jei]/" done in 11.50 μs
[20:47:22] [REI-ReloadPlugins/TRACE] [REI] [REIClientPlugin END] Reloading Section: "reloadable-plugin/ViewsImpl/JEI Plugin [JEIIntegration:fluxnetworks:jei] of REI Plugin Compatibilities Adapter [rei_plugin_compatibilities, jei]/"
[20:47:22] [REI-ReloadPlugins/TRACE] [REI] [REIClientPlugin END] Reloading Section: "reloadable-plugin/ViewsImpl/JEI Plugin [JEIIntegration:fluxnetworks:jei] of REI Plugin Compatibilities Adapter [rei_plugin_compatibilities, jei]/" done in 11.70 μs
[20:47:22] [REI-ReloadPlugins/TRACE] [REI] [REIClientPlugin END] Reloading Section: "reloadable-plugin/ViewsImpl/JEI Plugin [CreateJEI:create:jei_plugin] of REI Plugin Compatibilities Adapter [rei_plugin_compatibilities, jei]/"
[20:47:22] [REI-ReloadPlugins/TRACE] [REI] [REIClientPlugin END] Reloading Section: "reloadable-plugin/ViewsImpl/JEI Plugin [CreateJEI:create:jei_plugin] of REI Plugin Compatibilities Adapter [rei_plugin_compatibilities, jei]/" done in 11.00 μs
[20:47:22] [REI-ReloadPlugins/TRACE] [REI] [REIClientPlugin END] Reloading Section: "reloadable-plugin/ViewsImpl/JEI Plugin [JEIPlugin:ae2:core] of REI Plugin Compatibilities Adapter [rei_plugin_compatibilities, jei]/"
[20:47:22] [REI-ReloadPlugins/TRACE] [REI] [REIClientPlugin END] Reloading Section: "reloadable-plugin/ViewsImpl/JEI Plugin [JEIPlugin:ae2:core] of REI Plugin Compatibilities Adapter [rei_plugin_compatibilities, jei]/" done in 11.00 μs
[20:47:22] [REI-ReloadPlugins/TRACE] [REI] [REIClientPlugin END] Reloading Section: "reloadable-plugin/ViewsImpl/JEI Plugin [JEICompat:jade:main] of REI Plugin Compatibilities Adapter [rei_plugin_compatibilities, jei]/"
[20:47:22] [REI-ReloadPlugins/TRACE] [REI] [REIClientPlugin END] Reloading Section: "reloadable-plugin/ViewsImpl/JEI Plugin [JEICompat:jade:main] of REI Plugin Compatibilities Adapter [rei_plugin_compatibilities, jei]/" done in 11.10 μs
[20:47:22] [REI-ReloadPlugins/TRACE] [REI] [REIClientPlugin END] Reloading Section: "reloadable-plugin/ViewsImpl/JEI Plugin [JEIPlugin:ldlib:jei_plugin] of REI Plugin Compatibilities Adapter [rei_plugin_compatibilities, jei]/"
[20:47:22] [REI-ReloadPlugins/TRACE] [REI] [REIClientPlugin END] Reloading Section: "reloadable-plugin/ViewsImpl/JEI Plugin [JEIPlugin:ldlib:jei_plugin] of REI Plugin Compatibilities Adapter [rei_plugin_compatibilities, jei]/" done in 18.00 μs
[20:47:22] [REI-ReloadPlugins/TRACE] [REI] [REIClientPlugin END] Reloading Section: "reloadable-plugin/ViewsImpl/JEI Plugin [BCJeiPlugin:bibliocraft:jei_plugin] of REI Plugin Compatibilities Adapter [rei_plugin_compatibilities, jei]/"
[20:47:22] [REI-ReloadPlugins/TRACE] [REI] [REIClientPlugin END] Reloading Section: "reloadable-plugin/ViewsImpl/JEI Plugin [BCJeiPlugin:bibliocraft:jei_plugin] of REI Plugin Compatibilities Adapter [rei_plugin_compatibilities, jei]/" done in 11.00 μs
[20:47:22] [REI-ReloadPlugins/TRACE] [REI] [REIClientPlugin END] Reloading Section: "reloadable-plugin/ViewsImpl/GTREIPlugin of GTREIPlugin [gtceu]/"
[20:47:22] [REI-ReloadPlugins/TRACE] [REI] [REIClientPlugin END] Reloading Section: "reloadable-plugin/ViewsImpl/GTREIPlugin of GTREIPlugin [gtceu]/" done in 11.00 μs
[20:47:22] [REI-ReloadPlugins/TRACE] [REI] [REIClientPlugin END] Reloading Section: "reloadable-plugin/ViewsImpl/FramedReiPlugin of FramedReiPlugin [framedblocks]/"
[20:47:22] [REI-ReloadPlugins/TRACE] [REI] [REIClientPlugin END] Reloading Section: "reloadable-plugin/ViewsImpl/FramedReiPlugin of FramedReiPlugin [framedblocks]/" done in 10.50 μs
[20:47:22] [REI-ReloadPlugins/TRACE] [REI] [REIClientPlugin END] Reloading Section: "reloadable-plugin/ViewsImpl/REIPluginImpl of REIPluginImpl [ldlib]/"
[20:47:22] [REI-ReloadPlugins/TRACE] [REI] [REIClientPlugin END] Reloading Section: "reloadable-plugin/ViewsImpl/REIPluginImpl of REIPluginImpl [ldlib]/" done in 10.60 μs
[20:47:22] [REI-ReloadPlugins/TRACE] [REI] [REIClientPlugin END] Reloading Section: "reloadable-plugin/ViewsImpl/REI Plugin Compatibilities Client Handler of REI Plugin Compatibilities Client Handler [rei_plugin_compatibilities, jei]/"
[20:47:22] [REI-ReloadPlugins/TRACE] [REI] [REIClientPlugin END] Reloading Section: "reloadable-plugin/ViewsImpl/REI Plugin Compatibilities Client Handler of REI Plugin Compatibilities Client Handler [rei_plugin_compatibilities, jei]/" done in 10.70 μs
[20:47:22] [REI-ReloadPlugins/TRACE] [REI] [REIClientPlugin END] Reloading Section: "reloadable-plugin/ViewsImpl/REIForgePluginStub of REIForgePluginStub [ftblibrary]/"
[20:47:22] [REI-ReloadPlugins/TRACE] [REI] [REIClientPlugin END] Reloading Section: "reloadable-plugin/ViewsImpl/REIForgePluginStub of REIForgePluginStub [ftblibrary]/" done in 10.90 μs
[20:47:22] [REI-ReloadPlugins/TRACE] [REI] [REIClientPlugin END] Reloading Section: "reloadable-plugin/ViewsImpl/AE2 of AE2 [ae2]/"
[20:47:22] [REI-ReloadPlugins/TRACE] [REI] [REIClientPlugin END] Reloading Section: "reloadable-plugin/ViewsImpl/AE2 of AE2 [ae2]/" done in 10.70 μs
[20:47:22] [REI-ReloadPlugins/TRACE] [REI] [REIClientPlugin END] Reloading Section: "reloadable-plugin/ViewsImpl/HideIngredientsFromTagsPlugin of HideIngredientsFromTagsPlugin [roughlyenoughitems]/"
[20:47:22] [REI-ReloadPlugins/TRACE] [REI] [REIClientPlugin END] Reloading Section: "reloadable-plugin/ViewsImpl/HideIngredientsFromTagsPlugin of HideIngredientsFromTagsPlugin [roughlyenoughitems]/" done in 10.80 μs
[20:47:22] [REI-ReloadPlugins/TRACE] [REI] [REIClientPlugin END] Reloading Section: "reloadable-plugin/ViewsImpl/DefaultClientRuntimePlugin of DefaultClientRuntimePlugin [roughlyenoughitems]/"
[20:47:22] [REI-ReloadPlugins/TRACE] [REI] [REIClientPlugin END] Reloading Section: "reloadable-plugin/ViewsImpl/DefaultClientRuntimePlugin of DefaultClientRuntimePlugin [roughlyenoughitems]/" done in 10.50 μs
[20:47:22] [REI-ReloadPlugins/TRACE] [REI] [REIClientPlugin END] Reloading Section: "reloadable-plugin/ViewsImpl/REIForgePluginStub of REIForgePluginStub [kubejs]/"
[20:47:22] [REI-ReloadPlugins/TRACE] [REI] [REIClientPlugin END] Reloading Section: "reloadable-plugin/ViewsImpl/REIForgePluginStub of REIForgePluginStub [kubejs]/" done in 41.90 μs
[20:47:22] [REI-ReloadPlugins/TRACE] [REI] [REIClientPlugin END] Reloading Section: "reloadable-plugin/ViewsImpl/" done in 829.2 μs
[20:47:22] [REI-ReloadPlugins/TRACE] [REI] [REIClientPlugin END] Reloading Section: "reloadable-plugin/InputMethodRegistryImpl/"
[20:47:22] [REI-ReloadPlugins/TRACE] [REI] [REIClientPlugin END] Reloading Section: "reloadable-plugin/InputMethodRegistryImpl/DefaultClientPluginImpl of DefaultClientPluginImpl [roughlyenoughitems]/"
[20:47:22] [REI-ReloadPlugins/TRACE] [REI] [REIClientPlugin END] Reloading Section: "reloadable-plugin/InputMethodRegistryImpl/DefaultClientPluginImpl of DefaultClientPluginImpl [roughlyenoughitems]/" done in 23.40 μs
[20:47:22] [REI-ReloadPlugins/TRACE] [REI] [REIClientPlugin END] Reloading Section: "reloadable-plugin/InputMethodRegistryImpl/JEI Plugin [CreateAdditionJEI:createaddition:jei_plugin] of REI Plugin Compatibilities Adapter [rei_plugin_compatibilities, jei]/"
[20:47:22] [REI-ReloadPlugins/TRACE] [REI] [REIClientPlugin END] Reloading Section: "reloadable-plugin/InputMethodRegistryImpl/JEI Plugin [CreateAdditionJEI:createaddition:jei_plugin] of REI Plugin Compatibilities Adapter [rei_plugin_compatibilities, jei]/" done in 12.60 μs
[20:47:22] [REI-ReloadPlugins/TRACE] [REI] [REIClientPlugin END] Reloading Section: "reloadable-plugin/InputMethodRegistryImpl/JEI Plugin [PolyJEIPlugin:polylib:jei_plugin] of REI Plugin Compatibilities Adapter [rei_plugin_compatibilities, jei]/"
[20:47:22] [REI-ReloadPlugins/TRACE] [REI] [REIClientPlugin END] Reloading Section: "reloadable-plugin/InputMethodRegistryImpl/JEI Plugin [PolyJEIPlugin:polylib:jei_plugin] of REI Plugin Compatibilities Adapter [rei_plugin_compatibilities, jei]/" done in 11.70 μs
[20:47:22] [REI-ReloadPlugins/TRACE] [REI] [REIClientPlugin END] Reloading Section: "reloadable-plugin/InputMethodRegistryImpl/JEI Plugin [GTSEJEIPlugin:gregtech_steam_expansion:jei_plugin] of REI Plugin Compatibilities Adapter [rei_plugin_compatibilities, jei]/"
[20:47:22] [REI-ReloadPlugins/TRACE] [REI] [REIClientPlugin END] Reloading Section: "reloadable-plugin/InputMethodRegistryImpl/JEI Plugin [GTSEJEIPlugin:gregtech_steam_expansion:jei_plugin] of REI Plugin Compatibilities Adapter [rei_plugin_compatibilities, jei]/" done in 11.20 μs
[20:47:22] [REI-ReloadPlugins/TRACE] [REI] [REIClientPlugin END] Reloading Section: "reloadable-plugin/InputMethodRegistryImpl/JEI Plugin [GTJEIPlugin:gtceu:jei_plugin] of REI Plugin Compatibilities Adapter [rei_plugin_compatibilities, jei]/"
[20:47:22] [REI-ReloadPlugins/TRACE] [REI] [REIClientPlugin END] Reloading Section: "reloadable-plugin/InputMethodRegistryImpl/JEI Plugin [GTJEIPlugin:gtceu:jei_plugin] of REI Plugin Compatibilities Adapter [rei_plugin_compatibilities, jei]/" done in 11.70 μs
[20:47:22] [REI-ReloadPlugins/TRACE] [REI] [REIClientPlugin END] Reloading Section: "reloadable-plugin/InputMethodRegistryImpl/JEI Plugin [JEIIntegration:ftblibrary:jei] of REI Plugin Compatibilities Adapter [rei_plugin_compatibilities, jei]/"
[20:47:22] [REI-ReloadPlugins/TRACE] [REI] [REIClientPlugin END] Reloading Section: "reloadable-plugin/InputMethodRegistryImpl/JEI Plugin [JEIIntegration:ftblibrary:jei] of REI Plugin Compatibilities Adapter [rei_plugin_compatibilities, jei]/" done in 11.20 μs
[20:47:22] [REI-ReloadPlugins/TRACE] [REI] [REIClientPlugin END] Reloading Section: "reloadable-plugin/InputMethodRegistryImpl/JEI Plugin [JEIPlugin:kubejs:jei] of REI Plugin Compatibilities Adapter [rei_plugin_compatibilities, jei]/"
[20:47:22] [REI-ReloadPlugins/TRACE] [REI] [REIClientPlugin END] Reloading Section: "reloadable-plugin/InputMethodRegistryImpl/JEI Plugin [JEIPlugin:kubejs:jei] of REI Plugin Compatibilities Adapter [rei_plugin_compatibilities, jei]/" done in 11.20 μs
[20:47:22] [REI-ReloadPlugins/TRACE] [REI] [REIClientPlugin END] Reloading Section: "reloadable-plugin/InputMethodRegistryImpl/JEI Plugin [JEIIntegration:fluxnetworks:jei] of REI Plugin Compatibilities Adapter [rei_plugin_compatibilities, jei]/"
[20:47:22] [REI-ReloadPlugins/TRACE] [REI] [REIClientPlugin END] Reloading Section: "reloadable-plugin/InputMethodRegistryImpl/JEI Plugin [JEIIntegration:fluxnetworks:jei] of REI Plugin Compatibilities Adapter [rei_plugin_compatibilities, jei]/" done in 36.50 μs
[20:47:22] [REI-ReloadPlugins/TRACE] [REI] [REIClientPlugin END] Reloading Section: "reloadable-plugin/InputMethodRegistryImpl/JEI Plugin [CreateJEI:create:jei_plugin] of REI Plugin Compatibilities Adapter [rei_plugin_compatibilities, jei]/"
[20:47:22] [REI-ReloadPlugins/TRACE] [REI] [REIClientPlugin END] Reloading Section: "reloadable-plugin/InputMethodRegistryImpl/JEI Plugin [CreateJEI:create:jei_plugin] of REI Plugin Compatibilities Adapter [rei_plugin_compatibilities, jei]/" done in 11.20 μs
[20:47:22] [REI-ReloadPlugins/TRACE] [REI] [REIClientPlugin END] Reloading Section: "reloadable-plugin/InputMethodRegistryImpl/JEI Plugin [JEIPlugin:ae2:core] of REI Plugin Compatibilities Adapter [rei_plugin_compatibilities, jei]/"
[20:47:22] [REI-ReloadPlugins/TRACE] [REI] [REIClientPlugin END] Reloading Section: "reloadable-plugin/InputMethodRegistryImpl/JEI Plugin [JEIPlugin:ae2:core] of REI Plugin Compatibilities Adapter [rei_plugin_compatibilities, jei]/" done in 63.10 μs
[20:47:22] [REI-ReloadPlugins/TRACE] [REI] [REIClientPlugin END] Reloading Section: "reloadable-plugin/InputMethodRegistryImpl/JEI Plugin [JEICompat:jade:main] of REI Plugin Compatibilities Adapter [rei_plugin_compatibilities, jei]/"
[20:47:22] [REI-ReloadPlugins/TRACE] [REI] [REIClientPlugin END] Reloading Section: "reloadable-plugin/InputMethodRegistryImpl/JEI Plugin [JEICompat:jade:main] of REI Plugin Compatibilities Adapter [rei_plugin_compatibilities, jei]/" done in 14.40 μs
[20:47:22] [REI-ReloadPlugins/TRACE] [REI] [REIClientPlugin END] Reloading Section: "reloadable-plugin/InputMethodRegistryImpl/JEI Plugin [JEIPlugin:ldlib:jei_plugin] of REI Plugin Compatibilities Adapter [rei_plugin_compatibilities, jei]/"
[20:47:22] [REI-ReloadPlugins/TRACE] [REI] [REIClientPlugin END] Reloading Section: "reloadable-plugin/InputMethodRegistryImpl/JEI Plugin [JEIPlugin:ldlib:jei_plugin] of REI Plugin Compatibilities Adapter [rei_plugin_compatibilities, jei]/" done in 12.30 μs
[20:47:22] [REI-ReloadPlugins/TRACE] [REI] [REIClientPlugin END] Reloading Section: "reloadable-plugin/InputMethodRegistryImpl/JEI Plugin [BCJeiPlugin:bibliocraft:jei_plugin] of REI Plugin Compatibilities Adapter [rei_plugin_compatibilities, jei]/"
[20:47:22] [REI-ReloadPlugins/TRACE] [REI] [REIClientPlugin END] Reloading Section: "reloadable-plugin/InputMethodRegistryImpl/JEI Plugin [BCJeiPlugin:bibliocraft:jei_plugin] of REI Plugin Compatibilities Adapter [rei_plugin_compatibilities, jei]/" done in 11.20 μs
[20:47:22] [REI-ReloadPlugins/TRACE] [REI] [REIClientPlugin END] Reloading Section: "reloadable-plugin/InputMethodRegistryImpl/GTREIPlugin of GTREIPlugin [gtceu]/"
[20:47:22] [REI-ReloadPlugins/TRACE] [REI] [REIClientPlugin END] Reloading Section: "reloadable-plugin/InputMethodRegistryImpl/GTREIPlugin of GTREIPlugin [gtceu]/" done in 11.20 μs
[20:47:22] [REI-ReloadPlugins/TRACE] [REI] [REIClientPlugin END] Reloading Section: "reloadable-plugin/InputMethodRegistryImpl/FramedReiPlugin of FramedReiPlugin [framedblocks]/"
[20:47:22] [REI-ReloadPlugins/TRACE] [REI] [REIClientPlugin END] Reloading Section: "reloadable-plugin/InputMethodRegistryImpl/FramedReiPlugin of FramedReiPlugin [framedblocks]/" done in 10.90 μs
[20:47:22] [REI-ReloadPlugins/TRACE] [REI] [REIClientPlugin END] Reloading Section: "reloadable-plugin/InputMethodRegistryImpl/REIPluginImpl of REIPluginImpl [ldlib]/"
[20:47:22] [REI-ReloadPlugins/TRACE] [REI] [REIClientPlugin END] Reloading Section: "reloadable-plugin/InputMethodRegistryImpl/REIPluginImpl of REIPluginImpl [ldlib]/" done in 11.30 μs
[20:47:22] [REI-ReloadPlugins/TRACE] [REI] [REIClientPlugin END] Reloading Section: "reloadable-plugin/InputMethodRegistryImpl/REI Plugin Compatibilities Client Handler of REI Plugin Compatibilities Client Handler [rei_plugin_compatibilities, jei]/"
[20:47:22] [REI-ReloadPlugins/TRACE] [REI] [REIClientPlugin END] Reloading Section: "reloadable-plugin/InputMethodRegistryImpl/REI Plugin Compatibilities Client Handler of REI Plugin Compatibilities Client Handler [rei_plugin_compatibilities, jei]/" done in 49.20 μs
[20:47:22] [REI-ReloadPlugins/TRACE] [REI] [REIClientPlugin END] Reloading Section: "reloadable-plugin/InputMethodRegistryImpl/REIForgePluginStub of REIForgePluginStub [ftblibrary]/"
[20:47:22] [REI-ReloadPlugins/TRACE] [REI] [REIClientPlugin END] Reloading Section: "reloadable-plugin/InputMethodRegistryImpl/REIForgePluginStub of REIForgePluginStub [ftblibrary]/" done in 11.10 μs
[20:47:22] [REI-ReloadPlugins/TRACE] [REI] [REIClientPlugin END] Reloading Section: "reloadable-plugin/InputMethodRegistryImpl/AE2 of AE2 [ae2]/"
[20:47:22] [REI-ReloadPlugins/TRACE] [REI] [REIClientPlugin END] Reloading Section: "reloadable-plugin/InputMethodRegistryImpl/AE2 of AE2 [ae2]/" done in 12.20 μs
[20:47:22] [REI-ReloadPlugins/TRACE] [REI] [REIClientPlugin END] Reloading Section: "reloadable-plugin/InputMethodRegistryImpl/HideIngredientsFromTagsPlugin of HideIngredientsFromTagsPlugin [roughlyenoughitems]/"
[20:47:22] [REI-ReloadPlugins/TRACE] [REI] [REIClientPlugin END] Reloading Section: "reloadable-plugin/InputMethodRegistryImpl/HideIngredientsFromTagsPlugin of HideIngredientsFromTagsPlugin [roughlyenoughitems]/" done in 11.10 μs
[20:47:22] [REI-ReloadPlugins/TRACE] [REI] [REIClientPlugin END] Reloading Section: "reloadable-plugin/InputMethodRegistryImpl/DefaultClientRuntimePlugin of DefaultClientRuntimePlugin [roughlyenoughitems]/"
[20:47:22] [REI-ReloadPlugins/DEBUG] [REI] Added input method [rei:default]: Default
[20:47:22] [REI-ReloadPlugins/DEBUG] [REI] Added input method [rei:pinyin]: Pinyin (Mandarin)
[20:47:22] [REI-ReloadPlugins/DEBUG] [REI] Added input method [rei:jyutping]: Jyutping (Cantonese)
[20:47:22] [REI-ReloadPlugins/DEBUG] [REI] Added input method [rei:bomopofo]: Bopomofo (Mandarin)
[20:47:22] [REI-ReloadPlugins/DEBUG] [REI] Added input method [rei:double_pinyin]: Double Pinyin (Mandarin)
[20:47:22] [REI-ReloadPlugins/TRACE] [REI] [REIClientPlugin END] Reloading Section: "reloadable-plugin/InputMethodRegistryImpl/DefaultClientRuntimePlugin of DefaultClientRuntimePlugin [roughlyenoughitems]/" done in 94.43 ms
[20:47:22] [REI-ReloadPlugins/TRACE] [REI] [REIClientPlugin END] Reloading Section: "reloadable-plugin/InputMethodRegistryImpl/REIForgePluginStub of REIForgePluginStub [kubejs]/"
[20:47:22] [REI-ReloadPlugins/TRACE] [REI] [REIClientPlugin END] Reloading Section: "reloadable-plugin/InputMethodRegistryImpl/REIForgePluginStub of REIForgePluginStub [kubejs]/" done in 64.50 μs
[20:47:22] [REI-ReloadPlugins/TRACE] [REI] [REIClientPlugin END] Reloading Section: "reloadable-plugin/InputMethodRegistryImpl/" done in 95.85 ms
[20:47:22] [REI-ReloadPlugins/TRACE] [REI] [REIClientPlugin END] Reloading Section: "reloadable-plugin/SearchProviderImpl/"
[20:47:22] [REI-ReloadPlugins/TRACE] [REI] [REIClientPlugin END] Reloading Section: "reloadable-plugin/SearchProviderImpl/DefaultClientPluginImpl of DefaultClientPluginImpl [roughlyenoughitems]/"
[20:47:22] [REI-ReloadPlugins/TRACE] [REI] [REIClientPlugin END] Reloading Section: "reloadable-plugin/SearchProviderImpl/DefaultClientPluginImpl of DefaultClientPluginImpl [roughlyenoughitems]/" done in 38.00 μs
[20:47:22] [REI-ReloadPlugins/TRACE] [REI] [REIClientPlugin END] Reloading Section: "reloadable-plugin/SearchProviderImpl/JEI Plugin [CreateAdditionJEI:createaddition:jei_plugin] of REI Plugin Compatibilities Adapter [rei_plugin_compatibilities, jei]/"
[20:47:22] [REI-ReloadPlugins/TRACE] [REI] [REIClientPlugin END] Reloading Section: "reloadable-plugin/SearchProviderImpl/JEI Plugin [CreateAdditionJEI:createaddition:jei_plugin] of REI Plugin Compatibilities Adapter [rei_plugin_compatibilities, jei]/" done in 31.70 μs
[20:47:22] [REI-ReloadPlugins/TRACE] [REI] [REIClientPlugin END] Reloading Section: "reloadable-plugin/SearchProviderImpl/JEI Plugin [PolyJEIPlugin:polylib:jei_plugin] of REI Plugin Compatibilities Adapter [rei_plugin_compatibilities, jei]/"
[20:47:22] [REI-ReloadPlugins/TRACE] [REI] [REIClientPlugin END] Reloading Section: "reloadable-plugin/SearchProviderImpl/JEI Plugin [PolyJEIPlugin:polylib:jei_plugin] of REI Plugin Compatibilities Adapter [rei_plugin_compatibilities, jei]/" done in 64.00 μs
[20:47:22] [REI-ReloadPlugins/TRACE] [REI] [REIClientPlugin END] Reloading Section: "reloadable-plugin/SearchProviderImpl/JEI Plugin [GTSEJEIPlugin:gregtech_steam_expansion:jei_plugin] of REI Plugin Compatibilities Adapter [rei_plugin_compatibilities, jei]/"
[20:47:22] [REI-ReloadPlugins/TRACE] [REI] [REIClientPlugin END] Reloading Section: "reloadable-plugin/SearchProviderImpl/JEI Plugin [GTSEJEIPlugin:gregtech_steam_expansion:jei_plugin] of REI Plugin Compatibilities Adapter [rei_plugin_compatibilities, jei]/" done in 12.60 μs
[20:47:22] [REI-ReloadPlugins/TRACE] [REI] [REIClientPlugin END] Reloading Section: "reloadable-plugin/SearchProviderImpl/JEI Plugin [GTJEIPlugin:gtceu:jei_plugin] of REI Plugin Compatibilities Adapter [rei_plugin_compatibilities, jei]/"
[20:47:22] [REI-ReloadPlugins/TRACE] [REI] [REIClientPlugin END] Reloading Section: "reloadable-plugin/SearchProviderImpl/JEI Plugin [GTJEIPlugin:gtceu:jei_plugin] of REI Plugin Compatibilities Adapter [rei_plugin_compatibilities, jei]/" done in 11.70 μs
[20:47:22] [REI-ReloadPlugins/TRACE] [REI] [REIClientPlugin END] Reloading Section: "reloadable-plugin/SearchProviderImpl/JEI Plugin [JEIIntegration:ftblibrary:jei] of REI Plugin Compatibilities Adapter [rei_plugin_compatibilities, jei]/"
[20:47:22] [REI-ReloadPlugins/TRACE] [REI] [REIClientPlugin END] Reloading Section: "reloadable-plugin/SearchProviderImpl/JEI Plugin [JEIIntegration:ftblibrary:jei] of REI Plugin Compatibilities Adapter [rei_plugin_compatibilities, jei]/" done in 11.20 μs
[20:47:22] [REI-ReloadPlugins/TRACE] [REI] [REIClientPlugin END] Reloading Section: "reloadable-plugin/SearchProviderImpl/JEI Plugin [JEIPlugin:kubejs:jei] of REI Plugin Compatibilities Adapter [rei_plugin_compatibilities, jei]/"
[20:47:22] [REI-ReloadPlugins/TRACE] [REI] [REIClientPlugin END] Reloading Section: "reloadable-plugin/SearchProviderImpl/JEI Plugin [JEIPlugin:kubejs:jei] of REI Plugin Compatibilities Adapter [rei_plugin_compatibilities, jei]/" done in 11.30 μs
[20:47:22] [REI-ReloadPlugins/TRACE] [REI] [REIClientPlugin END] Reloading Section: "reloadable-plugin/SearchProviderImpl/JEI Plugin [JEIIntegration:fluxnetworks:jei] of REI Plugin Compatibilities Adapter [rei_plugin_compatibilities, jei]/"
[20:47:22] [REI-ReloadPlugins/TRACE] [REI] [REIClientPlugin END] Reloading Section: "reloadable-plugin/SearchProviderImpl/JEI Plugin [JEIIntegration:fluxnetworks:jei] of REI Plugin Compatibilities Adapter [rei_plugin_compatibilities, jei]/" done in 10.90 μs
[20:47:22] [REI-ReloadPlugins/TRACE] [REI] [REIClientPlugin END] Reloading Section: "reloadable-plugin/SearchProviderImpl/JEI Plugin [CreateJEI:create:jei_plugin] of REI Plugin Compatibilities Adapter [rei_plugin_compatibilities, jei]/"
[20:47:22] [REI-ReloadPlugins/TRACE] [REI] [REIClientPlugin END] Reloading Section: "reloadable-plugin/SearchProviderImpl/JEI Plugin [CreateJEI:create:jei_plugin] of REI Plugin Compatibilities Adapter [rei_plugin_compatibilities, jei]/" done in 11.20 μs
[20:47:22] [REI-ReloadPlugins/TRACE] [REI] [REIClientPlugin END] Reloading Section: "reloadable-plugin/SearchProviderImpl/JEI Plugin [JEIPlugin:ae2:core] of REI Plugin Compatibilities Adapter [rei_plugin_compatibilities, jei]/"
[20:47:22] [REI-ReloadPlugins/TRACE] [REI] [REIClientPlugin END] Reloading Section: "reloadable-plugin/SearchProviderImpl/JEI Plugin [JEIPlugin:ae2:core] of REI Plugin Compatibilities Adapter [rei_plugin_compatibilities, jei]/" done in 11.50 μs
[20:47:22] [REI-ReloadPlugins/TRACE] [REI] [REIClientPlugin END] Reloading Section: "reloadable-plugin/SearchProviderImpl/JEI Plugin [JEICompat:jade:main] of REI Plugin Compatibilities Adapter [rei_plugin_compatibilities, jei]/"
[20:47:22] [REI-ReloadPlugins/TRACE] [REI] [REIClientPlugin END] Reloading Section: "reloadable-plugin/SearchProviderImpl/JEI Plugin [JEICompat:jade:main] of REI Plugin Compatibilities Adapter [rei_plugin_compatibilities, jei]/" done in 34.60 μs
[20:47:22] [REI-ReloadPlugins/TRACE] [REI] [REIClientPlugin END] Reloading Section: "reloadable-plugin/SearchProviderImpl/JEI Plugin [JEIPlugin:ldlib:jei_plugin] of REI Plugin Compatibilities Adapter [rei_plugin_compatibilities, jei]/"
[20:47:22] [REI-ReloadPlugins/TRACE] [REI] [REIClientPlugin END] Reloading Section: "reloadable-plugin/SearchProviderImpl/JEI Plugin [JEIPlugin:ldlib:jei_plugin] of REI Plugin Compatibilities Adapter [rei_plugin_compatibilities, jei]/" done in 11.40 μs
[20:47:22] [REI-ReloadPlugins/TRACE] [REI] [REIClientPlugin END] Reloading Section: "reloadable-plugin/SearchProviderImpl/JEI Plugin [BCJeiPlugin:bibliocraft:jei_plugin] of REI Plugin Compatibilities Adapter [rei_plugin_compatibilities, jei]/"
[20:47:22] [REI-ReloadPlugins/TRACE] [REI] [REIClientPlugin END] Reloading Section: "reloadable-plugin/SearchProviderImpl/JEI Plugin [BCJeiPlugin:bibliocraft:jei_plugin] of REI Plugin Compatibilities Adapter [rei_plugin_compatibilities, jei]/" done in 11.00 μs
[20:47:22] [REI-ReloadPlugins/TRACE] [REI] [REIClientPlugin END] Reloading Section: "reloadable-plugin/SearchProviderImpl/GTREIPlugin of GTREIPlugin [gtceu]/"
[20:47:22] [REI-ReloadPlugins/TRACE] [REI] [REIClientPlugin END] Reloading Section: "reloadable-plugin/SearchProviderImpl/GTREIPlugin of GTREIPlugin [gtceu]/" done in 11.40 μs
[20:47:22] [REI-ReloadPlugins/TRACE] [REI] [REIClientPlugin END] Reloading Section: "reloadable-plugin/SearchProviderImpl/FramedReiPlugin of FramedReiPlugin [framedblocks]/"
[20:47:22] [REI-ReloadPlugins/TRACE] [REI] [REIClientPlugin END] Reloading Section: "reloadable-plugin/SearchProviderImpl/FramedReiPlugin of FramedReiPlugin [framedblocks]/" done in 11.10 μs
[20:47:22] [REI-ReloadPlugins/TRACE] [REI] [REIClientPlugin END] Reloading Section: "reloadable-plugin/SearchProviderImpl/REIPluginImpl of REIPluginImpl [ldlib]/"
[20:47:22] [REI-ReloadPlugins/TRACE] [REI] [REIClientPlugin END] Reloading Section: "reloadable-plugin/SearchProviderImpl/REIPluginImpl of REIPluginImpl [ldlib]/" done in 11.60 μs
[20:47:22] [REI-ReloadPlugins/TRACE] [REI] [REIClientPlugin END] Reloading Section: "reloadable-plugin/SearchProviderImpl/REI Plugin Compatibilities Client Handler of REI Plugin Compatibilities Client Handler [rei_plugin_compatibilities, jei]/"
[20:47:22] [REI-ReloadPlugins/TRACE] [REI] [REIClientPlugin END] Reloading Section: "reloadable-plugin/SearchProviderImpl/REI Plugin Compatibilities Client Handler of REI Plugin Compatibilities Client Handler [rei_plugin_compatibilities, jei]/" done in 10.90 μs
[20:47:22] [REI-ReloadPlugins/TRACE] [REI] [REIClientPlugin END] Reloading Section: "reloadable-plugin/SearchProviderImpl/REIForgePluginStub of REIForgePluginStub [ftblibrary]/"
[20:47:22] [REI-ReloadPlugins/TRACE] [REI] [REIClientPlugin END] Reloading Section: "reloadable-plugin/SearchProviderImpl/REIForgePluginStub of REIForgePluginStub [ftblibrary]/" done in 13.60 μs
[20:47:22] [REI-ReloadPlugins/TRACE] [REI] [REIClientPlugin END] Reloading Section: "reloadable-plugin/SearchProviderImpl/AE2 of AE2 [ae2]/"
[20:47:22] [REI-ReloadPlugins/TRACE] [REI] [REIClientPlugin END] Reloading Section: "reloadable-plugin/SearchProviderImpl/AE2 of AE2 [ae2]/" done in 11.00 μs
[20:47:22] [REI-ReloadPlugins/TRACE] [REI] [REIClientPlugin END] Reloading Section: "reloadable-plugin/SearchProviderImpl/HideIngredientsFromTagsPlugin of HideIngredientsFromTagsPlugin [roughlyenoughitems]/"
[20:47:22] [REI-ReloadPlugins/TRACE] [REI] [REIClientPlugin END] Reloading Section: "reloadable-plugin/SearchProviderImpl/HideIngredientsFromTagsPlugin of HideIngredientsFromTagsPlugin [roughlyenoughitems]/" done in 12.00 μs
[20:47:22] [REI-ReloadPlugins/TRACE] [REI] [REIClientPlugin END] Reloading Section: "reloadable-plugin/SearchProviderImpl/DefaultClientRuntimePlugin of DefaultClientRuntimePlugin [roughlyenoughitems]/"
[20:47:22] [REI-ReloadPlugins/TRACE] [REI] [REIClientPlugin END] Reloading Section: "reloadable-plugin/SearchProviderImpl/DefaultClientRuntimePlugin of DefaultClientRuntimePlugin [roughlyenoughitems]/" done in 35.50 μs
[20:47:22] [REI-ReloadPlugins/TRACE] [REI] [REIClientPlugin END] Reloading Section: "reloadable-plugin/SearchProviderImpl/REIForgePluginStub of REIForgePluginStub [kubejs]/"
[20:47:22] [REI-ReloadPlugins/TRACE] [REI] [REIClientPlugin END] Reloading Section: "reloadable-plugin/SearchProviderImpl/REIForgePluginStub of REIForgePluginStub [kubejs]/" done in 11.20 μs
[20:47:22] [REI-ReloadPlugins/TRACE] [REI] [REIClientPlugin END] Reloading Section: "reloadable-plugin/SearchProviderImpl/" done in 1.074 ms
[20:47:22] [REI-ReloadPlugins/TRACE] [REI] [REIClientPlugin END] Reloading Section: "reloadable-plugin/ConfigManagerImpl/"
[20:47:22] [REI-ReloadPlugins/TRACE] [REI] [REIClientPlugin END] Reloading Section: "reloadable-plugin/ConfigManagerImpl/DefaultClientPluginImpl of DefaultClientPluginImpl [roughlyenoughitems]/"
[20:47:22] [REI-ReloadPlugins/TRACE] [REI] [REIClientPlugin END] Reloading Section: "reloadable-plugin/ConfigManagerImpl/DefaultClientPluginImpl of DefaultClientPluginImpl [roughlyenoughitems]/" done in 11.30 μs
[20:47:22] [REI-ReloadPlugins/TRACE] [REI] [REIClientPlugin END] Reloading Section: "reloadable-plugin/ConfigManagerImpl/JEI Plugin [CreateAdditionJEI:createaddition:jei_plugin] of REI Plugin Compatibilities Adapter [rei_plugin_compatibilities, jei]/"
[20:47:22] [REI-ReloadPlugins/TRACE] [REI] [REIClientPlugin END] Reloading Section: "reloadable-plugin/ConfigManagerImpl/JEI Plugin [CreateAdditionJEI:createaddition:jei_plugin] of REI Plugin Compatibilities Adapter [rei_plugin_compatibilities, jei]/" done in 12.40 μs
[20:47:22] [REI-ReloadPlugins/TRACE] [REI] [REIClientPlugin END] Reloading Section: "reloadable-plugin/ConfigManagerImpl/JEI Plugin [PolyJEIPlugin:polylib:jei_plugin] of REI Plugin Compatibilities Adapter [rei_plugin_compatibilities, jei]/"
[20:47:22] [REI-ReloadPlugins/TRACE] [REI] [REIClientPlugin END] Reloading Section: "reloadable-plugin/ConfigManagerImpl/JEI Plugin [PolyJEIPlugin:polylib:jei_plugin] of REI Plugin Compatibilities Adapter [rei_plugin_compatibilities, jei]/" done in 11.00 μs
[20:47:22] [REI-ReloadPlugins/TRACE] [REI] [REIClientPlugin END] Reloading Section: "reloadable-plugin/ConfigManagerImpl/JEI Plugin [GTSEJEIPlugin:gregtech_steam_expansion:jei_plugin] of REI Plugin Compatibilities Adapter [rei_plugin_compatibilities, jei]/"
[20:47:22] [REI-ReloadPlugins/TRACE] [REI] [REIClientPlugin END] Reloading Section: "reloadable-plugin/ConfigManagerImpl/JEI Plugin [GTSEJEIPlugin:gregtech_steam_expansion:jei_plugin] of REI Plugin Compatibilities Adapter [rei_plugin_compatibilities, jei]/" done in 11.40 μs
[20:47:22] [REI-ReloadPlugins/TRACE] [REI] [REIClientPlugin END] Reloading Section: "reloadable-plugin/ConfigManagerImpl/JEI Plugin [GTJEIPlugin:gtceu:jei_plugin] of REI Plugin Compatibilities Adapter [rei_plugin_compatibilities, jei]/"
[20:47:22] [REI-ReloadPlugins/TRACE] [REI] [REIClientPlugin END] Reloading Section: "reloadable-plugin/ConfigManagerImpl/JEI Plugin [GTJEIPlugin:gtceu:jei_plugin] of REI Plugin Compatibilities Adapter [rei_plugin_compatibilities, jei]/" done in 10.80 μs
[20:47:22] [REI-ReloadPlugins/TRACE] [REI] [REIClientPlugin END] Reloading Section: "reloadable-plugin/ConfigManagerImpl/JEI Plugin [JEIIntegration:ftblibrary:jei] of REI Plugin Compatibilities Adapter [rei_plugin_compatibilities, jei]/"
[20:47:22] [REI-ReloadPlugins/TRACE] [REI] [REIClientPlugin END] Reloading Section: "reloadable-plugin/ConfigManagerImpl/JEI Plugin [JEIIntegration:ftblibrary:jei] of REI Plugin Compatibilities Adapter [rei_plugin_compatibilities, jei]/" done in 11.10 μs
[20:47:22] [REI-ReloadPlugins/TRACE] [REI] [REIClientPlugin END] Reloading Section: "reloadable-plugin/ConfigManagerImpl/JEI Plugin [JEIPlugin:kubejs:jei] of REI Plugin Compatibilities Adapter [rei_plugin_compatibilities, jei]/"
[20:47:22] [REI-ReloadPlugins/TRACE] [REI] [REIClientPlugin END] Reloading Section: "reloadable-plugin/ConfigManagerImpl/JEI Plugin [JEIPlugin:kubejs:jei] of REI Plugin Compatibilities Adapter [rei_plugin_compatibilities, jei]/" done in 11.00 μs
[20:47:22] [REI-ReloadPlugins/TRACE] [REI] [REIClientPlugin END] Reloading Section: "reloadable-plugin/ConfigManagerImpl/JEI Plugin [JEIIntegration:fluxnetworks:jei] of REI Plugin Compatibilities Adapter [rei_plugin_compatibilities, jei]/"
[20:47:22] [REI-ReloadPlugins/TRACE] [REI] [REIClientPlugin END] Reloading Section: "reloadable-plugin/ConfigManagerImpl/JEI Plugin [JEIIntegration:fluxnetworks:jei] of REI Plugin Compatibilities Adapter [rei_plugin_compatibilities, jei]/" done in 15.00 μs
[20:47:22] [REI-ReloadPlugins/TRACE] [REI] [REIClientPlugin END] Reloading Section: "reloadable-plugin/ConfigManagerImpl/JEI Plugin [CreateJEI:create:jei_plugin] of REI Plugin Compatibilities Adapter [rei_plugin_compatibilities, jei]/"
[20:47:22] [REI-ReloadPlugins/TRACE] [REI] [REIClientPlugin END] Reloading Section: "reloadable-plugin/ConfigManagerImpl/JEI Plugin [CreateJEI:create:jei_plugin] of REI Plugin Compatibilities Adapter [rei_plugin_compatibilities, jei]/" done in 11.50 μs
[20:47:22] [REI-ReloadPlugins/TRACE] [REI] [REIClientPlugin END] Reloading Section: "reloadable-plugin/ConfigManagerImpl/JEI Plugin [JEIPlugin:ae2:core] of REI Plugin Compatibilities Adapter [rei_plugin_compatibilities, jei]/"
[20:47:22] [REI-ReloadPlugins/TRACE] [REI] [REIClientPlugin END] Reloading Section: "reloadable-plugin/ConfigManagerImpl/JEI Plugin [JEIPlugin:ae2:core] of REI Plugin Compatibilities Adapter [rei_plugin_compatibilities, jei]/" done in 17.40 μs
[20:47:22] [REI-ReloadPlugins/TRACE] [REI] [REIClientPlugin END] Reloading Section: "reloadable-plugin/ConfigManagerImpl/JEI Plugin [JEICompat:jade:main] of REI Plugin Compatibilities Adapter [rei_plugin_compatibilities, jei]/"
[20:47:22] [REI-ReloadPlugins/TRACE] [REI] [REIClientPlugin END] Reloading Section: "reloadable-plugin/ConfigManagerImpl/JEI Plugin [JEICompat:jade:main] of REI Plugin Compatibilities Adapter [rei_plugin_compatibilities, jei]/" done in 11.10 μs
[20:47:22] [REI-ReloadPlugins/TRACE] [REI] [REIClientPlugin END] Reloading Section: "reloadable-plugin/ConfigManagerImpl/JEI Plugin [JEIPlugin:ldlib:jei_plugin] of REI Plugin Compatibilities Adapter [rei_plugin_compatibilities, jei]/"
[20:47:22] [REI-ReloadPlugins/TRACE] [REI] [REIClientPlugin END] Reloading Section: "reloadable-plugin/ConfigManagerImpl/JEI Plugin [JEIPlugin:ldlib:jei_plugin] of REI Plugin Compatibilities Adapter [rei_plugin_compatibilities, jei]/" done in 11.20 μs
[20:47:22] [REI-ReloadPlugins/TRACE] [REI] [REIClientPlugin END] Reloading Section: "reloadable-plugin/ConfigManagerImpl/JEI Plugin [BCJeiPlugin:bibliocraft:jei_plugin] of REI Plugin Compatibilities Adapter [rei_plugin_compatibilities, jei]/"
[20:47:22] [REI-ReloadPlugins/TRACE] [REI] [REIClientPlugin END] Reloading Section: "reloadable-plugin/ConfigManagerImpl/JEI Plugin [BCJeiPlugin:bibliocraft:jei_plugin] of REI Plugin Compatibilities Adapter [rei_plugin_compatibilities, jei]/" done in 10.90 μs
[20:47:22] [REI-ReloadPlugins/TRACE] [REI] [REIClientPlugin END] Reloading Section: "reloadable-plugin/ConfigManagerImpl/GTREIPlugin of GTREIPlugin [gtceu]/"
[20:47:22] [REI-ReloadPlugins/TRACE] [REI] [REIClientPlugin END] Reloading Section: "reloadable-plugin/ConfigManagerImpl/GTREIPlugin of GTREIPlugin [gtceu]/" done in 13.20 μs
[20:47:22] [REI-ReloadPlugins/TRACE] [REI] [REIClientPlugin END] Reloading Section: "reloadable-plugin/ConfigManagerImpl/FramedReiPlugin of FramedReiPlugin [framedblocks]/"
[20:47:22] [REI-ReloadPlugins/TRACE] [REI] [REIClientPlugin END] Reloading Section: "reloadable-plugin/ConfigManagerImpl/FramedReiPlugin of FramedReiPlugin [framedblocks]/" done in 10.90 μs
[20:47:22] [REI-ReloadPlugins/TRACE] [REI] [REIClientPlugin END] Reloading Section: "reloadable-plugin/ConfigManagerImpl/REIPluginImpl of REIPluginImpl [ldlib]/"
[20:47:22] [REI-ReloadPlugins/TRACE] [REI] [REIClientPlugin END] Reloading Section: "reloadable-plugin/ConfigManagerImpl/REIPluginImpl of REIPluginImpl [ldlib]/" done in 11.40 μs
[20:47:22] [REI-ReloadPlugins/TRACE] [REI] [REIClientPlugin END] Reloading Section: "reloadable-plugin/ConfigManagerImpl/REI Plugin Compatibilities Client Handler of REI Plugin Compatibilities Client Handler [rei_plugin_compatibilities, jei]/"
[20:47:22] [REI-ReloadPlugins/TRACE] [REI] [REIClientPlugin END] Reloading Section: "reloadable-plugin/ConfigManagerImpl/REI Plugin Compatibilities Client Handler of REI Plugin Compatibilities Client Handler [rei_plugin_compatibilities, jei]/" done in 12.30 μs
[20:47:22] [REI-ReloadPlugins/TRACE] [REI] [REIClientPlugin END] Reloading Section: "reloadable-plugin/ConfigManagerImpl/REIForgePluginStub of REIForgePluginStub [ftblibrary]/"
[20:47:22] [REI-ReloadPlugins/TRACE] [REI] [REIClientPlugin END] Reloading Section: "reloadable-plugin/ConfigManagerImpl/REIForgePluginStub of REIForgePluginStub [ftblibrary]/" done in 10.90 μs
[20:47:22] [REI-ReloadPlugins/TRACE] [REI] [REIClientPlugin END] Reloading Section: "reloadable-plugin/ConfigManagerImpl/AE2 of AE2 [ae2]/"
[20:47:22] [REI-ReloadPlugins/TRACE] [REI] [REIClientPlugin END] Reloading Section: "reloadable-plugin/ConfigManagerImpl/AE2 of AE2 [ae2]/" done in 11.00 μs
[20:47:22] [REI-ReloadPlugins/TRACE] [REI] [REIClientPlugin END] Reloading Section: "reloadable-plugin/ConfigManagerImpl/HideIngredientsFromTagsPlugin of HideIngredientsFromTagsPlugin [roughlyenoughitems]/"
[20:47:22] [REI-ReloadPlugins/TRACE] [REI] [REIClientPlugin END] Reloading Section: "reloadable-plugin/ConfigManagerImpl/HideIngredientsFromTagsPlugin of HideIngredientsFromTagsPlugin [roughlyenoughitems]/" done in 11.20 μs
[20:47:22] [REI-ReloadPlugins/TRACE] [REI] [REIClientPlugin END] Reloading Section: "reloadable-plugin/ConfigManagerImpl/DefaultClientRuntimePlugin of DefaultClientRuntimePlugin [roughlyenoughitems]/"
[20:47:22] [REI-ReloadPlugins/TRACE] [REI] [REIClientPlugin END] Reloading Section: "reloadable-plugin/ConfigManagerImpl/DefaultClientRuntimePlugin of DefaultClientRuntimePlugin [roughlyenoughitems]/" done in 10.80 μs
[20:47:22] [REI-ReloadPlugins/TRACE] [REI] [REIClientPlugin END] Reloading Section: "reloadable-plugin/ConfigManagerImpl/REIForgePluginStub of REIForgePluginStub [kubejs]/"
[20:47:22] [REI-ReloadPlugins/TRACE] [REI] [REIClientPlugin END] Reloading Section: "reloadable-plugin/ConfigManagerImpl/REIForgePluginStub of REIForgePluginStub [kubejs]/" done in 11.00 μs
[20:47:22] [REI-ReloadPlugins/TRACE] [REI] [REIClientPlugin END] Reloading Section: "reloadable-plugin/ConfigManagerImpl/" done in 753.7 μs
[20:47:22] [REI-ReloadPlugins/TRACE] [REI] [REIClientPlugin END] Reloading Section: "reloadable-plugin/EntryRegistryImpl/"
[20:47:22] [REI-ReloadPlugins/TRACE] [REI] [REIClientPlugin END] Reloading Section: "reloadable-plugin/EntryRegistryImpl/DefaultClientPluginImpl of DefaultClientPluginImpl [roughlyenoughitems]/"
[20:47:22] [REI-ReloadPlugins/TRACE] [REI] [REIClientPlugin END] Reloading Section: "reloadable-plugin/EntryRegistryImpl/DefaultClientPluginImpl of DefaultClientPluginImpl [roughlyenoughitems]/" done in 16.20 μs
[20:47:22] [REI-ReloadPlugins/TRACE] [REI] [REIClientPlugin END] Reloading Section: "reloadable-plugin/EntryRegistryImpl/JEI Plugin [CreateAdditionJEI:createaddition:jei_plugin] of REI Plugin Compatibilities Adapter [rei_plugin_compatibilities, jei]/"
[20:47:22] [REI-ReloadPlugins/TRACE] [REI] [REIClientPlugin END] Reloading Section: "reloadable-plugin/EntryRegistryImpl/JEI Plugin [CreateAdditionJEI:createaddition:jei_plugin] of REI Plugin Compatibilities Adapter [rei_plugin_compatibilities, jei]/" done in 11.90 μs
[20:47:22] [REI-ReloadPlugins/TRACE] [REI] [REIClientPlugin END] Reloading Section: "reloadable-plugin/EntryRegistryImpl/JEI Plugin [PolyJEIPlugin:polylib:jei_plugin] of REI Plugin Compatibilities Adapter [rei_plugin_compatibilities, jei]/"
[20:47:22] [REI-ReloadPlugins/TRACE] [REI] [REIClientPlugin END] Reloading Section: "reloadable-plugin/EntryRegistryImpl/JEI Plugin [PolyJEIPlugin:polylib:jei_plugin] of REI Plugin Compatibilities Adapter [rei_plugin_compatibilities, jei]/" done in 10.80 μs
[20:47:22] [REI-ReloadPlugins/TRACE] [REI] [REIClientPlugin END] Reloading Section: "reloadable-plugin/EntryRegistryImpl/JEI Plugin [GTSEJEIPlugin:gregtech_steam_expansion:jei_plugin] of REI Plugin Compatibilities Adapter [rei_plugin_compatibilities, jei]/"
[20:47:22] [REI-ReloadPlugins/TRACE] [REI] [REIClientPlugin END] Reloading Section: "reloadable-plugin/EntryRegistryImpl/JEI Plugin [GTSEJEIPlugin:gregtech_steam_expansion:jei_plugin] of REI Plugin Compatibilities Adapter [rei_plugin_compatibilities, jei]/" done in 11.70 μs
[20:47:22] [REI-ReloadPlugins/TRACE] [REI] [REIClientPlugin END] Reloading Section: "reloadable-plugin/EntryRegistryImpl/JEI Plugin [GTJEIPlugin:gtceu:jei_plugin] of REI Plugin Compatibilities Adapter [rei_plugin_compatibilities, jei]/"
[20:47:22] [REI-ReloadPlugins/TRACE] [REI] [REIClientPlugin END] Reloading Section: "reloadable-plugin/EntryRegistryImpl/JEI Plugin [GTJEIPlugin:gtceu:jei_plugin] of REI Plugin Compatibilities Adapter [rei_plugin_compatibilities, jei]/" done in 11.00 μs
[20:47:22] [REI-ReloadPlugins/TRACE] [REI] [REIClientPlugin END] Reloading Section: "reloadable-plugin/EntryRegistryImpl/JEI Plugin [JEIIntegration:ftblibrary:jei] of REI Plugin Compatibilities Adapter [rei_plugin_compatibilities, jei]/"
[20:47:22] [REI-ReloadPlugins/TRACE] [REI] [REIClientPlugin END] Reloading Section: "reloadable-plugin/EntryRegistryImpl/JEI Plugin [JEIIntegration:ftblibrary:jei] of REI Plugin Compatibilities Adapter [rei_plugin_compatibilities, jei]/" done in 10.80 μs
[20:47:22] [REI-ReloadPlugins/TRACE] [REI] [REIClientPlugin END] Reloading Section: "reloadable-plugin/EntryRegistryImpl/JEI Plugin [JEIPlugin:kubejs:jei] of REI Plugin Compatibilities Adapter [rei_plugin_compatibilities, jei]/"
[20:47:22] [REI-ReloadPlugins/TRACE] [REI] [REIClientPlugin END] Reloading Section: "reloadable-plugin/EntryRegistryImpl/JEI Plugin [JEIPlugin:kubejs:jei] of REI Plugin Compatibilities Adapter [rei_plugin_compatibilities, jei]/" done in 11.10 μs
[20:47:22] [REI-ReloadPlugins/TRACE] [REI] [REIClientPlugin END] Reloading Section: "reloadable-plugin/EntryRegistryImpl/JEI Plugin [JEIIntegration:fluxnetworks:jei] of REI Plugin Compatibilities Adapter [rei_plugin_compatibilities, jei]/"
[20:47:22] [REI-ReloadPlugins/TRACE] [REI] [REIClientPlugin END] Reloading Section: "reloadable-plugin/EntryRegistryImpl/JEI Plugin [JEIIntegration:fluxnetworks:jei] of REI Plugin Compatibilities Adapter [rei_plugin_compatibilities, jei]/" done in 11.00 μs
[20:47:22] [REI-ReloadPlugins/TRACE] [REI] [REIClientPlugin END] Reloading Section: "reloadable-plugin/EntryRegistryImpl/JEI Plugin [CreateJEI:create:jei_plugin] of REI Plugin Compatibilities Adapter [rei_plugin_compatibilities, jei]/"
[20:47:22] [REI-ReloadPlugins/TRACE] [REI] [REIClientPlugin END] Reloading Section: "reloadable-plugin/EntryRegistryImpl/JEI Plugin [CreateJEI:create:jei_plugin] of REI Plugin Compatibilities Adapter [rei_plugin_compatibilities, jei]/" done in 11.20 μs
[20:47:22] [REI-ReloadPlugins/TRACE] [REI] [REIClientPlugin END] Reloading Section: "reloadable-plugin/EntryRegistryImpl/JEI Plugin [JEIPlugin:ae2:core] of REI Plugin Compatibilities Adapter [rei_plugin_compatibilities, jei]/"
[20:47:22] [REI-ReloadPlugins/TRACE] [REI] [REIClientPlugin END] Reloading Section: "reloadable-plugin/EntryRegistryImpl/JEI Plugin [JEIPlugin:ae2:core] of REI Plugin Compatibilities Adapter [rei_plugin_compatibilities, jei]/" done in 11.20 μs
[20:47:22] [REI-ReloadPlugins/TRACE] [REI] [REIClientPlugin END] Reloading Section: "reloadable-plugin/EntryRegistryImpl/JEI Plugin [JEICompat:jade:main] of REI Plugin Compatibilities Adapter [rei_plugin_compatibilities, jei]/"
[20:47:22] [REI-ReloadPlugins/TRACE] [REI] [REIClientPlugin END] Reloading Section: "reloadable-plugin/EntryRegistryImpl/JEI Plugin [JEICompat:jade:main] of REI Plugin Compatibilities Adapter [rei_plugin_compatibilities, jei]/" done in 14.80 μs
[20:47:22] [REI-ReloadPlugins/TRACE] [REI] [REIClientPlugin END] Reloading Section: "reloadable-plugin/EntryRegistryImpl/JEI Plugin [JEIPlugin:ldlib:jei_plugin] of REI Plugin Compatibilities Adapter [rei_plugin_compatibilities, jei]/"
[20:47:22] [REI-ReloadPlugins/TRACE] [REI] [REIClientPlugin END] Reloading Section: "reloadable-plugin/EntryRegistryImpl/JEI Plugin [JEIPlugin:ldlib:jei_plugin] of REI Plugin Compatibilities Adapter [rei_plugin_compatibilities, jei]/" done in 13.30 μs
[20:47:22] [REI-ReloadPlugins/TRACE] [REI] [REIClientPlugin END] Reloading Section: "reloadable-plugin/EntryRegistryImpl/JEI Plugin [BCJeiPlugin:bibliocraft:jei_plugin] of REI Plugin Compatibilities Adapter [rei_plugin_compatibilities, jei]/"
[20:47:22] [REI-ReloadPlugins/TRACE] [REI] [REIClientPlugin END] Reloading Section: "reloadable-plugin/EntryRegistryImpl/JEI Plugin [BCJeiPlugin:bibliocraft:jei_plugin] of REI Plugin Compatibilities Adapter [rei_plugin_compatibilities, jei]/" done in 14.00 μs
[20:47:22] [REI-ReloadPlugins/TRACE] [REI] [REIClientPlugin END] Reloading Section: "reloadable-plugin/EntryRegistryImpl/GTREIPlugin of GTREIPlugin [gtceu]/"
[20:47:22] [REI-ReloadPlugins/TRACE] [REI] [REIClientPlugin END] Reloading Section: "reloadable-plugin/EntryRegistryImpl/GTREIPlugin of GTREIPlugin [gtceu]/" done in 11.00 μs
[20:47:22] [REI-ReloadPlugins/TRACE] [REI] [REIClientPlugin END] Reloading Section: "reloadable-plugin/EntryRegistryImpl/FramedReiPlugin of FramedReiPlugin [framedblocks]/"
[20:47:22] [REI-ReloadPlugins/TRACE] [REI] [REIClientPlugin END] Reloading Section: "reloadable-plugin/EntryRegistryImpl/FramedReiPlugin of FramedReiPlugin [framedblocks]/" done in 11.20 μs
[20:47:22] [REI-ReloadPlugins/TRACE] [REI] [REIClientPlugin END] Reloading Section: "reloadable-plugin/EntryRegistryImpl/REIPluginImpl of REIPluginImpl [ldlib]/"
[20:47:22] [REI-ReloadPlugins/TRACE] [REI] [REIClientPlugin END] Reloading Section: "reloadable-plugin/EntryRegistryImpl/REIPluginImpl of REIPluginImpl [ldlib]/" done in 10.80 μs
[20:47:22] [REI-ReloadPlugins/TRACE] [REI] [REIClientPlugin END] Reloading Section: "reloadable-plugin/EntryRegistryImpl/REI Plugin Compatibilities Client Handler of REI Plugin Compatibilities Client Handler [rei_plugin_compatibilities, jei]/"
[20:47:22] [REI-ReloadPlugins/TRACE] [REI] [REIClientPlugin END] Reloading Section: "reloadable-plugin/EntryRegistryImpl/REI Plugin Compatibilities Client Handler of REI Plugin Compatibilities Client Handler [rei_plugin_compatibilities, jei]/" done in 11.20 μs
[20:47:22] [REI-ReloadPlugins/TRACE] [REI] [REIClientPlugin END] Reloading Section: "reloadable-plugin/EntryRegistryImpl/REIForgePluginStub of REIForgePluginStub [ftblibrary]/"
[20:47:22] [REI-ReloadPlugins/TRACE] [REI] [REIClientPlugin END] Reloading Section: "reloadable-plugin/EntryRegistryImpl/REIForgePluginStub of REIForgePluginStub [ftblibrary]/" done in 10.90 μs
[20:47:22] [REI-ReloadPlugins/TRACE] [REI] [REIClientPlugin END] Reloading Section: "reloadable-plugin/EntryRegistryImpl/AE2 of AE2 [ae2]/"
[20:47:22] [REI-ReloadPlugins/TRACE] [REI] [REIClientPlugin END] Reloading Section: "reloadable-plugin/EntryRegistryImpl/AE2 of AE2 [ae2]/" done in 11.10 μs
[20:47:22] [REI-ReloadPlugins/TRACE] [REI] [REIClientPlugin END] Reloading Section: "reloadable-plugin/EntryRegistryImpl/HideIngredientsFromTagsPlugin of HideIngredientsFromTagsPlugin [roughlyenoughitems]/"
[20:47:22] [REI-ReloadPlugins/TRACE] [REI] [REIClientPlugin END] Reloading Section: "reloadable-plugin/EntryRegistryImpl/HideIngredientsFromTagsPlugin of HideIngredientsFromTagsPlugin [roughlyenoughitems]/" done in 13.20 μs
[20:47:22] [REI-ReloadPlugins/TRACE] [REI] [REIClientPlugin END] Reloading Section: "reloadable-plugin/EntryRegistryImpl/DefaultClientRuntimePlugin of DefaultClientRuntimePlugin [roughlyenoughitems]/"
[20:47:22] [REI-ReloadPlugins/TRACE] [REI] [REIClientPlugin END] Reloading Section: "reloadable-plugin/EntryRegistryImpl/DefaultClientRuntimePlugin of DefaultClientRuntimePlugin [roughlyenoughitems]/" done in 10.20 μs
[20:47:22] [REI-ReloadPlugins/TRACE] [REI] [REIClientPlugin END] Reloading Section: "reloadable-plugin/EntryRegistryImpl/REIForgePluginStub of REIForgePluginStub [kubejs]/"
[20:47:22] [REI-ReloadPlugins/TRACE] [REI] [REIClientPlugin END] Reloading Section: "reloadable-plugin/EntryRegistryImpl/REIForgePluginStub of REIForgePluginStub [kubejs]/" done in 11.70 μs
[20:47:22] [REI-ReloadPlugins/TRACE] [REI] [REIClientPlugin END] Reloading Section: "reloadable-plugin/EntryRegistryImpl/" done in 708.3 μs
[20:47:22] [REI-ReloadPlugins/TRACE] [REI] [REIClientPlugin END] Reloading Section: "reloadable-plugin/CollapsibleEntryRegistryImpl/"
[20:47:22] [REI-ReloadPlugins/TRACE] [REI] [REIClientPlugin END] Reloading Section: "reloadable-plugin/CollapsibleEntryRegistryImpl/DefaultClientPluginImpl of DefaultClientPluginImpl [roughlyenoughitems]/"
[20:47:22] [REI-ReloadPlugins/DEBUG] [REI] Added collapsible entry group [roughlyenoughitems:enchanted_book] Enchanted Book with dynamic predicate
[20:47:22] [REI-ReloadPlugins/DEBUG] [REI] Added collapsible entry group [roughlyenoughitems:potion] Potion with dynamic predicate
[20:47:22] [REI-ReloadPlugins/DEBUG] [REI] Added collapsible entry group [roughlyenoughitems:splash_potion] Splash Potion with dynamic predicate
[20:47:22] [REI-ReloadPlugins/DEBUG] [REI] Added collapsible entry group [roughlyenoughitems:lingering_potion] Lingering Potion with dynamic predicate
[20:47:22] [REI-ReloadPlugins/DEBUG] [REI] Added collapsible entry group [roughlyenoughitems:spawn_egg] Spawn Egg with dynamic predicate
[20:47:22] [REI-ReloadPlugins/DEBUG] [REI] Added collapsible entry group [roughlyenoughitems:tipped_arrow] Tipped Arrow with dynamic predicate
[20:47:22] [REI-ReloadPlugins/DEBUG] [REI] Added collapsible entry group [roughlyenoughitems:music_disc] Music Disc with dynamic predicate
[20:47:22] [REI-ReloadPlugins/TRACE] [REI] [REIClientPlugin END] Reloading Section: "reloadable-plugin/CollapsibleEntryRegistryImpl/DefaultClientPluginImpl of DefaultClientPluginImpl [roughlyenoughitems]/" done in 5.651 ms
[20:47:22] [REI-ReloadPlugins/TRACE] [REI] [REIClientPlugin END] Reloading Section: "reloadable-plugin/CollapsibleEntryRegistryImpl/JEI Plugin [CreateAdditionJEI:createaddition:jei_plugin] of REI Plugin Compatibilities Adapter [rei_plugin_compatibilities, jei]/"
[20:47:22] [REI-ReloadPlugins/TRACE] [REI] [REIClientPlugin END] Reloading Section: "reloadable-plugin/CollapsibleEntryRegistryImpl/JEI Plugin [CreateAdditionJEI:createaddition:jei_plugin] of REI Plugin Compatibilities Adapter [rei_plugin_compatibilities, jei]/" done in 24.00 μs
[20:47:22] [REI-ReloadPlugins/TRACE] [REI] [REIClientPlugin END] Reloading Section: "reloadable-plugin/CollapsibleEntryRegistryImpl/JEI Plugin [PolyJEIPlugin:polylib:jei_plugin] of REI Plugin Compatibilities Adapter [rei_plugin_compatibilities, jei]/"
[20:47:22] [REI-ReloadPlugins/TRACE] [REI] [REIClientPlugin END] Reloading Section: "reloadable-plugin/CollapsibleEntryRegistryImpl/JEI Plugin [PolyJEIPlugin:polylib:jei_plugin] of REI Plugin Compatibilities Adapter [rei_plugin_compatibilities, jei]/" done in 11.70 μs
[20:47:22] [REI-ReloadPlugins/TRACE] [REI] [REIClientPlugin END] Reloading Section: "reloadable-plugin/CollapsibleEntryRegistryImpl/JEI Plugin [GTSEJEIPlugin:gregtech_steam_expansion:jei_plugin] of REI Plugin Compatibilities Adapter [rei_plugin_compatibilities, jei]/"
[20:47:22] [REI-ReloadPlugins/TRACE] [REI] [REIClientPlugin END] Reloading Section: "reloadable-plugin/CollapsibleEntryRegistryImpl/JEI Plugin [GTSEJEIPlugin:gregtech_steam_expansion:jei_plugin] of REI Plugin Compatibilities Adapter [rei_plugin_compatibilities, jei]/" done in 10.80 μs
[20:47:22] [REI-ReloadPlugins/TRACE] [REI] [REIClientPlugin END] Reloading Section: "reloadable-plugin/CollapsibleEntryRegistryImpl/JEI Plugin [GTJEIPlugin:gtceu:jei_plugin] of REI Plugin Compatibilities Adapter [rei_plugin_compatibilities, jei]/"
[20:47:22] [REI-ReloadPlugins/TRACE] [REI] [REIClientPlugin END] Reloading Section: "reloadable-plugin/CollapsibleEntryRegistryImpl/JEI Plugin [GTJEIPlugin:gtceu:jei_plugin] of REI Plugin Compatibilities Adapter [rei_plugin_compatibilities, jei]/" done in 15.00 μs
[20:47:22] [REI-ReloadPlugins/TRACE] [REI] [REIClientPlugin END] Reloading Section: "reloadable-plugin/CollapsibleEntryRegistryImpl/JEI Plugin [JEIIntegration:ftblibrary:jei] of REI Plugin Compatibilities Adapter [rei_plugin_compatibilities, jei]/"
[20:47:22] [REI-ReloadPlugins/TRACE] [REI] [REIClientPlugin END] Reloading Section: "reloadable-plugin/CollapsibleEntryRegistryImpl/JEI Plugin [JEIIntegration:ftblibrary:jei] of REI Plugin Compatibilities Adapter [rei_plugin_compatibilities, jei]/" done in 15.60 μs
[20:47:22] [REI-ReloadPlugins/TRACE] [REI] [REIClientPlugin END] Reloading Section: "reloadable-plugin/CollapsibleEntryRegistryImpl/JEI Plugin [JEIPlugin:kubejs:jei] of REI Plugin Compatibilities Adapter [rei_plugin_compatibilities, jei]/"
[20:47:22] [REI-ReloadPlugins/TRACE] [REI] [REIClientPlugin END] Reloading Section: "reloadable-plugin/CollapsibleEntryRegistryImpl/JEI Plugin [JEIPlugin:kubejs:jei] of REI Plugin Compatibilities Adapter [rei_plugin_compatibilities, jei]/" done in 10.80 μs
[20:47:22] [REI-ReloadPlugins/TRACE] [REI] [REIClientPlugin END] Reloading Section: "reloadable-plugin/CollapsibleEntryRegistryImpl/JEI Plugin [JEIIntegration:fluxnetworks:jei] of REI Plugin Compatibilities Adapter [rei_plugin_compatibilities, jei]/"
[20:47:22] [REI-ReloadPlugins/TRACE] [REI] [REIClientPlugin END] Reloading Section: "reloadable-plugin/CollapsibleEntryRegistryImpl/JEI Plugin [JEIIntegration:fluxnetworks:jei] of REI Plugin Compatibilities Adapter [rei_plugin_compatibilities, jei]/" done in 10.50 μs
[20:47:22] [REI-ReloadPlugins/TRACE] [REI] [REIClientPlugin END] Reloading Section: "reloadable-plugin/CollapsibleEntryRegistryImpl/JEI Plugin [CreateJEI:create:jei_plugin] of REI Plugin Compatibilities Adapter [rei_plugin_compatibilities, jei]/"
[20:47:22] [REI-ReloadPlugins/TRACE] [REI] [REIClientPlugin END] Reloading Section: "reloadable-plugin/CollapsibleEntryRegistryImpl/JEI Plugin [CreateJEI:create:jei_plugin] of REI Plugin Compatibilities Adapter [rei_plugin_compatibilities, jei]/" done in 10.70 μs
[20:47:22] [REI-ReloadPlugins/TRACE] [REI] [REIClientPlugin END] Reloading Section: "reloadable-plugin/CollapsibleEntryRegistryImpl/JEI Plugin [JEIPlugin:ae2:core] of REI Plugin Compatibilities Adapter [rei_plugin_compatibilities, jei]/"
[20:47:22] [REI-ReloadPlugins/TRACE] [REI] [REIClientPlugin END] Reloading Section: "reloadable-plugin/CollapsibleEntryRegistryImpl/JEI Plugin [JEIPlugin:ae2:core] of REI Plugin Compatibilities Adapter [rei_plugin_compatibilities, jei]/" done in 10.70 μs
[20:47:22] [REI-ReloadPlugins/TRACE] [REI] [REIClientPlugin END] Reloading Section: "reloadable-plugin/CollapsibleEntryRegistryImpl/JEI Plugin [JEICompat:jade:main] of REI Plugin Compatibilities Adapter [rei_plugin_compatibilities, jei]/"
[20:47:22] [REI-ReloadPlugins/TRACE] [REI] [REIClientPlugin END] Reloading Section: "reloadable-plugin/CollapsibleEntryRegistryImpl/JEI Plugin [JEICompat:jade:main] of REI Plugin Compatibilities Adapter [rei_plugin_compatibilities, jei]/" done in 10.50 μs
[20:47:22] [REI-ReloadPlugins/TRACE] [REI] [REIClientPlugin END] Reloading Section: "reloadable-plugin/CollapsibleEntryRegistryImpl/JEI Plugin [JEIPlugin:ldlib:jei_plugin] of REI Plugin Compatibilities Adapter [rei_plugin_compatibilities, jei]/"
[20:47:22] [REI-ReloadPlugins/TRACE] [REI] [REIClientPlugin END] Reloading Section: "reloadable-plugin/CollapsibleEntryRegistryImpl/JEI Plugin [JEIPlugin:ldlib:jei_plugin] of REI Plugin Compatibilities Adapter [rei_plugin_compatibilities, jei]/" done in 10.70 μs
[20:47:22] [REI-ReloadPlugins/TRACE] [REI] [REIClientPlugin END] Reloading Section: "reloadable-plugin/CollapsibleEntryRegistryImpl/JEI Plugin [BCJeiPlugin:bibliocraft:jei_plugin] of REI Plugin Compatibilities Adapter [rei_plugin_compatibilities, jei]/"
[20:47:22] [REI-ReloadPlugins/TRACE] [REI] [REIClientPlugin END] Reloading Section: "reloadable-plugin/CollapsibleEntryRegistryImpl/JEI Plugin [BCJeiPlugin:bibliocraft:jei_plugin] of REI Plugin Compatibilities Adapter [rei_plugin_compatibilities, jei]/" done in 11.00 μs
[20:47:22] [REI-ReloadPlugins/TRACE] [REI] [REIClientPlugin END] Reloading Section: "reloadable-plugin/CollapsibleEntryRegistryImpl/GTREIPlugin of GTREIPlugin [gtceu]/"
[20:47:22] [REI-ReloadPlugins/DEBUG] [REI] Added collapsible entry group [gtceu:tool/iv_drill] gtceu.tool.class.iv_drill with 125 entries
[20:47:22] [REI-ReloadPlugins/DEBUG] [REI] Added collapsible entry group [gtceu:tool/ev_drill] gtceu.tool.class.ev_drill with 125 entries
[20:47:22] [REI-ReloadPlugins/DEBUG] [REI] Added collapsible entry group [gtceu:tool/hv_drill] gtceu.tool.class.hv_drill with 125 entries
[20:47:22] [REI-ReloadPlugins/DEBUG] [REI] Added collapsible entry group [gtceu:tool/shovel] Shovel with 161 entries
[20:47:22] [REI-ReloadPlugins/DEBUG] [REI] Added collapsible entry group [gtceu:tool/ev_screwdriver] gtceu.tool.class.ev_screwdriver with 100 entries
[20:47:22] [REI-ReloadPlugins/DEBUG] [REI] Added collapsible entry group [gtceu:tool/buzzsaw] gtceu.tool.class.buzzsaw with 50 entries
[20:47:22] [REI-ReloadPlugins/DEBUG] [REI] Added collapsible entry group [gtceu:tool/axe] Axe with 111 entries
[20:47:22] [REI-ReloadPlugins/DEBUG] [REI] Added collapsible entry group [gtceu:tool/luv_drill] gtceu.tool.class.luv_drill with 125 entries
[20:47:22] [REI-ReloadPlugins/DEBUG] [REI] Added collapsible entry group [gtceu:tool/shears] Shears with 0 entries
[20:47:22] [REI-ReloadPlugins/WARN] [REI] Collapsible entry group [gtceu:tool/shears] Shears has no entries, ignoring.
[20:47:22] [REI-ReloadPlugins/DEBUG] [REI] Added collapsible entry group [gtceu:tool/lv_drill] gtceu.tool.class.lv_drill with 125 entries
[20:47:22] [REI-ReloadPlugins/DEBUG] [REI] Added collapsible entry group [gtceu:tool/mv_drill] gtceu.tool.class.mv_drill with 125 entries
[20:47:22] [REI-ReloadPlugins/DEBUG] [REI] Added collapsible entry group [gtceu:tool/luv_wrench] gtceu.tool.class.luv_wrench with 100 entries
[20:47:22] [REI-ReloadPlugins/DEBUG] [REI] Added collapsible entry group [gtceu:tool/mv_wrench] gtceu.tool.class.mv_wrench with 100 entries
[20:47:22] [REI-ReloadPlugins/DEBUG] [REI] Added collapsible entry group [gtceu:tool/luv_screwdriver] gtceu.tool.class.luv_screwdriver with 100 entries
[20:47:22] [REI-ReloadPlugins/DEBUG] [REI] Added collapsible entry group [gtceu:tool/iv_wrench] gtceu.tool.class.iv_wrench with 100 entries
[20:47:22] [REI-ReloadPlugins/DEBUG] [REI] Added collapsible entry group [gtceu:tool/spade] Spade with 25 entries
[20:47:22] [REI-ReloadPlugins/DEBUG] [REI] Added collapsible entry group [gtceu:tool/luv_chainsaw] gtceu.tool.class.luv_chainsaw with 111 entries
[20:47:22] [REI-ReloadPlugins/DEBUG] [REI] Added collapsible entry group [gtceu:tool/wrench] Wrench with 100 entries
[20:47:22] [REI-ReloadPlugins/DEBUG] [REI] Added collapsible entry group [gtceu:tool/zpm_chainsaw] gtceu.tool.class.zpm_chainsaw with 111 entries
[20:47:22] [REI-ReloadPlugins/DEBUG] [REI] Added collapsible entry group [gtceu:tool/hv_buzzsaw] gtceu.tool.class.hv_buzzsaw with 50 entries
[20:47:22] [REI-ReloadPlugins/DEBUG] [REI] Added collapsible entry group [gtceu:tool/lv_screwdriver] gtceu.tool.class.lv_screwdriver with 100 entries
[20:47:22] [REI-ReloadPlugins/DEBUG] [REI] Added collapsible entry group [gtceu:tool/knife] Knife with 26 entries
[20:47:22] [REI-ReloadPlugins/DEBUG] [REI] Added collapsible entry group [gtceu:tool/mv_screwdriver] gtceu.tool.class.mv_screwdriver with 100 entries
[20:47:22] [REI-ReloadPlugins/DEBUG] [REI] Added collapsible entry group [gtceu:tool/iv_screwdriver] gtceu.tool.class.iv_screwdriver with 100 entries
[20:47:22] [REI-ReloadPlugins/DEBUG] [REI] Added collapsible entry group [gtceu:tool/plunger] Plunger with 6 entries
[20:47:22] [REI-ReloadPlugins/DEBUG] [REI] Added collapsible entry group [gtceu:tool/ev_wrench] gtceu.tool.class.ev_wrench with 100 entries
[20:47:22] [REI-ReloadPlugins/DEBUG] [REI] Added collapsible entry group [gtceu:tool/zpm_wrench] gtceu.tool.class.zpm_wrench with 100 entries
[20:47:22] [REI-ReloadPlugins/DEBUG] [REI] Added collapsible entry group [gtceu:tool/mv_buzzsaw] gtceu.tool.class.mv_buzzsaw with 50 entries
[20:47:22] [REI-ReloadPlugins/DEBUG] [REI] Added collapsible entry group [gtceu:tool/hoe] Hoe with 160 entries
[20:47:22] [REI-ReloadPlugins/DEBUG] [REI] Added collapsible entry group [gtceu:tool/scythe] Scythe with 25 entries
[20:47:22] [REI-ReloadPlugins/DEBUG] [REI] Added collapsible entry group [gtceu:tool/ev_chainsaw] gtceu.tool.class.ev_chainsaw with 111 entries
[20:47:22] [REI-ReloadPlugins/DEBUG] [REI] Added collapsible entry group [gtceu:tool/zpm_wirecutter] gtceu.tool.class.zpm_wirecutter with 100 entries
[20:47:22] [REI-ReloadPlugins/DEBUG] [REI] Added collapsible entry group [gtceu:tool/hammer] Hammer with 25 entries
[20:47:22] [REI-ReloadPlugins/DEBUG] [REI] Added collapsible entry group [gtceu:tool/mortar] Mortar with 8 entries
[20:47:22] [REI-ReloadPlugins/DEBUG] [REI] Added collapsible entry group [gtceu:tool/lv_chainsaw] gtceu.tool.class.lv_chainsaw with 111 entries
[20:47:22] [REI-ReloadPlugins/DEBUG] [REI] Added collapsible entry group [gtceu:tool/pickaxe] Pickaxe with 161 entries
[20:47:22] [REI-ReloadPlugins/DEBUG] [REI] Added collapsible entry group [gtceu:tool/mallet] Soft Mallet with 7 entries
[20:47:22] [REI-ReloadPlugins/DEBUG] [REI] Added collapsible entry group [gtceu:tool/hv_screwdriver] gtceu.tool.class.hv_screwdriver with 100 entries
[20:47:22] [REI-ReloadPlugins/DEBUG] [REI] Added collapsible entry group [gtceu:tool/mv_wirecutter] gtceu.tool.class.mv_wirecutter with 100 entries
[20:47:22] [REI-ReloadPlugins/DEBUG] [REI] Added collapsible entry group [gtceu:tool/luv_wirecutter] gtceu.tool.class.luv_wirecutter with 100 entries
[20:47:22] [REI-ReloadPlugins/DEBUG] [REI] Added collapsible entry group [gtceu:tool/zpm_screwdriver] gtceu.tool.class.zpm_screwdriver with 100 entries
[20:47:22] [REI-ReloadPlugins/DEBUG] [REI] Added collapsible entry group [gtceu:tool/iv_buzzsaw] gtceu.tool.class.iv_buzzsaw with 50 entries
[20:47:22] [REI-ReloadPlugins/DEBUG] [REI] Added collapsible entry group [gtceu:tool/file] File with 25 entries
[20:47:22] [REI-ReloadPlugins/DEBUG] [REI] Added collapsible entry group [gtceu:tool/iv_wirecutter] gtceu.tool.class.iv_wirecutter with 100 entries
[20:47:22] [REI-ReloadPlugins/DEBUG] [REI] Added collapsible entry group [gtceu:tool/lv_wirecutter] gtceu.tool.class.lv_wirecutter with 100 entries
[20:47:22] [REI-ReloadPlugins/DEBUG] [REI] Added collapsible entry group [gtceu:tool/hv_wirecutter] gtceu.tool.class.hv_wirecutter with 100 entries
[20:47:22] [REI-ReloadPlugins/DEBUG] [REI] Added collapsible entry group [gtceu:tool/wire_cutter] Wire Cutter with 100 entries
[20:47:22] [REI-ReloadPlugins/DEBUG] [REI] Added collapsible entry group [gtceu:tool/hv_chainsaw] gtceu.tool.class.hv_chainsaw with 111 entries
[20:47:22] [REI-ReloadPlugins/DEBUG] [REI] Added collapsible entry group [gtceu:tool/lv_wrench] gtceu.tool.class.lv_wrench with 100 entries
[20:47:22] [REI-ReloadPlugins/DEBUG] [REI] Added collapsible entry group [gtceu:tool/mv_chainsaw] gtceu.tool.class.mv_chainsaw with 111 entries
[20:47:22] [REI-ReloadPlugins/DEBUG] [REI] Added collapsible entry group [gtceu:tool/luv_buzzsaw] gtceu.tool.class.luv_buzzsaw with 50 entries
[20:47:22] [REI-ReloadPlugins/DEBUG] [REI] Added collapsible entry group [gtceu:tool/zpm_buzzsaw] gtceu.tool.class.zpm_buzzsaw with 50 entries
[20:47:22] [REI-ReloadPlugins/DEBUG] [REI] Added collapsible entry group [gtceu:tool/ev_buzzsaw] gtceu.tool.class.ev_buzzsaw with 50 entries
[20:47:22] [REI-ReloadPlugins/DEBUG] [REI] Added collapsible entry group [gtceu:tool/mining_hammer] Mining Hammer with 25 entries
[20:47:22] [REI-ReloadPlugins/DEBUG] [REI] Added collapsible entry group [gtceu:tool/saw] Saw with 50 entries
[20:47:22] [REI-ReloadPlugins/DEBUG] [REI] Added collapsible entry group [gtceu:tool/screwdriver] Screwdriver with 100 entries
[20:47:22] [REI-ReloadPlugins/DEBUG] [REI] Added collapsible entry group [gtceu:tool/zpm_drill] gtceu.tool.class.zpm_drill with 125 entries
[20:47:22] [REI-ReloadPlugins/DEBUG] [REI] Added collapsible entry group [gtceu:tool/ev_wirecutter] gtceu.tool.class.ev_wirecutter with 100 entries
[20:47:22] [REI-ReloadPlugins/DEBUG] [REI] Added collapsible entry group [gtceu:tool/iv_chainsaw] gtceu.tool.class.iv_chainsaw with 111 entries
[20:47:22] [REI-ReloadPlugins/DEBUG] [REI] Added collapsible entry group [gtceu:tool/sword] Sword with 35 entries
[20:47:22] [REI-ReloadPlugins/DEBUG] [REI] Added collapsible entry group [gtceu:tool/hv_wrench] gtceu.tool.class.hv_wrench with 100 entries
[20:47:22] [REI-ReloadPlugins/DEBUG] [REI] Added collapsible entry group [gtceu:tool/butchery_knife] Butchery Knife with 25 entries
[20:47:22] [REI-ReloadPlugins/DEBUG] [REI] Added collapsible entry group [gtceu:tool/crowbar] Crowbar with 25 entries
[20:47:22] [REI-ReloadPlugins/DEBUG] [REI] Added collapsible entry group [gtceu:ore/fluorite] Fluorite Ore with 20 entries
[20:47:22] [REI-ReloadPlugins/DEBUG] [REI] Added collapsible entry group [gtceu:ore/bisalloy_400] Bisalloy 400 Ore with 0 entries
[20:47:22] [REI-ReloadPlugins/WARN] [REI] Collapsible entry group [gtceu:ore/bisalloy_400] Bisalloy 400 Ore has no entries, ignoring.
[20:47:22] [REI-ReloadPlugins/DEBUG] [REI] Added collapsible entry group [gtceu:ore/compression_infused_cometal] Compression Infused Cometal Ore with 0 entries
[20:47:22] [REI-ReloadPlugins/WARN] [REI] Collapsible entry group [gtceu:ore/compression_infused_cometal] Compression Infused Cometal Ore has no entries, ignoring.
[20:47:22] [REI-ReloadPlugins/DEBUG] [REI] Added collapsible entry group [gtceu:ore/bathing_infused_cometal] Bathing Infused Cometal Ore with 0 entries
[20:47:22] [REI-ReloadPlugins/WARN] [REI] Collapsible entry group [gtceu:ore/bathing_infused_cometal] Bathing Infused Cometal Ore has no entries, ignoring.
[20:47:22] [REI-ReloadPlugins/DEBUG] [REI] Added collapsible entry group [gtceu:ore/corrosion_tempered_brass] Corrosion Tempered Brass Ore with 0 entries
[20:47:22] [REI-ReloadPlugins/WARN] [REI] Collapsible entry group [gtceu:ore/corrosion_tempered_brass] Corrosion Tempered Brass Ore has no entries, ignoring.
[20:47:22] [REI-ReloadPlugins/DEBUG] [REI] Added collapsible entry group [gtceu:ore/conceptualized_steel] Conceptualized Steel Ore with 0 entries
[20:47:22] [REI-ReloadPlugins/WARN] [REI] Collapsible entry group [gtceu:ore/conceptualized_steel] Conceptualized Steel Ore has no entries, ignoring.
[20:47:22] [REI-ReloadPlugins/DEBUG] [REI] Added collapsible entry group [gtceu:ore/frostbite_magnalium] Frostbite Magnalium Ore with 0 entries
[20:47:22] [REI-ReloadPlugins/WARN] [REI] Collapsible entry group [gtceu:ore/frostbite_magnalium] Frostbite Magnalium Ore has no entries, ignoring.
[20:47:22] [REI-ReloadPlugins/DEBUG] [REI] Added collapsible entry group [gtceu:ore/lava_coated_steel] Lava Coated Steel Ore with 0 entries
[20:47:22] [REI-ReloadPlugins/WARN] [REI] Collapsible entry group [gtceu:ore/lava_coated_steel] Lava Coated Steel Ore has no entries, ignoring.
[20:47:22] [REI-ReloadPlugins/DEBUG] [REI] Added collapsible entry group [gtceu:ore/infernal_alloy] Infernal Alloy Ore with 0 entries
[20:47:22] [REI-ReloadPlugins/WARN] [REI] Collapsible entry group [gtceu:ore/infernal_alloy] Infernal Alloy Ore has no entries, ignoring.
[20:47:22] [REI-ReloadPlugins/DEBUG] [REI] Added collapsible entry group [gtceu:ore/extraction_infused_cometal] Extraction Infused Cometal Ore with 0 entries
[20:47:22] [REI-ReloadPlugins/WARN] [REI] Collapsible entry group [gtceu:ore/extraction_infused_cometal] Extraction Infused Cometal Ore has no entries, ignoring.
[20:47:22] [REI-ReloadPlugins/DEBUG] [REI] Added collapsible entry group [gtceu:ore/cooling_infused_cometal] Cooling Infused Cometal Ore with 0 entries
[20:47:22] [REI-ReloadPlugins/WARN] [REI] Collapsible entry group [gtceu:ore/cooling_infused_cometal] Cooling Infused Cometal Ore has no entries, ignoring.
[20:47:22] [REI-ReloadPlugins/DEBUG] [REI] Added collapsible entry group [gtceu:ore/steam_alloy] Steam Alloy Ore with 0 entries
[20:47:22] [REI-ReloadPlugins/WARN] [REI] Collapsible entry group [gtceu:ore/steam_alloy] Steam Alloy Ore has no entries, ignoring.
[20:47:22] [REI-ReloadPlugins/DEBUG] [REI] Added collapsible entry group [gtceu:ore/titanium_carbide] Titanium Carbide Ore with 0 entries
[20:47:22] [REI-ReloadPlugins/WARN] [REI] Collapsible entry group [gtceu:ore/titanium_carbide] Titanium Carbide Ore has no entries, ignoring.
[20:47:22] [REI-ReloadPlugins/DEBUG] [REI] Added collapsible entry group [gtceu:ore/stainless_steel] Stainless Steel Ore with 0 entries
[20:47:22] [REI-ReloadPlugins/WARN] [REI] Collapsible entry group [gtceu:ore/stainless_steel] Stainless Steel Ore has no entries, ignoring.
[20:47:22] [REI-ReloadPlugins/DEBUG] [REI] Added collapsible entry group [gtceu:ore/cinnabar] Cinnabar Ore with 20 entries
[20:47:22] [REI-ReloadPlugins/DEBUG] [REI] Added collapsible entry group [gtceu:ore/ultimet] Ultimet Ore with 0 entries
[20:47:22] [REI-ReloadPlugins/WARN] [REI] Collapsible entry group [gtceu:ore/ultimet] Ultimet Ore has no entries, ignoring.
[20:47:22] [REI-ReloadPlugins/DEBUG] [REI] Added collapsible entry group [gtceu:ore/hssg] Hssg Ore with 0 entries
[20:47:22] [REI-ReloadPlugins/WARN] [REI] Collapsible entry group [gtceu:ore/hssg] Hssg Ore has no entries, ignoring.
[20:47:22] [REI-ReloadPlugins/DEBUG] [REI] Added collapsible entry group [gtceu:ore/blue_topaz] Blue Topaz Ore with 20 entries
[20:47:22] [REI-ReloadPlugins/DEBUG] [REI] Added collapsible entry group [gtceu:ore/ruridit] Ruridit Ore with 0 entries
[20:47:22] [REI-ReloadPlugins/WARN] [REI] Collapsible entry group [gtceu:ore/ruridit] Ruridit Ore has no entries, ignoring.
[20:47:22] [REI-ReloadPlugins/DEBUG] [REI] Added collapsible entry group [gtceu:ore/malachite] Malachite Ore with 20 entries
[20:47:22] [REI-ReloadPlugins/DEBUG] [REI] Added collapsible entry group [gtceu:ore/ruby] Ruby Ore with 20 entries
[20:47:22] [REI-ReloadPlugins/DEBUG] [REI] Added collapsible entry group [gtceu:ore/certus_quartz] Certus Quartz Ore with 20 entries
[20:47:22] [REI-ReloadPlugins/DEBUG] [REI] Added collapsible entry group [gtceu:ore/neodymium] Neodymium Ore with 20 entries
[20:47:22] [REI-ReloadPlugins/DEBUG] [REI] Added collapsible entry group [gtceu:ore/salt] Salt Ore with 20 entries
[20:47:22] [REI-ReloadPlugins/DEBUG] [REI] Added collapsible entry group [gtceu:ore/pyrope] Pyrope Ore with 20 entries
[20:47:22] [REI-ReloadPlugins/DEBUG] [REI] Added collapsible entry group [gtceu:ore/nickel] Nickel Ore with 20 entries
[20:47:22] [REI-ReloadPlugins/DEBUG] [REI] Added collapsible entry group [gtceu:ore/silver] Silver Ore with 20 entries
[20:47:22] [REI-ReloadPlugins/DEBUG] [REI] Added collapsible entry group [gtceu:ore/invar] Invar Ore with 0 entries
[20:47:22] [REI-ReloadPlugins/WARN] [REI] Collapsible entry group [gtceu:ore/invar] Invar Ore has no entries, ignoring.
[20:47:22] [REI-ReloadPlugins/DEBUG] [REI] Added collapsible entry group [gtceu:ore/lead] Lead Ore with 20 entries
[20:47:22] [REI-ReloadPlugins/DEBUG] [REI] Added collapsible entry group [gtceu:ore/hsse] Hsse Ore with 0 entries
[20:47:22] [REI-ReloadPlugins/WARN] [REI] Collapsible entry group [gtceu:ore/hsse] Hsse Ore has no entries, ignoring.
[20:47:22] [REI-ReloadPlugins/DEBUG] [REI] Added collapsible entry group [gtceu:ore/sodalite] Sodalite Ore with 20 entries
[20:47:22] [REI-ReloadPlugins/DEBUG] [REI] Added collapsible entry group [gtceu:ore/tritanium] Tritanium Ore with 0 entries
[20:47:22] [REI-ReloadPlugins/WARN] [REI] Collapsible entry group [gtceu:ore/tritanium] Tritanium Ore has no entries, ignoring.
[20:47:22] [REI-ReloadPlugins/DEBUG] [REI] Added collapsible entry group [gtceu:ore/quartzite] Quartzite Ore with 20 entries
[20:47:22] [REI-ReloadPlugins/DEBUG] [REI] Added collapsible entry group [gtceu:ore/incoloy_ma_956] Incoloy Ma 956 Ore with 0 entries
[20:47:22] [REI-ReloadPlugins/WARN] [REI] Collapsible entry group [gtceu:ore/incoloy_ma_956] Incoloy Ma 956 Ore has no entries, ignoring.
[20:47:22] [REI-ReloadPlugins/DEBUG] [REI] Added collapsible entry group [gtceu:ore/almandine] Almandine Ore with 20 entries
[20:47:22] [REI-ReloadPlugins/DEBUG] [REI] Added collapsible entry group [gtceu:ore/blue_alloy] Blue Alloy Ore with 0 entries
[20:47:22] [REI-ReloadPlugins/WARN] [REI] Collapsible entry group [gtceu:ore/blue_alloy] Blue Alloy Ore has no entries, ignoring.
[20:47:22] [REI-ReloadPlugins/DEBUG] [REI] Added collapsible entry group [gtceu:ore/beryllium] Beryllium Ore with 20 entries
[20:47:22] [REI-ReloadPlugins/DEBUG] [REI] Added collapsible entry group [gtceu:ore/infinity] Infinity Ore with 20 entries
[20:47:22] [REI-ReloadPlugins/DEBUG] [REI] Added collapsible entry group [gtceu:ore/watertight_steel] Watertight Steel Ore with 0 entries
[20:47:22] [REI-ReloadPlugins/WARN] [REI] Collapsible entry group [gtceu:ore/watertight_steel] Watertight Steel Ore has no entries, ignoring.
[20:47:22] [REI-ReloadPlugins/DEBUG] [REI] Added collapsible entry group [gtceu:ore/grossular] Grossular Ore with 20 entries
[20:47:22] [REI-ReloadPlugins/DEBUG] [REI] Added collapsible entry group [gtceu:ore/sapphire] Sapphire Ore with 20 entries
[20:47:22] [REI-ReloadPlugins/DEBUG] [REI] Added collapsible entry group [gtceu:ore/neutronium] Neutronium Ore with 0 entries
[20:47:22] [REI-ReloadPlugins/WARN] [REI] Collapsible entry group [gtceu:ore/neutronium] Neutronium Ore has no entries, ignoring.
[20:47:22] [REI-ReloadPlugins/DEBUG] [REI] Added collapsible entry group [gtceu:ore/tungsten] Tungsten Ore with 0 entries
[20:47:22] [REI-ReloadPlugins/WARN] [REI] Collapsible entry group [gtceu:ore/tungsten] Tungsten Ore has no entries, ignoring.
[20:47:22] [REI-ReloadPlugins/DEBUG] [REI] Added collapsible entry group [gtceu:ore/polytetrafluoroethylene] Polytetrafluoroethylene Ore with 0 entries
[20:47:22] [REI-ReloadPlugins/WARN] [REI] Collapsible entry group [gtceu:ore/polytetrafluoroethylene] Polytetrafluoroethylene Ore has no entries, ignoring.
[20:47:22] [REI-ReloadPlugins/DEBUG] [REI] Added collapsible entry group [gtceu:ore/aluminium] Aluminium Ore with 20 entries
[20:47:22] [REI-ReloadPlugins/DEBUG] [REI] Added collapsible entry group [gtceu:ore/red_garnet] Red Garnet Ore with 20 entries
[20:47:22] [REI-ReloadPlugins/DEBUG] [REI] Added collapsible entry group [gtceu:ore/naquadah_alloy] Naquadah Alloy Ore with 0 entries
[20:47:22] [REI-ReloadPlugins/WARN] [REI] Collapsible entry group [gtceu:ore/naquadah_alloy] Naquadah Alloy Ore has no entries, ignoring.
[20:47:22] [REI-ReloadPlugins/DEBUG] [REI] Added collapsible entry group [gtceu:ore/olivine] Olivine Ore with 20 entries
[20:47:22] [REI-ReloadPlugins/DEBUG] [REI] Added collapsible entry group [gtceu:ore/titanium] Titanium Ore with 20 entries
[20:47:22] [REI-ReloadPlugins/DEBUG] [REI] Added collapsible entry group [gtceu:ore/hastelloy_x] Hastelloy X Ore with 0 entries
[20:47:22] [REI-ReloadPlugins/WARN] [REI] Collapsible entry group [gtceu:ore/hastelloy_x] Hastelloy X Ore has no entries, ignoring.
[20:47:22] [REI-ReloadPlugins/DEBUG] [REI] Added collapsible entry group [gtceu:ore/electrum] Electrum Ore with 0 entries
[20:47:22] [REI-ReloadPlugins/WARN] [REI] Collapsible entry group [gtceu:ore/electrum] Electrum Ore has no entries, ignoring.
[20:47:22] [REI-ReloadPlugins/DEBUG] [REI] Added collapsible entry group [gtceu:ore/shadow_steel] Shadow Steel Ore with 0 entries
[20:47:22] [REI-ReloadPlugins/WARN] [REI] Collapsible entry group [gtceu:ore/shadow_steel] Shadow Steel Ore has no entries, ignoring.
[20:47:22] [REI-ReloadPlugins/DEBUG] [REI] Added collapsible entry group [gtceu:ore/hsla_steel] Hsla Steel Ore with 0 entries
[20:47:22] [REI-ReloadPlugins/WARN] [REI] Collapsible entry group [gtceu:ore/hsla_steel] Hsla Steel Ore has no entries, ignoring.
[20:47:22] [REI-ReloadPlugins/DEBUG] [REI] Added collapsible entry group [gtceu:ore/hastelloy_c_276] Hastelloy C 276 Ore with 0 entries
[20:47:22] [REI-ReloadPlugins/WARN] [REI] Collapsible entry group [gtceu:ore/hastelloy_c_276] Hastelloy C 276 Ore has no entries, ignoring.
[20:47:22] [REI-ReloadPlugins/DEBUG] [REI] Added collapsible entry group [gtceu:ore/bronze] Bronze Ore with 0 entries
[20:47:22] [REI-ReloadPlugins/WARN] [REI] Collapsible entry group [gtceu:ore/bronze] Bronze Ore has no entries, ignoring.
[20:47:22] [REI-ReloadPlugins/DEBUG] [REI] Added collapsible entry group [gtceu:ore/yellow_garnet] Yellow Garnet Ore with 20 entries
[20:47:22] [REI-ReloadPlugins/DEBUG] [REI] Added collapsible entry group [gtceu:ore/tin] Tin Ore with 20 entries
[20:47:22] [REI-ReloadPlugins/DEBUG] [REI] Added collapsible entry group [gtceu:ore/palladium] Palladium Ore with 20 entries
[20:47:22] [REI-ReloadPlugins/DEBUG] [REI] Added collapsible entry group [gtceu:ore/space_neutronium] Space Neutronium Ore with 20 entries
[20:47:22] [REI-ReloadPlugins/DEBUG] [REI] Added collapsible entry group [gtceu:ore/hsss] Hsss Ore with 0 entries
[20:47:22] [REI-ReloadPlugins/WARN] [REI] Collapsible entry group [gtceu:ore/hsss] Hsss Ore has no entries, ignoring.
[20:47:22] [REI-ReloadPlugins/DEBUG] [REI] Added collapsible entry group [gtceu:ore/realgar] Realgar Ore with 20 entries
[20:47:22] [REI-ReloadPlugins/DEBUG] [REI] Added collapsible entry group [gtceu:ore/platinum] Platinum Ore with 20 entries
[20:47:22] [REI-ReloadPlugins/DEBUG] [REI] Added collapsible entry group [gtceu:ore/mar_m_200_steel] Mar M 200 Steel Ore with 0 entries
[20:47:22] [REI-ReloadPlugins/WARN] [REI] Collapsible entry group [gtceu:ore/mar_m_200_steel] Mar M 200 Steel Ore has no entries, ignoring.
[20:47:22] [REI-ReloadPlugins/DEBUG] [REI] Added collapsible entry group [gtceu:ore/refined_radiance] Refined Radiance Ore with 0 entries
[20:47:22] [REI-ReloadPlugins/WARN] [REI] Collapsible entry group [gtceu:ore/refined_radiance] Refined Radiance Ore has no entries, ignoring.
[20:47:22] [REI-ReloadPlugins/DEBUG] [REI] Added collapsible entry group [gtceu:ore/tungsten_carbide] Tungsten Carbide Ore with 0 entries
[20:47:22] [REI-ReloadPlugins/WARN] [REI] Collapsible entry group [gtceu:ore/tungsten_carbide] Tungsten Carbide Ore has no entries, ignoring.
[20:47:22] [REI-ReloadPlugins/DEBUG] [REI] Added collapsible entry group [gtceu:ore/rock_salt] Rock Salt Ore with 20 entries
[20:47:22] [REI-ReloadPlugins/DEBUG] [REI] Added collapsible entry group [gtceu:ore/arcane_crystal] Arcane Crystal Ore with 20 entries
[20:47:22] [REI-ReloadPlugins/DEBUG] [REI] Added collapsible entry group [gtceu:ore/spessartine] Spessartine Ore with 20 entries
[20:47:22] [REI-ReloadPlugins/DEBUG] [REI] Added collapsible entry group [gtceu:ore/monazite] Monazite Ore with 20 entries
[20:47:22] [REI-ReloadPlugins/DEBUG] [REI] Added collapsible entry group [gtceu:ore/iridium] Iridium Ore with 0 entries
[20:47:22] [REI-ReloadPlugins/WARN] [REI] Collapsible entry group [gtceu:ore/iridium] Iridium Ore has no entries, ignoring.
[20:47:22] [REI-ReloadPlugins/DEBUG] [REI] Added collapsible entry group [gtceu:ore/opal] Opal Ore with 20 entries
[20:47:22] [REI-ReloadPlugins/DEBUG] [REI] Added collapsible entry group [gtceu:ore/black_matter] Black Matter Ore with 0 entries
[20:47:22] [REI-ReloadPlugins/WARN] [REI] Collapsible entry group [gtceu:ore/black_matter] Black Matter Ore has no entries, ignoring.
[20:47:22] [REI-ReloadPlugins/DEBUG] [REI] Added collapsible entry group [gtceu:ore/tungsten_steel] Tungsten Steel Ore with 0 entries
[20:47:22] [REI-ReloadPlugins/WARN] [REI] Collapsible entry group [gtceu:ore/tungsten_steel] Tungsten Steel Ore has no entries, ignoring.
[20:47:22] [REI-ReloadPlugins/DEBUG] [REI] Added collapsible entry group [gtceu:ore/polybenzimidazole] Polybenzimidazole Ore with 0 entries
[20:47:22] [REI-ReloadPlugins/WARN] [REI] Collapsible entry group [gtceu:ore/polybenzimidazole] Polybenzimidazole Ore has no entries, ignoring.
[20:47:22] [REI-ReloadPlugins/DEBUG] [REI] Added collapsible entry group [gtceu:ore/blue_steel] Blue Steel Ore with 0 entries
[20:47:22] [REI-ReloadPlugins/WARN] [REI] Collapsible entry group [gtceu:ore/blue_steel] Blue Steel Ore has no entries, ignoring.
[20:47:22] [REI-ReloadPlugins/DEBUG] [REI] Added collapsible entry group [gtceu:ore/maraging_steel_300] Maraging Steel 300 Ore with 0 entries
[20:47:22] [REI-ReloadPlugins/WARN] [REI] Collapsible entry group [gtceu:ore/maraging_steel_300] Maraging Steel 300 Ore has no entries, ignoring.
[20:47:22] [REI-ReloadPlugins/DEBUG] [REI] Added collapsible entry group [gtceu:ore/cobalt] Cobalt Ore with 20 entries
[20:47:22] [REI-ReloadPlugins/DEBUG] [REI] Added collapsible entry group [gtceu:ore/thorium] Thorium Ore with 20 entries
[20:47:22] [REI-ReloadPlugins/DEBUG] [REI] Added collapsible entry group [gtceu:ore/green_sapphire] Green Sapphire Ore with 20 entries
[20:47:22] [REI-ReloadPlugins/DEBUG] [REI] Added collapsible entry group [gtceu:ore/plutonium] Plutonium Ore with 20 entries
[20:47:22] [REI-ReloadPlugins/DEBUG] [REI] Added collapsible entry group [gtceu:ore/black_steel] Black Steel Ore with 0 entries
[20:47:22] [REI-ReloadPlugins/WARN] [REI] Collapsible entry group [gtceu:ore/black_steel] Black Steel Ore has no entries, ignoring.
[20:47:22] [REI-ReloadPlugins/DEBUG] [REI] Added collapsible entry group [gtceu:ore/molybdenum] Molybdenum Ore with 20 entries
[20:47:22] [REI-ReloadPlugins/DEBUG] [REI] Added collapsible entry group [gtceu:ore/topaz] Topaz Ore with 20 entries
[20:47:22] [REI-ReloadPlugins/DEBUG] [REI] Added collapsible entry group [gtceu:ore/steel] Steel Ore with 0 entries
[20:47:22] [REI-ReloadPlugins/WARN] [REI] Collapsible entry group [gtceu:ore/steel] Steel Ore has no entries, ignoring.
[20:47:22] [REI-ReloadPlugins/DEBUG] [REI] Added collapsible entry group [gtceu:ore/naquadah] Naquadah Ore with 20 entries
[20:47:22] [REI-ReloadPlugins/DEBUG] [REI] Added collapsible entry group [gtceu:ore/lazurite] Lazurite Ore with 20 entries
[20:47:22] [REI-ReloadPlugins/DEBUG] [REI] Added collapsible entry group [gtceu:ore/apatite] Apatite Ore with 20 entries
[20:47:22] [REI-ReloadPlugins/DEBUG] [REI] Added collapsible entry group [gtceu:ore/europium] Europium Ore with 0 entries
[20:47:22] [REI-ReloadPlugins/WARN] [REI] Collapsible entry group [gtceu:ore/europium] Europium Ore has no entries, ignoring.
[20:47:22] [REI-ReloadPlugins/DEBUG] [REI] Added collapsible entry group [gtceu:ore/euxenite] Euxenite Ore with 20 entries
[20:47:22] [REI-ReloadPlugins/DEBUG] [REI] Added collapsible entry group [gtceu:ore/infinity_catalyst] Infinity Catalyst Ore with 20 entries
[20:47:22] [REI-ReloadPlugins/DEBUG] [REI] Added collapsible entry group [gtceu:ore/trona] Trona Ore with 20 entries
[20:47:22] [REI-ReloadPlugins/DEBUG] [REI] Added collapsible entry group [gtceu:ore/coal] Coal Ore with 20 entries
[20:47:22] [REI-ReloadPlugins/DEBUG] [REI] Added collapsible entry group [gtceu:ore/dolomite] Dolomite Ore with 20 entries
[20:47:22] [REI-ReloadPlugins/DEBUG] [REI] Added collapsible entry group [gtceu:ore/spodumene] Spodumene Ore with 20 entries
[20:47:22] [REI-ReloadPlugins/DEBUG] [REI] Added collapsible entry group [gtceu:ore/wulfenite] Wulfenite Ore with 20 entries
[20:47:22] [REI-ReloadPlugins/DEBUG] [REI] Added collapsible entry group [gtceu:ore/kaolinite] Kaolinite Ore with 20 entries
[20:47:22] [REI-ReloadPlugins/DEBUG] [REI] Added collapsible entry group [gtceu:ore/wollastonite] Wollastonite Ore with 20 entries
[20:47:22] [REI-ReloadPlugins/DEBUG] [REI] Added collapsible entry group [gtceu:ore/electrotine] Electrotine Ore with 20 entries
[20:47:22] [REI-ReloadPlugins/DEBUG] [REI] Added collapsible entry group [gtceu:ore/cooperite] Cooperite Ore with 20 entries
[20:47:22] [REI-ReloadPlugins/DEBUG] [REI] Added collapsible entry group [gtceu:ore/molybdenite] Molybdenite Ore with 20 entries
[20:47:22] [REI-ReloadPlugins/DEBUG] [REI] Added collapsible entry group [gtceu:ore/saltpeter] Saltpeter Ore with 20 entries
[20:47:22] [REI-ReloadPlugins/DEBUG] [REI] Added collapsible entry group [gtceu:ore/tetrahedrite] Tetrahedrite Ore with 20 entries
[20:47:22] [REI-ReloadPlugins/DEBUG] [REI] Added collapsible entry group [gtceu:ore/diatomite] Diatomite Ore with 20 entries
[20:47:22] [REI-ReloadPlugins/DEBUG] [REI] Added collapsible entry group [gtceu:ore/galena] Galena Ore with 20 entries
[20:47:22] [REI-ReloadPlugins/DEBUG] [REI] Added collapsible entry group [gtceu:ore/asbestos] Asbestos Ore with 20 entries
[20:47:22] [REI-ReloadPlugins/DEBUG] [REI] Added collapsible entry group [gtceu:ore/lapis] Lapis Ore with 20 entries
[20:47:22] [REI-ReloadPlugins/DEBUG] [REI] Added collapsible entry group [gtceu:ore/cobaltite] Cobaltite Ore with 20 entries
[20:47:22] [REI-ReloadPlugins/DEBUG] [REI] Added collapsible entry group [gtceu:ore/sulfur] Sulfur Ore with 20 entries
[20:47:22] [REI-ReloadPlugins/DEBUG] [REI] Added collapsible entry group [gtceu:ore/bornite] Bornite Ore with 20 entries
[20:47:22] [REI-ReloadPlugins/DEBUG] [REI] Added collapsible entry group [gtceu:ore/redstone] Redstone Ore with 20 entries
[20:47:22] [REI-ReloadPlugins/DEBUG] [REI] Added collapsible entry group [gtceu:ore/scheelite] Scheelite Ore with 20 entries
[20:47:22] [REI-ReloadPlugins/DEBUG] [REI] Added collapsible entry group [gtceu:ore/hematite] Hematite Ore with 20 entries
[20:47:22] [REI-ReloadPlugins/DEBUG] [REI] Added collapsible entry group [gtceu:ore/vanadium_magnetite] Vanadium Magnetite Ore with 20 entries
[20:47:22] [REI-ReloadPlugins/DEBUG] [REI] Added collapsible entry group [gtceu:ore/alunite] Alunite Ore with 20 entries
[20:47:22] [REI-ReloadPlugins/DEBUG] [REI] Added collapsible entry group [gtceu:ore/basaltic_mineral_sand] Basaltic Mineral Sand Ore with 20 entries
[20:47:22] [REI-ReloadPlugins/DEBUG] [REI] Added collapsible entry group [gtceu:ore/yellow_limonite] Yellow Limonite Ore with 20 entries
[20:47:22] [REI-ReloadPlugins/DEBUG] [REI] Added collapsible entry group [gtceu:ore/mica] Mica Ore with 20 entries
[20:47:22] [REI-ReloadPlugins/DEBUG] [REI] Added collapsible entry group [gtceu:ore/granitic_mineral_sand] Granitic Mineral Sand Ore with 20 entries
[20:47:22] [REI-ReloadPlugins/DEBUG] [REI] Added collapsible entry group [gtceu:ore/oilsands] Oilsands Ore with 20 entries
[20:47:22] [REI-ReloadPlugins/DEBUG] [REI] Added collapsible entry group [gtceu:ore/pyrolusite] Pyrolusite Ore with 20 entries
[20:47:22] [REI-ReloadPlugins/DEBUG] [REI] Added collapsible entry group [gtceu:ore/amethyst] Amethyst Ore with 20 entries
[20:47:22] [REI-ReloadPlugins/DEBUG] [REI] Added collapsible entry group [gtceu:ore/cassiterite] Cassiterite Ore with 20 entries
[20:47:22] [REI-ReloadPlugins/DEBUG] [REI] Added collapsible entry group [gtceu:ore/soapstone] Soapstone Ore with 20 entries
[20:47:22] [REI-ReloadPlugins/DEBUG] [REI] Added collapsible entry group [gtceu:ore/tricalcium_phosphate] Tricalcium Phosphate Ore with 20 entries
[20:47:22] [REI-ReloadPlugins/DEBUG] [REI] Added collapsible entry group [gtceu:ore/tungstate] Tungstate Ore with 20 entries
[20:47:22] [REI-ReloadPlugins/DEBUG] [REI] Added collapsible entry group [gtceu:ore/pyrochlore] Pyrochlore Ore with 20 entries
[20:47:22] [REI-ReloadPlugins/DEBUG] [REI] Added collapsible entry group [gtceu:ore/gypsum] Gypsum Ore with 20 entries
[20:47:22] [REI-ReloadPlugins/DEBUG] [REI] Added collapsible entry group [gtceu:ore/bentonite] Bentonite Ore with 20 entries
[20:47:22] [REI-ReloadPlugins/DEBUG] [REI] Added collapsible entry group [gtceu:ore/bauxite] Bauxite Ore with 20 entries
[20:47:22] [REI-ReloadPlugins/DEBUG] [REI] Added collapsible entry group [gtceu:ore/emerald] Emerald Ore with 20 entries
[20:47:22] [REI-ReloadPlugins/DEBUG] [REI] Added collapsible entry group [gtceu:ore/kyanite] Kyanite Ore with 20 entries
[20:47:22] [REI-ReloadPlugins/DEBUG] [REI] Added collapsible entry group [gtceu:ore/garnierite] Garnierite Ore with 20 entries
[20:47:22] [REI-ReloadPlugins/DEBUG] [REI] Added collapsible entry group [gtceu:ore/tantalite] Tantalite Ore with 20 entries
[20:47:22] [REI-ReloadPlugins/DEBUG] [REI] Added collapsible entry group [gtceu:ore/chalcocite] Chalcocite Ore with 20 entries
[20:47:22] [REI-ReloadPlugins/DEBUG] [REI] Added collapsible entry group [gtceu:ore/pentlandite] Pentlandite Ore with 20 entries
[20:47:22] [REI-ReloadPlugins/DEBUG] [REI] Added collapsible entry group [gtceu:ore/lithium] Lithium Ore with 20 entries
[20:47:22] [REI-ReloadPlugins/DEBUG] [REI] Added collapsible entry group [gtceu:ore/bastnasite] Bastnasite Ore with 20 entries
[20:47:22] [REI-ReloadPlugins/DEBUG] [REI] Added collapsible entry group [gtceu:ore/lepidolite] Lepidolite Ore with 20 entries
[20:47:22] [REI-ReloadPlugins/DEBUG] [REI] Added collapsible entry group [gtceu:ore/stibnite] Stibnite Ore with 20 entries
[20:47:22] [REI-ReloadPlugins/DEBUG] [REI] Added collapsible entry group [gtceu:ore/pitchblende] Pitchblende Ore with 20 entries
[20:47:22] [REI-ReloadPlugins/DEBUG] [REI] Added collapsible entry group [gtceu:ore/magnesite] Magnesite Ore with 20 entries
[20:47:22] [REI-ReloadPlugins/DEBUG] [REI] Added collapsible entry group [gtceu:ore/pyrite] Pyrite Ore with 20 entries
[20:47:22] [REI-ReloadPlugins/DEBUG] [REI] Added collapsible entry group [gtceu:ore/nether_quartz] Nether Quartz Ore with 20 entries
[20:47:22] [REI-ReloadPlugins/DEBUG] [REI] Added collapsible entry group [gtceu:ore/powellite] Powellite Ore with 20 entries
[20:47:22] [REI-ReloadPlugins/DEBUG] [REI] Added collapsible entry group [gtceu:ore/ilmenite] Ilmenite Ore with 20 entries
[20:47:22] [REI-ReloadPlugins/DEBUG] [REI] Added collapsible entry group [gtceu:ore/sphalerite] Sphalerite Ore with 20 entries
[20:47:22] [REI-ReloadPlugins/DEBUG] [REI] Added collapsible entry group [gtceu:ore/barite] Barite Ore with 20 entries
[20:47:22] [REI-ReloadPlugins/DEBUG] [REI] Added collapsible entry group [gtceu:ore/glauconite_sand] Glauconite Sand Ore with 20 entries
[20:47:22] [REI-ReloadPlugins/DEBUG] [REI] Added collapsible entry group [gtceu:ore/talc] Talc Ore with 20 entries
[20:47:22] [REI-ReloadPlugins/DEBUG] [REI] Added collapsible entry group [gtceu:ore/zeolite] Zeolite Ore with 20 entries
[20:47:22] [REI-ReloadPlugins/DEBUG] [REI] Added collapsible entry group [gtceu:ore/graphite] Graphite Ore with 20 entries
[20:47:22] [REI-ReloadPlugins/DEBUG] [REI] Added collapsible entry group [gtceu:ore/fullers_earth] Fullers Earth Ore with 20 entries
[20:47:22] [REI-ReloadPlugins/DEBUG] [REI] Added collapsible entry group [gtceu:ore/chalcopyrite] Chalcopyrite Ore with 20 entries
[20:47:22] [REI-ReloadPlugins/DEBUG] [REI] Added collapsible entry group [gtceu:ore/diamond] Diamond Ore with 20 entries
[20:47:22] [REI-ReloadPlugins/DEBUG] [REI] Added collapsible entry group [gtceu:ore/calcite] Calcite Ore with 20 entries
[20:47:22] [REI-ReloadPlugins/DEBUG] [REI] Added collapsible entry group [gtceu:ore/goethite] Goethite Ore with 20 entries
[20:47:22] [REI-ReloadPlugins/DEBUG] [REI] Added collapsible entry group [gtceu:ore/uraninite] Uraninite Ore with 20 entries
[20:47:22] [REI-ReloadPlugins/DEBUG] [REI] Added collapsible entry group [gtceu:ore/garnet_sand] Garnet Sand Ore with 20 entries
[20:47:22] [REI-ReloadPlugins/DEBUG] [REI] Added collapsible entry group [gtceu:ore/magnetite] Magnetite Ore with 20 entries
[20:47:22] [REI-ReloadPlugins/DEBUG] [REI] Added collapsible entry group [gtceu:ore/cassiterite_sand] Cassiterite Sand Ore with 20 entries
[20:47:22] [REI-ReloadPlugins/DEBUG] [REI] Added collapsible entry group [gtceu:ore/chromite] Chromite Ore with 20 entries
[20:47:22] [REI-ReloadPlugins/DEBUG] [REI] Added collapsible entry group [gtceu:ore/pollucite] Pollucite Ore with 20 entries
[20:47:22] [REI-ReloadPlugins/DEBUG] [REI] Added collapsible entry group [gtceu:ore/iron] Iron Ore with 20 entries
[20:47:22] [REI-ReloadPlugins/DEBUG] [REI] Added collapsible entry group [gtceu:ore/gold] Gold Ore with 20 entries
[20:47:22] [REI-ReloadPlugins/DEBUG] [REI] Added collapsible entry group [gtceu:ore/copper] Copper Ore with 20 entries
[20:47:22] [REI-ReloadPlugins/DEBUG] [REI] Added collapsible entry group [gtceu:potion_fluids] Potion Fluids with 43 entries
[20:47:22] [REI-ReloadPlugins/TRACE] [REI] [REIClientPlugin END] Reloading Section: "reloadable-plugin/CollapsibleEntryRegistryImpl/GTREIPlugin of GTREIPlugin [gtceu]/" done in 18.78 ms
[20:47:22] [REI-ReloadPlugins/TRACE] [REI] [REIClientPlugin END] Reloading Section: "reloadable-plugin/CollapsibleEntryRegistryImpl/FramedReiPlugin of FramedReiPlugin [framedblocks]/"
[20:47:22] [REI-ReloadPlugins/TRACE] [REI] [REIClientPlugin END] Reloading Section: "reloadable-plugin/CollapsibleEntryRegistryImpl/FramedReiPlugin of FramedReiPlugin [framedblocks]/" done in 21.90 μs
[20:47:22] [REI-ReloadPlugins/TRACE] [REI] [REIClientPlugin END] Reloading Section: "reloadable-plugin/CollapsibleEntryRegistryImpl/REIPluginImpl of REIPluginImpl [ldlib]/"
[20:47:22] [REI-ReloadPlugins/TRACE] [REI] [REIClientPlugin END] Reloading Section: "reloadable-plugin/CollapsibleEntryRegistryImpl/REIPluginImpl of REIPluginImpl [ldlib]/" done in 39.80 μs
[20:47:22] [REI-ReloadPlugins/TRACE] [REI] [REIClientPlugin END] Reloading Section: "reloadable-plugin/CollapsibleEntryRegistryImpl/REI Plugin Compatibilities Client Handler of REI Plugin Compatibilities Client Handler [rei_plugin_compatibilities, jei]/"
[20:47:22] [REI-ReloadPlugins/TRACE] [REI] [REIClientPlugin END] Reloading Section: "reloadable-plugin/CollapsibleEntryRegistryImpl/REI Plugin Compatibilities Client Handler of REI Plugin Compatibilities Client Handler [rei_plugin_compatibilities, jei]/" done in 60.10 μs
[20:47:22] [REI-ReloadPlugins/TRACE] [REI] [REIClientPlugin END] Reloading Section: "reloadable-plugin/CollapsibleEntryRegistryImpl/REIForgePluginStub of REIForgePluginStub [ftblibrary]/"
[20:47:22] [REI-ReloadPlugins/TRACE] [REI] [REIClientPlugin END] Reloading Section: "reloadable-plugin/CollapsibleEntryRegistryImpl/REIForgePluginStub of REIForgePluginStub [ftblibrary]/" done in 27.50 μs
[20:47:22] [REI-ReloadPlugins/TRACE] [REI] [REIClientPlugin END] Reloading Section: "reloadable-plugin/CollapsibleEntryRegistryImpl/AE2 of AE2 [ae2]/"
[20:47:22] [REI-ReloadPlugins/DEBUG] [REI] Added collapsible entry group [ae2:facades] itemGroup.ae2.facades with dynamic predicate
[20:47:22] [REI-ReloadPlugins/TRACE] [REI] [REIClientPlugin END] Reloading Section: "reloadable-plugin/CollapsibleEntryRegistryImpl/AE2 of AE2 [ae2]/" done in 1.106 ms
[20:47:22] [REI-ReloadPlugins/TRACE] [REI] [REIClientPlugin END] Reloading Section: "reloadable-plugin/CollapsibleEntryRegistryImpl/HideIngredientsFromTagsPlugin of HideIngredientsFromTagsPlugin [roughlyenoughitems]/"
[20:47:22] [REI-ReloadPlugins/TRACE] [REI] [REIClientPlugin END] Reloading Section: "reloadable-plugin/CollapsibleEntryRegistryImpl/HideIngredientsFromTagsPlugin of HideIngredientsFromTagsPlugin [roughlyenoughitems]/" done in 15.40 μs
[20:47:22] [REI-ReloadPlugins/TRACE] [REI] [REIClientPlugin END] Reloading Section: "reloadable-plugin/CollapsibleEntryRegistryImpl/DefaultClientRuntimePlugin of DefaultClientRuntimePlugin [roughlyenoughitems]/"
[20:47:22] [REI-ReloadPlugins/TRACE] [REI] [REIClientPlugin END] Reloading Section: "reloadable-plugin/CollapsibleEntryRegistryImpl/DefaultClientRuntimePlugin of DefaultClientRuntimePlugin [roughlyenoughitems]/" done in 10.60 μs
[20:47:22] [REI-ReloadPlugins/TRACE] [REI] [REIClientPlugin END] Reloading Section: "reloadable-plugin/CollapsibleEntryRegistryImpl/REIForgePluginStub of REIForgePluginStub [kubejs]/"
[20:47:22] [REI-ReloadPlugins/TRACE] [REI] [REIClientPlugin END] Reloading Section: "reloadable-plugin/CollapsibleEntryRegistryImpl/REIForgePluginStub of REIForgePluginStub [kubejs]/" done in 13.20 μs
[20:47:22] [REI-ReloadPlugins/TRACE] [REI] [REIClientPlugin END] Reloading Section: "reloadable-plugin/CollapsibleEntryRegistryImpl/" done in 28.34 ms
[20:47:22] [REI-ReloadPlugins/TRACE] [REI] [REIClientPlugin END] Reloading Section: "reloadable-plugin/BasicFilteringRuleImpl/"
[20:47:22] [REI-ReloadPlugins/TRACE] [REI] [REIClientPlugin END] Reloading Section: "reloadable-plugin/BasicFilteringRuleImpl/DefaultClientPluginImpl of DefaultClientPluginImpl [roughlyenoughitems]/"
[20:47:22] [REI-ReloadPlugins/TRACE] [REI] [REIClientPlugin END] Reloading Section: "reloadable-plugin/BasicFilteringRuleImpl/DefaultClientPluginImpl of DefaultClientPluginImpl [roughlyenoughitems]/" done in 10.90 μs
[20:47:22] [REI-ReloadPlugins/TRACE] [REI] [REIClientPlugin END] Reloading Section: "reloadable-plugin/BasicFilteringRuleImpl/JEI Plugin [CreateAdditionJEI:createaddition:jei_plugin] of REI Plugin Compatibilities Adapter [rei_plugin_compatibilities, jei]/"
[20:47:22] [REI-ReloadPlugins/TRACE] [REI] [REIClientPlugin END] Reloading Section: "reloadable-plugin/BasicFilteringRuleImpl/JEI Plugin [CreateAdditionJEI:createaddition:jei_plugin] of REI Plugin Compatibilities Adapter [rei_plugin_compatibilities, jei]/" done in 10.30 μs
[20:47:22] [REI-ReloadPlugins/TRACE] [REI] [REIClientPlugin END] Reloading Section: "reloadable-plugin/BasicFilteringRuleImpl/JEI Plugin [PolyJEIPlugin:polylib:jei_plugin] of REI Plugin Compatibilities Adapter [rei_plugin_compatibilities, jei]/"
[20:47:22] [REI-ReloadPlugins/TRACE] [REI] [REIClientPlugin END] Reloading Section: "reloadable-plugin/BasicFilteringRuleImpl/JEI Plugin [PolyJEIPlugin:polylib:jei_plugin] of REI Plugin Compatibilities Adapter [rei_plugin_compatibilities, jei]/" done in 14.50 μs
[20:47:22] [REI-ReloadPlugins/TRACE] [REI] [REIClientPlugin END] Reloading Section: "reloadable-plugin/BasicFilteringRuleImpl/JEI Plugin [GTSEJEIPlugin:gregtech_steam_expansion:jei_plugin] of REI Plugin Compatibilities Adapter [rei_plugin_compatibilities, jei]/"
[20:47:22] [REI-ReloadPlugins/TRACE] [REI] [REIClientPlugin END] Reloading Section: "reloadable-plugin/BasicFilteringRuleImpl/JEI Plugin [GTSEJEIPlugin:gregtech_steam_expansion:jei_plugin] of REI Plugin Compatibilities Adapter [rei_plugin_compatibilities, jei]/" done in 9.700 μs
[20:47:22] [REI-ReloadPlugins/TRACE] [REI] [REIClientPlugin END] Reloading Section: "reloadable-plugin/BasicFilteringRuleImpl/JEI Plugin [GTJEIPlugin:gtceu:jei_plugin] of REI Plugin Compatibilities Adapter [rei_plugin_compatibilities, jei]/"
[20:47:22] [REI-ReloadPlugins/TRACE] [REI] [REIClientPlugin END] Reloading Section: "reloadable-plugin/BasicFilteringRuleImpl/JEI Plugin [GTJEIPlugin:gtceu:jei_plugin] of REI Plugin Compatibilities Adapter [rei_plugin_compatibilities, jei]/" done in 9.600 μs
[20:47:22] [REI-ReloadPlugins/TRACE] [REI] [REIClientPlugin END] Reloading Section: "reloadable-plugin/BasicFilteringRuleImpl/JEI Plugin [JEIIntegration:ftblibrary:jei] of REI Plugin Compatibilities Adapter [rei_plugin_compatibilities, jei]/"
[20:47:22] [REI-ReloadPlugins/TRACE] [REI] [REIClientPlugin END] Reloading Section: "reloadable-plugin/BasicFilteringRuleImpl/JEI Plugin [JEIIntegration:ftblibrary:jei] of REI Plugin Compatibilities Adapter [rei_plugin_compatibilities, jei]/" done in 9.300 μs
[20:47:22] [REI-ReloadPlugins/TRACE] [REI] [REIClientPlugin END] Reloading Section: "reloadable-plugin/BasicFilteringRuleImpl/JEI Plugin [JEIPlugin:kubejs:jei] of REI Plugin Compatibilities Adapter [rei_plugin_compatibilities, jei]/"
[20:47:22] [REI-ReloadPlugins/TRACE] [REI] [REIClientPlugin END] Reloading Section: "reloadable-plugin/BasicFilteringRuleImpl/JEI Plugin [JEIPlugin:kubejs:jei] of REI Plugin Compatibilities Adapter [rei_plugin_compatibilities, jei]/" done in 9.400 μs
[20:47:22] [REI-ReloadPlugins/TRACE] [REI] [REIClientPlugin END] Reloading Section: "reloadable-plugin/BasicFilteringRuleImpl/JEI Plugin [JEIIntegration:fluxnetworks:jei] of REI Plugin Compatibilities Adapter [rei_plugin_compatibilities, jei]/"
[20:47:22] [REI-ReloadPlugins/TRACE] [REI] [REIClientPlugin END] Reloading Section: "reloadable-plugin/BasicFilteringRuleImpl/JEI Plugin [JEIIntegration:fluxnetworks:jei] of REI Plugin Compatibilities Adapter [rei_plugin_compatibilities, jei]/" done in 9.200 μs
[20:47:22] [REI-ReloadPlugins/TRACE] [REI] [REIClientPlugin END] Reloading Section: "reloadable-plugin/BasicFilteringRuleImpl/JEI Plugin [CreateJEI:create:jei_plugin] of REI Plugin Compatibilities Adapter [rei_plugin_compatibilities, jei]/"
[20:47:22] [REI-ReloadPlugins/TRACE] [REI] [REIClientPlugin END] Reloading Section: "reloadable-plugin/BasicFilteringRuleImpl/JEI Plugin [CreateJEI:create:jei_plugin] of REI Plugin Compatibilities Adapter [rei_plugin_compatibilities, jei]/" done in 9.500 μs
[20:47:22] [REI-ReloadPlugins/TRACE] [REI] [REIClientPlugin END] Reloading Section: "reloadable-plugin/BasicFilteringRuleImpl/JEI Plugin [JEIPlugin:ae2:core] of REI Plugin Compatibilities Adapter [rei_plugin_compatibilities, jei]/"
[20:47:22] [REI-ReloadPlugins/TRACE] [REI] [REIClientPlugin END] Reloading Section: "reloadable-plugin/BasicFilteringRuleImpl/JEI Plugin [JEIPlugin:ae2:core] of REI Plugin Compatibilities Adapter [rei_plugin_compatibilities, jei]/" done in 9.500 μs
[20:47:22] [REI-ReloadPlugins/TRACE] [REI] [REIClientPlugin END] Reloading Section: "reloadable-plugin/BasicFilteringRuleImpl/JEI Plugin [JEICompat:jade:main] of REI Plugin Compatibilities Adapter [rei_plugin_compatibilities, jei]/"
[20:47:22] [REI-ReloadPlugins/TRACE] [REI] [REIClientPlugin END] Reloading Section: "reloadable-plugin/BasicFilteringRuleImpl/JEI Plugin [JEICompat:jade:main] of REI Plugin Compatibilities Adapter [rei_plugin_compatibilities, jei]/" done in 9.300 μs
[20:47:22] [REI-ReloadPlugins/TRACE] [REI] [REIClientPlugin END] Reloading Section: "reloadable-plugin/BasicFilteringRuleImpl/JEI Plugin [JEIPlugin:ldlib:jei_plugin] of REI Plugin Compatibilities Adapter [rei_plugin_compatibilities, jei]/"
[20:47:22] [REI-ReloadPlugins/TRACE] [REI] [REIClientPlugin END] Reloading Section: "reloadable-plugin/BasicFilteringRuleImpl/JEI Plugin [JEIPlugin:ldlib:jei_plugin] of REI Plugin Compatibilities Adapter [rei_plugin_compatibilities, jei]/" done in 10.50 μs
[20:47:22] [REI-ReloadPlugins/TRACE] [REI] [REIClientPlugin END] Reloading Section: "reloadable-plugin/BasicFilteringRuleImpl/JEI Plugin [BCJeiPlugin:bibliocraft:jei_plugin] of REI Plugin Compatibilities Adapter [rei_plugin_compatibilities, jei]/"
[20:47:22] [REI-ReloadPlugins/TRACE] [REI] [REIClientPlugin END] Reloading Section: "reloadable-plugin/BasicFilteringRuleImpl/JEI Plugin [BCJeiPlugin:bibliocraft:jei_plugin] of REI Plugin Compatibilities Adapter [rei_plugin_compatibilities, jei]/" done in 9.500 μs
[20:47:22] [REI-ReloadPlugins/TRACE] [REI] [REIClientPlugin END] Reloading Section: "reloadable-plugin/BasicFilteringRuleImpl/GTREIPlugin of GTREIPlugin [gtceu]/"
[20:47:22] [REI-ReloadPlugins/TRACE] [REI] [REIClientPlugin END] Reloading Section: "reloadable-plugin/BasicFilteringRuleImpl/GTREIPlugin of GTREIPlugin [gtceu]/" done in 9.400 μs
[20:47:22] [REI-ReloadPlugins/TRACE] [REI] [REIClientPlugin END] Reloading Section: "reloadable-plugin/BasicFilteringRuleImpl/FramedReiPlugin of FramedReiPlugin [framedblocks]/"
[20:47:22] [REI-ReloadPlugins/TRACE] [REI] [REIClientPlugin END] Reloading Section: "reloadable-plugin/BasicFilteringRuleImpl/FramedReiPlugin of FramedReiPlugin [framedblocks]/" done in 9.500 μs
[20:47:22] [REI-ReloadPlugins/TRACE] [REI] [REIClientPlugin END] Reloading Section: "reloadable-plugin/BasicFilteringRuleImpl/REIPluginImpl of REIPluginImpl [ldlib]/"
[20:47:22] [REI-ReloadPlugins/TRACE] [REI] [REIClientPlugin END] Reloading Section: "reloadable-plugin/BasicFilteringRuleImpl/REIPluginImpl of REIPluginImpl [ldlib]/" done in 9.500 μs
[20:47:22] [REI-ReloadPlugins/TRACE] [REI] [REIClientPlugin END] Reloading Section: "reloadable-plugin/BasicFilteringRuleImpl/REI Plugin Compatibilities Client Handler of REI Plugin Compatibilities Client Handler [rei_plugin_compatibilities, jei]/"
[20:47:22] [REI-ReloadPlugins/TRACE] [REI] [REIClientPlugin END] Reloading Section: "reloadable-plugin/BasicFilteringRuleImpl/REI Plugin Compatibilities Client Handler of REI Plugin Compatibilities Client Handler [rei_plugin_compatibilities, jei]/" done in 9.300 μs
[20:47:22] [REI-ReloadPlugins/TRACE] [REI] [REIClientPlugin END] Reloading Section: "reloadable-plugin/BasicFilteringRuleImpl/REIForgePluginStub of REIForgePluginStub [ftblibrary]/"
[20:47:22] [REI-ReloadPlugins/TRACE] [REI] [REIClientPlugin END] Reloading Section: "reloadable-plugin/BasicFilteringRuleImpl/REIForgePluginStub of REIForgePluginStub [ftblibrary]/" done in 9.200 μs
[20:47:22] [REI-ReloadPlugins/TRACE] [REI] [REIClientPlugin END] Reloading Section: "reloadable-plugin/BasicFilteringRuleImpl/AE2 of AE2 [ae2]/"
[20:47:22] [REI-ReloadPlugins/TRACE] [REI] [REIClientPlugin END] Reloading Section: "reloadable-plugin/BasicFilteringRuleImpl/AE2 of AE2 [ae2]/" done in 9.500 μs
[20:47:22] [REI-ReloadPlugins/TRACE] [REI] [REIClientPlugin END] Reloading Section: "reloadable-plugin/BasicFilteringRuleImpl/HideIngredientsFromTagsPlugin of HideIngredientsFromTagsPlugin [roughlyenoughitems]/"
[20:47:22] [REI-ReloadPlugins/TRACE] [REI] [REIClientPlugin END] Reloading Section: "reloadable-plugin/BasicFilteringRuleImpl/HideIngredientsFromTagsPlugin of HideIngredientsFromTagsPlugin [roughlyenoughitems]/" done in 9.400 μs
[20:47:22] [REI-ReloadPlugins/TRACE] [REI] [REIClientPlugin END] Reloading Section: "reloadable-plugin/BasicFilteringRuleImpl/DefaultClientRuntimePlugin of DefaultClientRuntimePlugin [roughlyenoughitems]/"
[20:47:22] [REI-ReloadPlugins/TRACE] [REI] [REIClientPlugin END] Reloading Section: "reloadable-plugin/BasicFilteringRuleImpl/DefaultClientRuntimePlugin of DefaultClientRuntimePlugin [roughlyenoughitems]/" done in 10.80 μs
[20:47:22] [REI-ReloadPlugins/TRACE] [REI] [REIClientPlugin END] Reloading Section: "reloadable-plugin/BasicFilteringRuleImpl/REIForgePluginStub of REIForgePluginStub [kubejs]/"
[20:47:22] [REI-ReloadPlugins/TRACE] [REI] [REIClientPlugin END] Reloading Section: "reloadable-plugin/BasicFilteringRuleImpl/REIForgePluginStub of REIForgePluginStub [kubejs]/" done in 9.200 μs
[20:47:22] [REI-ReloadPlugins/TRACE] [REI] [REIClientPlugin END] Reloading Section: "reloadable-plugin/BasicFilteringRuleImpl/" done in 582.5 μs
[20:47:22] [REI-ReloadPlugins/TRACE] [REI] [REIClientPlugin END] Reloading Section: "reloadable-plugin/CategoryRegistryImpl/"
[20:47:22] [REI-ReloadPlugins/TRACE] [REI] [REIClientPlugin END] Reloading Section: "reloadable-plugin/CategoryRegistryImpl/DefaultClientPluginImpl of DefaultClientPluginImpl [roughlyenoughitems]/"
[20:47:22] [REI-ReloadPlugins/DEBUG] [REI] Added category [minecraft:plugins/crafting]: Crafting
[20:47:22] [REI-ReloadPlugins/DEBUG] [REI] Added category [minecraft:plugins/smelting]: Smelting
[20:47:22] [REI-ReloadPlugins/DEBUG] [REI] Added category [minecraft:plugins/smoking]: Smoking
[20:47:22] [REI-ReloadPlugins/DEBUG] [REI] Added category [minecraft:plugins/blasting]: Blasting
[20:47:22] [REI-ReloadPlugins/DEBUG] [REI] Added category [minecraft:plugins/campfire]: Campfire
[20:47:22] [REI-ReloadPlugins/DEBUG] [REI] Added category [minecraft:plugins/stone_cutting]: Stone Cutting
[20:47:22] [REI-ReloadPlugins/DEBUG] [REI] Added category [minecraft:plugins/fuel]: Fuel
[20:47:22] [REI-ReloadPlugins/DEBUG] [REI] Added category [minecraft:plugins/brewing]: Brewing
[20:47:22] [REI-ReloadPlugins/DEBUG] [REI] Added category [minecraft:plugins/composting]: Composting
[20:47:22] [REI-ReloadPlugins/DEBUG] [REI] Added category [minecraft:plugins/stripping]: Stripping
[20:47:22] [REI-ReloadPlugins/DEBUG] [REI] Added category [minecraft:plugins/smithing]: Smithing
[20:47:22] [REI-ReloadPlugins/DEBUG] [REI] Added category [minecraft:plugins/anvil]: Anvil
[20:47:22] [REI-ReloadPlugins/DEBUG] [REI] Added category [minecraft:plugins/beacon_base]: Beacon Base
[20:47:22] [REI-ReloadPlugins/DEBUG] [REI] Added category [minecraft:plugins/beacon_payment]: Beacon Payment
[20:47:22] [REI-ReloadPlugins/DEBUG] [REI] Added category [minecraft:plugins/tilling]: Tilling
[20:47:22] [REI-ReloadPlugins/DEBUG] [REI] Added category [minecraft:plugins/pathing]: Pathing
[20:47:22] [REI-ReloadPlugins/DEBUG] [REI] Added category [minecraft:plugins/waxing]: Waxing
[20:47:22] [REI-ReloadPlugins/DEBUG] [REI] Added category [minecraft:plugins/wax_scraping]: Wax Scraping
[20:47:22] [REI-ReloadPlugins/DEBUG] [REI] Added category [minecraft:plugins/oxidizing]: Oxidizing
[20:47:22] [REI-ReloadPlugins/DEBUG] [REI] Added category [minecraft:plugins/oxidation_scraping]: Oxidation Scraping
[20:47:22] [REI-ReloadPlugins/DEBUG] [REI] Added category visibility predicate: me.shedaniel.rei.plugin.client.DefaultClientPlugin$$Lambda$31254/0x0000026255e2b178@3ca40fa1 [0.00 priority]
[20:47:22] [REI-ReloadPlugins/TRACE] [REI] [REIClientPlugin END] Reloading Section: "reloadable-plugin/CategoryRegistryImpl/DefaultClientPluginImpl of DefaultClientPluginImpl [roughlyenoughitems]/" done in 77.83 ms
[20:47:22] [REI-ReloadPlugins/TRACE] [REI] [REIClientPlugin END] Reloading Section: "reloadable-plugin/CategoryRegistryImpl/JEI Plugin [CreateAdditionJEI:createaddition:jei_plugin] of REI Plugin Compatibilities Adapter [rei_plugin_compatibilities, jei]/"
[20:47:23] [REI-ReloadPlugins/DEBUG] [REI] Added category [createaddition:rolling]: Rolling
[20:47:23] [REI-ReloadPlugins/DEBUG] [REI] Added display filter: me.shedaniel.rei.jeicompat.JEIPluginDetector$JEIPluginWrapper$$Lambda$31281/0x0000026255e34c98@31afc0bc for com.mrh0.createaddition.recipe.rolling.RollingRecipe
[20:47:23] [REI-ReloadPlugins/DEBUG] [REI] Added display filter: me.shedaniel.rei.impl.client.registry.display.DisplayRegistryImpl$$Lambda$31286/0x0000026255e35a10@6df0849d
[20:47:23] [REI-ReloadPlugins/DEBUG] [REI] Added category [createaddition:charging]: Charging
[20:47:23] [REI-ReloadPlugins/DEBUG] [REI] Added display filter: me.shedaniel.rei.jeicompat.JEIPluginDetector$JEIPluginWrapper$$Lambda$31281/0x0000026255e34c98@2c2616e6 for com.mrh0.createaddition.recipe.charging.ChargingRecipe
[20:47:23] [REI-ReloadPlugins/DEBUG] [REI] Added display filter: me.shedaniel.rei.impl.client.registry.display.DisplayRegistryImpl$$Lambda$31286/0x0000026255e35a10@451bbb93
[20:47:23] [REI-ReloadPlugins/DEBUG] [REI] Added category [createaddition:liquid_burning]: Liquid Burning
[20:47:23] [REI-ReloadPlugins/DEBUG] [REI] Added display filter: me.shedaniel.rei.jeicompat.JEIPluginDetector$JEIPluginWrapper$$Lambda$31281/0x0000026255e34c98@97ae5f8 for com.mrh0.createaddition.recipe.liquid_burning.LiquidBurningRecipe
[20:47:23] [REI-ReloadPlugins/DEBUG] [REI] Added display filter: me.shedaniel.rei.impl.client.registry.display.DisplayRegistryImpl$$Lambda$31286/0x0000026255e35a10@15775317
[20:47:23] [REI-ReloadPlugins/DEBUG] [REI] Added category visibility predicate: me.shedaniel.rei.jeicompat.wrap.JEIRecipeManager$CategoryPredicate@2bcf30e8 [0.00 priority]
[20:47:23] [REI-ReloadPlugins/TRACE] [REI] [REIClientPlugin END] Reloading Section: "reloadable-plugin/CategoryRegistryImpl/JEI Plugin [CreateAdditionJEI:createaddition:jei_plugin] of REI Plugin Compatibilities Adapter [rei_plugin_compatibilities, jei]/" done in 75.68 ms
[20:47:23] [REI-ReloadPlugins/TRACE] [REI] [REIClientPlugin END] Reloading Section: "reloadable-plugin/CategoryRegistryImpl/JEI Plugin [PolyJEIPlugin:polylib:jei_plugin] of REI Plugin Compatibilities Adapter [rei_plugin_compatibilities, jei]/"
[20:47:23] [REI-ReloadPlugins/TRACE] [REI] [REIClientPlugin END] Reloading Section: "reloadable-plugin/CategoryRegistryImpl/JEI Plugin [PolyJEIPlugin:polylib:jei_plugin] of REI Plugin Compatibilities Adapter [rei_plugin_compatibilities, jei]/" done in 27.10 μs
[20:47:23] [REI-ReloadPlugins/TRACE] [REI] [REIClientPlugin END] Reloading Section: "reloadable-plugin/CategoryRegistryImpl/JEI Plugin [GTSEJEIPlugin:gregtech_steam_expansion:jei_plugin] of REI Plugin Compatibilities Adapter [rei_plugin_compatibilities, jei]/"
[20:47:23] [REI-ReloadPlugins/DEBUG] [REI] Added category [gregtech_steam_expansion:steam_charging]: Steam Charging
[20:47:23] [REI-ReloadPlugins/DEBUG] [REI] Added display filter: me.shedaniel.rei.jeicompat.JEIPluginDetector$JEIPluginWrapper$$Lambda$31281/0x0000026255e34c98@4789a756 for ua.zayasik.GTSE.integration.jei.SteamChargingRecipe
[20:47:23] [REI-ReloadPlugins/DEBUG] [REI] Added display filter: me.shedaniel.rei.impl.client.registry.display.DisplayRegistryImpl$$Lambda$31286/0x0000026255e35a10@5e618fc7
[20:47:23] [REI-ReloadPlugins/TRACE] [REI] [REIClientPlugin END] Reloading Section: "reloadable-plugin/CategoryRegistryImpl/JEI Plugin [GTSEJEIPlugin:gregtech_steam_expansion:jei_plugin] of REI Plugin Compatibilities Adapter [rei_plugin_compatibilities, jei]/" done in 18.30 ms
[20:47:23] [REI-ReloadPlugins/TRACE] [REI] [REIClientPlugin END] Reloading Section: "reloadable-plugin/CategoryRegistryImpl/JEI Plugin [GTJEIPlugin:gtceu:jei_plugin] of REI Plugin Compatibilities Adapter [rei_plugin_compatibilities, jei]/"
[20:47:23] [REI-ReloadPlugins/TRACE] [REI] [REIClientPlugin END] Reloading Section: "reloadable-plugin/CategoryRegistryImpl/JEI Plugin [GTJEIPlugin:gtceu:jei_plugin] of REI Plugin Compatibilities Adapter [rei_plugin_compatibilities, jei]/" done in 49.60 μs
[20:47:23] [REI-ReloadPlugins/TRACE] [REI] [REIClientPlugin END] Reloading Section: "reloadable-plugin/CategoryRegistryImpl/JEI Plugin [JEIIntegration:ftblibrary:jei] of REI Plugin Compatibilities Adapter [rei_plugin_compatibilities, jei]/"
[20:47:23] [REI-ReloadPlugins/TRACE] [REI] [REIClientPlugin END] Reloading Section: "reloadable-plugin/CategoryRegistryImpl/JEI Plugin [JEIIntegration:ftblibrary:jei] of REI Plugin Compatibilities Adapter [rei_plugin_compatibilities, jei]/" done in 14.00 μs
[20:47:23] [REI-ReloadPlugins/TRACE] [REI] [REIClientPlugin END] Reloading Section: "reloadable-plugin/CategoryRegistryImpl/JEI Plugin [JEIPlugin:kubejs:jei] of REI Plugin Compatibilities Adapter [rei_plugin_compatibilities, jei]/"
[20:47:23] [REI-ReloadPlugins/TRACE] [REI] [REIClientPlugin END] Reloading Section: "reloadable-plugin/CategoryRegistryImpl/JEI Plugin [JEIPlugin:kubejs:jei] of REI Plugin Compatibilities Adapter [rei_plugin_compatibilities, jei]/" done in 15.30 μs
[20:47:23] [REI-ReloadPlugins/TRACE] [REI] [REIClientPlugin END] Reloading Section: "reloadable-plugin/CategoryRegistryImpl/JEI Plugin [JEIIntegration:fluxnetworks:jei] of REI Plugin Compatibilities Adapter [rei_plugin_compatibilities, jei]/"
[20:47:23] [REI-ReloadPlugins/DEBUG] [REI] Added category [fluxnetworks:creating_flux]: Creating Flux
[20:47:23] [REI-ReloadPlugins/DEBUG] [REI] Added display filter: me.shedaniel.rei.jeicompat.JEIPluginDetector$JEIPluginWrapper$$Lambda$31281/0x0000026255e34c98@4c31c2 for sonar.fluxnetworks.client.jei.CreatingFluxRecipe
[20:47:23] [REI-ReloadPlugins/DEBUG] [REI] Added display filter: me.shedaniel.rei.impl.client.registry.display.DisplayRegistryImpl$$Lambda$31286/0x0000026255e35a10@327fad49
[20:47:23] [REI-ReloadPlugins/TRACE] [REI] [REIClientPlugin END] Reloading Section: "reloadable-plugin/CategoryRegistryImpl/JEI Plugin [JEIIntegration:fluxnetworks:jei] of REI Plugin Compatibilities Adapter [rei_plugin_compatibilities, jei]/" done in 9.276 ms
[20:47:23] [REI-ReloadPlugins/TRACE] [REI] [REIClientPlugin END] Reloading Section: "reloadable-plugin/CategoryRegistryImpl/JEI Plugin [CreateJEI:create:jei_plugin] of REI Plugin Compatibilities Adapter [rei_plugin_compatibilities, jei]/"
[20:47:23] [REI-ReloadPlugins/DEBUG] [REI] Added category [create:milling]: Milling
[20:47:23] [REI-ReloadPlugins/DEBUG] [REI] Added display filter: me.shedaniel.rei.jeicompat.JEIPluginDetector$JEIPluginWrapper$$Lambda$31281/0x0000026255e34c98@6c57f3e2 for com.simibubi.create.content.kinetics.crusher.AbstractCrushingRecipe
[20:47:23] [REI-ReloadPlugins/DEBUG] [REI] Added display filter: me.shedaniel.rei.impl.client.registry.display.DisplayRegistryImpl$$Lambda$31286/0x0000026255e35a10@3f38f060
[20:47:23] [REI-ReloadPlugins/DEBUG] [REI] Added category [create:crushing]: Crushing
[20:47:23] [REI-ReloadPlugins/DEBUG] [REI] Added display filter: me.shedaniel.rei.jeicompat.JEIPluginDetector$JEIPluginWrapper$$Lambda$31281/0x0000026255e34c98@22c6f421 for com.simibubi.create.content.kinetics.crusher.AbstractCrushingRecipe
[20:47:23] [REI-ReloadPlugins/DEBUG] [REI] Added display filter: me.shedaniel.rei.impl.client.registry.display.DisplayRegistryImpl$$Lambda$31286/0x0000026255e35a10@715ddb78
[20:47:23] [REI-ReloadPlugins/DEBUG] [REI] Added category [create:pressing]: Pressing
[20:47:23] [REI-ReloadPlugins/DEBUG] [REI] Added display filter: me.shedaniel.rei.jeicompat.JEIPluginDetector$JEIPluginWrapper$$Lambda$31281/0x0000026255e34c98@1e5acf5f for com.simibubi.create.content.kinetics.press.PressingRecipe
[20:47:23] [REI-ReloadPlugins/DEBUG] [REI] Added display filter: me.shedaniel.rei.impl.client.registry.display.DisplayRegistryImpl$$Lambda$31286/0x0000026255e35a10@b285749
[20:47:23] [REI-ReloadPlugins/DEBUG] [REI] Added category [create:fan_washing]: Bulk Washing
[20:47:23] [REI-ReloadPlugins/DEBUG] [REI] Added display filter: me.shedaniel.rei.jeicompat.JEIPluginDetector$JEIPluginWrapper$$Lambda$31281/0x0000026255e34c98@69a4b78c for com.simibubi.create.content.kinetics.fan.processing.SplashingRecipe
[20:47:23] [REI-ReloadPlugins/DEBUG] [REI] Added display filter: me.shedaniel.rei.impl.client.registry.display.DisplayRegistryImpl$$Lambda$31286/0x0000026255e35a10@214cbdd0
[20:47:23] [REI-ReloadPlugins/DEBUG] [REI] Added category [create:fan_smoking]: Bulk Smoking
[20:47:23] [REI-ReloadPlugins/DEBUG] [REI] Added display filter: me.shedaniel.rei.jeicompat.JEIPluginDetector$JEIPluginWrapper$$Lambda$31281/0x0000026255e34c98@72e6e141 for net.minecraft.world.item.crafting.SmokingRecipe
[20:47:23] [REI-ReloadPlugins/DEBUG] [REI] Added display filter: me.shedaniel.rei.impl.client.registry.display.DisplayRegistryImpl$$Lambda$31286/0x0000026255e35a10@3e322046
[20:47:23] [REI-ReloadPlugins/DEBUG] [REI] Added category [create:fan_blasting]: Bulk Blasting
[20:47:23] [REI-ReloadPlugins/DEBUG] [REI] Added display filter: me.shedaniel.rei.jeicompat.JEIPluginDetector$JEIPluginWrapper$$Lambda$31281/0x0000026255e34c98@2b37c9d4 for net.minecraft.world.item.crafting.AbstractCookingRecipe
[20:47:23] [REI-ReloadPlugins/DEBUG] [REI] Added display filter: me.shedaniel.rei.impl.client.registry.display.DisplayRegistryImpl$$Lambda$31286/0x0000026255e35a10@6e9ec91a
[20:47:23] [REI-ReloadPlugins/DEBUG] [REI] Added category [create:fan_haunting]: Bulk Haunting
[20:47:23] [REI-ReloadPlugins/DEBUG] [REI] Added display filter: me.shedaniel.rei.jeicompat.JEIPluginDetector$JEIPluginWrapper$$Lambda$31281/0x0000026255e34c98@1e49bb02 for com.simibubi.create.content.kinetics.fan.processing.HauntingRecipe
[20:47:23] [REI-ReloadPlugins/DEBUG] [REI] Added display filter: me.shedaniel.rei.impl.client.registry.display.DisplayRegistryImpl$$Lambda$31286/0x0000026255e35a10@ba5a876
[20:47:23] [REI-ReloadPlugins/DEBUG] [REI] Added category [create:mixing]: Mixing
[20:47:23] [REI-ReloadPlugins/DEBUG] [REI] Added display filter: me.shedaniel.rei.jeicompat.JEIPluginDetector$JEIPluginWrapper$$Lambda$31281/0x0000026255e34c98@5d00cdff for com.simibubi.create.content.processing.basin.BasinRecipe
[20:47:23] [REI-ReloadPlugins/DEBUG] [REI] Added display filter: me.shedaniel.rei.impl.client.registry.display.DisplayRegistryImpl$$Lambda$31286/0x0000026255e35a10@ec2fcf6
[20:47:23] [REI-ReloadPlugins/DEBUG] [REI] Added category [create:automatic_shapeless]: Automated Shapeless Crafting
[20:47:23] [REI-ReloadPlugins/DEBUG] [REI] Added display filter: me.shedaniel.rei.jeicompat.JEIPluginDetector$JEIPluginWrapper$$Lambda$31281/0x0000026255e34c98@6091332f for com.simibubi.create.content.processing.basin.BasinRecipe
[20:47:23] [REI-ReloadPlugins/DEBUG] [REI] Added display filter: me.shedaniel.rei.impl.client.registry.display.DisplayRegistryImpl$$Lambda$31286/0x0000026255e35a10@3ba575f7
[20:47:23] [REI-ReloadPlugins/DEBUG] [REI] Added category [create:automatic_brewing]: Automated Brewing
[20:47:23] [REI-ReloadPlugins/DEBUG] [REI] Added display filter: me.shedaniel.rei.jeicompat.JEIPluginDetector$JEIPluginWrapper$$Lambda$31281/0x0000026255e34c98@1ab98429 for com.simibubi.create.content.processing.basin.BasinRecipe
[20:47:23] [REI-ReloadPlugins/DEBUG] [REI] Added display filter: me.shedaniel.rei.impl.client.registry.display.DisplayRegistryImpl$$Lambda$31286/0x0000026255e35a10@73d8c41a
[20:47:23] [REI-ReloadPlugins/DEBUG] [REI] Added category [create:packing]: Compacting
[20:47:23] [REI-ReloadPlugins/DEBUG] [REI] Added display filter: me.shedaniel.rei.jeicompat.JEIPluginDetector$JEIPluginWrapper$$Lambda$31281/0x0000026255e34c98@9e812c9 for com.simibubi.create.content.processing.basin.BasinRecipe
[20:47:23] [REI-ReloadPlugins/DEBUG] [REI] Added display filter: me.shedaniel.rei.impl.client.registry.display.DisplayRegistryImpl$$Lambda$31286/0x0000026255e35a10@5fa65711
[20:47:23] [REI-ReloadPlugins/DEBUG] [REI] Added category [create:automatic_packing]: Automated Packing
[20:47:23] [REI-ReloadPlugins/DEBUG] [REI] Added display filter: me.shedaniel.rei.jeicompat.JEIPluginDetector$JEIPluginWrapper$$Lambda$31281/0x0000026255e34c98@19305038 for com.simibubi.create.content.processing.basin.BasinRecipe
[20:47:23] [REI-ReloadPlugins/DEBUG] [REI] Added display filter: me.shedaniel.rei.impl.client.registry.display.DisplayRegistryImpl$$Lambda$31286/0x0000026255e35a10@5087778d
[20:47:23] [REI-ReloadPlugins/DEBUG] [REI] Added category [create:sawing]: Sawing
[20:47:23] [REI-ReloadPlugins/DEBUG] [REI] Added display filter: me.shedaniel.rei.jeicompat.JEIPluginDetector$JEIPluginWrapper$$Lambda$31281/0x0000026255e34c98@a2f3fee for com.simibubi.create.content.kinetics.saw.CuttingRecipe
[20:47:23] [REI-ReloadPlugins/DEBUG] [REI] Added display filter: me.shedaniel.rei.impl.client.registry.display.DisplayRegistryImpl$$Lambda$31286/0x0000026255e35a10@11051f03
[20:47:23] [REI-ReloadPlugins/DEBUG] [REI] Added category [create:block_cutting]: Block Cutting
[20:47:23] [REI-ReloadPlugins/DEBUG] [REI] Added display filter: me.shedaniel.rei.jeicompat.JEIPluginDetector$JEIPluginWrapper$$Lambda$31281/0x0000026255e34c98@625b848c for com.simibubi.create.compat.jei.category.BlockCuttingCategory$CondensedBlockCuttingRecipe
[20:47:23] [REI-ReloadPlugins/DEBUG] [REI] Added display filter: me.shedaniel.rei.impl.client.registry.display.DisplayRegistryImpl$$Lambda$31286/0x0000026255e35a10@11f81766
[20:47:23] [REI-ReloadPlugins/DEBUG] [REI] Added category [create:sandpaper_polishing]: Sandpaper Polishing
[20:47:23] [REI-ReloadPlugins/DEBUG] [REI] Added display filter: me.shedaniel.rei.jeicompat.JEIPluginDetector$JEIPluginWrapper$$Lambda$31281/0x0000026255e34c98@7bf7c35a for com.simibubi.create.content.equipment.sandPaper.SandPaperPolishingRecipe
[20:47:23] [REI-ReloadPlugins/DEBUG] [REI] Added display filter: me.shedaniel.rei.impl.client.registry.display.DisplayRegistryImpl$$Lambda$31286/0x0000026255e35a10@4536574c
[20:47:23] [REI-ReloadPlugins/DEBUG] [REI] Added category [create:item_application]: Manual Item Application
[20:47:23] [REI-ReloadPlugins/DEBUG] [REI] Added display filter: me.shedaniel.rei.jeicompat.JEIPluginDetector$JEIPluginWrapper$$Lambda$31281/0x0000026255e34c98@5b2de865 for com.simibubi.create.content.kinetics.deployer.ItemApplicationRecipe
[20:47:23] [REI-ReloadPlugins/DEBUG] [REI] Added display filter: me.shedaniel.rei.impl.client.registry.display.DisplayRegistryImpl$$Lambda$31286/0x0000026255e35a10@1e051d49
[20:47:23] [REI-ReloadPlugins/DEBUG] [REI] Added category [create:deploying]: Deploying
[20:47:23] [REI-ReloadPlugins/DEBUG] [REI] Added display filter: me.shedaniel.rei.jeicompat.JEIPluginDetector$JEIPluginWrapper$$Lambda$31281/0x0000026255e34c98@5c322215 for com.simibubi.create.content.kinetics.deployer.DeployerApplicationRecipe
[20:47:23] [REI-ReloadPlugins/DEBUG] [REI] Added display filter: me.shedaniel.rei.impl.client.registry.display.DisplayRegistryImpl$$Lambda$31286/0x0000026255e35a10@68689736
[20:47:23] [REI-ReloadPlugins/DEBUG] [REI] Added category [create:spout_filling]: Filling by Spout
[20:47:23] [REI-ReloadPlugins/DEBUG] [REI] Added display filter: me.shedaniel.rei.jeicompat.JEIPluginDetector$JEIPluginWrapper$$Lambda$31281/0x0000026255e34c98@427c4f36 for com.simibubi.create.content.fluids.transfer.FillingRecipe
[20:47:23] [REI-ReloadPlugins/DEBUG] [REI] Added display filter: me.shedaniel.rei.impl.client.registry.display.DisplayRegistryImpl$$Lambda$31286/0x0000026255e35a10@f13efe6
[20:47:23] [REI-ReloadPlugins/DEBUG] [REI] Added category [create:draining]: Item Draining
[20:47:23] [REI-ReloadPlugins/DEBUG] [REI] Added display filter: me.shedaniel.rei.jeicompat.JEIPluginDetector$JEIPluginWrapper$$Lambda$31281/0x0000026255e34c98@7409b457 for com.simibubi.create.content.fluids.transfer.EmptyingRecipe
[20:47:23] [REI-ReloadPlugins/DEBUG] [REI] Added display filter: me.shedaniel.rei.impl.client.registry.display.DisplayRegistryImpl$$Lambda$31286/0x0000026255e35a10@54ac401f
[20:47:23] [REI-ReloadPlugins/DEBUG] [REI] Added category [create:automatic_shaped]: Automated Shaped Crafting
[20:47:23] [REI-ReloadPlugins/DEBUG] [REI] Added display filter: me.shedaniel.rei.jeicompat.JEIPluginDetector$JEIPluginWrapper$$Lambda$31281/0x0000026255e34c98@172dff9c for net.minecraft.world.item.crafting.CraftingRecipe
[20:47:23] [REI-ReloadPlugins/DEBUG] [REI] Added display filter: me.shedaniel.rei.impl.client.registry.display.DisplayRegistryImpl$$Lambda$31286/0x0000026255e35a10@2ebf4a22
[20:47:23] [REI-ReloadPlugins/DEBUG] [REI] Added category [create:mechanical_crafting]: Mechanical Crafting
[20:47:23] [REI-ReloadPlugins/DEBUG] [REI] Added display filter: me.shedaniel.rei.jeicompat.JEIPluginDetector$JEIPluginWrapper$$Lambda$31281/0x0000026255e34c98@5b7b2484 for net.minecraft.world.item.crafting.CraftingRecipe
[20:47:23] [REI-ReloadPlugins/DEBUG] [REI] Added display filter: me.shedaniel.rei.impl.client.registry.display.DisplayRegistryImpl$$Lambda$31286/0x0000026255e35a10@2352f168
[20:47:23] [REI-ReloadPlugins/DEBUG] [REI] Added category [create:sequenced_assembly]: Recipe Sequence
[20:47:23] [REI-ReloadPlugins/DEBUG] [REI] Added display filter: me.shedaniel.rei.jeicompat.JEIPluginDetector$JEIPluginWrapper$$Lambda$31281/0x0000026255e34c98@45256b0e for com.simibubi.create.content.processing.sequenced.SequencedAssemblyRecipe
[20:47:23] [REI-ReloadPlugins/DEBUG] [REI] Added display filter: me.shedaniel.rei.impl.client.registry.display.DisplayRegistryImpl$$Lambda$31286/0x0000026255e35a10@4778382a
[20:47:23] [REI-ReloadPlugins/DEBUG] [REI] Added category [create:mystery_conversion]: Mysterious Conversion
[20:47:23] [REI-ReloadPlugins/DEBUG] [REI] Added display filter: me.shedaniel.rei.jeicompat.JEIPluginDetector$JEIPluginWrapper$$Lambda$31281/0x0000026255e34c98@46c33495 for com.simibubi.create.compat.jei.ConversionRecipe
[20:47:23] [REI-ReloadPlugins/DEBUG] [REI] Added display filter: me.shedaniel.rei.impl.client.registry.display.DisplayRegistryImpl$$Lambda$31286/0x0000026255e35a10@28d04a58
[20:47:23] [REI-ReloadPlugins/TRACE] [REI] [REIClientPlugin END] Reloading Section: "reloadable-plugin/CategoryRegistryImpl/JEI Plugin [CreateJEI:create:jei_plugin] of REI Plugin Compatibilities Adapter [rei_plugin_compatibilities, jei]/" done in 125.5 ms
[20:47:23] [REI-ReloadPlugins/TRACE] [REI] [REIClientPlugin END] Reloading Section: "reloadable-plugin/CategoryRegistryImpl/JEI Plugin [JEIPlugin:ae2:core] of REI Plugin Compatibilities Adapter [rei_plugin_compatibilities, jei]/"
[20:47:23] [REI-ReloadPlugins/DEBUG] [REI] Added category [ae2:item_transformation]: In-World Transformation
[20:47:23] [REI-ReloadPlugins/DEBUG] [REI] Added display filter: me.shedaniel.rei.jeicompat.JEIPluginDetector$JEIPluginWrapper$$Lambda$31281/0x0000026255e34c98@3b356cc0 for appeng.recipes.transform.TransformRecipe
[20:47:23] [REI-ReloadPlugins/DEBUG] [REI] Added display filter: me.shedaniel.rei.impl.client.registry.display.DisplayRegistryImpl$$Lambda$31286/0x0000026255e35a10@57f6a4bc
[20:47:23] [REI-ReloadPlugins/DEBUG] [REI] Added category [ae2:condenser]: Matter Condenser
[20:47:23] [REI-ReloadPlugins/DEBUG] [REI] Added display filter: me.shedaniel.rei.jeicompat.JEIPluginDetector$JEIPluginWrapper$$Lambda$31281/0x0000026255e34c98@6c4fe96b for appeng.api.config.CondenserOutput
[20:47:23] [REI-ReloadPlugins/DEBUG] [REI] Added display filter: me.shedaniel.rei.impl.client.registry.display.DisplayRegistryImpl$$Lambda$31286/0x0000026255e35a10@7c8ccb4e
[20:47:23] [REI-ReloadPlugins/DEBUG] [REI] Added category [ae2:inscriber]: Inscriber
[20:47:23] [REI-ReloadPlugins/DEBUG] [REI] Added display filter: me.shedaniel.rei.jeicompat.JEIPluginDetector$JEIPluginWrapper$$Lambda$31281/0x0000026255e34c98@4c7d86d4 for appeng.recipes.handlers.InscriberRecipe
[20:47:23] [REI-ReloadPlugins/DEBUG] [REI] Added display filter: me.shedaniel.rei.impl.client.registry.display.DisplayRegistryImpl$$Lambda$31286/0x0000026255e35a10@5fea2a81
[20:47:23] [REI-ReloadPlugins/DEBUG] [REI] Added category [ae2:charger]: Charger
[20:47:23] [REI-ReloadPlugins/DEBUG] [REI] Added display filter: me.shedaniel.rei.jeicompat.JEIPluginDetector$JEIPluginWrapper$$Lambda$31281/0x0000026255e34c98@31768b61 for appeng.recipes.handlers.ChargerRecipe
[20:47:23] [REI-ReloadPlugins/DEBUG] [REI] Added display filter: me.shedaniel.rei.impl.client.registry.display.DisplayRegistryImpl$$Lambda$31286/0x0000026255e35a10@111df0bd
[20:47:23] [REI-ReloadPlugins/DEBUG] [REI] Added category [ae2:attunement]: P2P Tunnel Attunement
[20:47:23] [REI-ReloadPlugins/DEBUG] [REI] Added display filter: me.shedaniel.rei.jeicompat.JEIPluginDetector$JEIPluginWrapper$$Lambda$31281/0x0000026255e34c98@68982b45 for appeng.integration.modules.jei.AttunementDisplay
[20:47:23] [REI-ReloadPlugins/DEBUG] [REI] Added display filter: me.shedaniel.rei.impl.client.registry.display.DisplayRegistryImpl$$Lambda$31286/0x0000026255e35a10@6db098b4
[20:47:23] [REI-ReloadPlugins/DEBUG] [REI] Added category [ae2:certus_growth]: Certus Quartz Growth
[20:47:23] [REI-ReloadPlugins/DEBUG] [REI] Added display filter: me.shedaniel.rei.jeicompat.JEIPluginDetector$JEIPluginWrapper$$Lambda$31281/0x0000026255e34c98@67fedd66 for appeng.integration.modules.jei.CertusGrowthCategory$Page
[20:47:23] [REI-ReloadPlugins/DEBUG] [REI] Added display filter: me.shedaniel.rei.impl.client.registry.display.DisplayRegistryImpl$$Lambda$31286/0x0000026255e35a10@4e1510df
[20:47:23] [REI-ReloadPlugins/DEBUG] [REI] Added category [ae2:entropy]: Entropy Manipulator
[20:47:23] [REI-ReloadPlugins/DEBUG] [REI] Added display filter: me.shedaniel.rei.jeicompat.JEIPluginDetector$JEIPluginWrapper$$Lambda$31281/0x0000026255e34c98@45116ea for appeng.recipes.entropy.EntropyRecipe
[20:47:23] [REI-ReloadPlugins/DEBUG] [REI] Added display filter: me.shedaniel.rei.impl.client.registry.display.DisplayRegistryImpl$$Lambda$31286/0x0000026255e35a10@15d5eeeb
[20:47:23] [REI-ReloadPlugins/TRACE] [REI] [REIClientPlugin END] Reloading Section: "reloadable-plugin/CategoryRegistryImpl/JEI Plugin [JEIPlugin:ae2:core] of REI Plugin Compatibilities Adapter [rei_plugin_compatibilities, jei]/" done in 73.29 ms
[20:47:23] [REI-ReloadPlugins/TRACE] [REI] [REIClientPlugin END] Reloading Section: "reloadable-plugin/CategoryRegistryImpl/JEI Plugin [JEICompat:jade:main] of REI Plugin Compatibilities Adapter [rei_plugin_compatibilities, jei]/"
[20:47:23] [REI-ReloadPlugins/TRACE] [REI] [REIClientPlugin END] Reloading Section: "reloadable-plugin/CategoryRegistryImpl/JEI Plugin [JEICompat:jade:main] of REI Plugin Compatibilities Adapter [rei_plugin_compatibilities, jei]/" done in 28.00 μs
[20:47:23] [REI-ReloadPlugins/TRACE] [REI] [REIClientPlugin END] Reloading Section: "reloadable-plugin/CategoryRegistryImpl/JEI Plugin [JEIPlugin:ldlib:jei_plugin] of REI Plugin Compatibilities Adapter [rei_plugin_compatibilities, jei]/"
[20:47:23] [REI-ReloadPlugins/TRACE] [REI] [REIClientPlugin END] Reloading Section: "reloadable-plugin/CategoryRegistryImpl/JEI Plugin [JEIPlugin:ldlib:jei_plugin] of REI Plugin Compatibilities Adapter [rei_plugin_compatibilities, jei]/" done in 30.60 μs
[20:47:23] [REI-ReloadPlugins/TRACE] [REI] [REIClientPlugin END] Reloading Section: "reloadable-plugin/CategoryRegistryImpl/JEI Plugin [BCJeiPlugin:bibliocraft:jei_plugin] of REI Plugin Compatibilities Adapter [rei_plugin_compatibilities, jei]/"
[20:47:23] [REI-ReloadPlugins/DEBUG] [REI] Added category [bibliocraft:printing_table]: Printing Table
[20:47:23] [REI-ReloadPlugins/DEBUG] [REI] Added display filter: me.shedaniel.rei.jeicompat.JEIPluginDetector$JEIPluginWrapper$$Lambda$31281/0x0000026255e34c98@5f7e64e0 for com.github.minecraftschurlimods.bibliocraft.content.printingtable.PrintingTableRecipe
[20:47:23] [REI-ReloadPlugins/DEBUG] [REI] Added display filter: me.shedaniel.rei.impl.client.registry.display.DisplayRegistryImpl$$Lambda$31286/0x0000026255e35a10@46c5dd50
[20:47:23] [REI-ReloadPlugins/TRACE] [REI] [REIClientPlugin END] Reloading Section: "reloadable-plugin/CategoryRegistryImpl/JEI Plugin [BCJeiPlugin:bibliocraft:jei_plugin] of REI Plugin Compatibilities Adapter [rei_plugin_compatibilities, jei]/" done in 1.600 ms
[20:47:23] [REI-ReloadPlugins/TRACE] [REI] [REIClientPlugin END] Reloading Section: "reloadable-plugin/CategoryRegistryImpl/GTREIPlugin of GTREIPlugin [gtceu]/"
[20:47:23] [REI-ReloadPlugins/DEBUG] [REI] Added category [gtceu:multiblock_info]: Multiblock Info
[20:47:23] [REI-ReloadPlugins/DEBUG] [REI] Added category [gtceu:ore_processing_diagram]: Ore Processing Diagram
[20:47:23] [REI-ReloadPlugins/DEBUG] [REI] Added category [gtceu:ore_vein_diagram]: Ore Vein Diagram
[20:47:23] [REI-ReloadPlugins/DEBUG] [REI] Added category [gtceu:bedrock_fluid_diagram]: Bedrock Fluid Diagram
[20:47:23] [REI-ReloadPlugins/DEBUG] [REI] Added category [gtceu:steam_turbine]: Steam Turbine
[20:47:23] [REI-ReloadPlugins/DEBUG] [REI] Added category [gtceu:fusion_reactor]: Fusion Reactor
[20:47:23] [REI-ReloadPlugins/DEBUG] [REI] Added category [gtceu:mixer]: Mixer
[20:47:23] [REI-ReloadPlugins/DEBUG] [REI] Added category [gtceu:assembler]: Assembler
[20:47:23] [REI-ReloadPlugins/DEBUG] [REI] Added category [gttruesteam:metaphysical_boiling]: Metaphysical boiling
[20:47:23] [REI-ReloadPlugins/DEBUG] [REI] Added category [gtceu:macerator_recycling]: Part Grinding
[20:47:23] [REI-ReloadPlugins/DEBUG] [REI] Added category [gtceu:centrifuge]: Centrifuge
[20:47:23] [REI-ReloadPlugins/DEBUG] [REI] Added category [gtceu:research_station]: Research Station
[20:47:23] [REI-ReloadPlugins/DEBUG] [REI] Added category [gtceu:ore_washer]: Ore Washer
[20:47:23] [REI-ReloadPlugins/DEBUG] [REI] Added category [gtceu:cracker]: Cracker
[20:47:23] [REI-ReloadPlugins/DEBUG] [REI] Added category [gtceu:canner]: Canner
[20:47:23] [REI-ReloadPlugins/DEBUG] [REI] Added category [gtceu:gas_turbine]: Gas Turbine
[20:47:23] [REI-ReloadPlugins/DEBUG] [REI] Added category [gcyrextras:orbital_miner]: Orbital Mining
[20:47:23] [REI-ReloadPlugins/DEBUG] [REI] Added category [gtceu:combustion_generator]: Combustion Generator
[20:47:23] [REI-ReloadPlugins/DEBUG] [REI] Added category [gtceu:circuit_assembly_line]: Circuit Assembly Line
[20:47:23] [REI-ReloadPlugins/DEBUG] [REI] Added category [gtceu:electrolyzer]: Electrolyzer
[20:47:23] [REI-ReloadPlugins/DEBUG] [REI] Added category [gtceu:extractor_recycling]: Scrap Remelting
[20:47:23] [REI-ReloadPlugins/DEBUG] [REI] Added category [gtceu:component_assembly_line]: Large-scale Component Assembly
[20:47:23] [REI-ReloadPlugins/DEBUG] [REI] Added category [gtceu:primitive_blast_furnace]: Primitive Blast Furnace
[20:47:23] [REI-ReloadPlugins/DEBUG] [REI] Added category [gtceu:rock_breaker]: Rock Breaker
[20:47:23] [REI-ReloadPlugins/DEBUG] [REI] Added category [gtceu:vacuum_freezer]: Vacuum Freezer
[20:47:23] [REI-ReloadPlugins/DEBUG] [REI] Added category [gtceu:large_boiler]: Large Boiler
[20:47:23] [REI-ReloadPlugins/DEBUG] [REI] Added category [gtceu:distillery]: Distillery
[20:47:23] [REI-ReloadPlugins/DEBUG] [REI] Added category [gtceu:lathe]: Lathe
[20:47:23] [REI-ReloadPlugins/DEBUG] [REI] Added category [gtceu:wiremill]: Wiremill
[20:47:23] [REI-ReloadPlugins/DEBUG] [REI] Added category [gtceu:steam_boiler]: Steam Boiler
[20:47:23] [REI-ReloadPlugins/DEBUG] [REI] Added category [gtceu:ore_crushing]: Ore Grinding
[20:47:23] [REI-ReloadPlugins/DEBUG] [REI] Added category [gttruesteam:coating]: Coating
[20:47:23] [REI-ReloadPlugins/DEBUG] [REI] Added category [gtceu:chem_dyes]: Chemical Dyeing
[20:47:23] [REI-ReloadPlugins/DEBUG] [REI] Added category [gtceu:macerator]: Macerator
[20:47:23] [REI-ReloadPlugins/DEBUG] [REI] Added category [gtceu:electric_blast_furnace]: Electric Blast Furnace
[20:47:23] [REI-ReloadPlugins/DEBUG] [REI] Added category [gtceu:air_scrubber]: Air Scrubber
[20:47:23] [REI-ReloadPlugins/DEBUG] [REI] Added category [gttruesteam:fluid_cooling]: Fluid cooling
[20:47:23] [REI-ReloadPlugins/DEBUG] [REI] Added category [gtceu:chemical_plant]: Chemical Plant
[20:47:23] [REI-ReloadPlugins/DEBUG] [REI] Added category [gtceu:chemical_bath]: Chemical Bath
[20:47:23] [REI-ReloadPlugins/DEBUG] [REI] Added category [gtceu:large_naquadah_reactor]: Large Naquadah Reactor
[20:47:23] [REI-ReloadPlugins/DEBUG] [REI] Added category [gtceu:gas_collector]: Gas Collector
[20:47:23] [REI-ReloadPlugins/DEBUG] [REI] Added category [gcyr:rocket_fuel]: gcyr.rocket_fuel
[20:47:23] [REI-ReloadPlugins/DEBUG] [REI] Added category [gtceu:precision_assembly]: Precision Assembly
[20:47:23] [REI-ReloadPlugins/DEBUG] [REI] Added category [gtceu:arc_furnace_recycling]: Arc Scrapping
[20:47:23] [REI-ReloadPlugins/DEBUG] [REI] Added category [gtceu:forming_press]: Forming Press
[20:47:23] [REI-ReloadPlugins/DEBUG] [REI] Added category [gtceu:sifter]: Sifter
[20:47:23] [REI-ReloadPlugins/DEBUG] [REI] Added category [gtceu:laser_engraver]: Laser Engraver
[20:47:23] [REI-ReloadPlugins/DEBUG] [REI] Added category [gtceu:scanner]: Scanner
[20:47:23] [REI-ReloadPlugins/DEBUG] [REI] Added category [gttruesteam:spawner_extraction]: Spawner extraction
[20:47:23] [REI-ReloadPlugins/DEBUG] [REI] Added category [gcyr:dyson_controller]: gcyr.dyson_controller
[20:47:23] [REI-ReloadPlugins/DEBUG] [REI] Added category [gtceu:large_chemical_reactor]: Large Chemical Reactor
[20:47:23] [REI-ReloadPlugins/DEBUG] [REI] Added category [gtceu:fluid_solidifier]: Fluid Solidifier
[20:47:23] [REI-ReloadPlugins/DEBUG] [REI] Added category [gttruesteam:industrial_coating_line]: Industrial Coating Line
[20:47:23] [REI-ReloadPlugins/DEBUG] [REI] Added category [gtceu:electromagnetic_separator]: Electromagnetic Separator
[20:47:23] [REI-ReloadPlugins/DEBUG] [REI] Added category [gtceu:chemical_reactor]: Chemical Reactor
[20:47:23] [REI-ReloadPlugins/DEBUG] [REI] Added category [gtceu:alloy_smelter]: Alloy Smelter
[20:47:23] [REI-ReloadPlugins/DEBUG] [REI] Added category [gtceu:polarizer]: Polarizer
[20:47:23] [REI-ReloadPlugins/DEBUG] [REI] Added category [gtceu:ore_bathing]: Ore Treating
[20:47:23] [REI-ReloadPlugins/DEBUG] [REI] Added category [gtceu:plasma_generator]: Plasma Generator
[20:47:23] [REI-ReloadPlugins/DEBUG] [REI] Added category [gtceu:forge_hammer]: Forge Hammer
[20:47:23] [REI-ReloadPlugins/DEBUG] [REI] Added category [gtceu:coke_oven]: Coke Oven
[20:47:23] [REI-ReloadPlugins/DEBUG] [REI] Added category [gtceu:color_mixer]: gtceu.color_mixer
[20:47:23] [REI-ReloadPlugins/DEBUG] [REI] Added category [gtceu:naquadah_reactor]: Naquadah Reactor
[20:47:23] [REI-ReloadPlugins/DEBUG] [REI] Added category [gtceu:implosion_compressor]: Implosion Compressor
[20:47:23] [REI-ReloadPlugins/DEBUG] [REI] Added category [gtceu:dehydrator]: Dehydrator
[20:47:23] [REI-ReloadPlugins/DEBUG] [REI] Added category [gtceu:extractor]: Extractor
[20:47:23] [REI-ReloadPlugins/DEBUG] [REI] Added category [gtceu:greenhouse]: gtceu.greenhouse
[20:47:23] [REI-ReloadPlugins/DEBUG] [REI] Added category [gcyr:space_elevator]: gcyr.space_elevator
[20:47:23] [REI-ReloadPlugins/DEBUG] [REI] Added category [gtceu:ore_forging]: Ore Crushing
[20:47:23] [REI-ReloadPlugins/DEBUG] [REI] Added category [gtceu:fermenter]: Fermenter
[20:47:23] [REI-ReloadPlugins/DEBUG] [REI] Added category [gtceu:rocket_engine]: Rocket Fuel Engine
[20:47:23] [REI-ReloadPlugins/DEBUG] [REI] Added category [gtceu:extruder]: Extruder
[20:47:23] [REI-ReloadPlugins/DEBUG] [REI] Added category [gtceu:brewery]: Brewery
[20:47:23] [REI-ReloadPlugins/DEBUG] [REI] Added category [gtceu:alloy_blast_smelter]: Alloy Blast Smelter
[20:47:23] [REI-ReloadPlugins/DEBUG] [REI] Added category [gtceu:ingot_molding]: Metal Molding
[20:47:23] [REI-ReloadPlugins/DEBUG] [REI] Added category [gtceu:compressor]: Compressor
[20:47:23] [REI-ReloadPlugins/DEBUG] [REI] Added category [gtceu:bender]: Bender
[20:47:23] [REI-ReloadPlugins/DEBUG] [REI] Added category [gtceu:cutter]: Cutter
[20:47:23] [REI-ReloadPlugins/DEBUG] [REI] Added category [gtceu:neutron_activator]: Neutron Activator
[20:47:23] [REI-ReloadPlugins/DEBUG] [REI] Added category [gtceu:pyrolyse_oven]: Pyrolyse Oven
[20:47:23] [REI-ReloadPlugins/DEBUG] [REI] Added category [gtceu:distillation_tower]: Distillation Tower
[20:47:23] [REI-ReloadPlugins/DEBUG] [REI] Added category [gtmthings:digital_miner]: gtmthings.digital_miner
[20:47:23] [REI-ReloadPlugins/DEBUG] [REI] Added category [gtceu:arc_furnace]: Arc Furnace
[20:47:23] [REI-ReloadPlugins/DEBUG] [REI] Added category [gttruesteam:industrial_gas_pressurizer]: Gas pressuring
[20:47:23] [REI-ReloadPlugins/DEBUG] [REI] Added category [gttruesteam:concept_infusion]: Concept infusion
[20:47:23] [REI-ReloadPlugins/DEBUG] [REI] Added category [gtceu:fluid_heater]: Fluid Heater
[20:47:23] [REI-ReloadPlugins/DEBUG] [REI] Added category [gtceu:packer]: Packer
[20:47:23] [REI-ReloadPlugins/DEBUG] [REI] Added category [gtceu:circuit_assembler]: Circuit Assembler
[20:47:23] [REI-ReloadPlugins/DEBUG] [REI] Added category [gcyrextras:orbital_gas_miner]: Orbital Gas Mining
[20:47:23] [REI-ReloadPlugins/DEBUG] [REI] Added category [gcyr:oxygen_spreader]: gcyr.oxygen_spreader
[20:47:23] [REI-ReloadPlugins/DEBUG] [REI] Added category [gtceu:assembly_line]: Assembly Line
[20:47:23] [REI-ReloadPlugins/DEBUG] [REI] Added category [gtceu:autoclave]: Autoclave
[20:47:23] [REI-ReloadPlugins/DEBUG] [REI] Added category [gtceu:thermal_centrifuge]: Thermal Centrifuge
[20:47:23] [REI-ReloadPlugins/DEBUG] [REI] Added category [gtceu:programmed_circuit]: Programmed Circuit Page
[20:47:23] [REI-ReloadPlugins/TRACE] [REI] [REIClientPlugin END] Reloading Section: "reloadable-plugin/CategoryRegistryImpl/GTREIPlugin of GTREIPlugin [gtceu]/" done in 224.4 ms
[20:47:23] [REI-ReloadPlugins/TRACE] [REI] [REIClientPlugin END] Reloading Section: "reloadable-plugin/CategoryRegistryImpl/FramedReiPlugin of FramedReiPlugin [framedblocks]/"
[20:47:23] [REI-ReloadPlugins/DEBUG] [REI] Added category [framedblocks:framing_saw]: Framing Saw
[20:47:23] [REI-ReloadPlugins/TRACE] [REI] [REIClientPlugin END] Reloading Section: "reloadable-plugin/CategoryRegistryImpl/FramedReiPlugin of FramedReiPlugin [framedblocks]/" done in 160.2 μs
[20:47:23] [REI-ReloadPlugins/TRACE] [REI] [REIClientPlugin END] Reloading Section: "reloadable-plugin/CategoryRegistryImpl/REIPluginImpl of REIPluginImpl [ldlib]/"
[20:47:23] [REI-ReloadPlugins/TRACE] [REI] [REIClientPlugin END] Reloading Section: "reloadable-plugin/CategoryRegistryImpl/REIPluginImpl of REIPluginImpl [ldlib]/" done in 23.50 μs
[20:47:23] [REI-ReloadPlugins/TRACE] [REI] [REIClientPlugin END] Reloading Section: "reloadable-plugin/CategoryRegistryImpl/REI Plugin Compatibilities Client Handler of REI Plugin Compatibilities Client Handler [rei_plugin_compatibilities, jei]/"
[20:47:23] [REI-ReloadPlugins/TRACE] [REI] [REIClientPlugin END] Reloading Section: "reloadable-plugin/CategoryRegistryImpl/REI Plugin Compatibilities Client Handler of REI Plugin Compatibilities Client Handler [rei_plugin_compatibilities, jei]/" done in 15.90 μs
[20:47:23] [REI-ReloadPlugins/TRACE] [REI] [REIClientPlugin END] Reloading Section: "reloadable-plugin/CategoryRegistryImpl/REIForgePluginStub of REIForgePluginStub [ftblibrary]/"
[20:47:23] [REI-ReloadPlugins/TRACE] [REI] [REIClientPlugin END] Reloading Section: "reloadable-plugin/CategoryRegistryImpl/REIForgePluginStub of REIForgePluginStub [ftblibrary]/" done in 14.80 μs
[20:47:23] [REI-ReloadPlugins/TRACE] [REI] [REIClientPlugin END] Reloading Section: "reloadable-plugin/CategoryRegistryImpl/AE2 of AE2 [ae2]/"
[20:47:23] [REI-ReloadPlugins/TRACE] [REI] [REIClientPlugin END] Reloading Section: "reloadable-plugin/CategoryRegistryImpl/AE2 of AE2 [ae2]/" done in 15.60 μs
[20:47:23] [REI-ReloadPlugins/TRACE] [REI] [REIClientPlugin END] Reloading Section: "reloadable-plugin/CategoryRegistryImpl/HideIngredientsFromTagsPlugin of HideIngredientsFromTagsPlugin [roughlyenoughitems]/"
[20:47:23] [REI-ReloadPlugins/TRACE] [REI] [REIClientPlugin END] Reloading Section: "reloadable-plugin/CategoryRegistryImpl/HideIngredientsFromTagsPlugin of HideIngredientsFromTagsPlugin [roughlyenoughitems]/" done in 14.70 μs
[20:47:23] [REI-ReloadPlugins/TRACE] [REI] [REIClientPlugin END] Reloading Section: "reloadable-plugin/CategoryRegistryImpl/DefaultClientRuntimePlugin of DefaultClientRuntimePlugin [roughlyenoughitems]/"
[20:47:23] [REI-ReloadPlugins/TRACE] [REI] [REIClientPlugin END] Reloading Section: "reloadable-plugin/CategoryRegistryImpl/DefaultClientRuntimePlugin of DefaultClientRuntimePlugin [roughlyenoughitems]/" done in 14.10 μs
[20:47:23] [REI-ReloadPlugins/TRACE] [REI] [REIClientPlugin END] Reloading Section: "reloadable-plugin/CategoryRegistryImpl/REIForgePluginStub of REIForgePluginStub [kubejs]/"
[20:47:23] [REI-ReloadPlugins/DEBUG] [REI] Added category visibility predicate: dev.latvian.mods.kubejs.integration.rei.KubeJSREIPlugin$$Lambda$31454/0x0000026255e74be8@894af5 [0.00 priority]
[20:47:23] [REI-ReloadPlugins/TRACE] [REI] [REIClientPlugin END] Reloading Section: "reloadable-plugin/CategoryRegistryImpl/REIForgePluginStub of REIForgePluginStub [kubejs]/" done in 1.650 ms
[20:47:23] [REI-ReloadPlugins/TRACE] [REI] [REIClientPlugin END] Reloading Section: "reloadable-plugin/CategoryRegistryImpl/" done in 609.4 ms
[20:47:23] [REI-ReloadPlugins/TRACE] [REI] [REIClientPlugin END] Reloading Section: "reloadable-plugin/DisplayRegistryImpl/"
[20:47:23] [REI-ReloadPlugins/TRACE] [REI] [REIClientPlugin END] Reloading Section: "reloadable-plugin/DisplayRegistryImpl/DefaultClientPluginImpl of DefaultClientPluginImpl [roughlyenoughitems]/"
[20:47:23] [REI-ReloadPlugins/DEBUG] [REI] Added category [roughlyenoughitems:plugins/information]: Information
[20:47:23] [REI-ReloadPlugins/DEBUG] [REI] Added category [minecraft:plugins/tag]: Tag
[20:47:23] [REI-ReloadPlugins/DEBUG] [REI] Added display filter: me.shedaniel.rei.impl.client.registry.display.DisplayRegistryImpl$$Lambda$31286/0x0000026255e35a10@70a10229
[20:47:23] [REI-ReloadPlugins/DEBUG] [REI] Added display filter: me.shedaniel.rei.impl.client.registry.display.DisplayRegistryImpl$$Lambda$31286/0x0000026255e35a10@78e2d87d
[20:47:23] [REI-ReloadPlugins/DEBUG] [REI] Added display filter: me.shedaniel.rei.impl.client.registry.display.DisplayRegistryImpl$$Lambda$31286/0x0000026255e35a10@6f4c0b90
[20:47:23] [REI-ReloadPlugins/DEBUG] [REI] Added display filter: me.shedaniel.rei.impl.client.registry.display.DisplayRegistryImpl$$Lambda$31286/0x0000026255e35a10@449af9fa
[20:47:23] [REI-ReloadPlugins/DEBUG] [REI] Added display filter: me.shedaniel.rei.impl.client.registry.display.DisplayRegistryImpl$$Lambda$31286/0x0000026255e35a10@7b29131c
[20:47:23] [REI-ReloadPlugins/DEBUG] [REI] Added display filter: me.shedaniel.rei.impl.client.registry.display.DisplayRegistryImpl$$Lambda$31286/0x0000026255e35a10@6dd04000
[20:47:23] [REI-ReloadPlugins/DEBUG] [REI] Added display filter: me.shedaniel.rei.impl.client.registry.display.DisplayRegistryImpl$$Lambda$31286/0x0000026255e35a10@1e101668
[20:47:23] [REI-ReloadPlugins/DEBUG] [REI] Added display filter: me.shedaniel.rei.impl.client.registry.display.DisplayRegistryImpl$$Lambda$31468/0x0000026255e77cd0@5b6e30a0
[20:47:23] [REI-ReloadPlugins/DEBUG] [REI] Added display filter: me.shedaniel.rei.impl.client.registry.display.DisplayRegistryImpl$$Lambda$31286/0x0000026255e35a10@68cacf7b
[20:47:23] [REI-ReloadPlugins/DEBUG] [REI] Added display filter: me.shedaniel.rei.impl.client.registry.display.DisplayRegistryImpl$$Lambda$31286/0x0000026255e35a10@5481d72
[20:47:23] [REI-ReloadPlugins/DEBUG] [REI] Added display filter: me.shedaniel.rei.impl.client.registry.display.DisplayRegistryImpl$$Lambda$31286/0x0000026255e35a10@691c74df
[20:47:23] [REI-ReloadPlugins/DEBUG] [REI] Added display filter: me.shedaniel.rei.impl.client.registry.display.DisplayRegistryImpl$$Lambda$31468/0x0000026255e77cd0@35abba37
[20:47:23] [REI-ReloadPlugins/DEBUG] [REI] Added display filter: me.shedaniel.rei.impl.client.registry.display.DisplayRegistryImpl$$Lambda$31468/0x0000026255e77cd0@7b944b26
[20:47:23] [REI-ReloadPlugins/DEBUG] [REI] Added display filter: me.shedaniel.rei.impl.client.registry.display.DisplayRegistryImpl$$Lambda$31468/0x0000026255e77cd0@4ea0a1a6
[20:47:23] [REI-ReloadPlugins/DEBUG] [REI] Added display filter: me.shedaniel.rei.impl.client.registry.display.DisplayRegistryImpl$$Lambda$31468/0x0000026255e77cd0@7a6dba5f
[20:47:23] [REI-ReloadPlugins/DEBUG] [REI] Added display filter: me.shedaniel.rei.impl.client.registry.display.DisplayRegistryImpl$$Lambda$31468/0x0000026255e77cd0@127fdd27
[20:47:23] [REI-ReloadPlugins/DEBUG] [REI] Added display filter: me.shedaniel.rei.impl.client.registry.display.DisplayRegistryImpl$$Lambda$31468/0x0000026255e77cd0@4b6b7935
[20:47:23] [REI-ReloadPlugins/DEBUG] [REI] Added display filter: me.shedaniel.rei.impl.client.registry.display.DisplayRegistryImpl$$Lambda$31468/0x0000026255e77cd0@8d4c6f
[20:47:23] [REI-ReloadPlugins/DEBUG] [REI] Added display filter: me.shedaniel.rei.impl.client.registry.display.DisplayRegistryImpl$$Lambda$31468/0x0000026255e77cd0@17a5b163
[20:47:23] [REI-ReloadPlugins/DEBUG] [REI] Added display filter: me.shedaniel.rei.impl.client.registry.display.DisplayRegistryImpl$$Lambda$31468/0x0000026255e77cd0@7b5fd055
[20:47:23] [REI-ReloadPlugins/DEBUG] [REI] Added display filter: me.shedaniel.rei.impl.client.registry.display.DisplayRegistryImpl$$Lambda$31468/0x0000026255e77cd0@6bedbcda
[20:47:25] [REI-ReloadPlugins/TRACE] [REI] [REIClientPlugin END] Reloading Section: "reloadable-plugin/DisplayRegistryImpl/DefaultClientPluginImpl of DefaultClientPluginImpl [roughlyenoughitems]/" done in 2.228 s
[20:47:25] [REI-ReloadPlugins/TRACE] [REI] [REIClientPlugin END] Reloading Section: "reloadable-plugin/DisplayRegistryImpl/JEI Plugin [CreateAdditionJEI:createaddition:jei_plugin] of REI Plugin Compatibilities Adapter [rei_plugin_compatibilities, jei]/"
[20:47:25] [REI-ReloadPlugins/DEBUG] [REI] Added display visibility predicate: me.shedaniel.rei.jeicompat.wrap.JEIRecipeManager$DisplayPredicate@97a3fbe [0.00 priority]
[20:47:25] [REI-ReloadPlugins/TRACE] [REI] [REIClientPlugin END] Reloading Section: "reloadable-plugin/DisplayRegistryImpl/JEI Plugin [CreateAdditionJEI:createaddition:jei_plugin] of REI Plugin Compatibilities Adapter [rei_plugin_compatibilities, jei]/" done in 19.97 ms
[20:47:25] [REI-ReloadPlugins/ERROR] [REI] JEI Plugin [CreateAdditionJEI:createaddition:jei_plugin] of REI Plugin Compatibilities Adapter [rei_plugin_compatibilities, jei] plugin failed to reloadable-plugin/DisplayRegistryImpl/!
java.lang.NoSuchMethodError: 'java.util.Optional mezz.jei.api.helpers.IJeiHelpers.getRecipeType(net.minecraft.resources.ResourceLocation, java.lang.Class)'
	at TRANSFORMER/createaddition@1.20.1-1.3.3/com.mrh0.createaddition.compat.jei.CreateAdditionJEI.registerRecipeCatalysts(CreateAdditionJEI.java:92)
	at TRANSFORMER/rei_plugin_compatibilities@12.0.93/me.shedaniel.rei.jeicompat.JEIPluginDetector$JEIPluginWrapper.registerDisplays(JEIPluginDetector.java:563)
	at TRANSFORMER/roughlyenoughitems@12.1.785/me.shedaniel.rei.impl.client.registry.display.DisplayRegistryImpl.acceptPlugin(DisplayRegistryImpl.java:63)
	at TRANSFORMER/roughlyenoughitems@12.1.785/me.shedaniel.rei.impl.client.registry.display.DisplayRegistryImpl.acceptPlugin(DisplayRegistryImpl.java:53)
	at TRANSFORMER/roughlyenoughitems@12.1.785/me.shedaniel.rei.api.common.registry.Reloadable.acceptPlugin(Reloadable.java:78)
	at TRANSFORMER/roughlyenoughitems@12.1.785/me.shedaniel.rei.impl.common.plugins.PluginManagerImpl.lambda$reload$12(PluginManagerImpl.java:430)
	at TRANSFORMER/roughlyenoughitems@12.1.785/me.shedaniel.rei.impl.common.plugins.PluginManagerImpl.lambda$pluginSection$4(PluginManagerImpl.java:193)
	at TRANSFORMER/roughlyenoughitems@12.1.785/me.shedaniel.rei.impl.common.plugins.PluginManagerImpl.lambda$reload$13(PluginManagerImpl.java:420)
	at TRANSFORMER/roughlyenoughitems@12.1.785/me.shedaniel.rei.impl.common.plugins.PluginManagerImpl.pluginSection(PluginManagerImpl.java:191)
	at TRANSFORMER/roughlyenoughitems@12.1.785/me.shedaniel.rei.impl.common.plugins.PluginManagerImpl.reload(PluginManagerImpl.java:418)
	at TRANSFORMER/roughlyenoughitems@12.1.785/me.shedaniel.rei.api.common.plugins.PluginView$1.reload(PluginView.java:71)
	at TRANSFORMER/roughlyenoughitems@12.1.785/me.shedaniel.rei.impl.common.plugins.ReloadManagerImpl.reloadPlugins0(ReloadManagerImpl.java:155)
	at TRANSFORMER/roughlyenoughitems@12.1.785/me.shedaniel.rei.impl.common.plugins.ReloadManagerImpl.reloadPlugins0(ReloadManagerImpl.java:144)
	at TRANSFORMER/roughlyenoughitems@12.1.785/me.shedaniel.rei.impl.common.plugins.ReloadManagerImpl.lambda$reloadPlugins$7(ReloadManagerImpl.java:122)
	at java.base/java.util.concurrent.CompletableFuture$AsyncRun.run(Unknown Source)
	at java.base/java.util.concurrent.Executors$RunnableAdapter.call(Unknown Source)
	at java.base/java.util.concurrent.FutureTask.run(Unknown Source)
	at java.base/java.util.concurrent.ScheduledThreadPoolExecutor$ScheduledFutureTask.run(Unknown Source)
	at java.base/java.util.concurrent.ThreadPoolExecutor.runWorker(Unknown Source)
	at java.base/java.util.concurrent.ThreadPoolExecutor$Worker.run(Unknown Source)
	at java.base/java.lang.Thread.run(Unknown Source)
[20:47:25] [REI-ReloadPlugins/TRACE] [REI] [REIClientPlugin END] Reloading Section: "reloadable-plugin/DisplayRegistryImpl/JEI Plugin [PolyJEIPlugin:polylib:jei_plugin] of REI Plugin Compatibilities Adapter [rei_plugin_compatibilities, jei]/"
[20:47:25] [REI-ReloadPlugins/TRACE] [REI] [REIClientPlugin END] Reloading Section: "reloadable-plugin/DisplayRegistryImpl/JEI Plugin [PolyJEIPlugin:polylib:jei_plugin] of REI Plugin Compatibilities Adapter [rei_plugin_compatibilities, jei]/" done in 107.1 μs
[20:47:25] [REI-ReloadPlugins/TRACE] [REI] [REIClientPlugin END] Reloading Section: "reloadable-plugin/DisplayRegistryImpl/JEI Plugin [GTSEJEIPlugin:gregtech_steam_expansion:jei_plugin] of REI Plugin Compatibilities Adapter [rei_plugin_compatibilities, jei]/"
[20:47:25] [REI-ReloadPlugins/TRACE] [REI] [REIClientPlugin END] Reloading Section: "reloadable-plugin/DisplayRegistryImpl/JEI Plugin [GTSEJEIPlugin:gregtech_steam_expansion:jei_plugin] of REI Plugin Compatibilities Adapter [rei_plugin_compatibilities, jei]/" done in 5.132 ms
[20:47:25] [REI-ReloadPlugins/TRACE] [REI] [REIClientPlugin END] Reloading Section: "reloadable-plugin/DisplayRegistryImpl/JEI Plugin [GTJEIPlugin:gtceu:jei_plugin] of REI Plugin Compatibilities Adapter [rei_plugin_compatibilities, jei]/"
[20:47:25] [REI-ReloadPlugins/TRACE] [REI] [REIClientPlugin END] Reloading Section: "reloadable-plugin/DisplayRegistryImpl/JEI Plugin [GTJEIPlugin:gtceu:jei_plugin] of REI Plugin Compatibilities Adapter [rei_plugin_compatibilities, jei]/" done in 84.40 μs
[20:47:25] [REI-ReloadPlugins/TRACE] [REI] [REIClientPlugin END] Reloading Section: "reloadable-plugin/DisplayRegistryImpl/JEI Plugin [JEIIntegration:ftblibrary:jei] of REI Plugin Compatibilities Adapter [rei_plugin_compatibilities, jei]/"
[20:47:25] [REI-ReloadPlugins/TRACE] [REI] [REIClientPlugin END] Reloading Section: "reloadable-plugin/DisplayRegistryImpl/JEI Plugin [JEIIntegration:ftblibrary:jei] of REI Plugin Compatibilities Adapter [rei_plugin_compatibilities, jei]/" done in 53.60 μs
[20:47:25] [REI-ReloadPlugins/TRACE] [REI] [REIClientPlugin END] Reloading Section: "reloadable-plugin/DisplayRegistryImpl/JEI Plugin [JEIPlugin:kubejs:jei] of REI Plugin Compatibilities Adapter [rei_plugin_compatibilities, jei]/"
[20:47:25] [REI-ReloadPlugins/TRACE] [REI] [REIClientPlugin END] Reloading Section: "reloadable-plugin/DisplayRegistryImpl/JEI Plugin [JEIPlugin:kubejs:jei] of REI Plugin Compatibilities Adapter [rei_plugin_compatibilities, jei]/" done in 50.90 μs
[20:47:25] [REI-ReloadPlugins/TRACE] [REI] [REIClientPlugin END] Reloading Section: "reloadable-plugin/DisplayRegistryImpl/JEI Plugin [JEIIntegration:fluxnetworks:jei] of REI Plugin Compatibilities Adapter [rei_plugin_compatibilities, jei]/"
[20:47:25] [REI-ReloadPlugins/TRACE] [REI] [REIClientPlugin END] Reloading Section: "reloadable-plugin/DisplayRegistryImpl/JEI Plugin [JEIIntegration:fluxnetworks:jei] of REI Plugin Compatibilities Adapter [rei_plugin_compatibilities, jei]/" done in 1.566 ms
[20:47:25] [REI-ReloadPlugins/TRACE] [REI] [REIClientPlugin END] Reloading Section: "reloadable-plugin/DisplayRegistryImpl/JEI Plugin [CreateJEI:create:jei_plugin] of REI Plugin Compatibilities Adapter [rei_plugin_compatibilities, jei]/"
[20:47:28] [REI-ReloadPlugins/TRACE] [REI] [REIClientPlugin END] Reloading Section: "reloadable-plugin/DisplayRegistryImpl/JEI Plugin [CreateJEI:create:jei_plugin] of REI Plugin Compatibilities Adapter [rei_plugin_compatibilities, jei]/" done in 2.326 s
[20:47:28] [REI-ReloadPlugins/TRACE] [REI] [REIClientPlugin END] Reloading Section: "reloadable-plugin/DisplayRegistryImpl/JEI Plugin [JEIPlugin:ae2:core] of REI Plugin Compatibilities Adapter [rei_plugin_compatibilities, jei]/"
[20:47:28] [REI-ReloadPlugins/DEBUG] [REI] Added global display generator: me.shedaniel.rei.jeicompat.unwrap.JEIDynamicDisplayGenerator@4a44ac27
[20:47:28] [REI-ReloadPlugins/TRACE] [REI] [REIClientPlugin END] Reloading Section: "reloadable-plugin/DisplayRegistryImpl/JEI Plugin [JEIPlugin:ae2:core] of REI Plugin Compatibilities Adapter [rei_plugin_compatibilities, jei]/" done in 135.0 ms
[20:47:28] [REI-ReloadPlugins/TRACE] [REI] [REIClientPlugin END] Reloading Section: "reloadable-plugin/DisplayRegistryImpl/JEI Plugin [JEICompat:jade:main] of REI Plugin Compatibilities Adapter [rei_plugin_compatibilities, jei]/"
[20:47:28] [REI-ReloadPlugins/TRACE] [REI] [REIClientPlugin END] Reloading Section: "reloadable-plugin/DisplayRegistryImpl/JEI Plugin [JEICompat:jade:main] of REI Plugin Compatibilities Adapter [rei_plugin_compatibilities, jei]/" done in 45.80 μs
[20:47:28] [REI-ReloadPlugins/TRACE] [REI] [REIClientPlugin END] Reloading Section: "reloadable-plugin/DisplayRegistryImpl/JEI Plugin [JEIPlugin:ldlib:jei_plugin] of REI Plugin Compatibilities Adapter [rei_plugin_compatibilities, jei]/"
[20:47:28] [REI-ReloadPlugins/TRACE] [REI] [REIClientPlugin END] Reloading Section: "reloadable-plugin/DisplayRegistryImpl/JEI Plugin [JEIPlugin:ldlib:jei_plugin] of REI Plugin Compatibilities Adapter [rei_plugin_compatibilities, jei]/" done in 29.50 μs
[20:47:28] [REI-ReloadPlugins/TRACE] [REI] [REIClientPlugin END] Reloading Section: "reloadable-plugin/DisplayRegistryImpl/JEI Plugin [BCJeiPlugin:bibliocraft:jei_plugin] of REI Plugin Compatibilities Adapter [rei_plugin_compatibilities, jei]/"
[20:47:28] [REI-ReloadPlugins/TRACE] [REI] [REIClientPlugin END] Reloading Section: "reloadable-plugin/DisplayRegistryImpl/JEI Plugin [BCJeiPlugin:bibliocraft:jei_plugin] of REI Plugin Compatibilities Adapter [rei_plugin_compatibilities, jei]/" done in 36.26 ms
[20:47:28] [REI-ReloadPlugins/TRACE] [REI] [REIClientPlugin END] Reloading Section: "reloadable-plugin/DisplayRegistryImpl/GTREIPlugin of GTREIPlugin [gtceu]/"
[20:47:33] [Render thread/DEBUG] [REI] Created search filter with "" using Default
[20:47:33] [Render thread/DEBUG] [REI] Starting Search: "" with 20293 stacks, shouldAsync: true on Render thread
[20:47:33] [Render thread/DEBUG] [REI] Async Search: 51 partitions for ""
[20:47:33] [REI-AsyncSearchManager-0/TRACE] [REI] Search "" Used [Thread[REI-AsyncSearchManager-0,10,main]]: 38.62 ms
[20:47:34] [REI-AsyncSearchManager-0/TRACE] [REI] Search "" Used and Applied [Thread[REI-AsyncSearchManager-0,10,main]]: 215.4 ms
[20:47:36] [REI-ReloadPlugins/TRACE] [REI] [REIClientPlugin END] Reloading Section: "reloadable-plugin/DisplayRegistryImpl/GTREIPlugin of GTREIPlugin [gtceu]/" done in 8.736 s
[20:47:36] [REI-ReloadPlugins/TRACE] [REI] [REIClientPlugin END] Reloading Section: "reloadable-plugin/DisplayRegistryImpl/FramedReiPlugin of FramedReiPlugin [framedblocks]/"
[20:47:36] [REI-ReloadPlugins/DEBUG] [REI] Added display generator for category [framedblocks:framing_saw]: xfacthd.framedblocks.common.compat.rei.FramingSawDisplayGenerator@3fce054d
[20:47:36] [REI-ReloadPlugins/TRACE] [REI] [REIClientPlugin END] Reloading Section: "reloadable-plugin/DisplayRegistryImpl/FramedReiPlugin of FramedReiPlugin [framedblocks]/" done in 2.637 ms
[20:47:36] [REI-ReloadPlugins/TRACE] [REI] [REIClientPlugin END] Reloading Section: "reloadable-plugin/DisplayRegistryImpl/REIPluginImpl of REIPluginImpl [ldlib]/"
[20:47:36] [REI-ReloadPlugins/TRACE] [REI] [REIClientPlugin END] Reloading Section: "reloadable-plugin/DisplayRegistryImpl/REIPluginImpl of REIPluginImpl [ldlib]/" done in 56.60 μs
[20:47:36] [REI-ReloadPlugins/TRACE] [REI] [REIClientPlugin END] Reloading Section: "reloadable-plugin/DisplayRegistryImpl/REI Plugin Compatibilities Client Handler of REI Plugin Compatibilities Client Handler [rei_plugin_compatibilities, jei]/"
[20:47:36] [REI-ReloadPlugins/DEBUG] [REI] Added display filter: me.shedaniel.rei.impl.client.registry.display.DisplayRegistryImpl$$Lambda$31286/0x0000026255e35a10@40ea8190
[20:47:36] [REI-ReloadPlugins/TRACE] [REI] [REIClientPlugin END] Reloading Section: "reloadable-plugin/DisplayRegistryImpl/REI Plugin Compatibilities Client Handler of REI Plugin Compatibilities Client Handler [rei_plugin_compatibilities, jei]/" done in 2.610 ms
[20:47:36] [REI-ReloadPlugins/TRACE] [REI] [REIClientPlugin END] Reloading Section: "reloadable-plugin/DisplayRegistryImpl/REIForgePluginStub of REIForgePluginStub [ftblibrary]/"
[20:47:36] [REI-ReloadPlugins/TRACE] [REI] [REIClientPlugin END] Reloading Section: "reloadable-plugin/DisplayRegistryImpl/REIForgePluginStub of REIForgePluginStub [ftblibrary]/" done in 20.30 μs
[20:47:36] [REI-ReloadPlugins/TRACE] [REI] [REIClientPlugin END] Reloading Section: "reloadable-plugin/DisplayRegistryImpl/AE2 of AE2 [ae2]/"
[20:47:36] [REI-ReloadPlugins/DEBUG] [REI] Added global display generator: appeng.integration.modules.rei.FacadeRegistryGenerator@1a41a94d
[20:47:36] [REI-ReloadPlugins/TRACE] [REI] [REIClientPlugin END] Reloading Section: "reloadable-plugin/DisplayRegistryImpl/AE2 of AE2 [ae2]/" done in 1.726 ms
[20:47:36] [REI-ReloadPlugins/TRACE] [REI] [REIClientPlugin END] Reloading Section: "reloadable-plugin/DisplayRegistryImpl/HideIngredientsFromTagsPlugin of HideIngredientsFromTagsPlugin [roughlyenoughitems]/"
[20:47:36] [REI-ReloadPlugins/TRACE] [REI] [REIClientPlugin END] Reloading Section: "reloadable-plugin/DisplayRegistryImpl/HideIngredientsFromTagsPlugin of HideIngredientsFromTagsPlugin [roughlyenoughitems]/" done in 41.40 μs
[20:47:36] [REI-ReloadPlugins/TRACE] [REI] [REIClientPlugin END] Reloading Section: "reloadable-plugin/DisplayRegistryImpl/DefaultClientRuntimePlugin of DefaultClientRuntimePlugin [roughlyenoughitems]/"
[20:47:38] [REI-ReloadPlugins/DEBUG] [REI] Computed existing filtered displays with 3 rules in 1.205 s
[20:47:38] [REI-ReloadPlugins/DEBUG] [REI] Added display visibility predicate: me.shedaniel.rei.plugin.client.runtime.FilteredStacksVisibilityHandler@2ec55297 [0.00 priority]
[20:47:38] [REI-ReloadPlugins/TRACE] [REI] [REIClientPlugin END] Reloading Section: "reloadable-plugin/DisplayRegistryImpl/DefaultClientRuntimePlugin of DefaultClientRuntimePlugin [roughlyenoughitems]/" done in 1.205 s
[20:47:38] [REI-ReloadPlugins/TRACE] [REI] [REIClientPlugin END] Reloading Section: "reloadable-plugin/DisplayRegistryImpl/REIForgePluginStub of REIForgePluginStub [kubejs]/"
[20:47:38] [REI-ReloadPlugins/DEBUG] [REI] Added display visibility predicate: dev.latvian.mods.kubejs.integration.rei.KubeJSREIPlugin$$Lambda$32421/0x0000026255f9f060@4b2ad7fc [0.00 priority]
[20:47:38] [REI-ReloadPlugins/TRACE] [REI] [REIClientPlugin END] Reloading Section: "reloadable-plugin/DisplayRegistryImpl/REIForgePluginStub of REIForgePluginStub [kubejs]/" done in 1.004 ms
[20:47:38] [REI-ReloadPlugins/TRACE] [REI] [REIClientPlugin END] Reloading Section: "reloadable-plugin/DisplayRegistryImpl/" done in 14.71 s
[20:47:38] [REI-ReloadPlugins/TRACE] [REI] [REIClientPlugin END] Reloading Section: "reloadable-plugin/ScreenRegistryImpl/"
[20:47:38] [REI-ReloadPlugins/TRACE] [REI] [REIClientPlugin END] Reloading Section: "reloadable-plugin/ScreenRegistryImpl/DefaultClientPluginImpl of DefaultClientPluginImpl [roughlyenoughitems]/"
[20:47:38] [REI-ReloadPlugins/TRACE] [REI] [REIClientPlugin END] Reloading Section: "reloadable-plugin/ScreenRegistryImpl/DefaultClientPluginImpl of DefaultClientPluginImpl [roughlyenoughitems]/" done in 27.50 μs
[20:47:38] [REI-ReloadPlugins/TRACE] [REI] [REIClientPlugin END] Reloading Section: "reloadable-plugin/ScreenRegistryImpl/JEI Plugin [CreateAdditionJEI:createaddition:jei_plugin] of REI Plugin Compatibilities Adapter [rei_plugin_compatibilities, jei]/"
[20:47:38] [REI-ReloadPlugins/TRACE] [REI] [REIClientPlugin END] Reloading Section: "reloadable-plugin/ScreenRegistryImpl/JEI Plugin [CreateAdditionJEI:createaddition:jei_plugin] of REI Plugin Compatibilities Adapter [rei_plugin_compatibilities, jei]/" done in 29.80 μs
[20:47:38] [REI-ReloadPlugins/TRACE] [REI] [REIClientPlugin END] Reloading Section: "reloadable-plugin/ScreenRegistryImpl/JEI Plugin [PolyJEIPlugin:polylib:jei_plugin] of REI Plugin Compatibilities Adapter [rei_plugin_compatibilities, jei]/"
[20:47:38] [REI-ReloadPlugins/TRACE] [REI] [REIClientPlugin END] Reloading Section: "reloadable-plugin/ScreenRegistryImpl/JEI Plugin [PolyJEIPlugin:polylib:jei_plugin] of REI Plugin Compatibilities Adapter [rei_plugin_compatibilities, jei]/" done in 19.40 μs
[20:47:38] [REI-ReloadPlugins/TRACE] [REI] [REIClientPlugin END] Reloading Section: "reloadable-plugin/ScreenRegistryImpl/JEI Plugin [GTSEJEIPlugin:gregtech_steam_expansion:jei_plugin] of REI Plugin Compatibilities Adapter [rei_plugin_compatibilities, jei]/"
[20:47:38] [REI-ReloadPlugins/TRACE] [REI] [REIClientPlugin END] Reloading Section: "reloadable-plugin/ScreenRegistryImpl/JEI Plugin [GTSEJEIPlugin:gregtech_steam_expansion:jei_plugin] of REI Plugin Compatibilities Adapter [rei_plugin_compatibilities, jei]/" done in 16.90 μs
[20:47:38] [REI-ReloadPlugins/TRACE] [REI] [REIClientPlugin END] Reloading Section: "reloadable-plugin/ScreenRegistryImpl/JEI Plugin [GTJEIPlugin:gtceu:jei_plugin] of REI Plugin Compatibilities Adapter [rei_plugin_compatibilities, jei]/"
[20:47:38] [REI-ReloadPlugins/TRACE] [REI] [REIClientPlugin END] Reloading Section: "reloadable-plugin/ScreenRegistryImpl/JEI Plugin [GTJEIPlugin:gtceu:jei_plugin] of REI Plugin Compatibilities Adapter [rei_plugin_compatibilities, jei]/" done in 23.30 μs
[20:47:38] [REI-ReloadPlugins/TRACE] [REI] [REIClientPlugin END] Reloading Section: "reloadable-plugin/ScreenRegistryImpl/JEI Plugin [JEIIntegration:ftblibrary:jei] of REI Plugin Compatibilities Adapter [rei_plugin_compatibilities, jei]/"
[20:47:38] [REI-ReloadPlugins/TRACE] [REI] [REIClientPlugin END] Reloading Section: "reloadable-plugin/ScreenRegistryImpl/JEI Plugin [JEIIntegration:ftblibrary:jei] of REI Plugin Compatibilities Adapter [rei_plugin_compatibilities, jei]/" done in 18.50 μs
[20:47:38] [REI-ReloadPlugins/TRACE] [REI] [REIClientPlugin END] Reloading Section: "reloadable-plugin/ScreenRegistryImpl/JEI Plugin [JEIPlugin:kubejs:jei] of REI Plugin Compatibilities Adapter [rei_plugin_compatibilities, jei]/"
[20:47:38] [REI-ReloadPlugins/TRACE] [REI] [REIClientPlugin END] Reloading Section: "reloadable-plugin/ScreenRegistryImpl/JEI Plugin [JEIPlugin:kubejs:jei] of REI Plugin Compatibilities Adapter [rei_plugin_compatibilities, jei]/" done in 20.90 μs
[20:47:38] [REI-ReloadPlugins/TRACE] [REI] [REIClientPlugin END] Reloading Section: "reloadable-plugin/ScreenRegistryImpl/JEI Plugin [JEIIntegration:fluxnetworks:jei] of REI Plugin Compatibilities Adapter [rei_plugin_compatibilities, jei]/"
[20:47:38] [REI-ReloadPlugins/TRACE] [REI] [REIClientPlugin END] Reloading Section: "reloadable-plugin/ScreenRegistryImpl/JEI Plugin [JEIIntegration:fluxnetworks:jei] of REI Plugin Compatibilities Adapter [rei_plugin_compatibilities, jei]/" done in 16.40 μs
[20:47:38] [REI-ReloadPlugins/TRACE] [REI] [REIClientPlugin END] Reloading Section: "reloadable-plugin/ScreenRegistryImpl/JEI Plugin [CreateJEI:create:jei_plugin] of REI Plugin Compatibilities Adapter [rei_plugin_compatibilities, jei]/"
[20:47:38] [REI-ReloadPlugins/TRACE] [REI] [REIClientPlugin END] Reloading Section: "reloadable-plugin/ScreenRegistryImpl/JEI Plugin [CreateJEI:create:jei_plugin] of REI Plugin Compatibilities Adapter [rei_plugin_compatibilities, jei]/" done in 27.20 μs
[20:47:38] [REI-ReloadPlugins/TRACE] [REI] [REIClientPlugin END] Reloading Section: "reloadable-plugin/ScreenRegistryImpl/JEI Plugin [JEIPlugin:ae2:core] of REI Plugin Compatibilities Adapter [rei_plugin_compatibilities, jei]/"
[20:47:38] [REI-ReloadPlugins/TRACE] [REI] [REIClientPlugin END] Reloading Section: "reloadable-plugin/ScreenRegistryImpl/JEI Plugin [JEIPlugin:ae2:core] of REI Plugin Compatibilities Adapter [rei_plugin_compatibilities, jei]/" done in 19.80 μs
[20:47:38] [REI-ReloadPlugins/TRACE] [REI] [REIClientPlugin END] Reloading Section: "reloadable-plugin/ScreenRegistryImpl/JEI Plugin [JEICompat:jade:main] of REI Plugin Compatibilities Adapter [rei_plugin_compatibilities, jei]/"
[20:47:38] [REI-ReloadPlugins/TRACE] [REI] [REIClientPlugin END] Reloading Section: "reloadable-plugin/ScreenRegistryImpl/JEI Plugin [JEICompat:jade:main] of REI Plugin Compatibilities Adapter [rei_plugin_compatibilities, jei]/" done in 18.30 μs
[20:47:38] [REI-ReloadPlugins/TRACE] [REI] [REIClientPlugin END] Reloading Section: "reloadable-plugin/ScreenRegistryImpl/JEI Plugin [JEIPlugin:ldlib:jei_plugin] of REI Plugin Compatibilities Adapter [rei_plugin_compatibilities, jei]/"
[20:47:38] [REI-ReloadPlugins/TRACE] [REI] [REIClientPlugin END] Reloading Section: "reloadable-plugin/ScreenRegistryImpl/JEI Plugin [JEIPlugin:ldlib:jei_plugin] of REI Plugin Compatibilities Adapter [rei_plugin_compatibilities, jei]/" done in 18.70 μs
[20:47:38] [REI-ReloadPlugins/TRACE] [REI] [REIClientPlugin END] Reloading Section: "reloadable-plugin/ScreenRegistryImpl/JEI Plugin [BCJeiPlugin:bibliocraft:jei_plugin] of REI Plugin Compatibilities Adapter [rei_plugin_compatibilities, jei]/"
[20:47:38] [REI-ReloadPlugins/TRACE] [REI] [REIClientPlugin END] Reloading Section: "reloadable-plugin/ScreenRegistryImpl/JEI Plugin [BCJeiPlugin:bibliocraft:jei_plugin] of REI Plugin Compatibilities Adapter [rei_plugin_compatibilities, jei]/" done in 23.70 μs
[20:47:38] [REI-ReloadPlugins/TRACE] [REI] [REIClientPlugin END] Reloading Section: "reloadable-plugin/ScreenRegistryImpl/GTREIPlugin of GTREIPlugin [gtceu]/"
[20:47:38] [REI-ReloadPlugins/TRACE] [REI] [REIClientPlugin END] Reloading Section: "reloadable-plugin/ScreenRegistryImpl/GTREIPlugin of GTREIPlugin [gtceu]/" done in 16.50 μs
[20:47:38] [REI-ReloadPlugins/TRACE] [REI] [REIClientPlugin END] Reloading Section: "reloadable-plugin/ScreenRegistryImpl/FramedReiPlugin of FramedReiPlugin [framedblocks]/"
[20:47:38] [REI-ReloadPlugins/TRACE] [REI] [REIClientPlugin END] Reloading Section: "reloadable-plugin/ScreenRegistryImpl/FramedReiPlugin of FramedReiPlugin [framedblocks]/" done in 17.10 μs
[20:47:38] [REI-ReloadPlugins/TRACE] [REI] [REIClientPlugin END] Reloading Section: "reloadable-plugin/ScreenRegistryImpl/REIPluginImpl of REIPluginImpl [ldlib]/"
[20:47:38] [REI-ReloadPlugins/TRACE] [REI] [REIClientPlugin END] Reloading Section: "reloadable-plugin/ScreenRegistryImpl/REIPluginImpl of REIPluginImpl [ldlib]/" done in 15.00 μs
[20:47:38] [REI-ReloadPlugins/TRACE] [REI] [REIClientPlugin END] Reloading Section: "reloadable-plugin/ScreenRegistryImpl/REI Plugin Compatibilities Client Handler of REI Plugin Compatibilities Client Handler [rei_plugin_compatibilities, jei]/"
[20:47:38] [REI-ReloadPlugins/TRACE] [REI] [REIClientPlugin END] Reloading Section: "reloadable-plugin/ScreenRegistryImpl/REI Plugin Compatibilities Client Handler of REI Plugin Compatibilities Client Handler [rei_plugin_compatibilities, jei]/" done in 12.30 μs
[20:47:38] [REI-ReloadPlugins/TRACE] [REI] [REIClientPlugin END] Reloading Section: "reloadable-plugin/ScreenRegistryImpl/REIForgePluginStub of REIForgePluginStub [ftblibrary]/"
[20:47:38] [REI-ReloadPlugins/TRACE] [REI] [REIClientPlugin END] Reloading Section: "reloadable-plugin/ScreenRegistryImpl/REIForgePluginStub of REIForgePluginStub [ftblibrary]/" done in 16.00 μs
[20:47:38] [REI-ReloadPlugins/TRACE] [REI] [REIClientPlugin END] Reloading Section: "reloadable-plugin/ScreenRegistryImpl/AE2 of AE2 [ae2]/"
[20:47:38] [REI-ReloadPlugins/TRACE] [REI] [REIClientPlugin END] Reloading Section: "reloadable-plugin/ScreenRegistryImpl/AE2 of AE2 [ae2]/" done in 25.50 μs
[20:47:38] [REI-ReloadPlugins/TRACE] [REI] [REIClientPlugin END] Reloading Section: "reloadable-plugin/ScreenRegistryImpl/HideIngredientsFromTagsPlugin of HideIngredientsFromTagsPlugin [roughlyenoughitems]/"
[20:47:38] [REI-ReloadPlugins/TRACE] [REI] [REIClientPlugin END] Reloading Section: "reloadable-plugin/ScreenRegistryImpl/HideIngredientsFromTagsPlugin of HideIngredientsFromTagsPlugin [roughlyenoughitems]/" done in 16.00 μs
[20:47:38] [REI-ReloadPlugins/TRACE] [REI] [REIClientPlugin END] Reloading Section: "reloadable-plugin/ScreenRegistryImpl/DefaultClientRuntimePlugin of DefaultClientRuntimePlugin [roughlyenoughitems]/"
[20:47:38] [REI-ReloadPlugins/TRACE] [REI] [REIClientPlugin END] Reloading Section: "reloadable-plugin/ScreenRegistryImpl/DefaultClientRuntimePlugin of DefaultClientRuntimePlugin [roughlyenoughitems]/" done in 12.50 μs
[20:47:38] [REI-ReloadPlugins/TRACE] [REI] [REIClientPlugin END] Reloading Section: "reloadable-plugin/ScreenRegistryImpl/REIForgePluginStub of REIForgePluginStub [kubejs]/"
[20:47:38] [REI-ReloadPlugins/TRACE] [REI] [REIClientPlugin END] Reloading Section: "reloadable-plugin/ScreenRegistryImpl/REIForgePluginStub of REIForgePluginStub [kubejs]/" done in 12.80 μs
[20:47:38] [REI-ReloadPlugins/TRACE] [REI] [REIClientPlugin END] Reloading Section: "reloadable-plugin/ScreenRegistryImpl/" done in 1.252 ms
[20:47:38] [REI-ReloadPlugins/TRACE] [REI] [REIClientPlugin END] Reloading Section: "reloadable-plugin/FavoriteEntryTypeRegistryImpl/"
[20:47:38] [REI-ReloadPlugins/TRACE] [REI] [REIClientPlugin END] Reloading Section: "reloadable-plugin/FavoriteEntryTypeRegistryImpl/DefaultClientPluginImpl of DefaultClientPluginImpl [roughlyenoughitems]/"
[20:47:38] [REI-ReloadPlugins/TRACE] [REI] [REIClientPlugin END] Reloading Section: "reloadable-plugin/FavoriteEntryTypeRegistryImpl/DefaultClientPluginImpl of DefaultClientPluginImpl [roughlyenoughitems]/" done in 15.70 μs
[20:47:38] [REI-ReloadPlugins/TRACE] [REI] [REIClientPlugin END] Reloading Section: "reloadable-plugin/FavoriteEntryTypeRegistryImpl/JEI Plugin [CreateAdditionJEI:createaddition:jei_plugin] of REI Plugin Compatibilities Adapter [rei_plugin_compatibilities, jei]/"
[20:47:38] [REI-ReloadPlugins/TRACE] [REI] [REIClientPlugin END] Reloading Section: "reloadable-plugin/FavoriteEntryTypeRegistryImpl/JEI Plugin [CreateAdditionJEI:createaddition:jei_plugin] of REI Plugin Compatibilities Adapter [rei_plugin_compatibilities, jei]/" done in 25.30 μs
[20:47:38] [REI-ReloadPlugins/TRACE] [REI] [REIClientPlugin END] Reloading Section: "reloadable-plugin/FavoriteEntryTypeRegistryImpl/JEI Plugin [PolyJEIPlugin:polylib:jei_plugin] of REI Plugin Compatibilities Adapter [rei_plugin_compatibilities, jei]/"
[20:47:38] [REI-ReloadPlugins/TRACE] [REI] [REIClientPlugin END] Reloading Section: "reloadable-plugin/FavoriteEntryTypeRegistryImpl/JEI Plugin [PolyJEIPlugin:polylib:jei_plugin] of REI Plugin Compatibilities Adapter [rei_plugin_compatibilities, jei]/" done in 20.30 μs
[20:47:38] [REI-ReloadPlugins/TRACE] [REI] [REIClientPlugin END] Reloading Section: "reloadable-plugin/FavoriteEntryTypeRegistryImpl/JEI Plugin [GTSEJEIPlugin:gregtech_steam_expansion:jei_plugin] of REI Plugin Compatibilities Adapter [rei_plugin_compatibilities, jei]/"
[20:47:38] [REI-ReloadPlugins/TRACE] [REI] [REIClientPlugin END] Reloading Section: "reloadable-plugin/FavoriteEntryTypeRegistryImpl/JEI Plugin [GTSEJEIPlugin:gregtech_steam_expansion:jei_plugin] of REI Plugin Compatibilities Adapter [rei_plugin_compatibilities, jei]/" done in 35.80 μs
[20:47:38] [REI-ReloadPlugins/TRACE] [REI] [REIClientPlugin END] Reloading Section: "reloadable-plugin/FavoriteEntryTypeRegistryImpl/JEI Plugin [GTJEIPlugin:gtceu:jei_plugin] of REI Plugin Compatibilities Adapter [rei_plugin_compatibilities, jei]/"
[20:47:38] [REI-ReloadPlugins/TRACE] [REI] [REIClientPlugin END] Reloading Section: "reloadable-plugin/FavoriteEntryTypeRegistryImpl/JEI Plugin [GTJEIPlugin:gtceu:jei_plugin] of REI Plugin Compatibilities Adapter [rei_plugin_compatibilities, jei]/" done in 20.70 μs
[20:47:38] [REI-ReloadPlugins/TRACE] [REI] [REIClientPlugin END] Reloading Section: "reloadable-plugin/FavoriteEntryTypeRegistryImpl/JEI Plugin [JEIIntegration:ftblibrary:jei] of REI Plugin Compatibilities Adapter [rei_plugin_compatibilities, jei]/"
[20:47:38] [REI-ReloadPlugins/TRACE] [REI] [REIClientPlugin END] Reloading Section: "reloadable-plugin/FavoriteEntryTypeRegistryImpl/JEI Plugin [JEIIntegration:ftblibrary:jei] of REI Plugin Compatibilities Adapter [rei_plugin_compatibilities, jei]/" done in 13.40 μs
[20:47:38] [REI-ReloadPlugins/TRACE] [REI] [REIClientPlugin END] Reloading Section: "reloadable-plugin/FavoriteEntryTypeRegistryImpl/JEI Plugin [JEIPlugin:kubejs:jei] of REI Plugin Compatibilities Adapter [rei_plugin_compatibilities, jei]/"
[20:47:38] [REI-ReloadPlugins/TRACE] [REI] [REIClientPlugin END] Reloading Section: "reloadable-plugin/FavoriteEntryTypeRegistryImpl/JEI Plugin [JEIPlugin:kubejs:jei] of REI Plugin Compatibilities Adapter [rei_plugin_compatibilities, jei]/" done in 18.60 μs
[20:47:38] [REI-ReloadPlugins/TRACE] [REI] [REIClientPlugin END] Reloading Section: "reloadable-plugin/FavoriteEntryTypeRegistryImpl/JEI Plugin [JEIIntegration:fluxnetworks:jei] of REI Plugin Compatibilities Adapter [rei_plugin_compatibilities, jei]/"
[20:47:38] [REI-ReloadPlugins/TRACE] [REI] [REIClientPlugin END] Reloading Section: "reloadable-plugin/FavoriteEntryTypeRegistryImpl/JEI Plugin [JEIIntegration:fluxnetworks:jei] of REI Plugin Compatibilities Adapter [rei_plugin_compatibilities, jei]/" done in 18.50 μs
[20:47:38] [REI-ReloadPlugins/TRACE] [REI] [REIClientPlugin END] Reloading Section: "reloadable-plugin/FavoriteEntryTypeRegistryImpl/JEI Plugin [CreateJEI:create:jei_plugin] of REI Plugin Compatibilities Adapter [rei_plugin_compatibilities, jei]/"
[20:47:38] [REI-ReloadPlugins/TRACE] [REI] [REIClientPlugin END] Reloading Section: "reloadable-plugin/FavoriteEntryTypeRegistryImpl/JEI Plugin [CreateJEI:create:jei_plugin] of REI Plugin Compatibilities Adapter [rei_plugin_compatibilities, jei]/" done in 21.20 μs
[20:47:38] [REI-ReloadPlugins/TRACE] [REI] [REIClientPlugin END] Reloading Section: "reloadable-plugin/FavoriteEntryTypeRegistryImpl/JEI Plugin [JEIPlugin:ae2:core] of REI Plugin Compatibilities Adapter [rei_plugin_compatibilities, jei]/"
[20:47:38] [REI-ReloadPlugins/TRACE] [REI] [REIClientPlugin END] Reloading Section: "reloadable-plugin/FavoriteEntryTypeRegistryImpl/JEI Plugin [JEIPlugin:ae2:core] of REI Plugin Compatibilities Adapter [rei_plugin_compatibilities, jei]/" done in 16.80 μs
[20:47:38] [REI-ReloadPlugins/TRACE] [REI] [REIClientPlugin END] Reloading Section: "reloadable-plugin/FavoriteEntryTypeRegistryImpl/JEI Plugin [JEICompat:jade:main] of REI Plugin Compatibilities Adapter [rei_plugin_compatibilities, jei]/"
[20:47:38] [REI-ReloadPlugins/TRACE] [REI] [REIClientPlugin END] Reloading Section: "reloadable-plugin/FavoriteEntryTypeRegistryImpl/JEI Plugin [JEICompat:jade:main] of REI Plugin Compatibilities Adapter [rei_plugin_compatibilities, jei]/" done in 18.30 μs
[20:47:38] [REI-ReloadPlugins/TRACE] [REI] [REIClientPlugin END] Reloading Section: "reloadable-plugin/FavoriteEntryTypeRegistryImpl/JEI Plugin [JEIPlugin:ldlib:jei_plugin] of REI Plugin Compatibilities Adapter [rei_plugin_compatibilities, jei]/"
[20:47:38] [REI-ReloadPlugins/TRACE] [REI] [REIClientPlugin END] Reloading Section: "reloadable-plugin/FavoriteEntryTypeRegistryImpl/JEI Plugin [JEIPlugin:ldlib:jei_plugin] of REI Plugin Compatibilities Adapter [rei_plugin_compatibilities, jei]/" done in 18.70 μs
[20:47:38] [REI-ReloadPlugins/TRACE] [REI] [REIClientPlugin END] Reloading Section: "reloadable-plugin/FavoriteEntryTypeRegistryImpl/JEI Plugin [BCJeiPlugin:bibliocraft:jei_plugin] of REI Plugin Compatibilities Adapter [rei_plugin_compatibilities, jei]/"
[20:47:38] [REI-ReloadPlugins/TRACE] [REI] [REIClientPlugin END] Reloading Section: "reloadable-plugin/FavoriteEntryTypeRegistryImpl/JEI Plugin [BCJeiPlugin:bibliocraft:jei_plugin] of REI Plugin Compatibilities Adapter [rei_plugin_compatibilities, jei]/" done in 19.00 μs
[20:47:38] [REI-ReloadPlugins/TRACE] [REI] [REIClientPlugin END] Reloading Section: "reloadable-plugin/FavoriteEntryTypeRegistryImpl/GTREIPlugin of GTREIPlugin [gtceu]/"
[20:47:38] [REI-ReloadPlugins/TRACE] [REI] [REIClientPlugin END] Reloading Section: "reloadable-plugin/FavoriteEntryTypeRegistryImpl/GTREIPlugin of GTREIPlugin [gtceu]/" done in 16.50 μs
[20:47:38] [REI-ReloadPlugins/TRACE] [REI] [REIClientPlugin END] Reloading Section: "reloadable-plugin/FavoriteEntryTypeRegistryImpl/FramedReiPlugin of FramedReiPlugin [framedblocks]/"
[20:47:38] [REI-ReloadPlugins/TRACE] [REI] [REIClientPlugin END] Reloading Section: "reloadable-plugin/FavoriteEntryTypeRegistryImpl/FramedReiPlugin of FramedReiPlugin [framedblocks]/" done in 12.20 μs
[20:47:38] [REI-ReloadPlugins/TRACE] [REI] [REIClientPlugin END] Reloading Section: "reloadable-plugin/FavoriteEntryTypeRegistryImpl/REIPluginImpl of REIPluginImpl [ldlib]/"
[20:47:38] [REI-ReloadPlugins/TRACE] [REI] [REIClientPlugin END] Reloading Section: "reloadable-plugin/FavoriteEntryTypeRegistryImpl/REIPluginImpl of REIPluginImpl [ldlib]/" done in 17.30 μs
[20:47:38] [REI-ReloadPlugins/TRACE] [REI] [REIClientPlugin END] Reloading Section: "reloadable-plugin/FavoriteEntryTypeRegistryImpl/REI Plugin Compatibilities Client Handler of REI Plugin Compatibilities Client Handler [rei_plugin_compatibilities, jei]/"
[20:47:38] [REI-ReloadPlugins/TRACE] [REI] [REIClientPlugin END] Reloading Section: "reloadable-plugin/FavoriteEntryTypeRegistryImpl/REI Plugin Compatibilities Client Handler of REI Plugin Compatibilities Client Handler [rei_plugin_compatibilities, jei]/" done in 12.40 μs
[20:47:38] [REI-ReloadPlugins/TRACE] [REI] [REIClientPlugin END] Reloading Section: "reloadable-plugin/FavoriteEntryTypeRegistryImpl/REIForgePluginStub of REIForgePluginStub [ftblibrary]/"
[20:47:38] [REI-ReloadPlugins/TRACE] [REI] [REIClientPlugin END] Reloading Section: "reloadable-plugin/FavoriteEntryTypeRegistryImpl/REIForgePluginStub of REIForgePluginStub [ftblibrary]/" done in 15.00 μs
[20:47:38] [REI-ReloadPlugins/TRACE] [REI] [REIClientPlugin END] Reloading Section: "reloadable-plugin/FavoriteEntryTypeRegistryImpl/AE2 of AE2 [ae2]/"
[20:47:38] [REI-ReloadPlugins/TRACE] [REI] [REIClientPlugin END] Reloading Section: "reloadable-plugin/FavoriteEntryTypeRegistryImpl/AE2 of AE2 [ae2]/" done in 18.10 μs
[20:47:38] [REI-ReloadPlugins/TRACE] [REI] [REIClientPlugin END] Reloading Section: "reloadable-plugin/FavoriteEntryTypeRegistryImpl/HideIngredientsFromTagsPlugin of HideIngredientsFromTagsPlugin [roughlyenoughitems]/"
[20:47:38] [REI-ReloadPlugins/TRACE] [REI] [REIClientPlugin END] Reloading Section: "reloadable-plugin/FavoriteEntryTypeRegistryImpl/HideIngredientsFromTagsPlugin of HideIngredientsFromTagsPlugin [roughlyenoughitems]/" done in 14.60 μs
[20:47:38] [REI-ReloadPlugins/TRACE] [REI] [REIClientPlugin END] Reloading Section: "reloadable-plugin/FavoriteEntryTypeRegistryImpl/DefaultClientRuntimePlugin of DefaultClientRuntimePlugin [roughlyenoughitems]/"
[20:47:38] [REI-ReloadPlugins/TRACE] [REI] [REIClientPlugin END] Reloading Section: "reloadable-plugin/FavoriteEntryTypeRegistryImpl/DefaultClientRuntimePlugin of DefaultClientRuntimePlugin [roughlyenoughitems]/" done in 13.60 μs
[20:47:38] [REI-ReloadPlugins/TRACE] [REI] [REIClientPlugin END] Reloading Section: "reloadable-plugin/FavoriteEntryTypeRegistryImpl/REIForgePluginStub of REIForgePluginStub [kubejs]/"
[20:47:38] [REI-ReloadPlugins/TRACE] [REI] [REIClientPlugin END] Reloading Section: "reloadable-plugin/FavoriteEntryTypeRegistryImpl/REIForgePluginStub of REIForgePluginStub [kubejs]/" done in 15.30 μs
[20:47:38] [REI-ReloadPlugins/TRACE] [REI] [REIClientPlugin END] Reloading Section: "reloadable-plugin/FavoriteEntryTypeRegistryImpl/" done in 1.056 ms
[20:47:38] [REI-ReloadPlugins/TRACE] [REI] [REIClientPlugin END] Reloading Section: "reloadable-plugin/SubsetsRegistryImpl/"
[20:47:38] [REI-ReloadPlugins/TRACE] [REI] [REIClientPlugin END] Reloading Section: "reloadable-plugin/SubsetsRegistryImpl/DefaultClientPluginImpl of DefaultClientPluginImpl [roughlyenoughitems]/"
[20:47:38] [REI-ReloadPlugins/TRACE] [REI] [REIClientPlugin END] Reloading Section: "reloadable-plugin/SubsetsRegistryImpl/DefaultClientPluginImpl of DefaultClientPluginImpl [roughlyenoughitems]/" done in 15.30 μs
[20:47:38] [REI-ReloadPlugins/TRACE] [REI] [REIClientPlugin END] Reloading Section: "reloadable-plugin/SubsetsRegistryImpl/JEI Plugin [CreateAdditionJEI:createaddition:jei_plugin] of REI Plugin Compatibilities Adapter [rei_plugin_compatibilities, jei]/"
[20:47:38] [REI-ReloadPlugins/TRACE] [REI] [REIClientPlugin END] Reloading Section: "reloadable-plugin/SubsetsRegistryImpl/JEI Plugin [CreateAdditionJEI:createaddition:jei_plugin] of REI Plugin Compatibilities Adapter [rei_plugin_compatibilities, jei]/" done in 18.10 μs
[20:47:38] [REI-ReloadPlugins/TRACE] [REI] [REIClientPlugin END] Reloading Section: "reloadable-plugin/SubsetsRegistryImpl/JEI Plugin [PolyJEIPlugin:polylib:jei_plugin] of REI Plugin Compatibilities Adapter [rei_plugin_compatibilities, jei]/"
[20:47:38] [REI-ReloadPlugins/TRACE] [REI] [REIClientPlugin END] Reloading Section: "reloadable-plugin/SubsetsRegistryImpl/JEI Plugin [PolyJEIPlugin:polylib:jei_plugin] of REI Plugin Compatibilities Adapter [rei_plugin_compatibilities, jei]/" done in 12.20 μs
[20:47:38] [REI-ReloadPlugins/TRACE] [REI] [REIClientPlugin END] Reloading Section: "reloadable-plugin/SubsetsRegistryImpl/JEI Plugin [GTSEJEIPlugin:gregtech_steam_expansion:jei_plugin] of REI Plugin Compatibilities Adapter [rei_plugin_compatibilities, jei]/"
[20:47:38] [REI-ReloadPlugins/TRACE] [REI] [REIClientPlugin END] Reloading Section: "reloadable-plugin/SubsetsRegistryImpl/JEI Plugin [GTSEJEIPlugin:gregtech_steam_expansion:jei_plugin] of REI Plugin Compatibilities Adapter [rei_plugin_compatibilities, jei]/" done in 15.40 μs
[20:47:38] [REI-ReloadPlugins/TRACE] [REI] [REIClientPlugin END] Reloading Section: "reloadable-plugin/SubsetsRegistryImpl/JEI Plugin [GTJEIPlugin:gtceu:jei_plugin] of REI Plugin Compatibilities Adapter [rei_plugin_compatibilities, jei]/"
[20:47:38] [REI-ReloadPlugins/TRACE] [REI] [REIClientPlugin END] Reloading Section: "reloadable-plugin/SubsetsRegistryImpl/JEI Plugin [GTJEIPlugin:gtceu:jei_plugin] of REI Plugin Compatibilities Adapter [rei_plugin_compatibilities, jei]/" done in 13.10 μs
[20:47:38] [REI-ReloadPlugins/TRACE] [REI] [REIClientPlugin END] Reloading Section: "reloadable-plugin/SubsetsRegistryImpl/JEI Plugin [JEIIntegration:ftblibrary:jei] of REI Plugin Compatibilities Adapter [rei_plugin_compatibilities, jei]/"
[20:47:38] [REI-ReloadPlugins/TRACE] [REI] [REIClientPlugin END] Reloading Section: "reloadable-plugin/SubsetsRegistryImpl/JEI Plugin [JEIIntegration:ftblibrary:jei] of REI Plugin Compatibilities Adapter [rei_plugin_compatibilities, jei]/" done in 11.70 μs
[20:47:38] [REI-ReloadPlugins/TRACE] [REI] [REIClientPlugin END] Reloading Section: "reloadable-plugin/SubsetsRegistryImpl/JEI Plugin [JEIPlugin:kubejs:jei] of REI Plugin Compatibilities Adapter [rei_plugin_compatibilities, jei]/"
[20:47:38] [REI-ReloadPlugins/TRACE] [REI] [REIClientPlugin END] Reloading Section: "reloadable-plugin/SubsetsRegistryImpl/JEI Plugin [JEIPlugin:kubejs:jei] of REI Plugin Compatibilities Adapter [rei_plugin_compatibilities, jei]/" done in 12.60 μs
[20:47:38] [REI-ReloadPlugins/TRACE] [REI] [REIClientPlugin END] Reloading Section: "reloadable-plugin/SubsetsRegistryImpl/JEI Plugin [JEIIntegration:fluxnetworks:jei] of REI Plugin Compatibilities Adapter [rei_plugin_compatibilities, jei]/"
[20:47:38] [REI-ReloadPlugins/TRACE] [REI] [REIClientPlugin END] Reloading Section: "reloadable-plugin/SubsetsRegistryImpl/JEI Plugin [JEIIntegration:fluxnetworks:jei] of REI Plugin Compatibilities Adapter [rei_plugin_compatibilities, jei]/" done in 12.40 μs
[20:47:38] [REI-ReloadPlugins/TRACE] [REI] [REIClientPlugin END] Reloading Section: "reloadable-plugin/SubsetsRegistryImpl/JEI Plugin [CreateJEI:create:jei_plugin] of REI Plugin Compatibilities Adapter [rei_plugin_compatibilities, jei]/"
[20:47:38] [REI-ReloadPlugins/TRACE] [REI] [REIClientPlugin END] Reloading Section: "reloadable-plugin/SubsetsRegistryImpl/JEI Plugin [CreateJEI:create:jei_plugin] of REI Plugin Compatibilities Adapter [rei_plugin_compatibilities, jei]/" done in 12.00 μs
[20:47:38] [REI-ReloadPlugins/TRACE] [REI] [REIClientPlugin END] Reloading Section: "reloadable-plugin/SubsetsRegistryImpl/JEI Plugin [JEIPlugin:ae2:core] of REI Plugin Compatibilities Adapter [rei_plugin_compatibilities, jei]/"
[20:47:38] [REI-ReloadPlugins/TRACE] [REI] [REIClientPlugin END] Reloading Section: "reloadable-plugin/SubsetsRegistryImpl/JEI Plugin [JEIPlugin:ae2:core] of REI Plugin Compatibilities Adapter [rei_plugin_compatibilities, jei]/" done in 11.40 μs
[20:47:38] [REI-ReloadPlugins/TRACE] [REI] [REIClientPlugin END] Reloading Section: "reloadable-plugin/SubsetsRegistryImpl/JEI Plugin [JEICompat:jade:main] of REI Plugin Compatibilities Adapter [rei_plugin_compatibilities, jei]/"
[20:47:38] [REI-ReloadPlugins/TRACE] [REI] [REIClientPlugin END] Reloading Section: "reloadable-plugin/SubsetsRegistryImpl/JEI Plugin [JEICompat:jade:main] of REI Plugin Compatibilities Adapter [rei_plugin_compatibilities, jei]/" done in 14.40 μs
[20:47:38] [REI-ReloadPlugins/TRACE] [REI] [REIClientPlugin END] Reloading Section: "reloadable-plugin/SubsetsRegistryImpl/JEI Plugin [JEIPlugin:ldlib:jei_plugin] of REI Plugin Compatibilities Adapter [rei_plugin_compatibilities, jei]/"
[20:47:38] [REI-ReloadPlugins/TRACE] [REI] [REIClientPlugin END] Reloading Section: "reloadable-plugin/SubsetsRegistryImpl/JEI Plugin [JEIPlugin:ldlib:jei_plugin] of REI Plugin Compatibilities Adapter [rei_plugin_compatibilities, jei]/" done in 12.00 μs
[20:47:38] [REI-ReloadPlugins/TRACE] [REI] [REIClientPlugin END] Reloading Section: "reloadable-plugin/SubsetsRegistryImpl/JEI Plugin [BCJeiPlugin:bibliocraft:jei_plugin] of REI Plugin Compatibilities Adapter [rei_plugin_compatibilities, jei]/"
[20:47:38] [REI-ReloadPlugins/TRACE] [REI] [REIClientPlugin END] Reloading Section: "reloadable-plugin/SubsetsRegistryImpl/JEI Plugin [BCJeiPlugin:bibliocraft:jei_plugin] of REI Plugin Compatibilities Adapter [rei_plugin_compatibilities, jei]/" done in 13.20 μs
[20:47:38] [REI-ReloadPlugins/TRACE] [REI] [REIClientPlugin END] Reloading Section: "reloadable-plugin/SubsetsRegistryImpl/GTREIPlugin of GTREIPlugin [gtceu]/"
[20:47:38] [REI-ReloadPlugins/TRACE] [REI] [REIClientPlugin END] Reloading Section: "reloadable-plugin/SubsetsRegistryImpl/GTREIPlugin of GTREIPlugin [gtceu]/" done in 12.10 μs
[20:47:38] [REI-ReloadPlugins/TRACE] [REI] [REIClientPlugin END] Reloading Section: "reloadable-plugin/SubsetsRegistryImpl/FramedReiPlugin of FramedReiPlugin [framedblocks]/"
[20:47:38] [REI-ReloadPlugins/TRACE] [REI] [REIClientPlugin END] Reloading Section: "reloadable-plugin/SubsetsRegistryImpl/FramedReiPlugin of FramedReiPlugin [framedblocks]/" done in 13.10 μs
[20:47:38] [REI-ReloadPlugins/TRACE] [REI] [REIClientPlugin END] Reloading Section: "reloadable-plugin/SubsetsRegistryImpl/REIPluginImpl of REIPluginImpl [ldlib]/"
[20:47:38] [REI-ReloadPlugins/TRACE] [REI] [REIClientPlugin END] Reloading Section: "reloadable-plugin/SubsetsRegistryImpl/REIPluginImpl of REIPluginImpl [ldlib]/" done in 14.90 μs
[20:47:38] [REI-ReloadPlugins/TRACE] [REI] [REIClientPlugin END] Reloading Section: "reloadable-plugin/SubsetsRegistryImpl/REI Plugin Compatibilities Client Handler of REI Plugin Compatibilities Client Handler [rei_plugin_compatibilities, jei]/"
[20:47:38] [REI-ReloadPlugins/TRACE] [REI] [REIClientPlugin END] Reloading Section: "reloadable-plugin/SubsetsRegistryImpl/REI Plugin Compatibilities Client Handler of REI Plugin Compatibilities Client Handler [rei_plugin_compatibilities, jei]/" done in 18.50 μs
[20:47:38] [REI-ReloadPlugins/TRACE] [REI] [REIClientPlugin END] Reloading Section: "reloadable-plugin/SubsetsRegistryImpl/REIForgePluginStub of REIForgePluginStub [ftblibrary]/"
[20:47:38] [REI-ReloadPlugins/TRACE] [REI] [REIClientPlugin END] Reloading Section: "reloadable-plugin/SubsetsRegistryImpl/REIForgePluginStub of REIForgePluginStub [ftblibrary]/" done in 18.00 μs
[20:47:38] [REI-ReloadPlugins/TRACE] [REI] [REIClientPlugin END] Reloading Section: "reloadable-plugin/SubsetsRegistryImpl/AE2 of AE2 [ae2]/"
[20:47:38] [REI-ReloadPlugins/TRACE] [REI] [REIClientPlugin END] Reloading Section: "reloadable-plugin/SubsetsRegistryImpl/AE2 of AE2 [ae2]/" done in 70.60 μs
[20:47:38] [REI-ReloadPlugins/TRACE] [REI] [REIClientPlugin END] Reloading Section: "reloadable-plugin/SubsetsRegistryImpl/HideIngredientsFromTagsPlugin of HideIngredientsFromTagsPlugin [roughlyenoughitems]/"
[20:47:38] [REI-ReloadPlugins/TRACE] [REI] [REIClientPlugin END] Reloading Section: "reloadable-plugin/SubsetsRegistryImpl/HideIngredientsFromTagsPlugin of HideIngredientsFromTagsPlugin [roughlyenoughitems]/" done in 16.40 μs
[20:47:38] [REI-ReloadPlugins/TRACE] [REI] [REIClientPlugin END] Reloading Section: "reloadable-plugin/SubsetsRegistryImpl/DefaultClientRuntimePlugin of DefaultClientRuntimePlugin [roughlyenoughitems]/"
[20:47:38] [REI-ReloadPlugins/TRACE] [REI] [REIClientPlugin END] Reloading Section: "reloadable-plugin/SubsetsRegistryImpl/DefaultClientRuntimePlugin of DefaultClientRuntimePlugin [roughlyenoughitems]/" done in 17.90 μs
[20:47:38] [REI-ReloadPlugins/TRACE] [REI] [REIClientPlugin END] Reloading Section: "reloadable-plugin/SubsetsRegistryImpl/REIForgePluginStub of REIForgePluginStub [kubejs]/"
[20:47:38] [REI-ReloadPlugins/TRACE] [REI] [REIClientPlugin END] Reloading Section: "reloadable-plugin/SubsetsRegistryImpl/REIForgePluginStub of REIForgePluginStub [kubejs]/" done in 12.00 μs
[20:47:38] [REI-ReloadPlugins/TRACE] [REI] [REIClientPlugin END] Reloading Section: "reloadable-plugin/SubsetsRegistryImpl/" done in 1.044 ms
[20:47:38] [REI-ReloadPlugins/TRACE] [REI] [REIClientPlugin END] Reloading Section: "reloadable-plugin/TransferHandlerRegistryImpl/"
[20:47:38] [REI-ReloadPlugins/TRACE] [REI] [REIClientPlugin END] Reloading Section: "reloadable-plugin/TransferHandlerRegistryImpl/DefaultClientPluginImpl of DefaultClientPluginImpl [roughlyenoughitems]/"
[20:47:38] [REI-ReloadPlugins/DEBUG] [REI] Added transfer handler: me.shedaniel.rei.api.client.registry.transfer.simple.SimpleTransferHandler$1@3cea520 [0.00 priority]
[20:47:38] [REI-ReloadPlugins/DEBUG] [REI] Added transfer handler: me.shedaniel.rei.plugin.autocrafting.InventoryCraftingTransferHandler@27c0e46b [0.00 priority]
[20:47:38] [REI-ReloadPlugins/DEBUG] [REI] Added transfer handler: me.shedaniel.rei.api.client.registry.transfer.simple.SimpleTransferHandler$1@60517ec5 [0.00 priority]
[20:47:38] [REI-ReloadPlugins/DEBUG] [REI] Added transfer handler: me.shedaniel.rei.api.client.registry.transfer.simple.SimpleTransferHandler$1@5f019cc5 [0.00 priority]
[20:47:38] [REI-ReloadPlugins/DEBUG] [REI] Added transfer handler: me.shedaniel.rei.api.client.registry.transfer.simple.SimpleTransferHandler$1@3ea3c6d [0.00 priority]
[20:47:38] [REI-ReloadPlugins/DEBUG] [REI] Added transfer handler: me.shedaniel.rei.plugin.autocrafting.recipebook.DefaultRecipeBookHandler@490a821f [-20.00 priority]
[20:47:38] [REI-ReloadPlugins/TRACE] [REI] [REIClientPlugin END] Reloading Section: "reloadable-plugin/TransferHandlerRegistryImpl/DefaultClientPluginImpl of DefaultClientPluginImpl [roughlyenoughitems]/" done in 16.49 ms
[20:47:38] [REI-ReloadPlugins/TRACE] [REI] [REIClientPlugin END] Reloading Section: "reloadable-plugin/TransferHandlerRegistryImpl/JEI Plugin [CreateAdditionJEI:createaddition:jei_plugin] of REI Plugin Compatibilities Adapter [rei_plugin_compatibilities, jei]/"
[20:47:38] [REI-ReloadPlugins/TRACE] [REI] [REIClientPlugin END] Reloading Section: "reloadable-plugin/TransferHandlerRegistryImpl/JEI Plugin [CreateAdditionJEI:createaddition:jei_plugin] of REI Plugin Compatibilities Adapter [rei_plugin_compatibilities, jei]/" done in 10.59 ms
[20:47:38] [REI-ReloadPlugins/TRACE] [REI] [REIClientPlugin END] Reloading Section: "reloadable-plugin/TransferHandlerRegistryImpl/JEI Plugin [PolyJEIPlugin:polylib:jei_plugin] of REI Plugin Compatibilities Adapter [rei_plugin_compatibilities, jei]/"
[20:47:38] [REI-ReloadPlugins/TRACE] [REI] [REIClientPlugin END] Reloading Section: "reloadable-plugin/TransferHandlerRegistryImpl/JEI Plugin [PolyJEIPlugin:polylib:jei_plugin] of REI Plugin Compatibilities Adapter [rei_plugin_compatibilities, jei]/" done in 33.10 μs
[20:47:38] [REI-ReloadPlugins/TRACE] [REI] [REIClientPlugin END] Reloading Section: "reloadable-plugin/TransferHandlerRegistryImpl/JEI Plugin [GTSEJEIPlugin:gregtech_steam_expansion:jei_plugin] of REI Plugin Compatibilities Adapter [rei_plugin_compatibilities, jei]/"
[20:47:38] [REI-ReloadPlugins/TRACE] [REI] [REIClientPlugin END] Reloading Section: "reloadable-plugin/TransferHandlerRegistryImpl/JEI Plugin [GTSEJEIPlugin:gregtech_steam_expansion:jei_plugin] of REI Plugin Compatibilities Adapter [rei_plugin_compatibilities, jei]/" done in 13.50 μs
[20:47:38] [REI-ReloadPlugins/TRACE] [REI] [REIClientPlugin END] Reloading Section: "reloadable-plugin/TransferHandlerRegistryImpl/JEI Plugin [GTJEIPlugin:gtceu:jei_plugin] of REI Plugin Compatibilities Adapter [rei_plugin_compatibilities, jei]/"
[20:47:38] [REI-ReloadPlugins/TRACE] [REI] [REIClientPlugin END] Reloading Section: "reloadable-plugin/TransferHandlerRegistryImpl/JEI Plugin [GTJEIPlugin:gtceu:jei_plugin] of REI Plugin Compatibilities Adapter [rei_plugin_compatibilities, jei]/" done in 11.90 μs
[20:47:38] [REI-ReloadPlugins/TRACE] [REI] [REIClientPlugin END] Reloading Section: "reloadable-plugin/TransferHandlerRegistryImpl/JEI Plugin [JEIIntegration:ftblibrary:jei] of REI Plugin Compatibilities Adapter [rei_plugin_compatibilities, jei]/"
[20:47:38] [REI-ReloadPlugins/TRACE] [REI] [REIClientPlugin END] Reloading Section: "reloadable-plugin/TransferHandlerRegistryImpl/JEI Plugin [JEIIntegration:ftblibrary:jei] of REI Plugin Compatibilities Adapter [rei_plugin_compatibilities, jei]/" done in 67.80 μs
[20:47:38] [REI-ReloadPlugins/TRACE] [REI] [REIClientPlugin END] Reloading Section: "reloadable-plugin/TransferHandlerRegistryImpl/JEI Plugin [JEIPlugin:kubejs:jei] of REI Plugin Compatibilities Adapter [rei_plugin_compatibilities, jei]/"
[20:47:38] [REI-ReloadPlugins/TRACE] [REI] [REIClientPlugin END] Reloading Section: "reloadable-plugin/TransferHandlerRegistryImpl/JEI Plugin [JEIPlugin:kubejs:jei] of REI Plugin Compatibilities Adapter [rei_plugin_compatibilities, jei]/" done in 12.70 μs
[20:47:38] [REI-ReloadPlugins/TRACE] [REI] [REIClientPlugin END] Reloading Section: "reloadable-plugin/TransferHandlerRegistryImpl/JEI Plugin [JEIIntegration:fluxnetworks:jei] of REI Plugin Compatibilities Adapter [rei_plugin_compatibilities, jei]/"
[20:47:38] [REI-ReloadPlugins/TRACE] [REI] [REIClientPlugin END] Reloading Section: "reloadable-plugin/TransferHandlerRegistryImpl/JEI Plugin [JEIIntegration:fluxnetworks:jei] of REI Plugin Compatibilities Adapter [rei_plugin_compatibilities, jei]/" done in 11.60 μs
[20:47:38] [REI-ReloadPlugins/TRACE] [REI] [REIClientPlugin END] Reloading Section: "reloadable-plugin/TransferHandlerRegistryImpl/JEI Plugin [CreateJEI:create:jei_plugin] of REI Plugin Compatibilities Adapter [rei_plugin_compatibilities, jei]/"
[20:47:38] [REI-ReloadPlugins/DEBUG] [REI] Added transfer handler: me.shedaniel.rei.jeicompat.wrap.JEIRecipeTransferRegistration$2@71ce0f51 [0.00 priority]
[20:47:38] [REI-ReloadPlugins/DEBUG] [REI] Added transfer handler: me.shedaniel.rei.jeicompat.wrap.JEIRecipeTransferRegistration$2@6e86c317 [0.00 priority]
[20:47:38] [REI-ReloadPlugins/TRACE] [REI] [REIClientPlugin END] Reloading Section: "reloadable-plugin/TransferHandlerRegistryImpl/JEI Plugin [CreateJEI:create:jei_plugin] of REI Plugin Compatibilities Adapter [rei_plugin_compatibilities, jei]/" done in 10.16 ms
[20:47:38] [REI-ReloadPlugins/TRACE] [REI] [REIClientPlugin END] Reloading Section: "reloadable-plugin/TransferHandlerRegistryImpl/JEI Plugin [JEIPlugin:ae2:core] of REI Plugin Compatibilities Adapter [rei_plugin_compatibilities, jei]/"
[20:47:38] [REI-ReloadPlugins/DEBUG] [REI] Added transfer handler: me.shedaniel.rei.jeicompat.wrap.JEIRecipeTransferRegistration$2@22436f5b [0.00 priority]
[20:47:38] [REI-ReloadPlugins/DEBUG] [REI] Added transfer handler: me.shedaniel.rei.jeicompat.wrap.JEIRecipeTransferRegistration$2@6b32f0b1 [0.00 priority]
[20:47:38] [REI-ReloadPlugins/DEBUG] [REI] Added transfer handler: me.shedaniel.rei.jeicompat.wrap.JEIRecipeTransferRegistration$2@1e5c01ef [0.00 priority]
[20:47:38] [REI-ReloadPlugins/TRACE] [REI] [REIClientPlugin END] Reloading Section: "reloadable-plugin/TransferHandlerRegistryImpl/JEI Plugin [JEIPlugin:ae2:core] of REI Plugin Compatibilities Adapter [rei_plugin_compatibilities, jei]/" done in 10.27 ms
[20:47:38] [REI-ReloadPlugins/TRACE] [REI] [REIClientPlugin END] Reloading Section: "reloadable-plugin/TransferHandlerRegistryImpl/JEI Plugin [JEICompat:jade:main] of REI Plugin Compatibilities Adapter [rei_plugin_compatibilities, jei]/"
[20:47:38] [REI-ReloadPlugins/TRACE] [REI] [REIClientPlugin END] Reloading Section: "reloadable-plugin/TransferHandlerRegistryImpl/JEI Plugin [JEICompat:jade:main] of REI Plugin Compatibilities Adapter [rei_plugin_compatibilities, jei]/" done in 56.90 μs
[20:47:38] [REI-ReloadPlugins/TRACE] [REI] [REIClientPlugin END] Reloading Section: "reloadable-plugin/TransferHandlerRegistryImpl/JEI Plugin [JEIPlugin:ldlib:jei_plugin] of REI Plugin Compatibilities Adapter [rei_plugin_compatibilities, jei]/"
[20:47:38] [REI-ReloadPlugins/TRACE] [REI] [REIClientPlugin END] Reloading Section: "reloadable-plugin/TransferHandlerRegistryImpl/JEI Plugin [JEIPlugin:ldlib:jei_plugin] of REI Plugin Compatibilities Adapter [rei_plugin_compatibilities, jei]/" done in 39.20 μs
[20:47:38] [REI-ReloadPlugins/TRACE] [REI] [REIClientPlugin END] Reloading Section: "reloadable-plugin/TransferHandlerRegistryImpl/JEI Plugin [BCJeiPlugin:bibliocraft:jei_plugin] of REI Plugin Compatibilities Adapter [rei_plugin_compatibilities, jei]/"
[20:47:38] [REI-ReloadPlugins/DEBUG] [REI] Queued registration of JEI recipe transfer handler: minecraft:plugins/crafting class com.github.minecraftschurlimods.bibliocraft.content.fancycrafter.FancyCrafterMenu 13baaabe-a2d2-4795-9293-e0f01418ccd7
[20:47:38] [REI-ReloadPlugins/DEBUG] [REI] Queued registration of JEI recipe transfer handler: bibliocraft:printing_table class com.github.minecraftschurlimods.bibliocraft.content.printingtable.PrintingTableMenu 31b08f8f-d1ae-46d8-b1eb-a5fda6cf372c
[20:47:38] [REI-ReloadPlugins/TRACE] [REI] [REIClientPlugin END] Reloading Section: "reloadable-plugin/TransferHandlerRegistryImpl/JEI Plugin [BCJeiPlugin:bibliocraft:jei_plugin] of REI Plugin Compatibilities Adapter [rei_plugin_compatibilities, jei]/" done in 4.525 ms
[20:47:38] [REI-ReloadPlugins/TRACE] [REI] [REIClientPlugin END] Reloading Section: "reloadable-plugin/TransferHandlerRegistryImpl/GTREIPlugin of GTREIPlugin [gtceu]/"
[20:47:38] [REI-ReloadPlugins/TRACE] [REI] [REIClientPlugin END] Reloading Section: "reloadable-plugin/TransferHandlerRegistryImpl/GTREIPlugin of GTREIPlugin [gtceu]/" done in 29.10 μs
[20:47:38] [REI-ReloadPlugins/TRACE] [REI] [REIClientPlugin END] Reloading Section: "reloadable-plugin/TransferHandlerRegistryImpl/FramedReiPlugin of FramedReiPlugin [framedblocks]/"
[20:47:38] [REI-ReloadPlugins/DEBUG] [REI] Added transfer handler: xfacthd.framedblocks.common.compat.rei.FramingSawTransferHandler@b237ca5 [0.00 priority]
[20:47:38] [REI-ReloadPlugins/TRACE] [REI] [REIClientPlugin END] Reloading Section: "reloadable-plugin/TransferHandlerRegistryImpl/FramedReiPlugin of FramedReiPlugin [framedblocks]/" done in 1.958 ms
[20:47:38] [REI-ReloadPlugins/TRACE] [REI] [REIClientPlugin END] Reloading Section: "reloadable-plugin/TransferHandlerRegistryImpl/REIPluginImpl of REIPluginImpl [ldlib]/"
[20:47:38] [REI-ReloadPlugins/TRACE] [REI] [REIClientPlugin END] Reloading Section: "reloadable-plugin/TransferHandlerRegistryImpl/REIPluginImpl of REIPluginImpl [ldlib]/" done in 20.90 μs
[20:47:38] [REI-ReloadPlugins/TRACE] [REI] [REIClientPlugin END] Reloading Section: "reloadable-plugin/TransferHandlerRegistryImpl/REI Plugin Compatibilities Client Handler of REI Plugin Compatibilities Client Handler [rei_plugin_compatibilities, jei]/"
[20:47:38] [REI-ReloadPlugins/TRACE] [REI] [REIClientPlugin END] Reloading Section: "reloadable-plugin/TransferHandlerRegistryImpl/REI Plugin Compatibilities Client Handler of REI Plugin Compatibilities Client Handler [rei_plugin_compatibilities, jei]/" done in 19.00 μs
[20:47:38] [REI-ReloadPlugins/TRACE] [REI] [REIClientPlugin END] Reloading Section: "reloadable-plugin/TransferHandlerRegistryImpl/REIForgePluginStub of REIForgePluginStub [ftblibrary]/"
[20:47:38] [REI-ReloadPlugins/TRACE] [REI] [REIClientPlugin END] Reloading Section: "reloadable-plugin/TransferHandlerRegistryImpl/REIForgePluginStub of REIForgePluginStub [ftblibrary]/" done in 11.40 μs
[20:47:38] [REI-ReloadPlugins/TRACE] [REI] [REIClientPlugin END] Reloading Section: "reloadable-plugin/TransferHandlerRegistryImpl/AE2 of AE2 [ae2]/"
[20:47:38] [REI-ReloadPlugins/TRACE] [REI] [REIClientPlugin END] Reloading Section: "reloadable-plugin/TransferHandlerRegistryImpl/AE2 of AE2 [ae2]/" done in 211.8 μs
[20:47:38] [REI-ReloadPlugins/TRACE] [REI] [REIClientPlugin END] Reloading Section: "reloadable-plugin/TransferHandlerRegistryImpl/HideIngredientsFromTagsPlugin of HideIngredientsFromTagsPlugin [roughlyenoughitems]/"
[20:47:38] [REI-ReloadPlugins/TRACE] [REI] [REIClientPlugin END] Reloading Section: "reloadable-plugin/TransferHandlerRegistryImpl/HideIngredientsFromTagsPlugin of HideIngredientsFromTagsPlugin [roughlyenoughitems]/" done in 14.20 μs
[20:47:38] [REI-ReloadPlugins/TRACE] [REI] [REIClientPlugin END] Reloading Section: "reloadable-plugin/TransferHandlerRegistryImpl/DefaultClientRuntimePlugin of DefaultClientRuntimePlugin [roughlyenoughitems]/"
[20:47:38] [REI-ReloadPlugins/DEBUG] [REI] Added transfer handler: me.shedaniel.rei.plugin.autocrafting.DefaultCategoryHandler@41d7148d [-10.00 priority]
[20:47:38] [REI-ReloadPlugins/TRACE] [REI] [REIClientPlugin END] Reloading Section: "reloadable-plugin/TransferHandlerRegistryImpl/DefaultClientRuntimePlugin of DefaultClientRuntimePlugin [roughlyenoughitems]/" done in 5.375 ms
[20:47:38] [REI-ReloadPlugins/TRACE] [REI] [REIClientPlugin END] Reloading Section: "reloadable-plugin/TransferHandlerRegistryImpl/REIForgePluginStub of REIForgePluginStub [kubejs]/"
[20:47:38] [REI-ReloadPlugins/TRACE] [REI] [REIClientPlugin END] Reloading Section: "reloadable-plugin/TransferHandlerRegistryImpl/REIForgePluginStub of REIForgePluginStub [kubejs]/" done in 45.80 μs
[20:47:38] [REI-ReloadPlugins/TRACE] [REI] [REIClientPlugin END] Reloading Section: "reloadable-plugin/TransferHandlerRegistryImpl/" done in 61.30 ms
[20:47:38] [REI-ReloadPlugins/TRACE] [REI] [REIClientPlugin END] Reloading Section: "reloadable-plugin/SearchRuntime/"
[20:47:38] [REI-ReloadPlugins/TRACE] [REI] [REIClientPlugin END] Reloading Section: "reloadable-plugin/SearchRuntime/DefaultClientPluginImpl of DefaultClientPluginImpl [roughlyenoughitems]/"
[20:47:38] [REI-ReloadPlugins/TRACE] [REI] [REIClientPlugin END] Reloading Section: "reloadable-plugin/SearchRuntime/DefaultClientPluginImpl of DefaultClientPluginImpl [roughlyenoughitems]/" done in 35.90 μs
[20:47:38] [REI-ReloadPlugins/TRACE] [REI] [REIClientPlugin END] Reloading Section: "reloadable-plugin/SearchRuntime/JEI Plugin [CreateAdditionJEI:createaddition:jei_plugin] of REI Plugin Compatibilities Adapter [rei_plugin_compatibilities, jei]/"
[20:47:38] [REI-ReloadPlugins/TRACE] [REI] [REIClientPlugin END] Reloading Section: "reloadable-plugin/SearchRuntime/JEI Plugin [CreateAdditionJEI:createaddition:jei_plugin] of REI Plugin Compatibilities Adapter [rei_plugin_compatibilities, jei]/" done in 35.20 μs
[20:47:38] [REI-ReloadPlugins/TRACE] [REI] [REIClientPlugin END] Reloading Section: "reloadable-plugin/SearchRuntime/JEI Plugin [PolyJEIPlugin:polylib:jei_plugin] of REI Plugin Compatibilities Adapter [rei_plugin_compatibilities, jei]/"
[20:47:38] [REI-ReloadPlugins/TRACE] [REI] [REIClientPlugin END] Reloading Section: "reloadable-plugin/SearchRuntime/JEI Plugin [PolyJEIPlugin:polylib:jei_plugin] of REI Plugin Compatibilities Adapter [rei_plugin_compatibilities, jei]/" done in 33.90 μs
[20:47:38] [REI-ReloadPlugins/TRACE] [REI] [REIClientPlugin END] Reloading Section: "reloadable-plugin/SearchRuntime/JEI Plugin [GTSEJEIPlugin:gregtech_steam_expansion:jei_plugin] of REI Plugin Compatibilities Adapter [rei_plugin_compatibilities, jei]/"
[20:47:38] [REI-ReloadPlugins/TRACE] [REI] [REIClientPlugin END] Reloading Section: "reloadable-plugin/SearchRuntime/JEI Plugin [GTSEJEIPlugin:gregtech_steam_expansion:jei_plugin] of REI Plugin Compatibilities Adapter [rei_plugin_compatibilities, jei]/" done in 37.00 μs
[20:47:38] [REI-ReloadPlugins/TRACE] [REI] [REIClientPlugin END] Reloading Section: "reloadable-plugin/SearchRuntime/JEI Plugin [GTJEIPlugin:gtceu:jei_plugin] of REI Plugin Compatibilities Adapter [rei_plugin_compatibilities, jei]/"
[20:47:38] [REI-ReloadPlugins/TRACE] [REI] [REIClientPlugin END] Reloading Section: "reloadable-plugin/SearchRuntime/JEI Plugin [GTJEIPlugin:gtceu:jei_plugin] of REI Plugin Compatibilities Adapter [rei_plugin_compatibilities, jei]/" done in 31.90 μs
[20:47:38] [REI-ReloadPlugins/TRACE] [REI] [REIClientPlugin END] Reloading Section: "reloadable-plugin/SearchRuntime/JEI Plugin [JEIIntegration:ftblibrary:jei] of REI Plugin Compatibilities Adapter [rei_plugin_compatibilities, jei]/"
[20:47:38] [REI-ReloadPlugins/TRACE] [REI] [REIClientPlugin END] Reloading Section: "reloadable-plugin/SearchRuntime/JEI Plugin [JEIIntegration:ftblibrary:jei] of REI Plugin Compatibilities Adapter [rei_plugin_compatibilities, jei]/" done in 31.80 μs
[20:47:38] [REI-ReloadPlugins/TRACE] [REI] [REIClientPlugin END] Reloading Section: "reloadable-plugin/SearchRuntime/JEI Plugin [JEIPlugin:kubejs:jei] of REI Plugin Compatibilities Adapter [rei_plugin_compatibilities, jei]/"
[20:47:38] [REI-ReloadPlugins/TRACE] [REI] [REIClientPlugin END] Reloading Section: "reloadable-plugin/SearchRuntime/JEI Plugin [JEIPlugin:kubejs:jei] of REI Plugin Compatibilities Adapter [rei_plugin_compatibilities, jei]/" done in 38.20 μs
[20:47:38] [REI-ReloadPlugins/TRACE] [REI] [REIClientPlugin END] Reloading Section: "reloadable-plugin/SearchRuntime/JEI Plugin [JEIIntegration:fluxnetworks:jei] of REI Plugin Compatibilities Adapter [rei_plugin_compatibilities, jei]/"
[20:47:38] [REI-ReloadPlugins/TRACE] [REI] [REIClientPlugin END] Reloading Section: "reloadable-plugin/SearchRuntime/JEI Plugin [JEIIntegration:fluxnetworks:jei] of REI Plugin Compatibilities Adapter [rei_plugin_compatibilities, jei]/" done in 29.20 μs
[20:47:38] [REI-ReloadPlugins/TRACE] [REI] [REIClientPlugin END] Reloading Section: "reloadable-plugin/SearchRuntime/JEI Plugin [CreateJEI:create:jei_plugin] of REI Plugin Compatibilities Adapter [rei_plugin_compatibilities, jei]/"
[20:47:38] [REI-ReloadPlugins/TRACE] [REI] [REIClientPlugin END] Reloading Section: "reloadable-plugin/SearchRuntime/JEI Plugin [CreateJEI:create:jei_plugin] of REI Plugin Compatibilities Adapter [rei_plugin_compatibilities, jei]/" done in 29.10 μs
[20:47:38] [REI-ReloadPlugins/TRACE] [REI] [REIClientPlugin END] Reloading Section: "reloadable-plugin/SearchRuntime/JEI Plugin [JEIPlugin:ae2:core] of REI Plugin Compatibilities Adapter [rei_plugin_compatibilities, jei]/"
[20:47:38] [REI-ReloadPlugins/TRACE] [REI] [REIClientPlugin END] Reloading Section: "reloadable-plugin/SearchRuntime/JEI Plugin [JEIPlugin:ae2:core] of REI Plugin Compatibilities Adapter [rei_plugin_compatibilities, jei]/" done in 29.50 μs
[20:47:38] [REI-ReloadPlugins/TRACE] [REI] [REIClientPlugin END] Reloading Section: "reloadable-plugin/SearchRuntime/JEI Plugin [JEICompat:jade:main] of REI Plugin Compatibilities Adapter [rei_plugin_compatibilities, jei]/"
[20:47:38] [REI-ReloadPlugins/TRACE] [REI] [REIClientPlugin END] Reloading Section: "reloadable-plugin/SearchRuntime/JEI Plugin [JEICompat:jade:main] of REI Plugin Compatibilities Adapter [rei_plugin_compatibilities, jei]/" done in 29.60 μs
[20:47:38] [REI-ReloadPlugins/TRACE] [REI] [REIClientPlugin END] Reloading Section: "reloadable-plugin/SearchRuntime/JEI Plugin [JEIPlugin:ldlib:jei_plugin] of REI Plugin Compatibilities Adapter [rei_plugin_compatibilities, jei]/"
[20:47:38] [REI-ReloadPlugins/TRACE] [REI] [REIClientPlugin END] Reloading Section: "reloadable-plugin/SearchRuntime/JEI Plugin [JEIPlugin:ldlib:jei_plugin] of REI Plugin Compatibilities Adapter [rei_plugin_compatibilities, jei]/" done in 28.60 μs
[20:47:38] [REI-ReloadPlugins/TRACE] [REI] [REIClientPlugin END] Reloading Section: "reloadable-plugin/SearchRuntime/JEI Plugin [BCJeiPlugin:bibliocraft:jei_plugin] of REI Plugin Compatibilities Adapter [rei_plugin_compatibilities, jei]/"
[20:47:38] [REI-ReloadPlugins/TRACE] [REI] [REIClientPlugin END] Reloading Section: "reloadable-plugin/SearchRuntime/JEI Plugin [BCJeiPlugin:bibliocraft:jei_plugin] of REI Plugin Compatibilities Adapter [rei_plugin_compatibilities, jei]/" done in 30.00 μs
[20:47:38] [REI-ReloadPlugins/TRACE] [REI] [REIClientPlugin END] Reloading Section: "reloadable-plugin/SearchRuntime/GTREIPlugin of GTREIPlugin [gtceu]/"
[20:47:38] [REI-ReloadPlugins/TRACE] [REI] [REIClientPlugin END] Reloading Section: "reloadable-plugin/SearchRuntime/GTREIPlugin of GTREIPlugin [gtceu]/" done in 33.80 μs
[20:47:38] [REI-ReloadPlugins/TRACE] [REI] [REIClientPlugin END] Reloading Section: "reloadable-plugin/SearchRuntime/FramedReiPlugin of FramedReiPlugin [framedblocks]/"
[20:47:38] [REI-ReloadPlugins/TRACE] [REI] [REIClientPlugin END] Reloading Section: "reloadable-plugin/SearchRuntime/FramedReiPlugin of FramedReiPlugin [framedblocks]/" done in 28.60 μs
[20:47:38] [REI-ReloadPlugins/TRACE] [REI] [REIClientPlugin END] Reloading Section: "reloadable-plugin/SearchRuntime/REIPluginImpl of REIPluginImpl [ldlib]/"
[20:47:38] [REI-ReloadPlugins/TRACE] [REI] [REIClientPlugin END] Reloading Section: "reloadable-plugin/SearchRuntime/REIPluginImpl of REIPluginImpl [ldlib]/" done in 33.70 μs
[20:47:38] [REI-ReloadPlugins/TRACE] [REI] [REIClientPlugin END] Reloading Section: "reloadable-plugin/SearchRuntime/REI Plugin Compatibilities Client Handler of REI Plugin Compatibilities Client Handler [rei_plugin_compatibilities, jei]/"
[20:47:38] [REI-ReloadPlugins/TRACE] [REI] [REIClientPlugin END] Reloading Section: "reloadable-plugin/SearchRuntime/REI Plugin Compatibilities Client Handler of REI Plugin Compatibilities Client Handler [rei_plugin_compatibilities, jei]/" done in 28.30 μs
[20:47:38] [REI-ReloadPlugins/TRACE] [REI] [REIClientPlugin END] Reloading Section: "reloadable-plugin/SearchRuntime/REIForgePluginStub of REIForgePluginStub [ftblibrary]/"
[20:47:38] [REI-ReloadPlugins/TRACE] [REI] [REIClientPlugin END] Reloading Section: "reloadable-plugin/SearchRuntime/REIForgePluginStub of REIForgePluginStub [ftblibrary]/" done in 28.60 μs
[20:47:38] [REI-ReloadPlugins/TRACE] [REI] [REIClientPlugin END] Reloading Section: "reloadable-plugin/SearchRuntime/AE2 of AE2 [ae2]/"
[20:47:38] [REI-ReloadPlugins/TRACE] [REI] [REIClientPlugin END] Reloading Section: "reloadable-plugin/SearchRuntime/AE2 of AE2 [ae2]/" done in 28.70 μs
[20:47:38] [REI-ReloadPlugins/TRACE] [REI] [REIClientPlugin END] Reloading Section: "reloadable-plugin/SearchRuntime/HideIngredientsFromTagsPlugin of HideIngredientsFromTagsPlugin [roughlyenoughitems]/"
[20:47:38] [REI-ReloadPlugins/TRACE] [REI] [REIClientPlugin END] Reloading Section: "reloadable-plugin/SearchRuntime/HideIngredientsFromTagsPlugin of HideIngredientsFromTagsPlugin [roughlyenoughitems]/" done in 28.90 μs
[20:47:38] [REI-ReloadPlugins/TRACE] [REI] [REIClientPlugin END] Reloading Section: "reloadable-plugin/SearchRuntime/DefaultClientRuntimePlugin of DefaultClientRuntimePlugin [roughlyenoughitems]/"
[20:47:38] [REI-ReloadPlugins/TRACE] [REI] [REIClientPlugin END] Reloading Section: "reloadable-plugin/SearchRuntime/DefaultClientRuntimePlugin of DefaultClientRuntimePlugin [roughlyenoughitems]/" done in 27.80 μs
[20:47:38] [REI-ReloadPlugins/TRACE] [REI] [REIClientPlugin END] Reloading Section: "reloadable-plugin/SearchRuntime/REIForgePluginStub of REIForgePluginStub [kubejs]/"
[20:47:38] [REI-ReloadPlugins/TRACE] [REI] [REIClientPlugin END] Reloading Section: "reloadable-plugin/SearchRuntime/REIForgePluginStub of REIForgePluginStub [kubejs]/" done in 28.30 μs
[20:47:38] [REI-ReloadPlugins/TRACE] [REI] [REIClientPlugin END] Reloading Section: "reloadable-plugin/SearchRuntime/" done in 1.870 ms
[20:47:38] [REI-ReloadPlugins/TRACE] [REI] [REIClientPlugin END] Reloading Section: "reloadable-plugin/REIRuntimeImpl/"
[20:47:38] [REI-ReloadPlugins/TRACE] [REI] [REIClientPlugin END] Reloading Section: "reloadable-plugin/REIRuntimeImpl/DefaultClientPluginImpl of DefaultClientPluginImpl [roughlyenoughitems]/"
[20:47:38] [REI-ReloadPlugins/TRACE] [REI] [REIClientPlugin END] Reloading Section: "reloadable-plugin/REIRuntimeImpl/DefaultClientPluginImpl of DefaultClientPluginImpl [roughlyenoughitems]/" done in 34.20 μs
[20:47:38] [REI-ReloadPlugins/TRACE] [REI] [REIClientPlugin END] Reloading Section: "reloadable-plugin/REIRuntimeImpl/JEI Plugin [CreateAdditionJEI:createaddition:jei_plugin] of REI Plugin Compatibilities Adapter [rei_plugin_compatibilities, jei]/"
[20:47:38] [REI-ReloadPlugins/TRACE] [REI] [REIClientPlugin END] Reloading Section: "reloadable-plugin/REIRuntimeImpl/JEI Plugin [CreateAdditionJEI:createaddition:jei_plugin] of REI Plugin Compatibilities Adapter [rei_plugin_compatibilities, jei]/" done in 34.10 μs
[20:47:38] [REI-ReloadPlugins/TRACE] [REI] [REIClientPlugin END] Reloading Section: "reloadable-plugin/REIRuntimeImpl/JEI Plugin [PolyJEIPlugin:polylib:jei_plugin] of REI Plugin Compatibilities Adapter [rei_plugin_compatibilities, jei]/"
[20:47:38] [REI-ReloadPlugins/TRACE] [REI] [REIClientPlugin END] Reloading Section: "reloadable-plugin/REIRuntimeImpl/JEI Plugin [PolyJEIPlugin:polylib:jei_plugin] of REI Plugin Compatibilities Adapter [rei_plugin_compatibilities, jei]/" done in 31.90 μs
[20:47:38] [REI-ReloadPlugins/TRACE] [REI] [REIClientPlugin END] Reloading Section: "reloadable-plugin/REIRuntimeImpl/JEI Plugin [GTSEJEIPlugin:gregtech_steam_expansion:jei_plugin] of REI Plugin Compatibilities Adapter [rei_plugin_compatibilities, jei]/"
[20:47:38] [REI-ReloadPlugins/TRACE] [REI] [REIClientPlugin END] Reloading Section: "reloadable-plugin/REIRuntimeImpl/JEI Plugin [GTSEJEIPlugin:gregtech_steam_expansion:jei_plugin] of REI Plugin Compatibilities Adapter [rei_plugin_compatibilities, jei]/" done in 34.30 μs
[20:47:38] [REI-ReloadPlugins/TRACE] [REI] [REIClientPlugin END] Reloading Section: "reloadable-plugin/REIRuntimeImpl/JEI Plugin [GTJEIPlugin:gtceu:jei_plugin] of REI Plugin Compatibilities Adapter [rei_plugin_compatibilities, jei]/"
[20:47:38] [REI-ReloadPlugins/TRACE] [REI] [REIClientPlugin END] Reloading Section: "reloadable-plugin/REIRuntimeImpl/JEI Plugin [GTJEIPlugin:gtceu:jei_plugin] of REI Plugin Compatibilities Adapter [rei_plugin_compatibilities, jei]/" done in 34.10 μs
[20:47:38] [REI-ReloadPlugins/TRACE] [REI] [REIClientPlugin END] Reloading Section: "reloadable-plugin/REIRuntimeImpl/JEI Plugin [JEIIntegration:ftblibrary:jei] of REI Plugin Compatibilities Adapter [rei_plugin_compatibilities, jei]/"
[20:47:38] [REI-ReloadPlugins/TRACE] [REI] [REIClientPlugin END] Reloading Section: "reloadable-plugin/REIRuntimeImpl/JEI Plugin [JEIIntegration:ftblibrary:jei] of REI Plugin Compatibilities Adapter [rei_plugin_compatibilities, jei]/" done in 32.30 μs
[20:47:38] [REI-ReloadPlugins/TRACE] [REI] [REIClientPlugin END] Reloading Section: "reloadable-plugin/REIRuntimeImpl/JEI Plugin [JEIPlugin:kubejs:jei] of REI Plugin Compatibilities Adapter [rei_plugin_compatibilities, jei]/"
[20:47:38] [REI-ReloadPlugins/TRACE] [REI] [REIClientPlugin END] Reloading Section: "reloadable-plugin/REIRuntimeImpl/JEI Plugin [JEIPlugin:kubejs:jei] of REI Plugin Compatibilities Adapter [rei_plugin_compatibilities, jei]/" done in 32.50 μs
[20:47:38] [REI-ReloadPlugins/TRACE] [REI] [REIClientPlugin END] Reloading Section: "reloadable-plugin/REIRuntimeImpl/JEI Plugin [JEIIntegration:fluxnetworks:jei] of REI Plugin Compatibilities Adapter [rei_plugin_compatibilities, jei]/"
[20:47:38] [REI-ReloadPlugins/TRACE] [REI] [REIClientPlugin END] Reloading Section: "reloadable-plugin/REIRuntimeImpl/JEI Plugin [JEIIntegration:fluxnetworks:jei] of REI Plugin Compatibilities Adapter [rei_plugin_compatibilities, jei]/" done in 32.40 μs
[20:47:38] [REI-ReloadPlugins/TRACE] [REI] [REIClientPlugin END] Reloading Section: "reloadable-plugin/REIRuntimeImpl/JEI Plugin [CreateJEI:create:jei_plugin] of REI Plugin Compatibilities Adapter [rei_plugin_compatibilities, jei]/"
[20:47:38] [REI-ReloadPlugins/TRACE] [REI] [REIClientPlugin END] Reloading Section: "reloadable-plugin/REIRuntimeImpl/JEI Plugin [CreateJEI:create:jei_plugin] of REI Plugin Compatibilities Adapter [rei_plugin_compatibilities, jei]/" done in 33.40 μs
[20:47:38] [REI-ReloadPlugins/TRACE] [REI] [REIClientPlugin END] Reloading Section: "reloadable-plugin/REIRuntimeImpl/JEI Plugin [JEIPlugin:ae2:core] of REI Plugin Compatibilities Adapter [rei_plugin_compatibilities, jei]/"
[20:47:38] [REI-ReloadPlugins/TRACE] [REI] [REIClientPlugin END] Reloading Section: "reloadable-plugin/REIRuntimeImpl/JEI Plugin [JEIPlugin:ae2:core] of REI Plugin Compatibilities Adapter [rei_plugin_compatibilities, jei]/" done in 33.90 μs
[20:47:38] [REI-ReloadPlugins/TRACE] [REI] [REIClientPlugin END] Reloading Section: "reloadable-plugin/REIRuntimeImpl/JEI Plugin [JEICompat:jade:main] of REI Plugin Compatibilities Adapter [rei_plugin_compatibilities, jei]/"
[20:47:38] [REI-ReloadPlugins/TRACE] [REI] [REIClientPlugin END] Reloading Section: "reloadable-plugin/REIRuntimeImpl/JEI Plugin [JEICompat:jade:main] of REI Plugin Compatibilities Adapter [rei_plugin_compatibilities, jei]/" done in 31.60 μs
[20:47:38] [REI-ReloadPlugins/TRACE] [REI] [REIClientPlugin END] Reloading Section: "reloadable-plugin/REIRuntimeImpl/JEI Plugin [JEIPlugin:ldlib:jei_plugin] of REI Plugin Compatibilities Adapter [rei_plugin_compatibilities, jei]/"
[20:47:38] [REI-ReloadPlugins/TRACE] [REI] [REIClientPlugin END] Reloading Section: "reloadable-plugin/REIRuntimeImpl/JEI Plugin [JEIPlugin:ldlib:jei_plugin] of REI Plugin Compatibilities Adapter [rei_plugin_compatibilities, jei]/" done in 40.60 μs
[20:47:38] [REI-ReloadPlugins/TRACE] [REI] [REIClientPlugin END] Reloading Section: "reloadable-plugin/REIRuntimeImpl/JEI Plugin [BCJeiPlugin:bibliocraft:jei_plugin] of REI Plugin Compatibilities Adapter [rei_plugin_compatibilities, jei]/"
[20:47:38] [REI-ReloadPlugins/TRACE] [REI] [REIClientPlugin END] Reloading Section: "reloadable-plugin/REIRuntimeImpl/JEI Plugin [BCJeiPlugin:bibliocraft:jei_plugin] of REI Plugin Compatibilities Adapter [rei_plugin_compatibilities, jei]/" done in 30.90 μs
[20:47:38] [REI-ReloadPlugins/TRACE] [REI] [REIClientPlugin END] Reloading Section: "reloadable-plugin/REIRuntimeImpl/GTREIPlugin of GTREIPlugin [gtceu]/"
[20:47:38] [REI-ReloadPlugins/TRACE] [REI] [REIClientPlugin END] Reloading Section: "reloadable-plugin/REIRuntimeImpl/GTREIPlugin of GTREIPlugin [gtceu]/" done in 30.60 μs
[20:47:38] [REI-ReloadPlugins/TRACE] [REI] [REIClientPlugin END] Reloading Section: "reloadable-plugin/REIRuntimeImpl/FramedReiPlugin of FramedReiPlugin [framedblocks]/"
[20:47:38] [REI-ReloadPlugins/TRACE] [REI] [REIClientPlugin END] Reloading Section: "reloadable-plugin/REIRuntimeImpl/FramedReiPlugin of FramedReiPlugin [framedblocks]/" done in 33.00 μs
[20:47:38] [REI-ReloadPlugins/TRACE] [REI] [REIClientPlugin END] Reloading Section: "reloadable-plugin/REIRuntimeImpl/REIPluginImpl of REIPluginImpl [ldlib]/"
[20:47:38] [REI-ReloadPlugins/TRACE] [REI] [REIClientPlugin END] Reloading Section: "reloadable-plugin/REIRuntimeImpl/REIPluginImpl of REIPluginImpl [ldlib]/" done in 31.50 μs
[20:47:38] [REI-ReloadPlugins/TRACE] [REI] [REIClientPlugin END] Reloading Section: "reloadable-plugin/REIRuntimeImpl/REI Plugin Compatibilities Client Handler of REI Plugin Compatibilities Client Handler [rei_plugin_compatibilities, jei]/"
[20:47:38] [REI-ReloadPlugins/TRACE] [REI] [REIClientPlugin END] Reloading Section: "reloadable-plugin/REIRuntimeImpl/REI Plugin Compatibilities Client Handler of REI Plugin Compatibilities Client Handler [rei_plugin_compatibilities, jei]/" done in 30.40 μs
[20:47:38] [REI-ReloadPlugins/TRACE] [REI] [REIClientPlugin END] Reloading Section: "reloadable-plugin/REIRuntimeImpl/REIForgePluginStub of REIForgePluginStub [ftblibrary]/"
[20:47:38] [REI-ReloadPlugins/TRACE] [REI] [REIClientPlugin END] Reloading Section: "reloadable-plugin/REIRuntimeImpl/REIForgePluginStub of REIForgePluginStub [ftblibrary]/" done in 30.60 μs
[20:47:38] [REI-ReloadPlugins/TRACE] [REI] [REIClientPlugin END] Reloading Section: "reloadable-plugin/REIRuntimeImpl/AE2 of AE2 [ae2]/"
[20:47:38] [REI-ReloadPlugins/TRACE] [REI] [REIClientPlugin END] Reloading Section: "reloadable-plugin/REIRuntimeImpl/AE2 of AE2 [ae2]/" done in 32.10 μs
[20:47:38] [REI-ReloadPlugins/TRACE] [REI] [REIClientPlugin END] Reloading Section: "reloadable-plugin/REIRuntimeImpl/HideIngredientsFromTagsPlugin of HideIngredientsFromTagsPlugin [roughlyenoughitems]/"
[20:47:38] [REI-ReloadPlugins/TRACE] [REI] [REIClientPlugin END] Reloading Section: "reloadable-plugin/REIRuntimeImpl/HideIngredientsFromTagsPlugin of HideIngredientsFromTagsPlugin [roughlyenoughitems]/" done in 231.9 μs
[20:47:38] [REI-ReloadPlugins/TRACE] [REI] [REIClientPlugin END] Reloading Section: "reloadable-plugin/REIRuntimeImpl/DefaultClientRuntimePlugin of DefaultClientRuntimePlugin [roughlyenoughitems]/"
[20:47:38] [REI-ReloadPlugins/TRACE] [REI] [REIClientPlugin END] Reloading Section: "reloadable-plugin/REIRuntimeImpl/DefaultClientRuntimePlugin of DefaultClientRuntimePlugin [roughlyenoughitems]/" done in 21.80 μs
[20:47:38] [REI-ReloadPlugins/TRACE] [REI] [REIClientPlugin END] Reloading Section: "reloadable-plugin/REIRuntimeImpl/REIForgePluginStub of REIForgePluginStub [kubejs]/"
[20:47:38] [REI-ReloadPlugins/TRACE] [REI] [REIClientPlugin END] Reloading Section: "reloadable-plugin/REIRuntimeImpl/REIForgePluginStub of REIForgePluginStub [kubejs]/" done in 18.10 μs
[20:47:38] [REI-ReloadPlugins/TRACE] [REI] [REIClientPlugin END] Reloading Section: "reloadable-plugin/REIRuntimeImpl/" done in 2.148 ms
[20:47:38] [REI-ReloadPlugins/TRACE] [REI] [REIClientPlugin END] Reloading Section: "reloadable-plugin/ConfigAddonRegistryImpl/"
[20:47:38] [REI-ReloadPlugins/TRACE] [REI] [REIClientPlugin END] Reloading Section: "reloadable-plugin/ConfigAddonRegistryImpl/DefaultClientPluginImpl of DefaultClientPluginImpl [roughlyenoughitems]/"
[20:47:38] [REI-ReloadPlugins/TRACE] [REI] [REIClientPlugin END] Reloading Section: "reloadable-plugin/ConfigAddonRegistryImpl/DefaultClientPluginImpl of DefaultClientPluginImpl [roughlyenoughitems]/" done in 25.90 μs
[20:47:38] [REI-ReloadPlugins/TRACE] [REI] [REIClientPlugin END] Reloading Section: "reloadable-plugin/ConfigAddonRegistryImpl/JEI Plugin [CreateAdditionJEI:createaddition:jei_plugin] of REI Plugin Compatibilities Adapter [rei_plugin_compatibilities, jei]/"
[20:47:38] [REI-ReloadPlugins/TRACE] [REI] [REIClientPlugin END] Reloading Section: "reloadable-plugin/ConfigAddonRegistryImpl/JEI Plugin [CreateAdditionJEI:createaddition:jei_plugin] of REI Plugin Compatibilities Adapter [rei_plugin_compatibilities, jei]/" done in 12.00 μs
[20:47:38] [REI-ReloadPlugins/TRACE] [REI] [REIClientPlugin END] Reloading Section: "reloadable-plugin/ConfigAddonRegistryImpl/JEI Plugin [PolyJEIPlugin:polylib:jei_plugin] of REI Plugin Compatibilities Adapter [rei_plugin_compatibilities, jei]/"
[20:47:38] [REI-ReloadPlugins/TRACE] [REI] [REIClientPlugin END] Reloading Section: "reloadable-plugin/ConfigAddonRegistryImpl/JEI Plugin [PolyJEIPlugin:polylib:jei_plugin] of REI Plugin Compatibilities Adapter [rei_plugin_compatibilities, jei]/" done in 11.40 μs
[20:47:38] [REI-ReloadPlugins/TRACE] [REI] [REIClientPlugin END] Reloading Section: "reloadable-plugin/ConfigAddonRegistryImpl/JEI Plugin [GTSEJEIPlugin:gregtech_steam_expansion:jei_plugin] of REI Plugin Compatibilities Adapter [rei_plugin_compatibilities, jei]/"
[20:47:38] [REI-ReloadPlugins/TRACE] [REI] [REIClientPlugin END] Reloading Section: "reloadable-plugin/ConfigAddonRegistryImpl/JEI Plugin [GTSEJEIPlugin:gregtech_steam_expansion:jei_plugin] of REI Plugin Compatibilities Adapter [rei_plugin_compatibilities, jei]/" done in 10.90 μs
[20:47:38] [REI-ReloadPlugins/TRACE] [REI] [REIClientPlugin END] Reloading Section: "reloadable-plugin/ConfigAddonRegistryImpl/JEI Plugin [GTJEIPlugin:gtceu:jei_plugin] of REI Plugin Compatibilities Adapter [rei_plugin_compatibilities, jei]/"
[20:47:38] [REI-ReloadPlugins/TRACE] [REI] [REIClientPlugin END] Reloading Section: "reloadable-plugin/ConfigAddonRegistryImpl/JEI Plugin [GTJEIPlugin:gtceu:jei_plugin] of REI Plugin Compatibilities Adapter [rei_plugin_compatibilities, jei]/" done in 14.70 μs
[20:47:38] [REI-ReloadPlugins/TRACE] [REI] [REIClientPlugin END] Reloading Section: "reloadable-plugin/ConfigAddonRegistryImpl/JEI Plugin [JEIIntegration:ftblibrary:jei] of REI Plugin Compatibilities Adapter [rei_plugin_compatibilities, jei]/"
[20:47:38] [REI-ReloadPlugins/TRACE] [REI] [REIClientPlugin END] Reloading Section: "reloadable-plugin/ConfigAddonRegistryImpl/JEI Plugin [JEIIntegration:ftblibrary:jei] of REI Plugin Compatibilities Adapter [rei_plugin_compatibilities, jei]/" done in 13.50 μs
[20:47:38] [REI-ReloadPlugins/TRACE] [REI] [REIClientPlugin END] Reloading Section: "reloadable-plugin/ConfigAddonRegistryImpl/JEI Plugin [JEIPlugin:kubejs:jei] of REI Plugin Compatibilities Adapter [rei_plugin_compatibilities, jei]/"
[20:47:38] [REI-ReloadPlugins/TRACE] [REI] [REIClientPlugin END] Reloading Section: "reloadable-plugin/ConfigAddonRegistryImpl/JEI Plugin [JEIPlugin:kubejs:jei] of REI Plugin Compatibilities Adapter [rei_plugin_compatibilities, jei]/" done in 11.00 μs
[20:47:38] [REI-ReloadPlugins/TRACE] [REI] [REIClientPlugin END] Reloading Section: "reloadable-plugin/ConfigAddonRegistryImpl/JEI Plugin [JEIIntegration:fluxnetworks:jei] of REI Plugin Compatibilities Adapter [rei_plugin_compatibilities, jei]/"
[20:47:38] [REI-ReloadPlugins/TRACE] [REI] [REIClientPlugin END] Reloading Section: "reloadable-plugin/ConfigAddonRegistryImpl/JEI Plugin [JEIIntegration:fluxnetworks:jei] of REI Plugin Compatibilities Adapter [rei_plugin_compatibilities, jei]/" done in 13.10 μs
[20:47:38] [REI-ReloadPlugins/TRACE] [REI] [REIClientPlugin END] Reloading Section: "reloadable-plugin/ConfigAddonRegistryImpl/JEI Plugin [CreateJEI:create:jei_plugin] of REI Plugin Compatibilities Adapter [rei_plugin_compatibilities, jei]/"
[20:47:38] [REI-ReloadPlugins/TRACE] [REI] [REIClientPlugin END] Reloading Section: "reloadable-plugin/ConfigAddonRegistryImpl/JEI Plugin [CreateJEI:create:jei_plugin] of REI Plugin Compatibilities Adapter [rei_plugin_compatibilities, jei]/" done in 10.80 μs
[20:47:38] [REI-ReloadPlugins/TRACE] [REI] [REIClientPlugin END] Reloading Section: "reloadable-plugin/ConfigAddonRegistryImpl/JEI Plugin [JEIPlugin:ae2:core] of REI Plugin Compatibilities Adapter [rei_plugin_compatibilities, jei]/"
[20:47:38] [REI-ReloadPlugins/TRACE] [REI] [REIClientPlugin END] Reloading Section: "reloadable-plugin/ConfigAddonRegistryImpl/JEI Plugin [JEIPlugin:ae2:core] of REI Plugin Compatibilities Adapter [rei_plugin_compatibilities, jei]/" done in 11.20 μs
[20:47:38] [REI-ReloadPlugins/TRACE] [REI] [REIClientPlugin END] Reloading Section: "reloadable-plugin/ConfigAddonRegistryImpl/JEI Plugin [JEICompat:jade:main] of REI Plugin Compatibilities Adapter [rei_plugin_compatibilities, jei]/"
[20:47:38] [REI-ReloadPlugins/TRACE] [REI] [REIClientPlugin END] Reloading Section: "reloadable-plugin/ConfigAddonRegistryImpl/JEI Plugin [JEICompat:jade:main] of REI Plugin Compatibilities Adapter [rei_plugin_compatibilities, jei]/" done in 10.60 μs
[20:47:38] [REI-ReloadPlugins/TRACE] [REI] [REIClientPlugin END] Reloading Section: "reloadable-plugin/ConfigAddonRegistryImpl/JEI Plugin [JEIPlugin:ldlib:jei_plugin] of REI Plugin Compatibilities Adapter [rei_plugin_compatibilities, jei]/"
[20:47:38] [REI-ReloadPlugins/TRACE] [REI] [REIClientPlugin END] Reloading Section: "reloadable-plugin/ConfigAddonRegistryImpl/JEI Plugin [JEIPlugin:ldlib:jei_plugin] of REI Plugin Compatibilities Adapter [rei_plugin_compatibilities, jei]/" done in 10.60 μs
[20:47:38] [REI-ReloadPlugins/TRACE] [REI] [REIClientPlugin END] Reloading Section: "reloadable-plugin/ConfigAddonRegistryImpl/JEI Plugin [BCJeiPlugin:bibliocraft:jei_plugin] of REI Plugin Compatibilities Adapter [rei_plugin_compatibilities, jei]/"
[20:47:38] [REI-ReloadPlugins/TRACE] [REI] [REIClientPlugin END] Reloading Section: "reloadable-plugin/ConfigAddonRegistryImpl/JEI Plugin [BCJeiPlugin:bibliocraft:jei_plugin] of REI Plugin Compatibilities Adapter [rei_plugin_compatibilities, jei]/" done in 10.80 μs
[20:47:38] [REI-ReloadPlugins/TRACE] [REI] [REIClientPlugin END] Reloading Section: "reloadable-plugin/ConfigAddonRegistryImpl/GTREIPlugin of GTREIPlugin [gtceu]/"
[20:47:38] [REI-ReloadPlugins/TRACE] [REI] [REIClientPlugin END] Reloading Section: "reloadable-plugin/ConfigAddonRegistryImpl/GTREIPlugin of GTREIPlugin [gtceu]/" done in 10.80 μs
[20:47:38] [REI-ReloadPlugins/TRACE] [REI] [REIClientPlugin END] Reloading Section: "reloadable-plugin/ConfigAddonRegistryImpl/FramedReiPlugin of FramedReiPlugin [framedblocks]/"
[20:47:38] [REI-ReloadPlugins/TRACE] [REI] [REIClientPlugin END] Reloading Section: "reloadable-plugin/ConfigAddonRegistryImpl/FramedReiPlugin of FramedReiPlugin [framedblocks]/" done in 10.70 μs
[20:47:38] [REI-ReloadPlugins/TRACE] [REI] [REIClientPlugin END] Reloading Section: "reloadable-plugin/ConfigAddonRegistryImpl/REIPluginImpl of REIPluginImpl [ldlib]/"
[20:47:38] [REI-ReloadPlugins/TRACE] [REI] [REIClientPlugin END] Reloading Section: "reloadable-plugin/ConfigAddonRegistryImpl/REIPluginImpl of REIPluginImpl [ldlib]/" done in 11.10 μs
[20:47:38] [REI-ReloadPlugins/TRACE] [REI] [REIClientPlugin END] Reloading Section: "reloadable-plugin/ConfigAddonRegistryImpl/REI Plugin Compatibilities Client Handler of REI Plugin Compatibilities Client Handler [rei_plugin_compatibilities, jei]/"
[20:47:38] [REI-ReloadPlugins/TRACE] [REI] [REIClientPlugin END] Reloading Section: "reloadable-plugin/ConfigAddonRegistryImpl/REI Plugin Compatibilities Client Handler of REI Plugin Compatibilities Client Handler [rei_plugin_compatibilities, jei]/" done in 11.50 μs
[20:47:38] [REI-ReloadPlugins/TRACE] [REI] [REIClientPlugin END] Reloading Section: "reloadable-plugin/ConfigAddonRegistryImpl/REIForgePluginStub of REIForgePluginStub [ftblibrary]/"
[20:47:38] [REI-ReloadPlugins/TRACE] [REI] [REIClientPlugin END] Reloading Section: "reloadable-plugin/ConfigAddonRegistryImpl/REIForgePluginStub of REIForgePluginStub [ftblibrary]/" done in 10.40 μs
[20:47:38] [REI-ReloadPlugins/TRACE] [REI] [REIClientPlugin END] Reloading Section: "reloadable-plugin/ConfigAddonRegistryImpl/AE2 of AE2 [ae2]/"
[20:47:38] [REI-ReloadPlugins/TRACE] [REI] [REIClientPlugin END] Reloading Section: "reloadable-plugin/ConfigAddonRegistryImpl/AE2 of AE2 [ae2]/" done in 10.60 μs
[20:47:38] [REI-ReloadPlugins/TRACE] [REI] [REIClientPlugin END] Reloading Section: "reloadable-plugin/ConfigAddonRegistryImpl/HideIngredientsFromTagsPlugin of HideIngredientsFromTagsPlugin [roughlyenoughitems]/"
[20:47:38] [REI-ReloadPlugins/TRACE] [REI] [REIClientPlugin END] Reloading Section: "reloadable-plugin/ConfigAddonRegistryImpl/HideIngredientsFromTagsPlugin of HideIngredientsFromTagsPlugin [roughlyenoughitems]/" done in 10.60 μs
[20:47:38] [REI-ReloadPlugins/TRACE] [REI] [REIClientPlugin END] Reloading Section: "reloadable-plugin/ConfigAddonRegistryImpl/DefaultClientRuntimePlugin of DefaultClientRuntimePlugin [roughlyenoughitems]/"
[20:47:38] [REI-ReloadPlugins/TRACE] [REI] [REIClientPlugin END] Reloading Section: "reloadable-plugin/ConfigAddonRegistryImpl/DefaultClientRuntimePlugin of DefaultClientRuntimePlugin [roughlyenoughitems]/" done in 10.60 μs
[20:47:38] [REI-ReloadPlugins/TRACE] [REI] [REIClientPlugin END] Reloading Section: "reloadable-plugin/ConfigAddonRegistryImpl/REIForgePluginStub of REIForgePluginStub [kubejs]/"
[20:47:38] [REI-ReloadPlugins/TRACE] [REI] [REIClientPlugin END] Reloading Section: "reloadable-plugin/ConfigAddonRegistryImpl/REIForgePluginStub of REIForgePluginStub [kubejs]/" done in 10.30 μs
[20:47:38] [REI-ReloadPlugins/TRACE] [REI] [REIClientPlugin END] Reloading Section: "reloadable-plugin/ConfigAddonRegistryImpl/" done in 651.5 μs
[20:47:38] [REI-ReloadPlugins/TRACE] [REI] [REIClientPlugin END] Reloading Section: "reloadable-plugin/me.shedaniel.rei.plugin.client.runtime.PluginStageExecutionWatcher$1/"
[20:47:38] [REI-ReloadPlugins/TRACE] [REI] [REIClientPlugin END] Reloading Section: "reloadable-plugin/me.shedaniel.rei.plugin.client.runtime.PluginStageExecutionWatcher$1/DefaultClientPluginImpl of DefaultClientPluginImpl [roughlyenoughitems]/"
[20:47:38] [REI-ReloadPlugins/TRACE] [REI] [REIClientPlugin END] Reloading Section: "reloadable-plugin/me.shedaniel.rei.plugin.client.runtime.PluginStageExecutionWatcher$1/DefaultClientPluginImpl of DefaultClientPluginImpl [roughlyenoughitems]/" done in 15.60 μs
[20:47:38] [REI-ReloadPlugins/TRACE] [REI] [REIClientPlugin END] Reloading Section: "reloadable-plugin/me.shedaniel.rei.plugin.client.runtime.PluginStageExecutionWatcher$1/JEI Plugin [CreateAdditionJEI:createaddition:jei_plugin] of REI Plugin Compatibilities Adapter [rei_plugin_compatibilities, jei]/"
[20:47:38] [REI-ReloadPlugins/TRACE] [REI] [REIClientPlugin END] Reloading Section: "reloadable-plugin/me.shedaniel.rei.plugin.client.runtime.PluginStageExecutionWatcher$1/JEI Plugin [CreateAdditionJEI:createaddition:jei_plugin] of REI Plugin Compatibilities Adapter [rei_plugin_compatibilities, jei]/" done in 11.10 μs
[20:47:38] [REI-ReloadPlugins/TRACE] [REI] [REIClientPlugin END] Reloading Section: "reloadable-plugin/me.shedaniel.rei.plugin.client.runtime.PluginStageExecutionWatcher$1/JEI Plugin [PolyJEIPlugin:polylib:jei_plugin] of REI Plugin Compatibilities Adapter [rei_plugin_compatibilities, jei]/"
[20:47:38] [REI-ReloadPlugins/TRACE] [REI] [REIClientPlugin END] Reloading Section: "reloadable-plugin/me.shedaniel.rei.plugin.client.runtime.PluginStageExecutionWatcher$1/JEI Plugin [PolyJEIPlugin:polylib:jei_plugin] of REI Plugin Compatibilities Adapter [rei_plugin_compatibilities, jei]/" done in 10.90 μs
[20:47:38] [REI-ReloadPlugins/TRACE] [REI] [REIClientPlugin END] Reloading Section: "reloadable-plugin/me.shedaniel.rei.plugin.client.runtime.PluginStageExecutionWatcher$1/JEI Plugin [GTSEJEIPlugin:gregtech_steam_expansion:jei_plugin] of REI Plugin Compatibilities Adapter [rei_plugin_compatibilities, jei]/"
[20:47:38] [REI-ReloadPlugins/TRACE] [REI] [REIClientPlugin END] Reloading Section: "reloadable-plugin/me.shedaniel.rei.plugin.client.runtime.PluginStageExecutionWatcher$1/JEI Plugin [GTSEJEIPlugin:gregtech_steam_expansion:jei_plugin] of REI Plugin Compatibilities Adapter [rei_plugin_compatibilities, jei]/" done in 16.00 μs
[20:47:38] [REI-ReloadPlugins/TRACE] [REI] [REIClientPlugin END] Reloading Section: "reloadable-plugin/me.shedaniel.rei.plugin.client.runtime.PluginStageExecutionWatcher$1/JEI Plugin [GTJEIPlugin:gtceu:jei_plugin] of REI Plugin Compatibilities Adapter [rei_plugin_compatibilities, jei]/"
[20:47:38] [REI-ReloadPlugins/TRACE] [REI] [REIClientPlugin END] Reloading Section: "reloadable-plugin/me.shedaniel.rei.plugin.client.runtime.PluginStageExecutionWatcher$1/JEI Plugin [GTJEIPlugin:gtceu:jei_plugin] of REI Plugin Compatibilities Adapter [rei_plugin_compatibilities, jei]/" done in 16.20 μs
[20:47:38] [REI-ReloadPlugins/TRACE] [REI] [REIClientPlugin END] Reloading Section: "reloadable-plugin/me.shedaniel.rei.plugin.client.runtime.PluginStageExecutionWatcher$1/JEI Plugin [JEIIntegration:ftblibrary:jei] of REI Plugin Compatibilities Adapter [rei_plugin_compatibilities, jei]/"
[20:47:38] [REI-ReloadPlugins/TRACE] [REI] [REIClientPlugin END] Reloading Section: "reloadable-plugin/me.shedaniel.rei.plugin.client.runtime.PluginStageExecutionWatcher$1/JEI Plugin [JEIIntegration:ftblibrary:jei] of REI Plugin Compatibilities Adapter [rei_plugin_compatibilities, jei]/" done in 15.30 μs
[20:47:38] [REI-ReloadPlugins/TRACE] [REI] [REIClientPlugin END] Reloading Section: "reloadable-plugin/me.shedaniel.rei.plugin.client.runtime.PluginStageExecutionWatcher$1/JEI Plugin [JEIPlugin:kubejs:jei] of REI Plugin Compatibilities Adapter [rei_plugin_compatibilities, jei]/"
[20:47:38] [REI-ReloadPlugins/TRACE] [REI] [REIClientPlugin END] Reloading Section: "reloadable-plugin/me.shedaniel.rei.plugin.client.runtime.PluginStageExecutionWatcher$1/JEI Plugin [JEIPlugin:kubejs:jei] of REI Plugin Compatibilities Adapter [rei_plugin_compatibilities, jei]/" done in 17.60 μs
[20:47:38] [REI-ReloadPlugins/TRACE] [REI] [REIClientPlugin END] Reloading Section: "reloadable-plugin/me.shedaniel.rei.plugin.client.runtime.PluginStageExecutionWatcher$1/JEI Plugin [JEIIntegration:fluxnetworks:jei] of REI Plugin Compatibilities Adapter [rei_plugin_compatibilities, jei]/"
[20:47:38] [REI-ReloadPlugins/TRACE] [REI] [REIClientPlugin END] Reloading Section: "reloadable-plugin/me.shedaniel.rei.plugin.client.runtime.PluginStageExecutionWatcher$1/JEI Plugin [JEIIntegration:fluxnetworks:jei] of REI Plugin Compatibilities Adapter [rei_plugin_compatibilities, jei]/" done in 16.40 μs
[20:47:38] [REI-ReloadPlugins/TRACE] [REI] [REIClientPlugin END] Reloading Section: "reloadable-plugin/me.shedaniel.rei.plugin.client.runtime.PluginStageExecutionWatcher$1/JEI Plugin [CreateJEI:create:jei_plugin] of REI Plugin Compatibilities Adapter [rei_plugin_compatibilities, jei]/"
[20:47:38] [REI-ReloadPlugins/TRACE] [REI] [REIClientPlugin END] Reloading Section: "reloadable-plugin/me.shedaniel.rei.plugin.client.runtime.PluginStageExecutionWatcher$1/JEI Plugin [CreateJEI:create:jei_plugin] of REI Plugin Compatibilities Adapter [rei_plugin_compatibilities, jei]/" done in 17.40 μs
[20:47:38] [REI-ReloadPlugins/TRACE] [REI] [REIClientPlugin END] Reloading Section: "reloadable-plugin/me.shedaniel.rei.plugin.client.runtime.PluginStageExecutionWatcher$1/JEI Plugin [JEIPlugin:ae2:core] of REI Plugin Compatibilities Adapter [rei_plugin_compatibilities, jei]/"
[20:47:38] [REI-ReloadPlugins/TRACE] [REI] [REIClientPlugin END] Reloading Section: "reloadable-plugin/me.shedaniel.rei.plugin.client.runtime.PluginStageExecutionWatcher$1/JEI Plugin [JEIPlugin:ae2:core] of REI Plugin Compatibilities Adapter [rei_plugin_compatibilities, jei]/" done in 20.20 μs
[20:47:38] [REI-ReloadPlugins/TRACE] [REI] [REIClientPlugin END] Reloading Section: "reloadable-plugin/me.shedaniel.rei.plugin.client.runtime.PluginStageExecutionWatcher$1/JEI Plugin [JEICompat:jade:main] of REI Plugin Compatibilities Adapter [rei_plugin_compatibilities, jei]/"
[20:47:38] [REI-ReloadPlugins/TRACE] [REI] [REIClientPlugin END] Reloading Section: "reloadable-plugin/me.shedaniel.rei.plugin.client.runtime.PluginStageExecutionWatcher$1/JEI Plugin [JEICompat:jade:main] of REI Plugin Compatibilities Adapter [rei_plugin_compatibilities, jei]/" done in 11.00 μs
[20:47:38] [REI-ReloadPlugins/TRACE] [REI] [REIClientPlugin END] Reloading Section: "reloadable-plugin/me.shedaniel.rei.plugin.client.runtime.PluginStageExecutionWatcher$1/JEI Plugin [JEIPlugin:ldlib:jei_plugin] of REI Plugin Compatibilities Adapter [rei_plugin_compatibilities, jei]/"
[20:47:38] [REI-ReloadPlugins/TRACE] [REI] [REIClientPlugin END] Reloading Section: "reloadable-plugin/me.shedaniel.rei.plugin.client.runtime.PluginStageExecutionWatcher$1/JEI Plugin [JEIPlugin:ldlib:jei_plugin] of REI Plugin Compatibilities Adapter [rei_plugin_compatibilities, jei]/" done in 11.00 μs
[20:47:38] [REI-ReloadPlugins/TRACE] [REI] [REIClientPlugin END] Reloading Section: "reloadable-plugin/me.shedaniel.rei.plugin.client.runtime.PluginStageExecutionWatcher$1/JEI Plugin [BCJeiPlugin:bibliocraft:jei_plugin] of REI Plugin Compatibilities Adapter [rei_plugin_compatibilities, jei]/"
[20:47:38] [REI-ReloadPlugins/TRACE] [REI] [REIClientPlugin END] Reloading Section: "reloadable-plugin/me.shedaniel.rei.plugin.client.runtime.PluginStageExecutionWatcher$1/JEI Plugin [BCJeiPlugin:bibliocraft:jei_plugin] of REI Plugin Compatibilities Adapter [rei_plugin_compatibilities, jei]/" done in 10.70 μs
[20:47:38] [REI-ReloadPlugins/TRACE] [REI] [REIClientPlugin END] Reloading Section: "reloadable-plugin/me.shedaniel.rei.plugin.client.runtime.PluginStageExecutionWatcher$1/GTREIPlugin of GTREIPlugin [gtceu]/"
[20:47:38] [REI-ReloadPlugins/TRACE] [REI] [REIClientPlugin END] Reloading Section: "reloadable-plugin/me.shedaniel.rei.plugin.client.runtime.PluginStageExecutionWatcher$1/GTREIPlugin of GTREIPlugin [gtceu]/" done in 10.80 μs
[20:47:38] [REI-ReloadPlugins/TRACE] [REI] [REIClientPlugin END] Reloading Section: "reloadable-plugin/me.shedaniel.rei.plugin.client.runtime.PluginStageExecutionWatcher$1/FramedReiPlugin of FramedReiPlugin [framedblocks]/"
[20:47:38] [REI-ReloadPlugins/TRACE] [REI] [REIClientPlugin END] Reloading Section: "reloadable-plugin/me.shedaniel.rei.plugin.client.runtime.PluginStageExecutionWatcher$1/FramedReiPlugin of FramedReiPlugin [framedblocks]/" done in 10.60 μs
[20:47:38] [REI-ReloadPlugins/TRACE] [REI] [REIClientPlugin END] Reloading Section: "reloadable-plugin/me.shedaniel.rei.plugin.client.runtime.PluginStageExecutionWatcher$1/REIPluginImpl of REIPluginImpl [ldlib]/"
[20:47:38] [REI-ReloadPlugins/TRACE] [REI] [REIClientPlugin END] Reloading Section: "reloadable-plugin/me.shedaniel.rei.plugin.client.runtime.PluginStageExecutionWatcher$1/REIPluginImpl of REIPluginImpl [ldlib]/" done in 10.70 μs
[20:47:38] [REI-ReloadPlugins/TRACE] [REI] [REIClientPlugin END] Reloading Section: "reloadable-plugin/me.shedaniel.rei.plugin.client.runtime.PluginStageExecutionWatcher$1/REI Plugin Compatibilities Client Handler of REI Plugin Compatibilities Client Handler [rei_plugin_compatibilities, jei]/"
[20:47:38] [REI-ReloadPlugins/TRACE] [REI] [REIClientPlugin END] Reloading Section: "reloadable-plugin/me.shedaniel.rei.plugin.client.runtime.PluginStageExecutionWatcher$1/REI Plugin Compatibilities Client Handler of REI Plugin Compatibilities Client Handler [rei_plugin_compatibilities, jei]/" done in 10.50 μs
[20:47:38] [REI-ReloadPlugins/TRACE] [REI] [REIClientPlugin END] Reloading Section: "reloadable-plugin/me.shedaniel.rei.plugin.client.runtime.PluginStageExecutionWatcher$1/REIForgePluginStub of REIForgePluginStub [ftblibrary]/"
[20:47:38] [REI-ReloadPlugins/TRACE] [REI] [REIClientPlugin END] Reloading Section: "reloadable-plugin/me.shedaniel.rei.plugin.client.runtime.PluginStageExecutionWatcher$1/REIForgePluginStub of REIForgePluginStub [ftblibrary]/" done in 12.70 μs
[20:47:38] [REI-ReloadPlugins/TRACE] [REI] [REIClientPlugin END] Reloading Section: "reloadable-plugin/me.shedaniel.rei.plugin.client.runtime.PluginStageExecutionWatcher$1/AE2 of AE2 [ae2]/"
[20:47:38] [REI-ReloadPlugins/TRACE] [REI] [REIClientPlugin END] Reloading Section: "reloadable-plugin/me.shedaniel.rei.plugin.client.runtime.PluginStageExecutionWatcher$1/AE2 of AE2 [ae2]/" done in 10.70 μs
[20:47:38] [REI-ReloadPlugins/TRACE] [REI] [REIClientPlugin END] Reloading Section: "reloadable-plugin/me.shedaniel.rei.plugin.client.runtime.PluginStageExecutionWatcher$1/HideIngredientsFromTagsPlugin of HideIngredientsFromTagsPlugin [roughlyenoughitems]/"
[20:47:38] [REI-ReloadPlugins/TRACE] [REI] [REIClientPlugin END] Reloading Section: "reloadable-plugin/me.shedaniel.rei.plugin.client.runtime.PluginStageExecutionWatcher$1/HideIngredientsFromTagsPlugin of HideIngredientsFromTagsPlugin [roughlyenoughitems]/" done in 13.40 μs
[20:47:38] [REI-ReloadPlugins/TRACE] [REI] [REIClientPlugin END] Reloading Section: "reloadable-plugin/me.shedaniel.rei.plugin.client.runtime.PluginStageExecutionWatcher$1/DefaultClientRuntimePlugin of DefaultClientRuntimePlugin [roughlyenoughitems]/"
[20:47:38] [REI-ReloadPlugins/TRACE] [REI] [REIClientPlugin END] Reloading Section: "reloadable-plugin/me.shedaniel.rei.plugin.client.runtime.PluginStageExecutionWatcher$1/DefaultClientRuntimePlugin of DefaultClientRuntimePlugin [roughlyenoughitems]/" done in 10.50 μs
[20:47:38] [REI-ReloadPlugins/TRACE] [REI] [REIClientPlugin END] Reloading Section: "reloadable-plugin/me.shedaniel.rei.plugin.client.runtime.PluginStageExecutionWatcher$1/REIForgePluginStub of REIForgePluginStub [kubejs]/"
[20:47:38] [REI-ReloadPlugins/TRACE] [REI] [REIClientPlugin END] Reloading Section: "reloadable-plugin/me.shedaniel.rei.plugin.client.runtime.PluginStageExecutionWatcher$1/REIForgePluginStub of REIForgePluginStub [kubejs]/" done in 10.90 μs
[20:47:38] [REI-ReloadPlugins/TRACE] [REI] [REIClientPlugin END] Reloading Section: "reloadable-plugin/me.shedaniel.rei.plugin.client.runtime.PluginStageExecutionWatcher$1/" done in 727.5 μs
[20:47:38] [REI-ReloadPlugins/DEBUG] [REI] ========================================
[20:47:38] [REI-ReloadPlugins/DEBUG] [REI] REIClientPlugin ending main-reload for END.
[20:47:38] [REI-ReloadPlugins/DEBUG] [REI] ========================================
[20:47:38] [REI-ReloadPlugins/TRACE] [REI] [REIClientPlugin END] Reloading Section: "end-reload/"
[20:47:38] [REI-ReloadPlugins/TRACE] [REI] [REIClientPlugin END] Reloading Section: "end-reload/EntryRendererRegistryImpl/"
[20:47:38] [REI-ReloadPlugins/TRACE] [REI] [REIClientPlugin END] Reloading Section: "end-reload/EntryRendererRegistryImpl/" done in 11.70 μs
[20:47:38] [REI-ReloadPlugins/TRACE] [REI] [REIClientPlugin END] Reloading Section: "end-reload/ViewsImpl/"
[20:47:38] [REI-ReloadPlugins/TRACE] [REI] [REIClientPlugin END] Reloading Section: "end-reload/ViewsImpl/" done in 9.900 μs
[20:47:38] [REI-ReloadPlugins/TRACE] [REI] [REIClientPlugin END] Reloading Section: "end-reload/InputMethodRegistryImpl/"
[20:47:38] [REI-ReloadPlugins/DEBUG] [REI] Registered 5 input methods: Default, Jyutping (Cantonese), Pinyin (Mandarin), Bopomofo (Mandarin), Double Pinyin (Mandarin)
[20:47:38] [REI-ReloadPlugins/TRACE] [REI] [REIClientPlugin END] Reloading Section: "end-reload/InputMethodRegistryImpl/" done in 7.841 ms
[20:47:38] [REI-ReloadPlugins/TRACE] [REI] [REIClientPlugin END] Reloading Section: "end-reload/SearchProviderImpl/"
[20:47:38] [REI-ReloadPlugins/TRACE] [REI] [REIClientPlugin END] Reloading Section: "end-reload/SearchProviderImpl/" done in 17.20 μs
[20:47:38] [REI-ReloadPlugins/TRACE] [REI] [REIClientPlugin END] Reloading Section: "end-reload/ConfigManagerImpl/"
[20:47:38] [REI-ReloadPlugins/TRACE] [REI] [REIClientPlugin END] Reloading Section: "end-reload/ConfigManagerImpl/" done in 17.90 μs
[20:47:38] [REI-ReloadPlugins/TRACE] [REI] [REIClientPlugin END] Reloading Section: "end-reload/EntryRegistryImpl/"
[20:47:38] [REI-ReloadPlugins/TRACE] [REI] [REIClientPlugin END] Reloading Section: "end-reload/EntryRegistryImpl/" done in 12.20 μs
[20:47:38] [REI-ReloadPlugins/TRACE] [REI] [REIClientPlugin END] Reloading Section: "end-reload/CollapsibleEntryRegistryImpl/"
[20:47:38] [REI-ReloadPlugins/DEBUG] [REI] Recollecting custom collapsible entry groups
[20:47:38] [REI-ReloadPlugins/DEBUG] [REI] Registered 0 custom collapsible entry groups: 
[20:47:38] [REI-ReloadPlugins/DEBUG] [REI] Registered 191 collapsible entry groups: Enchanted Book, Potion, Splash Potion, Lingering Potion, Spawn Egg, Tipped Arrow, Music Disc, gtceu.tool.class.iv_drill, gtceu.tool.class.ev_drill, gtceu.tool.class.hv_drill, Shovel, gtceu.tool.class.ev_screwdriver, gtceu.tool.class.buzzsaw, Axe, gtceu.tool.class.luv_drill, gtceu.tool.class.lv_drill, gtceu.tool.class.mv_drill, gtceu.tool.class.luv_wrench, gtceu.tool.class.mv_wrench, gtceu.tool.class.luv_screwdriver, gtceu.tool.class.iv_wrench, Spade, gtceu.tool.class.luv_chainsaw, Wrench, gtceu.tool.class.zpm_chainsaw, gtceu.tool.class.hv_buzzsaw, gtceu.tool.class.lv_screwdriver, Knife, gtceu.tool.class.mv_screwdriver, gtceu.tool.class.iv_screwdriver, Plunger, gtceu.tool.class.ev_wrench, gtceu.tool.class.zpm_wrench, gtceu.tool.class.mv_buzzsaw, Hoe, Scythe, gtceu.tool.class.ev_chainsaw, gtceu.tool.class.zpm_wirecutter, Hammer, Mortar, gtceu.tool.class.lv_chainsaw, Pickaxe, Soft Mallet, gtceu.tool.class.hv_screwdriver, gtceu.tool.class.mv_wirecutter, gtceu.tool.class.luv_wirecutter, gtceu.tool.class.zpm_screwdriver, gtceu.tool.class.iv_buzzsaw, File, gtceu.tool.class.iv_wirecutter, gtceu.tool.class.lv_wirecutter, gtceu.tool.class.hv_wirecutter, Wire Cutter, gtceu.tool.class.hv_chainsaw, gtceu.tool.class.lv_wrench, gtceu.tool.class.mv_chainsaw, gtceu.tool.class.luv_buzzsaw, gtceu.tool.class.zpm_buzzsaw, gtceu.tool.class.ev_buzzsaw, Mining Hammer, Saw, Screwdriver, gtceu.tool.class.zpm_drill, gtceu.tool.class.ev_wirecutter, gtceu.tool.class.iv_chainsaw, Sword, gtceu.tool.class.hv_wrench, Butchery Knife, Crowbar, Fluorite Ore, Cinnabar Ore, Blue Topaz Ore, Malachite Ore, Ruby Ore, Certus Quartz Ore, Neodymium Ore, Salt Ore, Pyrope Ore, Nickel Ore, Silver Ore, Lead Ore, Sodalite Ore, Quartzite Ore, Almandine Ore, Beryllium Ore, Infinity Ore, Grossular Ore, Sapphire Ore, Aluminium Ore, Red Garnet Ore, Olivine Ore, Titanium Ore, Yellow Garnet Ore, Tin Ore, Palladium Ore, Space Neutronium Ore, Realgar Ore, Platinum Ore, Rock Salt Ore, Arcane Crystal Ore, Spessartine Ore, Monazite Ore, Opal Ore, Cobalt Ore, Thorium Ore, Green Sapphire Ore, Plutonium Ore, Molybdenum Ore, Topaz Ore, Naquadah Ore, Lazurite Ore, Apatite Ore, Euxenite Ore, Infinity Catalyst Ore, Trona Ore, Coal Ore, Dolomite Ore, Spodumene Ore, Wulfenite Ore, Kaolinite Ore, Wollastonite Ore, Electrotine Ore, Cooperite Ore, Molybdenite Ore, Saltpeter Ore, Tetrahedrite Ore, Diatomite Ore, Galena Ore, Asbestos Ore, Lapis Ore, Cobaltite Ore, Sulfur Ore, Bornite Ore, Redstone Ore, Scheelite Ore, Hematite Ore, Vanadium Magnetite Ore, Alunite Ore, Basaltic Mineral Sand Ore, Yellow Limonite Ore, Mica Ore, Granitic Mineral Sand Ore, Oilsands Ore, Pyrolusite Ore, Amethyst Ore, Cassiterite Ore, Soapstone Ore, Tricalcium Phosphate Ore, Tungstate Ore, Pyrochlore Ore, Gypsum Ore, Bentonite Ore, Bauxite Ore, Emerald Ore, Kyanite Ore, Garnierite Ore, Tantalite Ore, Chalcocite Ore, Pentlandite Ore, Lithium Ore, Bastnasite Ore, Lepidolite Ore, Stibnite Ore, Pitchblende Ore, Magnesite Ore, Pyrite Ore, Nether Quartz Ore, Powellite Ore, Ilmenite Ore, Sphalerite Ore, Barite Ore, Glauconite Sand Ore, Talc Ore, Zeolite Ore, Graphite Ore, Fullers Earth Ore, Chalcopyrite Ore, Diamond Ore, Calcite Ore, Goethite Ore, Uraninite Ore, Garnet Sand Ore, Magnetite Ore, Cassiterite Sand Ore, Chromite Ore, Pollucite Ore, Iron Ore, Gold Ore, Copper Ore, Potion Fluids, itemGroup.ae2.facades
[20:47:38] [REI-ReloadPlugins/TRACE] [REI] [REIClientPlugin END] Reloading Section: "end-reload/CollapsibleEntryRegistryImpl/" done in 1.639 ms
[20:47:38] [REI-ReloadPlugins/TRACE] [REI] [REIClientPlugin END] Reloading Section: "end-reload/BasicFilteringRuleImpl/"
[20:47:38] [REI-ReloadPlugins/TRACE] [REI] [REIClientPlugin END] Reloading Section: "end-reload/BasicFilteringRuleImpl/" done in 16.40 μs
[20:47:38] [REI-ReloadPlugins/TRACE] [REI] [REIClientPlugin END] Reloading Section: "end-reload/CategoryRegistryImpl/"
[20:47:38] [REI-ReloadPlugins/DEBUG] [REI] Registered 153 categories: Crafting, Smelting, Smoking, Blasting, Campfire, Stone Cutting, Fuel, Brewing, Composting, Stripping, Smithing, Anvil, Beacon Base, Beacon Payment, Tilling, Pathing, Waxing, Wax Scraping, Oxidizing, Oxidation Scraping, Rolling, Charging, Liquid Burning, Steam Charging, Creating Flux, Milling, Crushing, Pressing, Bulk Washing, Bulk Smoking, Bulk Blasting, Bulk Haunting, Mixing, Automated Shapeless Crafting, Automated Brewing, Compacting, Automated Packing, Sawing, Block Cutting, Sandpaper Polishing, Manual Item Application, Deploying, Filling by Spout, Item Draining, Automated Shaped Crafting, Mechanical Crafting, Recipe Sequence, Mysterious Conversion, In-World Transformation, Matter Condenser, Inscriber, Charger, P2P Tunnel Attunement, Certus Quartz Growth, Entropy Manipulator, Printing Table, Multiblock Info, Ore Processing Diagram, Ore Vein Diagram, Bedrock Fluid Diagram, Steam Turbine, Fusion Reactor, Mixer, Assembler, Metaphysical boiling, Part Grinding, Centrifuge, Research Station, Ore Washer, Cracker, Canner, Gas Turbine, Orbital Mining, Combustion Generator, Circuit Assembly Line, Electrolyzer, Scrap Remelting, Large-scale Component Assembly, Primitive Blast Furnace, Rock Breaker, Vacuum Freezer, Large Boiler, Distillery, Lathe, Wiremill, Steam Boiler, Ore Grinding, Coating, Chemical Dyeing, Macerator, Electric Blast Furnace, Air Scrubber, Fluid cooling, Chemical Plant, Chemical Bath, Large Naquadah Reactor, Gas Collector, gcyr.rocket_fuel, Precision Assembly, Arc Scrapping, Forming Press, Sifter, Laser Engraver, Scanner, Spawner extraction, gcyr.dyson_controller, Large Chemical Reactor, Fluid Solidifier, Industrial Coating Line, Electromagnetic Separator, Chemical Reactor, Alloy Smelter, Polarizer, Ore Treating, Plasma Generator, Forge Hammer, Coke Oven, gtceu.color_mixer, Naquadah Reactor, Implosion Compressor, Dehydrator, Extractor, gtceu.greenhouse, gcyr.space_elevator, Ore Crushing, Fermenter, Rocket Fuel Engine, Extruder, Brewery, Alloy Blast Smelter, Metal Molding, Compressor, Bender, Cutter, Neutron Activator, Pyrolyse Oven, Distillation Tower, gtmthings.digital_miner, Arc Furnace, Gas pressuring, Concept infusion, Fluid Heater, Packer, Circuit Assembler, Orbital Gas Mining, gcyr.oxygen_spreader, Assembly Line, Autoclave, Thermal Centrifuge, Programmed Circuit Page, Framing Saw, Information, Tag
[20:47:38] [REI-ReloadPlugins/TRACE] [REI] [REIClientPlugin END] Reloading Section: "end-reload/CategoryRegistryImpl/" done in 1.014 ms
[20:47:38] [REI-ReloadPlugins/TRACE] [REI] [REIClientPlugin END] Reloading Section: "end-reload/DisplayRegistryImpl/"
[20:47:38] [REI-ReloadPlugins/DEBUG] [REI] Found preliminary 62662 displays
[20:47:39] [REI-ReloadPlugins/DEBUG] [REI] Filled 23396 displays from recipe manager in 949.0 ms
[20:47:39] [REI-ReloadPlugins/DEBUG] [REI] Removing 0 failed displays
[20:47:39] [REI-ReloadPlugins/DEBUG] [REI] Processing 86058 displays for optimal lookup performance...
[20:47:40] [REI-ReloadPlugins/DEBUG] [REI] Processed displays for optimal lookup performance in 903.1 ms.
[20:47:40] [REI-ReloadPlugins/DEBUG] [REI] 86058 displays registration have completed
[20:47:40] [REI-ReloadPlugins/TRACE] [REI] [REIClientPlugin END] Reloading Section: "end-reload/DisplayRegistryImpl/" done in 1.878 s
[20:47:40] [REI-ReloadPlugins/TRACE] [REI] [REIClientPlugin END] Reloading Section: "end-reload/ScreenRegistryImpl/"
[20:47:40] [REI-ReloadPlugins/TRACE] [REI] [REIClientPlugin END] Reloading Section: "end-reload/ScreenRegistryImpl/" done in 19.70 μs
[20:47:40] [REI-ReloadPlugins/TRACE] [REI] [REIClientPlugin END] Reloading Section: "end-reload/FavoriteEntryTypeRegistryImpl/"
[20:47:40] [REI-ReloadPlugins/TRACE] [REI] [REIClientPlugin END] Reloading Section: "end-reload/FavoriteEntryTypeRegistryImpl/" done in 11.00 μs
[20:47:40] [REI-ReloadPlugins/TRACE] [REI] [REIClientPlugin END] Reloading Section: "end-reload/SubsetsRegistryImpl/"
[20:47:40] [REI-ReloadPlugins/TRACE] [REI] [REIClientPlugin END] Reloading Section: "end-reload/SubsetsRegistryImpl/" done in 11.20 μs
[20:47:40] [REI-ReloadPlugins/TRACE] [REI] [REIClientPlugin END] Reloading Section: "end-reload/TransferHandlerRegistryImpl/"
[20:47:40] [REI-ReloadPlugins/DEBUG] [REI] Registered 13 transfer handlers
[20:47:40] [REI-ReloadPlugins/TRACE] [REI] [REIClientPlugin END] Reloading Section: "end-reload/TransferHandlerRegistryImpl/" done in 48.80 μs
[20:47:40] [REI-ReloadPlugins/TRACE] [REI] [REIClientPlugin END] Reloading Section: "end-reload/SearchRuntime/"
[20:47:40] [REI-ReloadPlugins/TRACE] [REI] Preparing 142058 stacks for search arguments
[20:47:40] [REI-ReloadPlugins/TRACE] [REI] Prepared 142058 / 142058 stacks for search arguments in 355ms
[20:47:40] [REI-ReloadPlugins/DEBUG] [REI] Preparing collapsed entry groups cache with 191 entries and 20294 stacks
[20:47:40] [REI-ReloadPlugins/DEBUG] [REI] Prepared collapsed entry groups cache with 191 entries and 20294 stacks
[20:47:40] [REI-ReloadPlugins/TRACE] [REI] [REIClientPlugin END] Reloading Section: "end-reload/SearchRuntime/" done in 666.6 ms
[20:47:40] [REI-ReloadPlugins/TRACE] [REI] [REIClientPlugin END] Reloading Section: "end-reload/REIRuntimeImpl/"
[20:47:40] [REI-ReloadPlugins/TRACE] [REI] [REIClientPlugin END] Reloading Section: "end-reload/REIRuntimeImpl/" done in 31.90 μs
[20:47:40] [REI-ReloadPlugins/TRACE] [REI] [REIClientPlugin END] Reloading Section: "end-reload/ConfigAddonRegistryImpl/"
[20:47:40] [REI-ReloadPlugins/DEBUG] [REI] Registered 0 config addons
[20:47:40] [REI-ReloadPlugins/TRACE] [REI] [REIClientPlugin END] Reloading Section: "end-reload/ConfigAddonRegistryImpl/" done in 95.20 μs
[20:47:40] [REI-ReloadPlugins/TRACE] [REI] [REIClientPlugin END] Reloading Section: "end-reload/me.shedaniel.rei.plugin.client.runtime.PluginStageExecutionWatcher$1/"
[20:47:40] [REI-ReloadPlugins/TRACE] [REI] [REIClientPlugin END] Reloading Section: "end-reload/me.shedaniel.rei.plugin.client.runtime.PluginStageExecutionWatcher$1/" done in 21.60 μs
[20:47:40] [REI-ReloadPlugins/TRACE] [REI] [REIClientPlugin END] Reloading Section: "end-reload/" done in 2.556 s
[20:47:40] [REI-ReloadPlugins/DEBUG] [REI] ========================================
[20:47:40] [REI-ReloadPlugins/DEBUG] [REI] REIClientPlugin ended main-reload for END in 18.08 s.
[20:47:40] [REI-ReloadPlugins/DEBUG] [REI] ========================================
[20:47:40] [REI-ReloadPlugins/INFO] [REI] OOOOOOOOOOOOOOOOOOOOOOOOOOOOOOOOOOOOOOOO
[20:47:40] [REI-ReloadPlugins/INFO] [REI] REIServerPlugin starting main-reload for END.
[20:47:40] [REI-ReloadPlugins/DEBUG] [REI] Reloadables (3):
[20:47:40] [REI-ReloadPlugins/DEBUG] [REI]  - MenuInfoRegistryImpl
[20:47:40] [REI-ReloadPlugins/DEBUG] [REI]  - SlotAccessorRegistryImpl
[20:47:40] [REI-ReloadPlugins/DEBUG] [REI]  - me.shedaniel.rei.plugin.client.runtime.PluginStageExecutionWatcher$1
[20:47:40] [REI-ReloadPlugins/INFO] [REI] Plugins (2):
[20:47:40] [REI-ReloadPlugins/INFO] [REI]  - (-100.00) DefaultPluginImpl of DefaultPluginImpl [roughlyenoughitems]
[20:47:40] [REI-ReloadPlugins/INFO] [REI]  - (0.00) DefaultRuntimePlugin of DefaultRuntimePlugin [roughlyenoughitems]
[20:47:40] [REI-ReloadPlugins/INFO] [REI] OOOOOOOOOOOOOOOOOOOOOOOOOOOOOOOOOOOOOOOO
[20:47:40] [REI-ReloadPlugins/TRACE] [REI] [REIServerPlugin END] Reloading Section: "start-reload/"
[20:47:40] [REI-ReloadPlugins/TRACE] [REI] [REIServerPlugin END] Reloading Section: "start-reload/MenuInfoRegistryImpl/"
[20:47:40] [REI-ReloadPlugins/TRACE] [REI] [REIServerPlugin END] Reloading Section: "start-reload/MenuInfoRegistryImpl/" done in 44.90 μs
[20:47:40] [REI-ReloadPlugins/TRACE] [REI] [REIServerPlugin END] Reloading Section: "start-reload/SlotAccessorRegistryImpl/"
[20:47:40] [REI-ReloadPlugins/TRACE] [REI] [REIServerPlugin END] Reloading Section: "start-reload/SlotAccessorRegistryImpl/" done in 42.30 μs
[20:47:40] [REI-ReloadPlugins/TRACE] [REI] [REIServerPlugin END] Reloading Section: "start-reload/me.shedaniel.rei.plugin.client.runtime.PluginStageExecutionWatcher$1/"
[20:47:40] [REI-ReloadPlugins/TRACE] [REI] [REIServerPlugin END] Reloading Section: "start-reload/me.shedaniel.rei.plugin.client.runtime.PluginStageExecutionWatcher$1/" done in 19.80 μs
[20:47:40] [REI-ReloadPlugins/TRACE] [REI] [REIServerPlugin END] Reloading Section: "start-reload/" done in 344.9 μs
[20:47:40] [REI-ReloadPlugins/DEBUG] [REI] ========================================
[20:47:40] [REI-ReloadPlugins/DEBUG] [REI] REIServerPlugin started main-reload for END.
[20:47:40] [REI-ReloadPlugins/DEBUG] [REI] ========================================
[20:47:40] [REI-ReloadPlugins/TRACE] [REI] [REIServerPlugin END] Reloading Section: "reloadable-plugin/MenuInfoRegistryImpl/"
[20:47:40] [REI-ReloadPlugins/TRACE] [REI] [REIServerPlugin END] Reloading Section: "reloadable-plugin/MenuInfoRegistryImpl/DefaultPluginImpl of DefaultPluginImpl [roughlyenoughitems]/"
[20:47:40] [REI-ReloadPlugins/TRACE] [REI] [REIServerPlugin END] Reloading Section: "reloadable-plugin/MenuInfoRegistryImpl/DefaultPluginImpl of DefaultPluginImpl [roughlyenoughitems]/" done in 111.7 μs
[20:47:40] [REI-ReloadPlugins/TRACE] [REI] [REIServerPlugin END] Reloading Section: "reloadable-plugin/MenuInfoRegistryImpl/DefaultRuntimePlugin of DefaultRuntimePlugin [roughlyenoughitems]/"
[20:47:40] [REI-ReloadPlugins/TRACE] [REI] [REIServerPlugin END] Reloading Section: "reloadable-plugin/MenuInfoRegistryImpl/DefaultRuntimePlugin of DefaultRuntimePlugin [roughlyenoughitems]/" done in 18.20 μs
[20:47:40] [REI-ReloadPlugins/TRACE] [REI] [REIServerPlugin END] Reloading Section: "reloadable-plugin/MenuInfoRegistryImpl/" done in 230.8 μs
[20:47:40] [REI-ReloadPlugins/TRACE] [REI] [REIServerPlugin END] Reloading Section: "reloadable-plugin/SlotAccessorRegistryImpl/"
[20:47:40] [REI-ReloadPlugins/TRACE] [REI] [REIServerPlugin END] Reloading Section: "reloadable-plugin/SlotAccessorRegistryImpl/DefaultPluginImpl of DefaultPluginImpl [roughlyenoughitems]/"
[20:47:40] [REI-ReloadPlugins/TRACE] [REI] [REIServerPlugin END] Reloading Section: "reloadable-plugin/SlotAccessorRegistryImpl/DefaultPluginImpl of DefaultPluginImpl [roughlyenoughitems]/" done in 28.40 μs
[20:47:40] [REI-ReloadPlugins/TRACE] [REI] [REIServerPlugin END] Reloading Section: "reloadable-plugin/SlotAccessorRegistryImpl/DefaultRuntimePlugin of DefaultRuntimePlugin [roughlyenoughitems]/"
[20:47:40] [REI-ReloadPlugins/DEBUG] [REI] Added slot accessor serializer: me.shedaniel.rei.plugin.common.runtime.DefaultRuntimePlugin$1@3230fa23 [roughlyenoughitems:vanilla]
[20:47:40] [Render thread/DEBUG] [REI] Starting Search: "" with 20293 stacks, shouldAsync: true on Render thread
[20:47:40] [Render thread/DEBUG] [REI] Async Search: 51 partitions for ""
[20:47:40] [REI-ReloadPlugins/DEBUG] [REI] Added slot accessor serializer: me.shedaniel.rei.plugin.common.runtime.DefaultRuntimePlugin$2@18f81491 [roughlyenoughitems:player]
[20:47:40] [REI-ReloadPlugins/TRACE] [REI] [REIServerPlugin END] Reloading Section: "reloadable-plugin/SlotAccessorRegistryImpl/DefaultRuntimePlugin of DefaultRuntimePlugin [roughlyenoughitems]/" done in 11.11 ms
[20:47:40] [REI-ReloadPlugins/TRACE] [REI] [REIServerPlugin END] Reloading Section: "reloadable-plugin/SlotAccessorRegistryImpl/" done in 11.33 ms
[20:47:40] [REI-AsyncSearchManager-2/TRACE] [REI] Search "" Used [Thread[REI-AsyncSearchManager-2,10,main]]: 2.960 ms
[20:47:40] [REI-ReloadPlugins/TRACE] [REI] [REIServerPlugin END] Reloading Section: "reloadable-plugin/me.shedaniel.rei.plugin.client.runtime.PluginStageExecutionWatcher$1/"
[20:47:40] [REI-ReloadPlugins/TRACE] [REI] [REIServerPlugin END] Reloading Section: "reloadable-plugin/me.shedaniel.rei.plugin.client.runtime.PluginStageExecutionWatcher$1/DefaultPluginImpl of DefaultPluginImpl [roughlyenoughitems]/"
[20:47:40] [REI-ReloadPlugins/TRACE] [REI] [REIServerPlugin END] Reloading Section: "reloadable-plugin/me.shedaniel.rei.plugin.client.runtime.PluginStageExecutionWatcher$1/DefaultPluginImpl of DefaultPluginImpl [roughlyenoughitems]/" done in 73.60 μs
[20:47:40] [REI-ReloadPlugins/TRACE] [REI] [REIServerPlugin END] Reloading Section: "reloadable-plugin/me.shedaniel.rei.plugin.client.runtime.PluginStageExecutionWatcher$1/DefaultRuntimePlugin of DefaultRuntimePlugin [roughlyenoughitems]/"
[20:47:40] [REI-ReloadPlugins/TRACE] [REI] [REIServerPlugin END] Reloading Section: "reloadable-plugin/me.shedaniel.rei.plugin.client.runtime.PluginStageExecutionWatcher$1/DefaultRuntimePlugin of DefaultRuntimePlugin [roughlyenoughitems]/" done in 38.00 μs
[20:47:40] [REI-ReloadPlugins/TRACE] [REI] [REIServerPlugin END] Reloading Section: "reloadable-plugin/me.shedaniel.rei.plugin.client.runtime.PluginStageExecutionWatcher$1/" done in 548.0 μs
[20:47:40] [REI-ReloadPlugins/DEBUG] [REI] ========================================
[20:47:40] [REI-ReloadPlugins/DEBUG] [REI] REIServerPlugin ending main-reload for END.
[20:47:40] [REI-ReloadPlugins/DEBUG] [REI] ========================================
[20:47:40] [REI-ReloadPlugins/TRACE] [REI] [REIServerPlugin END] Reloading Section: "end-reload/"
[20:47:40] [REI-ReloadPlugins/TRACE] [REI] [REIServerPlugin END] Reloading Section: "end-reload/MenuInfoRegistryImpl/"
[20:47:40] [REI-ReloadPlugins/DEBUG] [REI] Registered 0 menu infos
[20:47:40] [REI-ReloadPlugins/TRACE] [REI] [REIServerPlugin END] Reloading Section: "end-reload/MenuInfoRegistryImpl/" done in 127.0 μs
[20:47:40] [REI-ReloadPlugins/TRACE] [REI] [REIServerPlugin END] Reloading Section: "end-reload/SlotAccessorRegistryImpl/"
[20:47:40] [REI-ReloadPlugins/DEBUG] [REI] Registered 2 slot accessor serializers
[20:47:40] [REI-ReloadPlugins/TRACE] [REI] [REIServerPlugin END] Reloading Section: "end-reload/SlotAccessorRegistryImpl/" done in 92.80 μs
[20:47:40] [REI-ReloadPlugins/TRACE] [REI] [REIServerPlugin END] Reloading Section: "end-reload/me.shedaniel.rei.plugin.client.runtime.PluginStageExecutionWatcher$1/"
[20:47:40] [REI-ReloadPlugins/TRACE] [REI] [REIServerPlugin END] Reloading Section: "end-reload/me.shedaniel.rei.plugin.client.runtime.PluginStageExecutionWatcher$1/" done in 33.40 μs
[20:47:40] [REI-ReloadPlugins/TRACE] [REI] [REIServerPlugin END] Reloading Section: "end-reload/" done in 459.0 μs
[20:47:40] [REI-ReloadPlugins/DEBUG] [REI] ========================================
[20:47:40] [REI-ReloadPlugins/DEBUG] [REI] REIServerPlugin ended main-reload for END in 13.98 ms.
[20:47:40] [REI-ReloadPlugins/DEBUG] [REI] ========================================
[20:47:40] [REI-ReloadPlugins/DEBUG] [REI] ========================================
[20:47:40] [REI-ReloadPlugins/DEBUG] [REI] REIPlugin starting post-reload for END.
[20:47:40] [REI-ReloadPlugins/DEBUG] [REI] Reloadables (8):
[20:47:40] [REI-ReloadPlugins/DEBUG] [REI]  - EntryTypeRegistryImpl
[20:47:40] [REI-ReloadPlugins/DEBUG] [REI]  - EntrySettingsAdapterRegistryImpl
[20:47:40] [REI-ReloadPlugins/DEBUG] [REI]  - RecipeManagerContextImpl
[20:47:40] [REI-ReloadPlugins/DEBUG] [REI]  - ItemComparatorRegistryImpl
[20:47:40] [REI-ReloadPlugins/DEBUG] [REI]  - FluidComparatorRegistryImpl
[20:47:40] [REI-ReloadPlugins/DEBUG] [REI]  - DisplaySerializerRegistryImpl
[20:47:40] [REI-ReloadPlugins/DEBUG] [REI]  - FluidSupportProviderImpl
[20:47:40] [REI-ReloadPlugins/DEBUG] [REI]  - me.shedaniel.rei.plugin.client.runtime.PluginStageExecutionWatcher$1
[20:47:40] [REI-ReloadPlugins/DEBUG] [REI] Plugins (24):
[20:47:40] [REI-ReloadPlugins/DEBUG] [REI]  - (-100.00) DefaultClientPluginImpl of DefaultClientPluginImpl [roughlyenoughitems]
[20:47:40] [REI-ReloadPlugins/DEBUG] [REI]  - (-100.00) DefaultPluginImpl of DefaultPluginImpl [roughlyenoughitems]
[20:47:40] [REI-ReloadPlugins/DEBUG] [REI]  - (0.00) HideIngredientsFromTagsPlugin of HideIngredientsFromTagsPlugin [roughlyenoughitems]
[20:47:40] [REI-ReloadPlugins/DEBUG] [REI]  - (0.00) DefaultClientRuntimePlugin of DefaultClientRuntimePlugin [roughlyenoughitems]
[20:47:40] [REI-ReloadPlugins/DEBUG] [REI]  - (0.00) DefaultRuntimePlugin of DefaultRuntimePlugin [roughlyenoughitems]
[20:47:40] [REI-ReloadPlugins/DEBUG] [REI]  - (0.00) JEI Plugin [CreateAdditionJEI:createaddition:jei_plugin] of REI Plugin Compatibilities Adapter [rei_plugin_compatibilities, jei]
[20:47:40] [REI-ReloadPlugins/DEBUG] [REI]  - (0.00) JEI Plugin [PolyJEIPlugin:polylib:jei_plugin] of REI Plugin Compatibilities Adapter [rei_plugin_compatibilities, jei]
[20:47:40] [REI-ReloadPlugins/DEBUG] [REI]  - (0.00) JEI Plugin [GTSEJEIPlugin:gregtech_steam_expansion:jei_plugin] of REI Plugin Compatibilities Adapter [rei_plugin_compatibilities, jei]
[20:47:40] [REI-ReloadPlugins/DEBUG] [REI]  - (0.00) JEI Plugin [GTJEIPlugin:gtceu:jei_plugin] of REI Plugin Compatibilities Adapter [rei_plugin_compatibilities, jei]
[20:47:40] [REI-ReloadPlugins/DEBUG] [REI]  - (0.00) JEI Plugin [JEIIntegration:ftblibrary:jei] of REI Plugin Compatibilities Adapter [rei_plugin_compatibilities, jei]
[20:47:40] [REI-ReloadPlugins/DEBUG] [REI]  - (0.00) JEI Plugin [JEIPlugin:kubejs:jei] of REI Plugin Compatibilities Adapter [rei_plugin_compatibilities, jei]
[20:47:40] [REI-ReloadPlugins/DEBUG] [REI]  - (0.00) JEI Plugin [JEIIntegration:fluxnetworks:jei] of REI Plugin Compatibilities Adapter [rei_plugin_compatibilities, jei]
[20:47:40] [REI-ReloadPlugins/DEBUG] [REI]  - (0.00) JEI Plugin [CreateJEI:create:jei_plugin] of REI Plugin Compatibilities Adapter [rei_plugin_compatibilities, jei]
[20:47:40] [REI-ReloadPlugins/DEBUG] [REI]  - (0.00) JEI Plugin [JEIPlugin:ae2:core] of REI Plugin Compatibilities Adapter [rei_plugin_compatibilities, jei]
[20:47:40] [REI-ReloadPlugins/DEBUG] [REI]  - (0.00) JEI Plugin [JEICompat:jade:main] of REI Plugin Compatibilities Adapter [rei_plugin_compatibilities, jei]
[20:47:40] [REI-ReloadPlugins/DEBUG] [REI]  - (0.00) JEI Plugin [JEIPlugin:ldlib:jei_plugin] of REI Plugin Compatibilities Adapter [rei_plugin_compatibilities, jei]
[20:47:40] [REI-ReloadPlugins/DEBUG] [REI]  - (0.00) JEI Plugin [BCJeiPlugin:bibliocraft:jei_plugin] of REI Plugin Compatibilities Adapter [rei_plugin_compatibilities, jei]
[20:47:40] [REI-ReloadPlugins/DEBUG] [REI]  - (0.00) GTREIPlugin of GTREIPlugin [gtceu]
[20:47:40] [REI-ReloadPlugins/DEBUG] [REI]  - (0.00) FramedReiPlugin of FramedReiPlugin [framedblocks]
[20:47:40] [REI-ReloadPlugins/DEBUG] [REI]  - (0.00) REIPluginImpl of REIPluginImpl [ldlib]
[20:47:40] [REI-ReloadPlugins/DEBUG] [REI]  - (0.00) REI Plugin Compatibilities Client Handler of REI Plugin Compatibilities Client Handler [rei_plugin_compatibilities, jei]
[20:47:40] [REI-ReloadPlugins/DEBUG] [REI]  - (0.00) REIForgePluginStub of REIForgePluginStub [ftblibrary]
[20:47:40] [REI-ReloadPlugins/DEBUG] [REI]  - (0.00) AE2 of AE2 [ae2]
[20:47:40] [REI-ReloadPlugins/DEBUG] [REI]  - (10000000.00) REIForgePluginStub of REIForgePluginStub [kubejs]
[20:47:40] [REI-ReloadPlugins/DEBUG] [REI] ========================================
[20:47:40] [REI-ReloadPlugins/TRACE] [REI] [REIPlugin END] Reloading Section: "post-register/"
[20:47:40] [REI-ReloadPlugins/TRACE] [REI] [REIPlugin END] Reloading Section: "post-register/DefaultClientPluginImpl of DefaultClientPluginImpl [roughlyenoughitems]/"
[20:47:40] [REI-ReloadPlugins/TRACE] [REI] [REIPlugin END] Reloading Section: "post-register/DefaultClientPluginImpl of DefaultClientPluginImpl [roughlyenoughitems]/" done in 41.90 μs
[20:47:40] [REI-ReloadPlugins/TRACE] [REI] [REIPlugin END] Reloading Section: "post-register/DefaultPluginImpl of DefaultPluginImpl [roughlyenoughitems]/"
[20:47:40] [REI-ReloadPlugins/TRACE] [REI] [REIPlugin END] Reloading Section: "post-register/DefaultPluginImpl of DefaultPluginImpl [roughlyenoughitems]/" done in 21.80 μs
[20:47:40] [REI-ReloadPlugins/TRACE] [REI] [REIPlugin END] Reloading Section: "post-register/HideIngredientsFromTagsPlugin of HideIngredientsFromTagsPlugin [roughlyenoughitems]/"
[20:47:40] [REI-ReloadPlugins/TRACE] [REI] [REIPlugin END] Reloading Section: "post-register/HideIngredientsFromTagsPlugin of HideIngredientsFromTagsPlugin [roughlyenoughitems]/" done in 84.60 μs
[20:47:40] [REI-ReloadPlugins/TRACE] [REI] [REIPlugin END] Reloading Section: "post-register/DefaultClientRuntimePlugin of DefaultClientRuntimePlugin [roughlyenoughitems]/"
[20:47:40] [REI-ReloadPlugins/TRACE] [REI] [REIPlugin END] Reloading Section: "post-register/DefaultClientRuntimePlugin of DefaultClientRuntimePlugin [roughlyenoughitems]/" done in 20.40 μs
[20:47:40] [REI-ReloadPlugins/TRACE] [REI] [REIPlugin END] Reloading Section: "post-register/DefaultRuntimePlugin of DefaultRuntimePlugin [roughlyenoughitems]/"
[20:47:40] [REI-ReloadPlugins/TRACE] [REI] [REIPlugin END] Reloading Section: "post-register/DefaultRuntimePlugin of DefaultRuntimePlugin [roughlyenoughitems]/" done in 18.00 μs
[20:47:40] [REI-ReloadPlugins/TRACE] [REI] [REIPlugin END] Reloading Section: "post-register/JEI Plugin [CreateAdditionJEI:createaddition:jei_plugin] of REI Plugin Compatibilities Adapter [rei_plugin_compatibilities, jei]/"
[20:47:40] [REI-ReloadPlugins/TRACE] [REI] [REIPlugin END] Reloading Section: "post-register/JEI Plugin [CreateAdditionJEI:createaddition:jei_plugin] of REI Plugin Compatibilities Adapter [rei_plugin_compatibilities, jei]/" done in 35.70 μs
[20:47:40] [REI-ReloadPlugins/TRACE] [REI] [REIPlugin END] Reloading Section: "post-register/JEI Plugin [PolyJEIPlugin:polylib:jei_plugin] of REI Plugin Compatibilities Adapter [rei_plugin_compatibilities, jei]/"
[20:47:40] [REI-ReloadPlugins/TRACE] [REI] [REIPlugin END] Reloading Section: "post-register/JEI Plugin [PolyJEIPlugin:polylib:jei_plugin] of REI Plugin Compatibilities Adapter [rei_plugin_compatibilities, jei]/" done in 16.90 μs
[20:47:40] [REI-ReloadPlugins/TRACE] [REI] [REIPlugin END] Reloading Section: "post-register/JEI Plugin [GTSEJEIPlugin:gregtech_steam_expansion:jei_plugin] of REI Plugin Compatibilities Adapter [rei_plugin_compatibilities, jei]/"
[20:47:40] [REI-ReloadPlugins/TRACE] [REI] [REIPlugin END] Reloading Section: "post-register/JEI Plugin [GTSEJEIPlugin:gregtech_steam_expansion:jei_plugin] of REI Plugin Compatibilities Adapter [rei_plugin_compatibilities, jei]/" done in 14.60 μs
[20:47:40] [REI-ReloadPlugins/TRACE] [REI] [REIPlugin END] Reloading Section: "post-register/JEI Plugin [GTJEIPlugin:gtceu:jei_plugin] of REI Plugin Compatibilities Adapter [rei_plugin_compatibilities, jei]/"
[20:47:40] [REI-ReloadPlugins/TRACE] [REI] [REIPlugin END] Reloading Section: "post-register/JEI Plugin [GTJEIPlugin:gtceu:jei_plugin] of REI Plugin Compatibilities Adapter [rei_plugin_compatibilities, jei]/" done in 17.60 μs
[20:47:40] [REI-ReloadPlugins/TRACE] [REI] [REIPlugin END] Reloading Section: "post-register/JEI Plugin [JEIIntegration:ftblibrary:jei] of REI Plugin Compatibilities Adapter [rei_plugin_compatibilities, jei]/"
[20:47:40] [REI-ReloadPlugins/TRACE] [REI] [REIPlugin END] Reloading Section: "post-register/JEI Plugin [JEIIntegration:ftblibrary:jei] of REI Plugin Compatibilities Adapter [rei_plugin_compatibilities, jei]/" done in 19.60 μs
[20:47:40] [REI-ReloadPlugins/TRACE] [REI] [REIPlugin END] Reloading Section: "post-register/JEI Plugin [JEIPlugin:kubejs:jei] of REI Plugin Compatibilities Adapter [rei_plugin_compatibilities, jei]/"
[20:47:40] [REI-ReloadPlugins/TRACE] [REI] [REIPlugin END] Reloading Section: "post-register/JEI Plugin [JEIPlugin:kubejs:jei] of REI Plugin Compatibilities Adapter [rei_plugin_compatibilities, jei]/" done in 21.20 μs
[20:47:40] [REI-ReloadPlugins/TRACE] [REI] [REIPlugin END] Reloading Section: "post-register/JEI Plugin [JEIIntegration:fluxnetworks:jei] of REI Plugin Compatibilities Adapter [rei_plugin_compatibilities, jei]/"
[20:47:40] [REI-ReloadPlugins/TRACE] [REI] [REIPlugin END] Reloading Section: "post-register/JEI Plugin [JEIIntegration:fluxnetworks:jei] of REI Plugin Compatibilities Adapter [rei_plugin_compatibilities, jei]/" done in 19.00 μs
[20:47:40] [REI-ReloadPlugins/TRACE] [REI] [REIPlugin END] Reloading Section: "post-register/JEI Plugin [CreateJEI:create:jei_plugin] of REI Plugin Compatibilities Adapter [rei_plugin_compatibilities, jei]/"
[20:47:40] [REI-ReloadPlugins/TRACE] [REI] [REIPlugin END] Reloading Section: "post-register/JEI Plugin [CreateJEI:create:jei_plugin] of REI Plugin Compatibilities Adapter [rei_plugin_compatibilities, jei]/" done in 23.10 μs
[20:47:40] [REI-ReloadPlugins/TRACE] [REI] [REIPlugin END] Reloading Section: "post-register/JEI Plugin [JEIPlugin:ae2:core] of REI Plugin Compatibilities Adapter [rei_plugin_compatibilities, jei]/"
[20:47:40] [REI-ReloadPlugins/TRACE] [REI] [REIPlugin END] Reloading Section: "post-register/JEI Plugin [JEIPlugin:ae2:core] of REI Plugin Compatibilities Adapter [rei_plugin_compatibilities, jei]/" done in 19.70 μs
[20:47:40] [REI-ReloadPlugins/TRACE] [REI] [REIPlugin END] Reloading Section: "post-register/JEI Plugin [JEICompat:jade:main] of REI Plugin Compatibilities Adapter [rei_plugin_compatibilities, jei]/"
[20:47:40] [REI-ReloadPlugins/TRACE] [REI] [REIPlugin END] Reloading Section: "post-register/JEI Plugin [JEICompat:jade:main] of REI Plugin Compatibilities Adapter [rei_plugin_compatibilities, jei]/" done in 19.00 μs
[20:47:40] [REI-ReloadPlugins/TRACE] [REI] [REIPlugin END] Reloading Section: "post-register/JEI Plugin [JEIPlugin:ldlib:jei_plugin] of REI Plugin Compatibilities Adapter [rei_plugin_compatibilities, jei]/"
[20:47:40] [REI-ReloadPlugins/TRACE] [REI] [REIPlugin END] Reloading Section: "post-register/JEI Plugin [JEIPlugin:ldlib:jei_plugin] of REI Plugin Compatibilities Adapter [rei_plugin_compatibilities, jei]/" done in 18.10 μs
[20:47:40] [REI-ReloadPlugins/TRACE] [REI] [REIPlugin END] Reloading Section: "post-register/JEI Plugin [BCJeiPlugin:bibliocraft:jei_plugin] of REI Plugin Compatibilities Adapter [rei_plugin_compatibilities, jei]/"
[20:47:40] [REI-ReloadPlugins/TRACE] [REI] [REIPlugin END] Reloading Section: "post-register/JEI Plugin [BCJeiPlugin:bibliocraft:jei_plugin] of REI Plugin Compatibilities Adapter [rei_plugin_compatibilities, jei]/" done in 15.10 μs
[20:47:40] [REI-ReloadPlugins/TRACE] [REI] [REIPlugin END] Reloading Section: "post-register/GTREIPlugin of GTREIPlugin [gtceu]/"
[20:47:40] [REI-ReloadPlugins/TRACE] [REI] [REIPlugin END] Reloading Section: "post-register/GTREIPlugin of GTREIPlugin [gtceu]/" done in 16.70 μs
[20:47:40] [REI-ReloadPlugins/TRACE] [REI] [REIPlugin END] Reloading Section: "post-register/FramedReiPlugin of FramedReiPlugin [framedblocks]/"
[20:47:40] [REI-ReloadPlugins/TRACE] [REI] [REIPlugin END] Reloading Section: "post-register/FramedReiPlugin of FramedReiPlugin [framedblocks]/" done in 17.00 μs
[20:47:40] [REI-ReloadPlugins/TRACE] [REI] [REIPlugin END] Reloading Section: "post-register/REIPluginImpl of REIPluginImpl [ldlib]/"
[20:47:40] [REI-ReloadPlugins/TRACE] [REI] [REIPlugin END] Reloading Section: "post-register/REIPluginImpl of REIPluginImpl [ldlib]/" done in 15.90 μs
[20:47:40] [REI-ReloadPlugins/TRACE] [REI] [REIPlugin END] Reloading Section: "post-register/REI Plugin Compatibilities Client Handler of REI Plugin Compatibilities Client Handler [rei_plugin_compatibilities, jei]/"
[20:47:40] [REI-ReloadPlugins/TRACE] [REI] [REIPlugin END] Reloading Section: "post-register/REI Plugin Compatibilities Client Handler of REI Plugin Compatibilities Client Handler [rei_plugin_compatibilities, jei]/" done in 21.00 μs
[20:47:40] [REI-ReloadPlugins/TRACE] [REI] [REIPlugin END] Reloading Section: "post-register/REIForgePluginStub of REIForgePluginStub [ftblibrary]/"
[20:47:40] [REI-ReloadPlugins/TRACE] [REI] [REIPlugin END] Reloading Section: "post-register/REIForgePluginStub of REIForgePluginStub [ftblibrary]/" done in 18.40 μs
[20:47:40] [REI-ReloadPlugins/TRACE] [REI] [REIPlugin END] Reloading Section: "post-register/AE2 of AE2 [ae2]/"
[20:47:40] [REI-ReloadPlugins/TRACE] [REI] [REIPlugin END] Reloading Section: "post-register/AE2 of AE2 [ae2]/" done in 17.90 μs
[20:47:40] [REI-ReloadPlugins/TRACE] [REI] [REIPlugin END] Reloading Section: "post-register/REIForgePluginStub of REIForgePluginStub [kubejs]/"
[20:47:40] [REI-ReloadPlugins/TRACE] [REI] [REIPlugin END] Reloading Section: "post-register/REIForgePluginStub of REIForgePluginStub [kubejs]/" done in 96.70 μs
[20:47:40] [REI-ReloadPlugins/TRACE] [REI] [REIPlugin END] Reloading Section: "post-register/" done in 1.476 ms
[20:47:40] [REI-ReloadPlugins/TRACE] [REI] [REIPlugin END] Reloading Section: "post-stage/"
[20:47:40] [REI-ReloadPlugins/TRACE] [REI] [REIPlugin END] Reloading Section: "post-stage/EntryTypeRegistryImpl/"
[20:47:40] [REI-ReloadPlugins/TRACE] [REI] [REIPlugin END] Reloading Section: "post-stage/EntryTypeRegistryImpl/" done in 19.60 μs
[20:47:40] [REI-ReloadPlugins/TRACE] [REI] [REIPlugin END] Reloading Section: "post-stage/EntrySettingsAdapterRegistryImpl/"
[20:47:40] [REI-ReloadPlugins/TRACE] [REI] [REIPlugin END] Reloading Section: "post-stage/EntrySettingsAdapterRegistryImpl/" done in 17.30 μs
[20:47:40] [REI-ReloadPlugins/TRACE] [REI] [REIPlugin END] Reloading Section: "post-stage/RecipeManagerContextImpl/"
[20:47:40] [REI-ReloadPlugins/TRACE] [REI] [REIPlugin END] Reloading Section: "post-stage/RecipeManagerContextImpl/" done in 16.20 μs
[20:47:40] [REI-ReloadPlugins/TRACE] [REI] [REIPlugin END] Reloading Section: "post-stage/ItemComparatorRegistryImpl/"
[20:47:40] [REI-ReloadPlugins/TRACE] [REI] [REIPlugin END] Reloading Section: "post-stage/ItemComparatorRegistryImpl/" done in 16.10 μs
[20:47:40] [REI-ReloadPlugins/TRACE] [REI] [REIPlugin END] Reloading Section: "post-stage/FluidComparatorRegistryImpl/"
[20:47:40] [REI-ReloadPlugins/TRACE] [REI] [REIPlugin END] Reloading Section: "post-stage/FluidComparatorRegistryImpl/" done in 15.80 μs
[20:47:40] [REI-ReloadPlugins/TRACE] [REI] [REIPlugin END] Reloading Section: "post-stage/DisplaySerializerRegistryImpl/"
[20:47:40] [REI-ReloadPlugins/TRACE] [REI] [REIPlugin END] Reloading Section: "post-stage/DisplaySerializerRegistryImpl/" done in 16.10 μs
[20:47:40] [REI-ReloadPlugins/TRACE] [REI] [REIPlugin END] Reloading Section: "post-stage/FluidSupportProviderImpl/"
[20:47:40] [REI-ReloadPlugins/TRACE] [REI] [REIPlugin END] Reloading Section: "post-stage/FluidSupportProviderImpl/" done in 16.10 μs
[20:47:40] [REI-ReloadPlugins/TRACE] [REI] [REIPlugin END] Reloading Section: "post-stage/me.shedaniel.rei.plugin.client.runtime.PluginStageExecutionWatcher$1/"
[20:47:40] [REI-ReloadPlugins/TRACE] [REI] [REIPlugin END] Reloading Section: "post-stage/me.shedaniel.rei.plugin.client.runtime.PluginStageExecutionWatcher$1/" done in 23.50 μs
[20:47:40] [REI-ReloadPlugins/TRACE] [REI] [REIPlugin END] Reloading Section: "post-stage/" done in 392.0 μs
[20:47:40] [REI-ReloadPlugins/DEBUG] [REI] ========================================
[20:47:40] [REI-ReloadPlugins/INFO] [REI] REIPlugin finished post-reload for END in 1.925 ms, totaling 72.07 ms.
[20:47:40] [REI-ReloadPlugins/DEBUG] [REI] ========================================
[20:47:40] [REI-ReloadPlugins/DEBUG] [REI] ========================================
[20:47:40] [REI-ReloadPlugins/DEBUG] [REI] REIClientPlugin starting post-reload for END.
[20:47:40] [REI-ReloadPlugins/DEBUG] [REI] Reloadables (18):
[20:47:40] [REI-ReloadPlugins/DEBUG] [REI]  - EntryRendererRegistryImpl
[20:47:40] [REI-ReloadPlugins/DEBUG] [REI]  - ViewsImpl
[20:47:40] [REI-ReloadPlugins/DEBUG] [REI]  - InputMethodRegistryImpl
[20:47:40] [REI-ReloadPlugins/DEBUG] [REI]  - SearchProviderImpl
[20:47:40] [REI-ReloadPlugins/DEBUG] [REI]  - ConfigManagerImpl
[20:47:40] [REI-ReloadPlugins/DEBUG] [REI]  - EntryRegistryImpl
[20:47:40] [REI-ReloadPlugins/DEBUG] [REI]  - CollapsibleEntryRegistryImpl
[20:47:40] [REI-ReloadPlugins/DEBUG] [REI]  - BasicFilteringRuleImpl
[20:47:40] [REI-ReloadPlugins/DEBUG] [REI]  - CategoryRegistryImpl
[20:47:40] [REI-ReloadPlugins/DEBUG] [REI]  - DisplayRegistryImpl
[20:47:40] [REI-ReloadPlugins/DEBUG] [REI]  - ScreenRegistryImpl
[20:47:40] [REI-ReloadPlugins/DEBUG] [REI]  - FavoriteEntryTypeRegistryImpl
[20:47:40] [REI-ReloadPlugins/DEBUG] [REI]  - SubsetsRegistryImpl
[20:47:40] [REI-ReloadPlugins/DEBUG] [REI]  - TransferHandlerRegistryImpl
[20:47:40] [REI-ReloadPlugins/DEBUG] [REI]  - SearchRuntime
[20:47:40] [REI-ReloadPlugins/DEBUG] [REI]  - REIRuntimeImpl
[20:47:40] [REI-ReloadPlugins/DEBUG] [REI]  - ConfigAddonRegistryImpl
[20:47:40] [REI-ReloadPlugins/DEBUG] [REI]  - me.shedaniel.rei.plugin.client.runtime.PluginStageExecutionWatcher$1
[20:47:40] [REI-ReloadPlugins/DEBUG] [REI] Plugins (22):
[20:47:40] [REI-ReloadPlugins/DEBUG] [REI]  - (-100.00) DefaultClientPluginImpl of DefaultClientPluginImpl [roughlyenoughitems]
[20:47:40] [REI-ReloadPlugins/DEBUG] [REI]  - (0.00) JEI Plugin [CreateAdditionJEI:createaddition:jei_plugin] of REI Plugin Compatibilities Adapter [rei_plugin_compatibilities, jei]
[20:47:40] [REI-ReloadPlugins/DEBUG] [REI]  - (0.00) JEI Plugin [PolyJEIPlugin:polylib:jei_plugin] of REI Plugin Compatibilities Adapter [rei_plugin_compatibilities, jei]
[20:47:40] [REI-ReloadPlugins/DEBUG] [REI]  - (0.00) JEI Plugin [GTSEJEIPlugin:gregtech_steam_expansion:jei_plugin] of REI Plugin Compatibilities Adapter [rei_plugin_compatibilities, jei]
[20:47:40] [REI-ReloadPlugins/DEBUG] [REI]  - (0.00) JEI Plugin [GTJEIPlugin:gtceu:jei_plugin] of REI Plugin Compatibilities Adapter [rei_plugin_compatibilities, jei]
[20:47:40] [REI-ReloadPlugins/DEBUG] [REI]  - (0.00) JEI Plugin [JEIIntegration:ftblibrary:jei] of REI Plugin Compatibilities Adapter [rei_plugin_compatibilities, jei]
[20:47:40] [REI-ReloadPlugins/DEBUG] [REI]  - (0.00) JEI Plugin [JEIPlugin:kubejs:jei] of REI Plugin Compatibilities Adapter [rei_plugin_compatibilities, jei]
[20:47:40] [REI-ReloadPlugins/DEBUG] [REI]  - (0.00) JEI Plugin [JEIIntegration:fluxnetworks:jei] of REI Plugin Compatibilities Adapter [rei_plugin_compatibilities, jei]
[20:47:40] [REI-ReloadPlugins/DEBUG] [REI]  - (0.00) JEI Plugin [CreateJEI:create:jei_plugin] of REI Plugin Compatibilities Adapter [rei_plugin_compatibilities, jei]
[20:47:40] [REI-ReloadPlugins/DEBUG] [REI]  - (0.00) JEI Plugin [JEIPlugin:ae2:core] of REI Plugin Compatibilities Adapter [rei_plugin_compatibilities, jei]
[20:47:40] [REI-ReloadPlugins/DEBUG] [REI]  - (0.00) JEI Plugin [JEICompat:jade:main] of REI Plugin Compatibilities Adapter [rei_plugin_compatibilities, jei]
[20:47:40] [REI-ReloadPlugins/DEBUG] [REI]  - (0.00) JEI Plugin [JEIPlugin:ldlib:jei_plugin] of REI Plugin Compatibilities Adapter [rei_plugin_compatibilities, jei]
[20:47:40] [REI-ReloadPlugins/DEBUG] [REI]  - (0.00) JEI Plugin [BCJeiPlugin:bibliocraft:jei_plugin] of REI Plugin Compatibilities Adapter [rei_plugin_compatibilities, jei]
[20:47:40] [REI-ReloadPlugins/DEBUG] [REI]  - (0.00) GTREIPlugin of GTREIPlugin [gtceu]
[20:47:40] [REI-ReloadPlugins/DEBUG] [REI]  - (0.00) FramedReiPlugin of FramedReiPlugin [framedblocks]
[20:47:40] [REI-ReloadPlugins/DEBUG] [REI]  - (0.00) REIPluginImpl of REIPluginImpl [ldlib]
[20:47:40] [REI-ReloadPlugins/DEBUG] [REI]  - (0.00) REI Plugin Compatibilities Client Handler of REI Plugin Compatibilities Client Handler [rei_plugin_compatibilities, jei]
[20:47:40] [REI-ReloadPlugins/DEBUG] [REI]  - (0.00) REIForgePluginStub of REIForgePluginStub [ftblibrary]
[20:47:40] [REI-ReloadPlugins/DEBUG] [REI]  - (0.00) AE2 of AE2 [ae2]
[20:47:40] [REI-ReloadPlugins/DEBUG] [REI]  - (0.00) HideIngredientsFromTagsPlugin of HideIngredientsFromTagsPlugin [roughlyenoughitems]
[20:47:40] [REI-ReloadPlugins/DEBUG] [REI]  - (0.00) DefaultClientRuntimePlugin of DefaultClientRuntimePlugin [roughlyenoughitems]
[20:47:40] [REI-ReloadPlugins/DEBUG] [REI]  - (10000000.00) REIForgePluginStub of REIForgePluginStub [kubejs]
[20:47:40] [REI-ReloadPlugins/DEBUG] [REI] ========================================
[20:47:40] [REI-ReloadPlugins/TRACE] [REI] [REIClientPlugin END] Reloading Section: "post-register/"
[20:47:40] [REI-ReloadPlugins/TRACE] [REI] [REIClientPlugin END] Reloading Section: "post-register/DefaultClientPluginImpl of DefaultClientPluginImpl [roughlyenoughitems]/"
[20:47:40] [REI-ReloadPlugins/TRACE] [REI] [REIClientPlugin END] Reloading Section: "post-register/DefaultClientPluginImpl of DefaultClientPluginImpl [roughlyenoughitems]/" done in 29.40 μs
[20:47:40] [REI-ReloadPlugins/TRACE] [REI] [REIClientPlugin END] Reloading Section: "post-register/JEI Plugin [CreateAdditionJEI:createaddition:jei_plugin] of REI Plugin Compatibilities Adapter [rei_plugin_compatibilities, jei]/"
[20:47:40] [REI-ReloadPlugins/DEBUG] [REI] Running post-register for JEI Plugin [CreateAdditionJEI:createaddition:jei_plugin] with 6 post tasks
[20:47:40] [REI-ReloadPlugins/TRACE] [REI] [REIClientPlugin END] Reloading Section: "post-register/JEI Plugin [CreateAdditionJEI:createaddition:jei_plugin] of REI Plugin Compatibilities Adapter [rei_plugin_compatibilities, jei]/" done in 97.89 ms
[20:47:40] [REI-ReloadPlugins/TRACE] [REI] [REIClientPlugin END] Reloading Section: "post-register/JEI Plugin [PolyJEIPlugin:polylib:jei_plugin] of REI Plugin Compatibilities Adapter [rei_plugin_compatibilities, jei]/"
[20:47:40] [REI-ReloadPlugins/DEBUG] [REI] Running post-register for JEI Plugin [PolyJEIPlugin:polylib:jei_plugin] with 0 post tasks
[20:47:40] [REI-ReloadPlugins/TRACE] [REI] [REIClientPlugin END] Reloading Section: "post-register/JEI Plugin [PolyJEIPlugin:polylib:jei_plugin] of REI Plugin Compatibilities Adapter [rei_plugin_compatibilities, jei]/" done in 161.7 μs
[20:47:40] [REI-ReloadPlugins/TRACE] [REI] [REIClientPlugin END] Reloading Section: "post-register/JEI Plugin [GTSEJEIPlugin:gregtech_steam_expansion:jei_plugin] of REI Plugin Compatibilities Adapter [rei_plugin_compatibilities, jei]/"
[20:47:40] [REI-ReloadPlugins/DEBUG] [REI] Running post-register for JEI Plugin [GTSEJEIPlugin:gregtech_steam_expansion:jei_plugin] with 2 post tasks
[20:47:40] [REI-ReloadPlugins/TRACE] [REI] [REIClientPlugin END] Reloading Section: "post-register/JEI Plugin [GTSEJEIPlugin:gregtech_steam_expansion:jei_plugin] of REI Plugin Compatibilities Adapter [rei_plugin_compatibilities, jei]/" done in 692.5 μs
[20:47:40] [REI-ReloadPlugins/TRACE] [REI] [REIClientPlugin END] Reloading Section: "post-register/JEI Plugin [GTJEIPlugin:gtceu:jei_plugin] of REI Plugin Compatibilities Adapter [rei_plugin_compatibilities, jei]/"
[20:47:40] [REI-ReloadPlugins/DEBUG] [REI] Running post-register for JEI Plugin [GTJEIPlugin:gtceu:jei_plugin] with 0 post tasks
[20:47:40] [REI-ReloadPlugins/TRACE] [REI] [REIClientPlugin END] Reloading Section: "post-register/JEI Plugin [GTJEIPlugin:gtceu:jei_plugin] of REI Plugin Compatibilities Adapter [rei_plugin_compatibilities, jei]/" done in 48.20 μs
[20:47:40] [REI-ReloadPlugins/TRACE] [REI] [REIClientPlugin END] Reloading Section: "post-register/JEI Plugin [JEIIntegration:ftblibrary:jei] of REI Plugin Compatibilities Adapter [rei_plugin_compatibilities, jei]/"
[20:47:40] [REI-ReloadPlugins/DEBUG] [REI] Running post-register for JEI Plugin [JEIIntegration:ftblibrary:jei] with 0 post tasks
[20:47:40] [REI-ReloadPlugins/TRACE] [REI] [REIClientPlugin END] Reloading Section: "post-register/JEI Plugin [JEIIntegration:ftblibrary:jei] of REI Plugin Compatibilities Adapter [rei_plugin_compatibilities, jei]/" done in 33.40 μs
[20:47:40] [REI-ReloadPlugins/TRACE] [REI] [REIClientPlugin END] Reloading Section: "post-register/JEI Plugin [JEIPlugin:kubejs:jei] of REI Plugin Compatibilities Adapter [rei_plugin_compatibilities, jei]/"
[20:47:40] [REI-ReloadPlugins/DEBUG] [REI] Running post-register for JEI Plugin [JEIPlugin:kubejs:jei] with 0 post tasks
[20:47:40] [REI-ReloadPlugins/TRACE] [REI] [REIClientPlugin END] Reloading Section: "post-register/JEI Plugin [JEIPlugin:kubejs:jei] of REI Plugin Compatibilities Adapter [rei_plugin_compatibilities, jei]/" done in 70.90 μs
[20:47:40] [REI-ReloadPlugins/TRACE] [REI] [REIClientPlugin END] Reloading Section: "post-register/JEI Plugin [JEIIntegration:fluxnetworks:jei] of REI Plugin Compatibilities Adapter [rei_plugin_compatibilities, jei]/"
[20:47:40] [REI-ReloadPlugins/DEBUG] [REI] Running post-register for JEI Plugin [JEIIntegration:fluxnetworks:jei] with 2 post tasks
[20:47:40] [REI-ReloadPlugins/TRACE] [REI] [REIClientPlugin END] Reloading Section: "post-register/JEI Plugin [JEIIntegration:fluxnetworks:jei] of REI Plugin Compatibilities Adapter [rei_plugin_compatibilities, jei]/" done in 178.8 μs
[20:47:40] [REI-ReloadPlugins/TRACE] [REI] [REIClientPlugin END] Reloading Section: "post-register/JEI Plugin [CreateJEI:create:jei_plugin] of REI Plugin Compatibilities Adapter [rei_plugin_compatibilities, jei]/"
[20:47:40] [REI-ReloadPlugins/DEBUG] [REI] Running post-register for JEI Plugin [CreateJEI:create:jei_plugin] with 47 post tasks
[20:47:41] [REI-AsyncSearchManager-2/TRACE] [REI] Search "" Used and Applied [Thread[REI-AsyncSearchManager-2,10,main]]: 879.8 ms
[20:47:41] [REI-ReloadPlugins/TRACE] [REI] [REIClientPlugin END] Reloading Section: "post-register/JEI Plugin [CreateJEI:create:jei_plugin] of REI Plugin Compatibilities Adapter [rei_plugin_compatibilities, jei]/" done in 842.9 ms
[20:47:41] [REI-ReloadPlugins/TRACE] [REI] [REIClientPlugin END] Reloading Section: "post-register/JEI Plugin [JEIPlugin:ae2:core] of REI Plugin Compatibilities Adapter [rei_plugin_compatibilities, jei]/"
[20:47:41] [REI-ReloadPlugins/DEBUG] [REI] Running post-register for JEI Plugin [JEIPlugin:ae2:core] with 14 post tasks
[20:47:41] [REI-ReloadPlugins/WARN] [REI] createFocusLink is not supported in REI yet!
[20:47:41] [REI-ReloadPlugins/WARN] [REI] createFocusLink is not supported in REI yet!
[20:47:41] [REI-ReloadPlugins/TRACE] [REI] [REIClientPlugin END] Reloading Section: "post-register/JEI Plugin [JEIPlugin:ae2:core] of REI Plugin Compatibilities Adapter [rei_plugin_compatibilities, jei]/" done in 60.11 ms
[20:47:41] [REI-ReloadPlugins/TRACE] [REI] [REIClientPlugin END] Reloading Section: "post-register/JEI Plugin [JEICompat:jade:main] of REI Plugin Compatibilities Adapter [rei_plugin_compatibilities, jei]/"
[20:47:41] [REI-ReloadPlugins/DEBUG] [REI] Running post-register for JEI Plugin [JEICompat:jade:main] with 0 post tasks
[20:47:41] [REI-ReloadPlugins/TRACE] [REI] [REIClientPlugin END] Reloading Section: "post-register/JEI Plugin [JEICompat:jade:main] of REI Plugin Compatibilities Adapter [rei_plugin_compatibilities, jei]/" done in 86.80 μs
[20:47:41] [REI-ReloadPlugins/TRACE] [REI] [REIClientPlugin END] Reloading Section: "post-register/JEI Plugin [JEIPlugin:ldlib:jei_plugin] of REI Plugin Compatibilities Adapter [rei_plugin_compatibilities, jei]/"
[20:47:41] [REI-ReloadPlugins/DEBUG] [REI] Running post-register for JEI Plugin [JEIPlugin:ldlib:jei_plugin] with 0 post tasks
[20:47:41] [REI-ReloadPlugins/TRACE] [REI] [REIClientPlugin END] Reloading Section: "post-register/JEI Plugin [JEIPlugin:ldlib:jei_plugin] of REI Plugin Compatibilities Adapter [rei_plugin_compatibilities, jei]/" done in 44.60 μs
[20:47:41] [REI-ReloadPlugins/TRACE] [REI] [REIClientPlugin END] Reloading Section: "post-register/JEI Plugin [BCJeiPlugin:bibliocraft:jei_plugin] of REI Plugin Compatibilities Adapter [rei_plugin_compatibilities, jei]/"
[20:47:41] [REI-ReloadPlugins/DEBUG] [REI] Running post-register for JEI Plugin [BCJeiPlugin:bibliocraft:jei_plugin] with 4 post tasks
[20:47:41] [REI-ReloadPlugins/DEBUG] [REI] Registered JEI recipe transfer handler: minecraft:plugins/crafting class com.github.minecraftschurlimods.bibliocraft.content.fancycrafter.FancyCrafterMenu 13baaabe-a2d2-4795-9293-e0f01418ccd7
[20:47:41] [REI-ReloadPlugins/DEBUG] [REI] Added transfer handler: me.shedaniel.rei.jeicompat.wrap.JEIRecipeTransferRegistration$1@18dc454a [0.00 priority]
[20:47:41] [REI-ReloadPlugins/DEBUG] [REI] Registered JEI recipe transfer handler: bibliocraft:printing_table class com.github.minecraftschurlimods.bibliocraft.content.printingtable.PrintingTableMenu 31b08f8f-d1ae-46d8-b1eb-a5fda6cf372c
[20:47:41] [REI-ReloadPlugins/DEBUG] [REI] Added transfer handler: me.shedaniel.rei.jeicompat.wrap.JEIRecipeTransferRegistration$1@388f8ae3 [0.00 priority]
[20:47:41] [REI-ReloadPlugins/TRACE] [REI] [REIClientPlugin END] Reloading Section: "post-register/JEI Plugin [BCJeiPlugin:bibliocraft:jei_plugin] of REI Plugin Compatibilities Adapter [rei_plugin_compatibilities, jei]/" done in 34.33 ms
[20:47:41] [REI-ReloadPlugins/TRACE] [REI] [REIClientPlugin END] Reloading Section: "post-register/GTREIPlugin of GTREIPlugin [gtceu]/"
[20:47:41] [REI-ReloadPlugins/TRACE] [REI] [REIClientPlugin END] Reloading Section: "post-register/GTREIPlugin of GTREIPlugin [gtceu]/" done in 29.80 μs
[20:47:41] [REI-ReloadPlugins/TRACE] [REI] [REIClientPlugin END] Reloading Section: "post-register/FramedReiPlugin of FramedReiPlugin [framedblocks]/"
[20:47:41] [REI-ReloadPlugins/TRACE] [REI] [REIClientPlugin END] Reloading Section: "post-register/FramedReiPlugin of FramedReiPlugin [framedblocks]/" done in 13.20 μs
[20:47:41] [REI-ReloadPlugins/TRACE] [REI] [REIClientPlugin END] Reloading Section: "post-register/REIPluginImpl of REIPluginImpl [ldlib]/"
[20:47:41] [REI-ReloadPlugins/TRACE] [REI] [REIClientPlugin END] Reloading Section: "post-register/REIPluginImpl of REIPluginImpl [ldlib]/" done in 12.00 μs
[20:47:41] [REI-ReloadPlugins/TRACE] [REI] [REIClientPlugin END] Reloading Section: "post-register/REI Plugin Compatibilities Client Handler of REI Plugin Compatibilities Client Handler [rei_plugin_compatibilities, jei]/"
[20:47:41] [REI-ReloadPlugins/TRACE] [REI] [REIClientPlugin END] Reloading Section: "post-register/REI Plugin Compatibilities Client Handler of REI Plugin Compatibilities Client Handler [rei_plugin_compatibilities, jei]/" done in 11.70 μs
[20:47:41] [REI-ReloadPlugins/TRACE] [REI] [REIClientPlugin END] Reloading Section: "post-register/REIForgePluginStub of REIForgePluginStub [ftblibrary]/"
[20:47:41] [REI-ReloadPlugins/TRACE] [REI] [REIClientPlugin END] Reloading Section: "post-register/REIForgePluginStub of REIForgePluginStub [ftblibrary]/" done in 11.90 μs
[20:47:41] [REI-ReloadPlugins/TRACE] [REI] [REIClientPlugin END] Reloading Section: "post-register/AE2 of AE2 [ae2]/"
[20:47:41] [REI-ReloadPlugins/TRACE] [REI] [REIClientPlugin END] Reloading Section: "post-register/AE2 of AE2 [ae2]/" done in 12.20 μs
[20:47:41] [REI-ReloadPlugins/TRACE] [REI] [REIClientPlugin END] Reloading Section: "post-register/HideIngredientsFromTagsPlugin of HideIngredientsFromTagsPlugin [roughlyenoughitems]/"
[20:47:41] [REI-ReloadPlugins/TRACE] [REI] [REIClientPlugin END] Reloading Section: "post-register/HideIngredientsFromTagsPlugin of HideIngredientsFromTagsPlugin [roughlyenoughitems]/" done in 11.80 μs
[20:47:41] [REI-ReloadPlugins/TRACE] [REI] [REIClientPlugin END] Reloading Section: "post-register/DefaultClientRuntimePlugin of DefaultClientRuntimePlugin [roughlyenoughitems]/"
[20:47:41] [REI-ReloadPlugins/TRACE] [REI] [REIClientPlugin END] Reloading Section: "post-register/DefaultClientRuntimePlugin of DefaultClientRuntimePlugin [roughlyenoughitems]/" done in 11.90 μs
[20:47:41] [REI-ReloadPlugins/TRACE] [REI] [REIClientPlugin END] Reloading Section: "post-register/REIForgePluginStub of REIForgePluginStub [kubejs]/"
[20:47:41] [REI-ReloadPlugins/TRACE] [REI] [REIClientPlugin END] Reloading Section: "post-register/REIForgePluginStub of REIForgePluginStub [kubejs]/" done in 15.50 μs
[20:47:41] [REI-ReloadPlugins/TRACE] [REI] [REIClientPlugin END] Reloading Section: "post-register/" done in 1.039 s
[20:47:41] [REI-ReloadPlugins/TRACE] [REI] [REIClientPlugin END] Reloading Section: "post-stage/"
[20:47:41] [REI-ReloadPlugins/TRACE] [REI] [REIClientPlugin END] Reloading Section: "post-stage/EntryRendererRegistryImpl/"
[20:47:41] [REI-ReloadPlugins/TRACE] [REI] [REIClientPlugin END] Reloading Section: "post-stage/EntryRendererRegistryImpl/" done in 14.70 μs
[20:47:41] [REI-ReloadPlugins/TRACE] [REI] [REIClientPlugin END] Reloading Section: "post-stage/ViewsImpl/"
[20:47:41] [REI-ReloadPlugins/TRACE] [REI] [REIClientPlugin END] Reloading Section: "post-stage/ViewsImpl/" done in 11.10 μs
[20:47:41] [REI-ReloadPlugins/TRACE] [REI] [REIClientPlugin END] Reloading Section: "post-stage/InputMethodRegistryImpl/"
[20:47:41] [REI-ReloadPlugins/TRACE] [REI] [REIClientPlugin END] Reloading Section: "post-stage/InputMethodRegistryImpl/" done in 14.30 μs
[20:47:41] [REI-ReloadPlugins/TRACE] [REI] [REIClientPlugin END] Reloading Section: "post-stage/SearchProviderImpl/"
[20:47:41] [REI-ReloadPlugins/TRACE] [REI] [REIClientPlugin END] Reloading Section: "post-stage/SearchProviderImpl/" done in 15.90 μs
[20:47:41] [REI-ReloadPlugins/TRACE] [REI] [REIClientPlugin END] Reloading Section: "post-stage/ConfigManagerImpl/"
[20:47:41] [REI-ReloadPlugins/TRACE] [REI] [REIClientPlugin END] Reloading Section: "post-stage/ConfigManagerImpl/" done in 17.80 μs
[20:47:41] [REI-ReloadPlugins/TRACE] [REI] [REIClientPlugin END] Reloading Section: "post-stage/EntryRegistryImpl/"
[20:47:41] [REI-ReloadPlugins/TRACE] [REI] [REIClientPlugin END] Reloading Section: "post-stage/EntryRegistryImpl/" done in 11.40 μs
[20:47:41] [REI-ReloadPlugins/TRACE] [REI] [REIClientPlugin END] Reloading Section: "post-stage/CollapsibleEntryRegistryImpl/"
[20:47:41] [REI-ReloadPlugins/TRACE] [REI] [REIClientPlugin END] Reloading Section: "post-stage/CollapsibleEntryRegistryImpl/" done in 11.20 μs
[20:47:41] [REI-ReloadPlugins/TRACE] [REI] [REIClientPlugin END] Reloading Section: "post-stage/BasicFilteringRuleImpl/"
[20:47:41] [REI-ReloadPlugins/TRACE] [REI] [REIClientPlugin END] Reloading Section: "post-stage/BasicFilteringRuleImpl/" done in 11.10 μs
[20:47:41] [REI-ReloadPlugins/TRACE] [REI] [REIClientPlugin END] Reloading Section: "post-stage/CategoryRegistryImpl/"
[20:47:41] [REI-ReloadPlugins/TRACE] [REI] [REIClientPlugin END] Reloading Section: "post-stage/CategoryRegistryImpl/" done in 10.60 μs
[20:47:41] [REI-ReloadPlugins/TRACE] [REI] [REIClientPlugin END] Reloading Section: "post-stage/DisplayRegistryImpl/"
[20:47:41] [REI-ReloadPlugins/DEBUG] [REI] Registered displays report (106705 displays, 106705 cached / 0 not cached):
[20:47:41] [REI-ReloadPlugins/DEBUG] [REI] - ae2:attunement: 7 displays
[20:47:41] [REI-ReloadPlugins/DEBUG] [REI] - ae2:certus_growth: 8 displays
[20:47:41] [REI-ReloadPlugins/DEBUG] [REI] - ae2:charger: 3 displays
[20:47:41] [REI-ReloadPlugins/DEBUG] [REI] - ae2:condenser: 2 displays
[20:47:41] [REI-ReloadPlugins/DEBUG] [REI] - ae2:entropy: 10 displays
[20:47:41] [REI-ReloadPlugins/DEBUG] [REI] - ae2:inscriber: 15 displays
[20:47:41] [REI-ReloadPlugins/DEBUG] [REI] - ae2:item_transformation: 8 displays
[20:47:41] [REI-ReloadPlugins/DEBUG] [REI] - bibliocraft:printing_table: 12 displays
[20:47:41] [REI-ReloadPlugins/DEBUG] [REI] - create:automatic_brewing: 249 displays
[20:47:41] [REI-ReloadPlugins/DEBUG] [REI] - create:automatic_packing: 1835 displays
[20:47:41] [REI-ReloadPlugins/DEBUG] [REI] - create:automatic_shaped: 13948 displays
[20:47:41] [REI-ReloadPlugins/DEBUG] [REI] - create:block_cutting: 149 displays
[20:47:41] [REI-ReloadPlugins/DEBUG] [REI] - create:draining: 744 displays
[20:47:41] [REI-ReloadPlugins/DEBUG] [REI] - create:fan_blasting: 2767 displays
[20:47:41] [REI-ReloadPlugins/DEBUG] [REI] - create:fan_smoking: 12 displays
[20:47:41] [REI-ReloadPlugins/DEBUG] [REI] - create:mechanical_crafting: 7 displays
[20:47:41] [REI-ReloadPlugins/DEBUG] [REI] - create:mystery_conversion: 2 displays
[20:47:41] [REI-ReloadPlugins/DEBUG] [REI] - create:sequenced_assembly: 3 displays
[20:47:41] [REI-ReloadPlugins/DEBUG] [REI] - create:spout_filling: 797 displays
[20:47:41] [REI-ReloadPlugins/DEBUG] [REI] - createaddition:charging: 23 displays
[20:47:41] [REI-ReloadPlugins/DEBUG] [REI] - createaddition:liquid_burning: 7 displays
[20:47:41] [REI-ReloadPlugins/DEBUG] [REI] - createaddition:rolling: 10 displays
[20:47:41] [REI-ReloadPlugins/DEBUG] [REI] - fluxnetworks:creating_flux: 2 displays
[20:47:41] [REI-ReloadPlugins/DEBUG] [REI] - gcyr:dyson_controller: 4 displays
[20:47:41] [REI-ReloadPlugins/DEBUG] [REI] - gcyr:oxygen_spreader: 12 displays
[20:47:41] [REI-ReloadPlugins/DEBUG] [REI] - gcyr:rocket_fuel: 9 displays
[20:47:41] [REI-ReloadPlugins/DEBUG] [REI] - gcyr:space_elevator: 3 displays
[20:47:41] [REI-ReloadPlugins/DEBUG] [REI] - gcyrextras:orbital_gas_miner: 1 display
[20:47:41] [REI-ReloadPlugins/DEBUG] [REI] - gcyrextras:orbital_miner: 4 displays
[20:47:41] [REI-ReloadPlugins/DEBUG] [REI] - gregtech_steam_expansion:steam_charging: 12 displays
[20:47:41] [REI-ReloadPlugins/DEBUG] [REI] - gtceu:air_scrubber: 1 display
[20:47:41] [REI-ReloadPlugins/DEBUG] [REI] - gtceu:alloy_blast_smelter: 121 displays
[20:47:41] [REI-ReloadPlugins/DEBUG] [REI] - gtceu:alloy_smelter: 70 displays
[20:47:41] [REI-ReloadPlugins/DEBUG] [REI] - gtceu:arc_furnace: 8 displays
[20:47:41] [REI-ReloadPlugins/DEBUG] [REI] - gtceu:arc_furnace_recycling: 3668 displays
[20:47:41] [REI-ReloadPlugins/DEBUG] [REI] - gtceu:assembler: 2007 displays
[20:47:41] [REI-ReloadPlugins/DEBUG] [REI] - gtceu:assembly_line: 66 displays
[20:47:41] [REI-ReloadPlugins/DEBUG] [REI] - gtceu:autoclave: 42 displays
[20:47:41] [REI-ReloadPlugins/DEBUG] [REI] - gtceu:bedrock_fluid_diagram: 8 displays
[20:47:41] [REI-ReloadPlugins/DEBUG] [REI] - gtceu:bender: 596 displays
[20:47:41] [REI-ReloadPlugins/DEBUG] [REI] - gtceu:brewery: 85 displays
[20:47:41] [REI-ReloadPlugins/DEBUG] [REI] - gtceu:canner: 41 displays
[20:47:41] [REI-ReloadPlugins/DEBUG] [REI] - gtceu:centrifuge: 403 displays
[20:47:41] [REI-ReloadPlugins/DEBUG] [REI] - gtceu:chem_dyes: 197 displays
[20:47:41] [REI-ReloadPlugins/DEBUG] [REI] - gtceu:chemical_bath: 71 displays
[20:47:41] [REI-ReloadPlugins/DEBUG] [REI] - gtceu:chemical_plant: 12 displays
[20:47:41] [REI-ReloadPlugins/DEBUG] [REI] - gtceu:chemical_reactor: 385 displays
[20:47:41] [REI-ReloadPlugins/DEBUG] [REI] - gtceu:circuit_assembler: 92 displays
[20:47:41] [REI-ReloadPlugins/DEBUG] [REI] - gtceu:circuit_assembly_line: 26 displays
[20:47:41] [REI-ReloadPlugins/DEBUG] [REI] - gtceu:coke_oven: 3 displays
[20:47:41] [REI-ReloadPlugins/DEBUG] [REI] - gtceu:color_mixer: 8 displays
[20:47:41] [REI-ReloadPlugins/DEBUG] [REI] - gtceu:combustion_generator: 15 displays
[20:47:41] [REI-ReloadPlugins/DEBUG] [REI] - gtceu:component_assembly_line: 83 displays
[20:47:41] [REI-ReloadPlugins/DEBUG] [REI] - gtceu:compressor: 559 displays
[20:47:41] [REI-ReloadPlugins/DEBUG] [REI] - gtceu:cracker: 34 displays
[20:47:41] [REI-ReloadPlugins/DEBUG] [REI] - gtceu:cutter: 1821 displays
[20:47:41] [REI-ReloadPlugins/DEBUG] [REI] - gtceu:dehydrator: 4 displays
[20:47:41] [REI-ReloadPlugins/DEBUG] [REI] - gtceu:distillation_tower: 60 displays
[20:47:41] [REI-ReloadPlugins/DEBUG] [REI] - gtceu:distillery: 245 displays
[20:47:41] [REI-ReloadPlugins/DEBUG] [REI] - gtceu:electric_blast_furnace: 220 displays
[20:47:41] [REI-ReloadPlugins/DEBUG] [REI] - gtceu:electrolyzer: 237 displays
[20:47:41] [REI-ReloadPlugins/DEBUG] [REI] - gtceu:electromagnetic_separator: 20 displays
[20:47:41] [REI-ReloadPlugins/DEBUG] [REI] - gtceu:extractor: 69 displays
[20:47:41] [REI-ReloadPlugins/DEBUG] [REI] - gtceu:extractor_recycling: 2406 displays
[20:47:41] [REI-ReloadPlugins/DEBUG] [REI] - gtceu:extruder: 976 displays
[20:47:41] [REI-ReloadPlugins/DEBUG] [REI] - gtceu:fermenter: 1 display
[20:47:41] [REI-ReloadPlugins/DEBUG] [REI] - gtceu:fluid_heater: 7 displays
[20:47:41] [REI-ReloadPlugins/DEBUG] [REI] - gtceu:fluid_solidifier: 925 displays
[20:47:41] [REI-ReloadPlugins/DEBUG] [REI] - gtceu:forge_hammer: 273 displays
[20:47:41] [REI-ReloadPlugins/DEBUG] [REI] - gtceu:forming_press: 101 displays
[20:47:41] [REI-ReloadPlugins/DEBUG] [REI] - gtceu:fusion_reactor: 29 displays
[20:47:41] [REI-ReloadPlugins/DEBUG] [REI] - gtceu:gas_collector: 3 displays
[20:47:41] [REI-ReloadPlugins/DEBUG] [REI] - gtceu:gas_turbine: 18 displays
[20:47:41] [REI-ReloadPlugins/DEBUG] [REI] - gtceu:greenhouse: 7 displays
[20:47:41] [REI-ReloadPlugins/DEBUG] [REI] - gtceu:implosion_compressor: 196 displays
[20:47:41] [REI-ReloadPlugins/DEBUG] [REI] - gtceu:ingot_molding: 826 displays
[20:47:41] [REI-ReloadPlugins/DEBUG] [REI] - gtceu:large_boiler: 1786 displays
[20:47:41] [REI-ReloadPlugins/DEBUG] [REI] - gtceu:large_chemical_reactor: 461 displays
[20:47:41] [REI-ReloadPlugins/DEBUG] [REI] - gtceu:large_naquadah_reactor: 4 displays
[20:47:41] [REI-ReloadPlugins/DEBUG] [REI] - gtceu:laser_engraver: 171 displays
[20:47:41] [REI-ReloadPlugins/DEBUG] [REI] - gtceu:lathe: 303 displays
[20:47:41] [REI-ReloadPlugins/DEBUG] [REI] - gtceu:macerator: 198 displays
[20:47:41] [REI-ReloadPlugins/DEBUG] [REI] - gtceu:macerator_recycling: 4374 displays
[20:47:41] [REI-ReloadPlugins/DEBUG] [REI] - gtceu:mixer: 184 displays
[20:47:41] [REI-ReloadPlugins/DEBUG] [REI] - gtceu:multiblock_info: 102 displays
[20:47:41] [REI-ReloadPlugins/DEBUG] [REI] - gtceu:naquadah_reactor: 5 displays
[20:47:41] [REI-ReloadPlugins/DEBUG] [REI] - gtceu:neutron_activator: 6 displays
[20:47:41] [REI-ReloadPlugins/DEBUG] [REI] - gtceu:ore_bathing: 22 displays
[20:47:41] [REI-ReloadPlugins/DEBUG] [REI] - gtceu:ore_crushing: 2880 displays
[20:47:41] [REI-ReloadPlugins/DEBUG] [REI] - gtceu:ore_forging: 3000 displays
[20:47:41] [REI-ReloadPlugins/DEBUG] [REI] - gtceu:ore_processing_diagram: 120 displays
[20:47:41] [REI-ReloadPlugins/DEBUG] [REI] - gtceu:ore_vein_diagram: 68 displays
[20:47:41] [REI-ReloadPlugins/DEBUG] [REI] - gtceu:ore_washer: 600 displays
[20:47:41] [REI-ReloadPlugins/DEBUG] [REI] - gtceu:packer: 2925 displays
[20:47:41] [REI-ReloadPlugins/DEBUG] [REI] - gtceu:plasma_generator: 8 displays
[20:47:41] [REI-ReloadPlugins/DEBUG] [REI] - gtceu:polarizer: 39 displays
[20:47:41] [REI-ReloadPlugins/DEBUG] [REI] - gtceu:precision_assembly: 2 displays
[20:47:41] [REI-ReloadPlugins/DEBUG] [REI] - gtceu:primitive_blast_furnace: 18 displays
[20:47:41] [REI-ReloadPlugins/DEBUG] [REI] - gtceu:programmed_circuit: 1 display
[20:47:41] [REI-ReloadPlugins/DEBUG] [REI] - gtceu:pyrolyse_oven: 28 displays
[20:47:41] [REI-ReloadPlugins/DEBUG] [REI] - gtceu:research_station: 33 displays
[20:47:41] [REI-ReloadPlugins/DEBUG] [REI] - gtceu:rock_breaker: 11 displays
[20:47:41] [REI-ReloadPlugins/DEBUG] [REI] - gtceu:rocket_engine: 4 displays
[20:47:41] [REI-ReloadPlugins/DEBUG] [REI] - gtceu:scanner: 44 displays
[20:47:41] [REI-ReloadPlugins/DEBUG] [REI] - gtceu:sifter: 40 displays
[20:47:41] [REI-ReloadPlugins/DEBUG] [REI] - gtceu:steam_boiler: 1780 displays
[20:47:41] [REI-ReloadPlugins/DEBUG] [REI] - gtceu:steam_turbine: 9 displays
[20:47:41] [REI-ReloadPlugins/DEBUG] [REI] - gtceu:thermal_centrifuge: 241 displays
[20:47:41] [REI-ReloadPlugins/DEBUG] [REI] - gtceu:vacuum_freezer: 116 displays
[20:47:41] [REI-ReloadPlugins/DEBUG] [REI] - gtceu:wiremill: 285 displays
[20:47:41] [REI-ReloadPlugins/DEBUG] [REI] - gttruesteam:coating: 6 displays
[20:47:41] [REI-ReloadPlugins/DEBUG] [REI] - gttruesteam:concept_infusion: 6 displays
[20:47:41] [REI-ReloadPlugins/DEBUG] [REI] - gttruesteam:fluid_cooling: 47 displays
[20:47:41] [REI-ReloadPlugins/DEBUG] [REI] - gttruesteam:industrial_coating_line: 6 displays
[20:47:41] [REI-ReloadPlugins/DEBUG] [REI] - gttruesteam:industrial_gas_pressurizer: 8 displays
[20:47:41] [REI-ReloadPlugins/DEBUG] [REI] - gttruesteam:metaphysical_boiling: 7 displays
[20:47:41] [REI-ReloadPlugins/DEBUG] [REI] - gttruesteam:spawner_extraction: 4 displays
[20:47:41] [REI-ReloadPlugins/DEBUG] [REI] - minecraft:plugins/anvil: 17454 displays
[20:47:41] [REI-ReloadPlugins/DEBUG] [REI] - minecraft:plugins/beacon_base: 1 display
[20:47:41] [REI-ReloadPlugins/DEBUG] [REI] - minecraft:plugins/beacon_payment: 1 display
[20:47:41] [REI-ReloadPlugins/DEBUG] [REI] - minecraft:plugins/blasting: 2571 displays
[20:47:41] [REI-ReloadPlugins/DEBUG] [REI] - minecraft:plugins/brewing: 247 displays
[20:47:41] [REI-ReloadPlugins/DEBUG] [REI] - minecraft:plugins/campfire: 11 displays
[20:47:41] [REI-ReloadPlugins/DEBUG] [REI] - minecraft:plugins/composting: 3 displays
[20:47:41] [REI-ReloadPlugins/DEBUG] [REI] - minecraft:plugins/crafting: 16201 displays
[20:47:41] [REI-ReloadPlugins/DEBUG] [REI] - minecraft:plugins/fuel: 782 displays
[20:47:41] [REI-ReloadPlugins/DEBUG] [REI] - minecraft:plugins/oxidation_scraping: 30 displays
[20:47:41] [REI-ReloadPlugins/DEBUG] [REI] - minecraft:plugins/oxidizing: 30 displays
[20:47:41] [REI-ReloadPlugins/DEBUG] [REI] - minecraft:plugins/pathing: 6 displays
[20:47:41] [REI-ReloadPlugins/DEBUG] [REI] - minecraft:plugins/smelting: 2778 displays
[20:47:41] [REI-ReloadPlugins/DEBUG] [REI] - minecraft:plugins/smithing: 215 displays
[20:47:41] [REI-ReloadPlugins/DEBUG] [REI] - minecraft:plugins/smoking: 12 displays
[20:47:41] [REI-ReloadPlugins/DEBUG] [REI] - minecraft:plugins/stone_cutting: 1623 displays
[20:47:41] [REI-ReloadPlugins/DEBUG] [REI] - minecraft:plugins/stripping: 21 displays
[20:47:41] [REI-ReloadPlugins/DEBUG] [REI] - minecraft:plugins/tag: 6972 displays
[20:47:41] [REI-ReloadPlugins/DEBUG] [REI] - minecraft:plugins/wax_scraping: 40 displays
[20:47:41] [REI-ReloadPlugins/DEBUG] [REI] - minecraft:plugins/waxing: 40 displays
[20:47:41] [REI-ReloadPlugins/DEBUG] [REI] - roughlyenoughitems:plugins/information: 5 displays
[20:47:41] [REI-ReloadPlugins/TRACE] [REI] [REIClientPlugin END] Reloading Section: "post-stage/DisplayRegistryImpl/" done in 5.173 ms
[20:47:41] [REI-ReloadPlugins/TRACE] [REI] [REIClientPlugin END] Reloading Section: "post-stage/ScreenRegistryImpl/"
[20:47:41] [REI-ReloadPlugins/TRACE] [REI] [REIClientPlugin END] Reloading Section: "post-stage/ScreenRegistryImpl/" done in 22.70 μs
[20:47:41] [REI-ReloadPlugins/TRACE] [REI] [REIClientPlugin END] Reloading Section: "post-stage/FavoriteEntryTypeRegistryImpl/"
[20:47:41] [REI-ReloadPlugins/TRACE] [REI] [REIClientPlugin END] Reloading Section: "post-stage/FavoriteEntryTypeRegistryImpl/" done in 16.50 μs
[20:47:41] [REI-ReloadPlugins/TRACE] [REI] [REIClientPlugin END] Reloading Section: "post-stage/SubsetsRegistryImpl/"
[20:47:41] [REI-ReloadPlugins/TRACE] [REI] [REIClientPlugin END] Reloading Section: "post-stage/SubsetsRegistryImpl/" done in 17.10 μs
[20:47:41] [REI-ReloadPlugins/TRACE] [REI] [REIClientPlugin END] Reloading Section: "post-stage/TransferHandlerRegistryImpl/"
[20:47:41] [REI-ReloadPlugins/TRACE] [REI] [REIClientPlugin END] Reloading Section: "post-stage/TransferHandlerRegistryImpl/" done in 10.90 μs
[20:47:41] [REI-ReloadPlugins/TRACE] [REI] [REIClientPlugin END] Reloading Section: "post-stage/SearchRuntime/"
[20:47:41] [REI-ReloadPlugins/TRACE] [REI] [REIClientPlugin END] Reloading Section: "post-stage/SearchRuntime/" done in 16.10 μs
[20:47:41] [REI-ReloadPlugins/TRACE] [REI] [REIClientPlugin END] Reloading Section: "post-stage/REIRuntimeImpl/"
[20:47:41] [REI-ReloadPlugins/TRACE] [REI] [REIClientPlugin END] Reloading Section: "post-stage/REIRuntimeImpl/" done in 15.90 μs
[20:47:41] [REI-ReloadPlugins/TRACE] [REI] [REIClientPlugin END] Reloading Section: "post-stage/ConfigAddonRegistryImpl/"
[20:47:41] [REI-ReloadPlugins/TRACE] [REI] [REIClientPlugin END] Reloading Section: "post-stage/ConfigAddonRegistryImpl/" done in 15.80 μs
[20:47:41] [REI-ReloadPlugins/TRACE] [REI] [REIClientPlugin END] Reloading Section: "post-stage/me.shedaniel.rei.plugin.client.runtime.PluginStageExecutionWatcher$1/"
[20:47:41] [REI-ReloadPlugins/TRACE] [REI] [REIClientPlugin END] Reloading Section: "post-stage/me.shedaniel.rei.plugin.client.runtime.PluginStageExecutionWatcher$1/" done in 20.90 μs
[20:47:41] [REI-ReloadPlugins/TRACE] [REI] [REIClientPlugin END] Reloading Section: "post-stage/" done in 5.935 ms
[20:47:41] [REI-ReloadPlugins/DEBUG] [REI] ========================================
[20:47:41] [REI-ReloadPlugins/INFO] [REI] REIClientPlugin finished post-reload for END in 1.045 s, totaling 19.13 s.
[20:47:41] [REI-ReloadPlugins/DEBUG] [REI] ========================================
[20:47:41] [REI-ReloadPlugins/DEBUG] [REI] ========================================
[20:47:41] [REI-ReloadPlugins/DEBUG] [REI] REIServerPlugin starting post-reload for END.
[20:47:41] [REI-ReloadPlugins/DEBUG] [REI] Reloadables (3):
[20:47:41] [REI-ReloadPlugins/DEBUG] [REI]  - MenuInfoRegistryImpl
[20:47:41] [REI-ReloadPlugins/DEBUG] [REI]  - SlotAccessorRegistryImpl
[20:47:41] [REI-ReloadPlugins/DEBUG] [REI]  - me.shedaniel.rei.plugin.client.runtime.PluginStageExecutionWatcher$1
[20:47:41] [REI-ReloadPlugins/DEBUG] [REI] Plugins (2):
[20:47:41] [REI-ReloadPlugins/DEBUG] [REI]  - (-100.00) DefaultPluginImpl of DefaultPluginImpl [roughlyenoughitems]
[20:47:41] [REI-ReloadPlugins/DEBUG] [REI]  - (0.00) DefaultRuntimePlugin of DefaultRuntimePlugin [roughlyenoughitems]
[20:47:41] [REI-ReloadPlugins/DEBUG] [REI] ========================================
[20:47:41] [REI-ReloadPlugins/TRACE] [REI] [REIServerPlugin END] Reloading Section: "post-register/"
[20:47:41] [REI-ReloadPlugins/TRACE] [REI] [REIServerPlugin END] Reloading Section: "post-register/DefaultPluginImpl of DefaultPluginImpl [roughlyenoughitems]/"
[20:47:41] [REI-ReloadPlugins/TRACE] [REI] [REIServerPlugin END] Reloading Section: "post-register/DefaultPluginImpl of DefaultPluginImpl [roughlyenoughitems]/" done in 28.90 μs
[20:47:41] [REI-ReloadPlugins/TRACE] [REI] [REIServerPlugin END] Reloading Section: "post-register/DefaultRuntimePlugin of DefaultRuntimePlugin [roughlyenoughitems]/"
[20:47:41] [REI-ReloadPlugins/TRACE] [REI] [REIServerPlugin END] Reloading Section: "post-register/DefaultRuntimePlugin of DefaultRuntimePlugin [roughlyenoughitems]/" done in 17.10 μs
[20:47:41] [REI-ReloadPlugins/TRACE] [REI] [REIServerPlugin END] Reloading Section: "post-register/" done in 130.4 μs
[20:47:41] [REI-ReloadPlugins/TRACE] [REI] [REIServerPlugin END] Reloading Section: "post-stage/"
[20:47:41] [REI-ReloadPlugins/TRACE] [REI] [REIServerPlugin END] Reloading Section: "post-stage/MenuInfoRegistryImpl/"
[20:47:41] [REI-ReloadPlugins/TRACE] [REI] [REIServerPlugin END] Reloading Section: "post-stage/MenuInfoRegistryImpl/" done in 13.60 μs
[20:47:41] [REI-ReloadPlugins/TRACE] [REI] [REIServerPlugin END] Reloading Section: "post-stage/SlotAccessorRegistryImpl/"
[20:47:41] [REI-ReloadPlugins/TRACE] [REI] [REIServerPlugin END] Reloading Section: "post-stage/SlotAccessorRegistryImpl/" done in 11.50 μs
[20:47:41] [REI-ReloadPlugins/TRACE] [REI] [REIServerPlugin END] Reloading Section: "post-stage/me.shedaniel.rei.plugin.client.runtime.PluginStageExecutionWatcher$1/"
[20:47:41] [REI-ReloadPlugins/TRACE] [REI] [REIServerPlugin END] Reloading Section: "post-stage/me.shedaniel.rei.plugin.client.runtime.PluginStageExecutionWatcher$1/" done in 26.50 μs
[20:47:41] [REI-ReloadPlugins/TRACE] [REI] [REIServerPlugin END] Reloading Section: "post-stage/" done in 116.5 μs
[20:47:41] [REI-ReloadPlugins/DEBUG] [REI] ========================================
[20:47:41] [REI-ReloadPlugins/INFO] [REI] REIServerPlugin finished post-reload for END in 278.0 μs, totaling 14.62 ms.
[20:47:41] [REI-ReloadPlugins/DEBUG] [REI] ========================================
[20:47:59] [Render thread/DEBUG] [REI] Starting Search: "" with 20291 stacks, shouldAsync: true on Render thread
[20:47:59] [Render thread/DEBUG] [REI] Async Search: 51 partitions for ""
[20:47:59] [REI-AsyncSearchManager-1/TRACE] [REI] Search "" Used [Thread[REI-AsyncSearchManager-1,10,main]]: 4.794 ms
[20:47:59] [REI-AsyncSearchManager-1/TRACE] [REI] Search "" Used and Applied [Thread[REI-AsyncSearchManager-1,10,main]]: 36.80 ms
[20:48:36] [Render thread/DEBUG] [REI] Starting Search: "" with 20291 stacks, shouldAsync: true on Render thread
[20:48:36] [Render thread/DEBUG] [REI] Async Search: 51 partitions for ""
[20:48:36] [REI-AsyncSearchManager-1/TRACE] [REI] Search "" Used [Thread[REI-AsyncSearchManager-1,10,main]]: 4.420 ms
[20:48:36] [REI-AsyncSearchManager-1/TRACE] [REI] Search "" Used and Applied [Thread[REI-AsyncSearchManager-1,10,main]]: 46.25 ms
[20:49:24] [Render thread/DEBUG] [REI] Starting Search: "" with 20291 stacks, shouldAsync: true on Render thread
[20:49:24] [Render thread/DEBUG] [REI] Async Search: 51 partitions for ""
[20:49:24] [REI-AsyncSearchManager-0/TRACE] [REI] Search "" Used [Thread[REI-AsyncSearchManager-0,10,main]]: 2.766 ms
[20:49:24] [REI-AsyncSearchManager-0/TRACE] [REI] Search "" Used and Applied [Thread[REI-AsyncSearchManager-0,10,main]]: 58.46 ms
[20:50:21] [Render thread/DEBUG] [REI] Starting Search: "" with 20291 stacks, shouldAsync: true on Render thread
[20:50:21] [Render thread/DEBUG] [REI] Async Search: 51 partitions for ""
[20:50:21] [REI-AsyncSearchManager-0/TRACE] [REI] Search "" Used [Thread[REI-AsyncSearchManager-0,10,main]]: 4.303 ms
[20:50:21] [REI-AsyncSearchManager-0/TRACE] [REI] Search "" Used and Applied [Thread[REI-AsyncSearchManager-0,10,main]]: 63.37 ms
[20:50:25] [Render thread/DEBUG] [REI] Starting Search: "" with 20291 stacks, shouldAsync: true on Render thread
[20:50:25] [Render thread/DEBUG] [REI] Async Search: 51 partitions for ""
[20:50:25] [REI-AsyncSearchManager-2/TRACE] [REI] Search "" Used [Thread[REI-AsyncSearchManager-2,10,main]]: 4.629 ms
[20:50:25] [REI-AsyncSearchManager-2/TRACE] [REI] Search "" Used and Applied [Thread[REI-AsyncSearchManager-2,10,main]]: 55.38 ms
[20:50:32] [Render thread/DEBUG] [REI] Starting Search: "" with 20291 stacks, shouldAsync: true on Render thread
[20:50:32] [Render thread/DEBUG] [REI] Async Search: 51 partitions for ""
[20:50:32] [REI-AsyncSearchManager-1/TRACE] [REI] Search "" Used [Thread[REI-AsyncSearchManager-1,10,main]]: 2.691 ms
[20:50:32] [REI-AsyncSearchManager-1/TRACE] [REI] Search "" Used and Applied [Thread[REI-AsyncSearchManager-1,10,main]]: 74.31 ms
[20:50:44] [Render thread/DEBUG] [REI] Starting Search: "" with 20291 stacks, shouldAsync: true on Render thread
[20:50:44] [Render thread/DEBUG] [REI] Async Search: 51 partitions for ""
[20:50:44] [REI-AsyncSearchManager-1/TRACE] [REI] Search "" Used [Thread[REI-AsyncSearchManager-1,10,main]]: 2.924 ms
[20:50:44] [REI-AsyncSearchManager-1/TRACE] [REI] Search "" Used and Applied [Thread[REI-AsyncSearchManager-1,10,main]]: 45.70 ms
[20:50:46] [Render thread/DEBUG] [REI] Starting Search: "" with 20291 stacks, shouldAsync: true on Render thread
[20:50:46] [Render thread/DEBUG] [REI] Async Search: 51 partitions for ""
[20:50:46] [REI-AsyncSearchManager-2/TRACE] [REI] Search "" Used [Thread[REI-AsyncSearchManager-2,10,main]]: 2.740 ms
[20:50:46] [REI-AsyncSearchManager-2/TRACE] [REI] Search "" Used and Applied [Thread[REI-AsyncSearchManager-2,10,main]]: 57.47 ms
[20:51:16] [Render thread/DEBUG] [REI] Starting Search: "" with 20291 stacks, shouldAsync: true on Render thread
[20:51:16] [Render thread/DEBUG] [REI] Async Search: 51 partitions for ""
[20:51:16] [REI-AsyncSearchManager-0/TRACE] [REI] Search "" Used [Thread[REI-AsyncSearchManager-0,10,main]]: 550.0 μs
[20:51:16] [REI-AsyncSearchManager-0/TRACE] [REI] Search "" Used and Applied [Thread[REI-AsyncSearchManager-0,10,main]]: 38.38 ms
[20:51:23] [Render thread/DEBUG] [REI] Starting Search: "" with 20291 stacks, shouldAsync: true on Render thread
[20:51:23] [Render thread/DEBUG] [REI] Async Search: 51 partitions for ""
[20:51:23] [REI-AsyncSearchManager-1/TRACE] [REI] Search "" Used [Thread[REI-AsyncSearchManager-1,10,main]]: 765.4 μs
[20:51:23] [REI-AsyncSearchManager-1/TRACE] [REI] Search "" Used and Applied [Thread[REI-AsyncSearchManager-1,10,main]]: 47.87 ms
[20:51:42] [Render thread/DEBUG] [REI] Starting Search: "" with 20291 stacks, shouldAsync: true on Render thread
[20:51:42] [Render thread/DEBUG] [REI] Async Search: 51 partitions for ""
[20:51:42] [REI-AsyncSearchManager-0/TRACE] [REI] Search "" Used [Thread[REI-AsyncSearchManager-0,10,main]]: 755.2 μs
[20:51:42] [REI-AsyncSearchManager-0/TRACE] [REI] Search "" Used and Applied [Thread[REI-AsyncSearchManager-0,10,main]]: 51.85 ms
[20:51:46] [Render thread/DEBUG] [REI] Starting Search: "" with 20291 stacks, shouldAsync: true on Render thread
[20:51:46] [Render thread/DEBUG] [REI] Async Search: 51 partitions for ""
[20:51:46] [REI-AsyncSearchManager-0/TRACE] [REI] Search "" Used [Thread[REI-AsyncSearchManager-0,10,main]]: 631.6 μs
[20:51:46] [REI-AsyncSearchManager-0/TRACE] [REI] Search "" Used and Applied [Thread[REI-AsyncSearchManager-0,10,main]]: 35.01 ms
[20:52:08] [Render thread/DEBUG] [REI] Starting Search: "" with 20291 stacks, shouldAsync: true on Render thread
[20:52:08] [Render thread/DEBUG] [REI] Async Search: 51 partitions for ""
[20:52:08] [REI-AsyncSearchManager-2/TRACE] [REI] Search "" Used [Thread[REI-AsyncSearchManager-2,10,main]]: 712.2 μs
[20:52:08] [REI-AsyncSearchManager-2/TRACE] [REI] Search "" Used and Applied [Thread[REI-AsyncSearchManager-2,10,main]]: 50.01 ms
[20:52:21] [Render thread/DEBUG] [REI] Starting Search: "" with 20291 stacks, shouldAsync: true on Render thread
[20:52:21] [Render thread/DEBUG] [REI] Async Search: 51 partitions for ""
[20:52:21] [REI-AsyncSearchManager-0/TRACE] [REI] Search "" Used [Thread[REI-AsyncSearchManager-0,10,main]]: 609.8 μs
[20:52:21] [REI-AsyncSearchManager-0/TRACE] [REI] Search "" Used and Applied [Thread[REI-AsyncSearchManager-0,10,main]]: 57.89 ms
[20:52:49] [Render thread/DEBUG] [REI] Starting Search: "" with 20291 stacks, shouldAsync: true on Render thread
[20:52:49] [Render thread/DEBUG] [REI] Async Search: 51 partitions for ""
[20:52:49] [REI-AsyncSearchManager-0/TRACE] [REI] Search "" Used [Thread[REI-AsyncSearchManager-0,10,main]]: 699.4 μs
[20:52:49] [REI-AsyncSearchManager-0/TRACE] [REI] Search "" Used and Applied [Thread[REI-AsyncSearchManager-0,10,main]]: 48.41 ms
[20:53:09] [Render thread/DEBUG] [REI] Starting Search: "" with 20291 stacks, shouldAsync: true on Render thread
[20:53:09] [Render thread/DEBUG] [REI] Async Search: 51 partitions for ""
[20:53:09] [REI-AsyncSearchManager-1/TRACE] [REI] Search "" Used [Thread[REI-AsyncSearchManager-1,10,main]]: 530.2 μs
[20:53:09] [REI-AsyncSearchManager-1/TRACE] [REI] Search "" Used and Applied [Thread[REI-AsyncSearchManager-1,10,main]]: 41.57 ms
[20:55:31] [Render thread/DEBUG] [REI] Starting Search: "" with 20291 stacks, shouldAsync: true on Render thread
[20:55:31] [Render thread/DEBUG] [REI] Async Search: 51 partitions for ""
[20:55:31] [REI-AsyncSearchManager-3/TRACE] [REI] Search "" Used [Thread[REI-AsyncSearchManager-3,10,main]]: 971.2 μs
[20:55:31] [REI-AsyncSearchManager-3/TRACE] [REI] Search "" Used and Applied [Thread[REI-AsyncSearchManager-3,10,main]]: 48.76 ms
[20:55:42] [Render thread/DEBUG] [REI] Starting Search: "" with 20291 stacks, shouldAsync: true on Render thread
[20:55:42] [Render thread/DEBUG] [REI] Async Search: 51 partitions for ""
[20:55:42] [REI-AsyncSearchManager-4/TRACE] [REI] Search "" Used [Thread[REI-AsyncSearchManager-4,10,main]]: 578.1 μs
[20:55:42] [REI-AsyncSearchManager-4/TRACE] [REI] Search "" Used and Applied [Thread[REI-AsyncSearchManager-4,10,main]]: 42.97 ms
[20:57:10] [Render thread/DEBUG] [REI] Starting Search: "" with 20291 stacks, shouldAsync: true on Render thread
[20:57:10] [Render thread/DEBUG] [REI] Async Search: 51 partitions for ""
[20:57:10] [REI-AsyncSearchManager-0/TRACE] [REI] Search "" Used [Thread[REI-AsyncSearchManager-0,10,main]]: 950.1 μs
[20:57:10] [REI-AsyncSearchManager-0/TRACE] [REI] Search "" Used and Applied [Thread[REI-AsyncSearchManager-0,10,main]]: 47.39 ms
[20:57:17] [Render thread/DEBUG] [REI] Starting Search: "" with 20291 stacks, shouldAsync: true on Render thread
[20:57:17] [Render thread/DEBUG] [REI] Async Search: 51 partitions for ""
[20:57:17] [REI-AsyncSearchManager-5/TRACE] [REI] Search "" Used [Thread[REI-AsyncSearchManager-5,10,main]]: 959.0 μs
[20:57:17] [REI-AsyncSearchManager-5/TRACE] [REI] Search "" Used and Applied [Thread[REI-AsyncSearchManager-5,10,main]]: 32.59 ms
[20:57:59] [Render thread/DEBUG] [REI] Starting Search: "" with 20291 stacks, shouldAsync: true on Render thread
[20:57:59] [Render thread/DEBUG] [REI] Async Search: 51 partitions for ""
[20:57:59] [REI-AsyncSearchManager-3/TRACE] [REI] Search "" Used [Thread[REI-AsyncSearchManager-3,10,main]]: 713.7 μs
[20:57:59] [REI-AsyncSearchManager-3/TRACE] [REI] Search "" Used and Applied [Thread[REI-AsyncSearchManager-3,10,main]]: 47.56 ms
[20:58:13] [Render thread/DEBUG] [REI] Starting Search: "" with 20291 stacks, shouldAsync: true on Render thread
[20:58:13] [Render thread/DEBUG] [REI] Async Search: 51 partitions for ""
[20:58:13] [REI-AsyncSearchManager-0/TRACE] [REI] Search "" Used [Thread[REI-AsyncSearchManager-0,10,main]]: 717.4 μs
[20:58:13] [REI-AsyncSearchManager-0/TRACE] [REI] Search "" Used and Applied [Thread[REI-AsyncSearchManager-0,10,main]]: 40.58 ms
[20:58:56] [Render thread/DEBUG] [REI] Starting Search: "" with 20291 stacks, shouldAsync: true on Render thread
[20:58:56] [Render thread/DEBUG] [REI] Async Search: 51 partitions for ""
[20:58:56] [REI-AsyncSearchManager-0/TRACE] [REI] Search "" Used [Thread[REI-AsyncSearchManager-0,10,main]]: 620.7 μs
[20:58:56] [REI-AsyncSearchManager-0/TRACE] [REI] Search "" Used and Applied [Thread[REI-AsyncSearchManager-0,10,main]]: 34.98 ms
[20:59:53] [Render thread/DEBUG] [REI] Starting Search: "" with 20291 stacks, shouldAsync: true on Render thread
[20:59:53] [Render thread/DEBUG] [REI] Async Search: 51 partitions for ""
[20:59:53] [REI-AsyncSearchManager-3/TRACE] [REI] Search "" Used [Thread[REI-AsyncSearchManager-3,10,main]]: 792.0 μs
[20:59:53] [REI-AsyncSearchManager-3/TRACE] [REI] Search "" Used and Applied [Thread[REI-AsyncSearchManager-3,10,main]]: 35.47 ms
[21:00:50] [Render thread/DEBUG] [REI] Starting Search: "" with 20291 stacks, shouldAsync: true on Render thread
[21:00:50] [Render thread/DEBUG] [REI] Async Search: 51 partitions for ""
[21:00:50] [REI-AsyncSearchManager-0/TRACE] [REI] Search "" Used [Thread[REI-AsyncSearchManager-0,10,main]]: 513.9 μs
[21:00:51] [REI-AsyncSearchManager-0/TRACE] [REI] Search "" Used and Applied [Thread[REI-AsyncSearchManager-0,10,main]]: 49.41 ms
[21:01:08] [Render thread/DEBUG] [REI] Starting Search: "" with 20291 stacks, shouldAsync: true on Render thread
[21:01:08] [Render thread/DEBUG] [REI] Async Search: 51 partitions for ""
[21:01:08] [REI-AsyncSearchManager-5/TRACE] [REI] Search "" Used [Thread[REI-AsyncSearchManager-5,10,main]]: 565.9 μs
[21:01:08] [REI-AsyncSearchManager-5/TRACE] [REI] Search "" Used and Applied [Thread[REI-AsyncSearchManager-5,10,main]]: 50.75 ms
[21:06:25] [Render thread/DEBUG] [REI] Starting Search: "" with 20291 stacks, shouldAsync: true on Render thread
[21:06:25] [Render thread/DEBUG] [REI] Async Search: 51 partitions for ""
[21:06:25] [REI-AsyncSearchManager-7/TRACE] [REI] Search "" Used [Thread[REI-AsyncSearchManager-7,10,main]]: 1.076 ms
[21:06:25] [REI-AsyncSearchManager-7/TRACE] [REI] Search "" Used and Applied [Thread[REI-AsyncSearchManager-7,10,main]]: 49.05 ms
[21:07:13] [Render thread/DEBUG] [REI] Starting Search: "" with 20291 stacks, shouldAsync: true on Render thread
[21:07:13] [Render thread/DEBUG] [REI] Async Search: 51 partitions for ""
[21:07:13] [REI-AsyncSearchManager-8/TRACE] [REI] Search "" Used [Thread[REI-AsyncSearchManager-8,10,main]]: 526.1 μs
[21:07:13] [REI-AsyncSearchManager-8/TRACE] [REI] Search "" Used and Applied [Thread[REI-AsyncSearchManager-8,10,main]]: 40.26 ms
[21:07:38] [Render thread/DEBUG] [REI] Starting Search: "" with 20291 stacks, shouldAsync: true on Render thread
[21:07:38] [Render thread/DEBUG] [REI] Async Search: 51 partitions for ""
[21:07:38] [REI-AsyncSearchManager-8/TRACE] [REI] Search "" Used [Thread[REI-AsyncSearchManager-8,10,main]]: 1.283 ms
[21:07:38] [REI-AsyncSearchManager-8/TRACE] [REI] Search "" Used and Applied [Thread[REI-AsyncSearchManager-8,10,main]]: 48.80 ms
[21:07:50] [Render thread/DEBUG] [REI] Starting Search: "" with 20291 stacks, shouldAsync: true on Render thread
[21:07:50] [Render thread/DEBUG] [REI] Async Search: 51 partitions for ""
[21:07:50] [REI-AsyncSearchManager-8/TRACE] [REI] Search "" Used [Thread[REI-AsyncSearchManager-8,10,main]]: 802.2 μs
[21:07:50] [REI-AsyncSearchManager-8/TRACE] [REI] Search "" Used and Applied [Thread[REI-AsyncSearchManager-8,10,main]]: 37.45 ms
[21:08:04] [Render thread/DEBUG] [REI] Starting Search: "" with 20291 stacks, shouldAsync: true on Render thread
[21:08:04] [Render thread/DEBUG] [REI] Async Search: 51 partitions for ""
[21:08:04] [REI-AsyncSearchManager-8/TRACE] [REI] Search "" Used [Thread[REI-AsyncSearchManager-8,10,main]]: 624.8 μs
[21:08:04] [REI-AsyncSearchManager-8/TRACE] [REI] Search "" Used and Applied [Thread[REI-AsyncSearchManager-8,10,main]]: 25.78 ms
[21:08:13] [Render thread/DEBUG] [REI] Starting Search: "" with 20291 stacks, shouldAsync: true on Render thread
[21:08:13] [Render thread/DEBUG] [REI] Async Search: 51 partitions for ""
[21:08:13] [REI-AsyncSearchManager-6/TRACE] [REI] Search "" Used [Thread[REI-AsyncSearchManager-6,10,main]]: 486.3 μs
[21:08:13] [REI-AsyncSearchManager-6/TRACE] [REI] Search "" Used and Applied [Thread[REI-AsyncSearchManager-6,10,main]]: 49.18 ms
[21:08:32] [Render thread/TRACE] [REI] Built Recipe View in 1.117 s for 0 categories, 1 recipes for, 0 usages for and 3 live recipe generators.
[21:08:32] [Render thread/DEBUG] [REI] Starting Search: "" with 20291 stacks, shouldAsync: true on Render thread
[21:08:32] [Render thread/DEBUG] [REI] Async Search: 51 partitions for ""
[21:08:32] [REI-AsyncSearchManager-8/TRACE] [REI] Search "" Used [Thread[REI-AsyncSearchManager-8,10,main]]: 609.0 μs
[21:08:32] [REI-AsyncSearchManager-8/TRACE] [REI] Search "" Used and Applied [Thread[REI-AsyncSearchManager-8,10,main]]: 64.77 ms
[21:08:33] [Render thread/DEBUG] [REI] Starting Search: "" with 20291 stacks, shouldAsync: true on Render thread
[21:08:33] [Render thread/DEBUG] [REI] Async Search: 51 partitions for ""
[21:08:33] [REI-AsyncSearchManager-6/TRACE] [REI] Search "" Used [Thread[REI-AsyncSearchManager-6,10,main]]: 745.1 μs
[21:08:33] [REI-AsyncSearchManager-6/TRACE] [REI] Search "" Used and Applied [Thread[REI-AsyncSearchManager-6,10,main]]: 36.53 ms
[21:09:58] [Render thread/DEBUG] [REI] Starting Search: "" with 20291 stacks, shouldAsync: true on Render thread
[21:09:58] [Render thread/DEBUG] [REI] Async Search: 51 partitions for ""
[21:09:58] [REI-AsyncSearchManager-7/TRACE] [REI] Search "" Used [Thread[REI-AsyncSearchManager-7,10,main]]: 929.1 μs
[21:09:58] [REI-AsyncSearchManager-7/TRACE] [REI] Search "" Used and Applied [Thread[REI-AsyncSearchManager-7,10,main]]: 63.31 ms
[21:10:00] [Render thread/DEBUG] [REI] Starting Search: "" with 20291 stacks, shouldAsync: true on Render thread
[21:10:00] [Render thread/DEBUG] [REI] Async Search: 51 partitions for ""
[21:10:00] [REI-AsyncSearchManager-7/TRACE] [REI] Search "" Used [Thread[REI-AsyncSearchManager-7,10,main]]: 625.3 μs
[21:10:00] [REI-AsyncSearchManager-7/TRACE] [REI] Search "" Used and Applied [Thread[REI-AsyncSearchManager-7,10,main]]: 45.19 ms
[21:11:16] [Render thread/DEBUG] [REI] Starting Search: "" with 20291 stacks, shouldAsync: true on Render thread
[21:11:16] [Render thread/DEBUG] [REI] Async Search: 51 partitions for ""
[21:11:16] [REI-AsyncSearchManager-8/TRACE] [REI] Search "" Used [Thread[REI-AsyncSearchManager-8,10,main]]: 805.7 μs
[21:11:16] [REI-AsyncSearchManager-8/TRACE] [REI] Search "" Used and Applied [Thread[REI-AsyncSearchManager-8,10,main]]: 47.16 ms
[21:11:35] [Render thread/DEBUG] [REI] Starting Search: "" with 20291 stacks, shouldAsync: true on Render thread
[21:11:35] [Render thread/DEBUG] [REI] Async Search: 51 partitions for ""
[21:11:35] [REI-AsyncSearchManager-8/TRACE] [REI] Search "" Used [Thread[REI-AsyncSearchManager-8,10,main]]: 522.7 μs
[21:11:35] [REI-AsyncSearchManager-8/TRACE] [REI] Search "" Used and Applied [Thread[REI-AsyncSearchManager-8,10,main]]: 41.97 ms
[21:12:02] [Render thread/DEBUG] [REI] Starting Search: "" with 20291 stacks, shouldAsync: true on Render thread
[21:12:02] [Render thread/DEBUG] [REI] Async Search: 51 partitions for ""
[21:12:02] [REI-AsyncSearchManager-8/TRACE] [REI] Search "" Used [Thread[REI-AsyncSearchManager-8,10,main]]: 605.3 μs
[21:12:02] [REI-AsyncSearchManager-8/TRACE] [REI] Search "" Used and Applied [Thread[REI-AsyncSearchManager-8,10,main]]: 26.96 ms
[21:13:01] [Render thread/DEBUG] [REI] Starting Search: "" with 20291 stacks, shouldAsync: true on Render thread
[21:13:01] [Render thread/DEBUG] [REI] Async Search: 51 partitions for ""
[21:13:01] [REI-AsyncSearchManager-8/TRACE] [REI] Search "" Used [Thread[REI-AsyncSearchManager-8,10,main]]: 962.1 μs
[21:13:01] [REI-AsyncSearchManager-8/TRACE] [REI] Search "" Used and Applied [Thread[REI-AsyncSearchManager-8,10,main]]: 79.36 ms
[21:15:46] [Render thread/DEBUG] [REI] Starting Search: "" with 20291 stacks, shouldAsync: true on Render thread
[21:15:46] [Render thread/DEBUG] [REI] Async Search: 51 partitions for ""
[21:15:46] [REI-AsyncSearchManager-11/TRACE] [REI] Search "" Used [Thread[REI-AsyncSearchManager-11,10,main]]: 1.360 ms
[21:15:46] [REI-AsyncSearchManager-11/TRACE] [REI] Search "" Used and Applied [Thread[REI-AsyncSearchManager-11,10,main]]: 29.66 ms
[21:16:39] [Render thread/DEBUG] [REI] Starting Search: "" with 20291 stacks, shouldAsync: true on Render thread
[21:16:39] [Render thread/DEBUG] [REI] Async Search: 51 partitions for ""
[21:16:39] [REI-AsyncSearchManager-10/TRACE] [REI] Search "" Used [Thread[REI-AsyncSearchManager-10,10,main]]: 705.1 μs
[21:16:39] [REI-AsyncSearchManager-10/TRACE] [REI] Search "" Used and Applied [Thread[REI-AsyncSearchManager-10,10,main]]: 46.71 ms
[21:17:06] [Render thread/DEBUG] [REI] Starting Search: "" with 20291 stacks, shouldAsync: true on Render thread
[21:17:06] [Render thread/DEBUG] [REI] Async Search: 51 partitions for ""
[21:17:06] [REI-AsyncSearchManager-11/TRACE] [REI] Search "" Used [Thread[REI-AsyncSearchManager-11,10,main]]: 717.7 μs
[21:17:06] [REI-AsyncSearchManager-11/TRACE] [REI] Search "" Used and Applied [Thread[REI-AsyncSearchManager-11,10,main]]: 35.51 ms
[21:17:35] [Render thread/DEBUG] [REI] Starting Search: "" with 20291 stacks, shouldAsync: true on Render thread
[21:17:35] [Render thread/DEBUG] [REI] Async Search: 51 partitions for ""
[21:17:35] [REI-AsyncSearchManager-12/TRACE] [REI] Search "" Used [Thread[REI-AsyncSearchManager-12,10,main]]: 795.6 μs
[21:17:35] [REI-AsyncSearchManager-12/TRACE] [REI] Search "" Used and Applied [Thread[REI-AsyncSearchManager-12,10,main]]: 41.48 ms
[21:17:43] [Render thread/DEBUG] [REI] Starting Search: "" with 20291 stacks, shouldAsync: true on Render thread
[21:17:43] [Render thread/DEBUG] [REI] Async Search: 51 partitions for ""
[21:17:43] [REI-AsyncSearchManager-11/TRACE] [REI] Search "" Used [Thread[REI-AsyncSearchManager-11,10,main]]: 625.1 μs
[21:17:43] [REI-AsyncSearchManager-11/TRACE] [REI] Search "" Used and Applied [Thread[REI-AsyncSearchManager-11,10,main]]: 32.93 ms
[21:18:53] [Render thread/DEBUG] [REI] Starting Search: "" with 20291 stacks, shouldAsync: true on Render thread
[21:18:53] [Render thread/DEBUG] [REI] Async Search: 51 partitions for ""
[21:18:53] [REI-AsyncSearchManager-12/TRACE] [REI] Search "" Used [Thread[REI-AsyncSearchManager-12,10,main]]: 943.6 μs
[21:18:53] [REI-AsyncSearchManager-12/TRACE] [REI] Search "" Used and Applied [Thread[REI-AsyncSearchManager-12,10,main]]: 49.50 ms
[21:18:58] [Render thread/DEBUG] [REI] Starting Search: "" with 20291 stacks, shouldAsync: true on Render thread
[21:18:58] [Render thread/DEBUG] [REI] Async Search: 51 partitions for ""
[21:18:58] [REI-AsyncSearchManager-13/TRACE] [REI] Search "" Used [Thread[REI-AsyncSearchManager-13,10,main]]: 660.3 μs
[21:18:58] [REI-AsyncSearchManager-13/TRACE] [REI] Search "" Used and Applied [Thread[REI-AsyncSearchManager-13,10,main]]: 27.55 ms
[21:20:26] [Render thread/DEBUG] [REI] Starting Search: "" with 20291 stacks, shouldAsync: true on Render thread
[21:20:26] [Render thread/DEBUG] [REI] Async Search: 51 partitions for ""
[21:20:26] [REI-AsyncSearchManager-10/TRACE] [REI] Search "" Used [Thread[REI-AsyncSearchManager-10,10,main]]: 806.2 μs
[21:20:26] [REI-AsyncSearchManager-10/TRACE] [REI] Search "" Used and Applied [Thread[REI-AsyncSearchManager-10,10,main]]: 49.61 ms
[21:21:12] [Render thread/DEBUG] [REI] Starting Search: "" with 20291 stacks, shouldAsync: true on Render thread
[21:21:12] [Render thread/DEBUG] [REI] Async Search: 51 partitions for ""
[21:21:12] [REI-AsyncSearchManager-10/TRACE] [REI] Search "" Used [Thread[REI-AsyncSearchManager-10,10,main]]: 898.3 μs
[21:21:12] [REI-AsyncSearchManager-10/TRACE] [REI] Search "" Used and Applied [Thread[REI-AsyncSearchManager-10,10,main]]: 35.61 ms
[21:21:24] [Render thread/DEBUG] [REI] Starting Search: "" with 20291 stacks, shouldAsync: true on Render thread
[21:21:24] [Render thread/DEBUG] [REI] Async Search: 51 partitions for ""
[21:21:24] [REI-AsyncSearchManager-12/TRACE] [REI] Search "" Used [Thread[REI-AsyncSearchManager-12,10,main]]: 672.0 μs
[21:21:24] [REI-AsyncSearchManager-12/TRACE] [REI] Search "" Used and Applied [Thread[REI-AsyncSearchManager-12,10,main]]: 48.54 ms
[21:21:29] [Render thread/DEBUG] [REI] Starting Search: "" with 20291 stacks, shouldAsync: true on Render thread
[21:21:29] [Render thread/DEBUG] [REI] Async Search: 51 partitions for ""
[21:21:29] [REI-AsyncSearchManager-14/TRACE] [REI] Search "" Used [Thread[REI-AsyncSearchManager-14,10,main]]: 813.2 μs
[21:21:29] [REI-AsyncSearchManager-14/TRACE] [REI] Search "" Used and Applied [Thread[REI-AsyncSearchManager-14,10,main]]: 37.97 ms
[21:21:37] [Render thread/DEBUG] [REI] Starting Search: "" with 20291 stacks, shouldAsync: true on Render thread
[21:21:37] [Render thread/DEBUG] [REI] Async Search: 51 partitions for ""
[21:21:37] [REI-AsyncSearchManager-14/TRACE] [REI] Search "" Used [Thread[REI-AsyncSearchManager-14,10,main]]: 975.1 μs
[21:21:37] [REI-AsyncSearchManager-14/TRACE] [REI] Search "" Used and Applied [Thread[REI-AsyncSearchManager-14,10,main]]: 33.76 ms
[21:21:42] [Render thread/DEBUG] [REI] Starting Search: "" with 20291 stacks, shouldAsync: true on Render thread
[21:21:42] [Render thread/DEBUG] [REI] Async Search: 51 partitions for ""
[21:21:42] [REI-AsyncSearchManager-12/TRACE] [REI] Search "" Used [Thread[REI-AsyncSearchManager-12,10,main]]: 708.8 μs
[21:21:42] [REI-AsyncSearchManager-12/TRACE] [REI] Search "" Used and Applied [Thread[REI-AsyncSearchManager-12,10,main]]: 34.96 ms
[21:21:51] [Render thread/DEBUG] [REI] Starting Search: "" with 20291 stacks, shouldAsync: true on Render thread
[21:21:51] [Render thread/DEBUG] [REI] Async Search: 51 partitions for ""
[21:21:51] [REI-AsyncSearchManager-14/TRACE] [REI] Search "" Used [Thread[REI-AsyncSearchManager-14,10,main]]: 869.2 μs
[21:21:51] [REI-AsyncSearchManager-14/TRACE] [REI] Search "" Used and Applied [Thread[REI-AsyncSearchManager-14,10,main]]: 53.40 ms
[21:21:54] [Render thread/DEBUG] [REI] Starting Search: "" with 20291 stacks, shouldAsync: true on Render thread
[21:21:54] [Render thread/DEBUG] [REI] Async Search: 51 partitions for ""
[21:21:54] [REI-AsyncSearchManager-10/TRACE] [REI] Search "" Used [Thread[REI-AsyncSearchManager-10,10,main]]: 566.1 μs
[21:21:54] [REI-AsyncSearchManager-10/TRACE] [REI] Search "" Used and Applied [Thread[REI-AsyncSearchManager-10,10,main]]: 34.43 ms
[21:21:56] [Render thread/DEBUG] [REI] Starting Search: "" with 20291 stacks, shouldAsync: true on Render thread
[21:21:56] [Render thread/DEBUG] [REI] Async Search: 51 partitions for ""
[21:21:56] [REI-AsyncSearchManager-14/TRACE] [REI] Search "" Used [Thread[REI-AsyncSearchManager-14,10,main]]: 594.3 μs
[21:21:56] [REI-AsyncSearchManager-14/TRACE] [REI] Search "" Used and Applied [Thread[REI-AsyncSearchManager-14,10,main]]: 31.92 ms
[21:22:28] [Render thread/DEBUG] [REI] Starting Search: "" with 20291 stacks, shouldAsync: true on Render thread
[21:22:28] [Render thread/DEBUG] [REI] Async Search: 51 partitions for ""
[21:22:28] [REI-AsyncSearchManager-14/TRACE] [REI] Search "" Used [Thread[REI-AsyncSearchManager-14,10,main]]: 929.3 μs
[21:22:28] [REI-AsyncSearchManager-14/TRACE] [REI] Search "" Used and Applied [Thread[REI-AsyncSearchManager-14,10,main]]: 92.67 ms
[21:23:06] [Render thread/DEBUG] [REI] Starting Search: "" with 20291 stacks, shouldAsync: true on Render thread
[21:23:06] [Render thread/DEBUG] [REI] Async Search: 51 partitions for ""
[21:23:06] [REI-AsyncSearchManager-10/TRACE] [REI] Search "" Used [Thread[REI-AsyncSearchManager-10,10,main]]: 646.7 μs
[21:23:06] [REI-AsyncSearchManager-10/TRACE] [REI] Search "" Used and Applied [Thread[REI-AsyncSearchManager-10,10,main]]: 48.46 ms
[21:23:11] [Render thread/DEBUG] [REI] Starting Search: "" with 20291 stacks, shouldAsync: true on Render thread
[21:23:11] [Render thread/DEBUG] [REI] Async Search: 51 partitions for ""
[21:23:11] [REI-AsyncSearchManager-12/TRACE] [REI] Search "" Used [Thread[REI-AsyncSearchManager-12,10,main]]: 608.6 μs
[21:23:11] [REI-AsyncSearchManager-12/TRACE] [REI] Search "" Used and Applied [Thread[REI-AsyncSearchManager-12,10,main]]: 40.30 ms
[21:23:41] [Render thread/DEBUG] [REI] Starting Search: "" with 20291 stacks, shouldAsync: true on Render thread
[21:23:41] [Render thread/DEBUG] [REI] Async Search: 51 partitions for ""
[21:23:41] [REI-AsyncSearchManager-12/TRACE] [REI] Search "" Used [Thread[REI-AsyncSearchManager-12,10,main]]: 570.0 μs
[21:23:41] [REI-AsyncSearchManager-12/TRACE] [REI] Search "" Used and Applied [Thread[REI-AsyncSearchManager-12,10,main]]: 49.58 ms
[21:23:44] [Render thread/DEBUG] [REI] Starting Search: "" with 20291 stacks, shouldAsync: true on Render thread
[21:23:44] [Render thread/DEBUG] [REI] Async Search: 51 partitions for ""
[21:23:44] [REI-AsyncSearchManager-10/TRACE] [REI] Search "" Used [Thread[REI-AsyncSearchManager-10,10,main]]: 2.030 ms
[21:23:44] [REI-AsyncSearchManager-10/TRACE] [REI] Search "" Used and Applied [Thread[REI-AsyncSearchManager-10,10,main]]: 48.10 ms
[21:23:52] [Render thread/DEBUG] [REI] Starting Search: "" with 20291 stacks, shouldAsync: true on Render thread
[21:23:52] [Render thread/DEBUG] [REI] Async Search: 51 partitions for ""
[21:23:52] [REI-AsyncSearchManager-14/TRACE] [REI] Search "" Used [Thread[REI-AsyncSearchManager-14,10,main]]: 630.0 μs
[21:23:52] [REI-AsyncSearchManager-14/TRACE] [REI] Search "" Used and Applied [Thread[REI-AsyncSearchManager-14,10,main]]: 38.20 ms
[21:23:54] [Render thread/DEBUG] [REI] Starting Search: "" with 20291 stacks, shouldAsync: true on Render thread
[21:23:54] [Render thread/DEBUG] [REI] Async Search: 51 partitions for ""
[21:23:54] [REI-AsyncSearchManager-12/TRACE] [REI] Search "" Used [Thread[REI-AsyncSearchManager-12,10,main]]: 614.0 μs
[21:23:54] [REI-AsyncSearchManager-12/TRACE] [REI] Search "" Used and Applied [Thread[REI-AsyncSearchManager-12,10,main]]: 57.72 ms
[21:25:11] [Render thread/DEBUG] [REI] Starting Search: "" with 20291 stacks, shouldAsync: true on Render thread
[21:25:11] [Render thread/DEBUG] [REI] Async Search: 51 partitions for ""
[21:25:11] [REI-AsyncSearchManager-10/TRACE] [REI] Search "" Used [Thread[REI-AsyncSearchManager-10,10,main]]: 691.0 μs
[21:25:11] [REI-AsyncSearchManager-10/TRACE] [REI] Search "" Used and Applied [Thread[REI-AsyncSearchManager-10,10,main]]: 55.08 ms
[21:25:51] [Render thread/DEBUG] [REI] Starting Search: "" with 20291 stacks, shouldAsync: true on Render thread
[21:25:51] [Render thread/DEBUG] [REI] Async Search: 51 partitions for ""
[21:25:51] [REI-AsyncSearchManager-14/TRACE] [REI] Search "" Used [Thread[REI-AsyncSearchManager-14,10,main]]: 693.3 μs
[21:25:51] [REI-AsyncSearchManager-14/TRACE] [REI] Search "" Used and Applied [Thread[REI-AsyncSearchManager-14,10,main]]: 32.08 ms
[21:26:20] [Render thread/DEBUG] [REI] Starting Search: "" with 20291 stacks, shouldAsync: true on Render thread
[21:26:20] [Render thread/DEBUG] [REI] Async Search: 51 partitions for ""
[21:26:20] [REI-AsyncSearchManager-10/TRACE] [REI] Search "" Used [Thread[REI-AsyncSearchManager-10,10,main]]: 447.1 μs
[21:26:21] [REI-AsyncSearchManager-10/TRACE] [REI] Search "" Used and Applied [Thread[REI-AsyncSearchManager-10,10,main]]: 54.53 ms
[21:26:38] [Render thread/DEBUG] [REI] Starting Search: "" with 20291 stacks, shouldAsync: true on Render thread
[21:26:38] [Render thread/DEBUG] [REI] Async Search: 51 partitions for ""
[21:26:38] [REI-AsyncSearchManager-14/TRACE] [REI] Search "" Used [Thread[REI-AsyncSearchManager-14,10,main]]: 566.3 μs
[21:26:38] [REI-AsyncSearchManager-14/TRACE] [REI] Search "" Used and Applied [Thread[REI-AsyncSearchManager-14,10,main]]: 29.77 ms
[21:26:48] [Render thread/DEBUG] [REI] Starting Search: "" with 20291 stacks, shouldAsync: true on Render thread
[21:26:48] [Render thread/DEBUG] [REI] Async Search: 51 partitions for ""
[21:26:48] [REI-AsyncSearchManager-10/TRACE] [REI] Search "" Used [Thread[REI-AsyncSearchManager-10,10,main]]: 838.6 μs
[21:26:48] [REI-AsyncSearchManager-10/TRACE] [REI] Search "" Used and Applied [Thread[REI-AsyncSearchManager-10,10,main]]: 31.76 ms
[21:27:03] [Render thread/DEBUG] [REI] Starting Search: "" with 20291 stacks, shouldAsync: true on Render thread
[21:27:03] [Render thread/DEBUG] [REI] Async Search: 51 partitions for ""
[21:27:03] [REI-AsyncSearchManager-10/TRACE] [REI] Search "" Used [Thread[REI-AsyncSearchManager-10,10,main]]: 489.7 μs
[21:27:03] [REI-AsyncSearchManager-10/TRACE] [REI] Search "" Used and Applied [Thread[REI-AsyncSearchManager-10,10,main]]: 50.89 ms
[21:29:55] [Render thread/DEBUG] [REI] Starting Search: "" with 20291 stacks, shouldAsync: true on Render thread
[21:29:55] [Render thread/DEBUG] [REI] Async Search: 51 partitions for ""
[21:29:55] [REI-AsyncSearchManager-15/TRACE] [REI] Search "" Used [Thread[REI-AsyncSearchManager-15,10,main]]: 1.334 ms
[21:29:55] [REI-AsyncSearchManager-15/TRACE] [REI] Search "" Used and Applied [Thread[REI-AsyncSearchManager-15,10,main]]: 39.54 ms
[21:30:04] [Render thread/DEBUG] [REI] Starting Search: "" with 20291 stacks, shouldAsync: true on Render thread
[21:30:04] [Render thread/DEBUG] [REI] Async Search: 51 partitions for ""
[21:30:04] [REI-AsyncSearchManager-17/TRACE] [REI] Search "" Used [Thread[REI-AsyncSearchManager-17,10,main]]: 878.6 μs
[21:30:04] [REI-AsyncSearchManager-17/TRACE] [REI] Search "" Used and Applied [Thread[REI-AsyncSearchManager-17,10,main]]: 34.99 ms
[21:31:00] [Render thread/DEBUG] [REI] Starting Search: "" with 20291 stacks, shouldAsync: true on Render thread
[21:31:00] [Render thread/DEBUG] [REI] Async Search: 51 partitions for ""
[21:31:00] [REI-AsyncSearchManager-15/TRACE] [REI] Search "" Used [Thread[REI-AsyncSearchManager-15,10,main]]: 786.0 μs
[21:31:00] [REI-AsyncSearchManager-15/TRACE] [REI] Search "" Used and Applied [Thread[REI-AsyncSearchManager-15,10,main]]: 35.65 ms
[21:31:49] [Render thread/DEBUG] [REI] Starting Search: "" with 20291 stacks, shouldAsync: true on Render thread
[21:31:49] [Render thread/DEBUG] [REI] Async Search: 51 partitions for ""
[21:31:49] [REI-AsyncSearchManager-15/TRACE] [REI] Search "" Used [Thread[REI-AsyncSearchManager-15,10,main]]: 4.543 ms
[21:31:49] [REI-AsyncSearchManager-15/TRACE] [REI] Search "" Used and Applied [Thread[REI-AsyncSearchManager-15,10,main]]: 59.48 ms
[21:32:46] [Render thread/DEBUG] [REI] Starting Search: "" with 20291 stacks, shouldAsync: true on Render thread
[21:32:46] [Render thread/DEBUG] [REI] Async Search: 51 partitions for ""
[21:32:46] [REI-AsyncSearchManager-15/TRACE] [REI] Search "" Used [Thread[REI-AsyncSearchManager-15,10,main]]: 558.7 μs
[21:32:46] [REI-AsyncSearchManager-15/TRACE] [REI] Search "" Used and Applied [Thread[REI-AsyncSearchManager-15,10,main]]: 38.02 ms
[21:32:55] [Render thread/DEBUG] [REI] Starting Search: "" with 20291 stacks, shouldAsync: true on Render thread
[21:32:55] [Render thread/DEBUG] [REI] Async Search: 51 partitions for ""
[21:32:55] [REI-AsyncSearchManager-17/TRACE] [REI] Search "" Used [Thread[REI-AsyncSearchManager-17,10,main]]: 1.367 ms
[21:32:55] [REI-AsyncSearchManager-17/TRACE] [REI] Search "" Used and Applied [Thread[REI-AsyncSearchManager-17,10,main]]: 46.33 ms
[21:33:02] [Render thread/DEBUG] [REI] Starting Search: "" with 20291 stacks, shouldAsync: true on Render thread
[21:33:02] [Render thread/DEBUG] [REI] Async Search: 51 partitions for ""
[21:33:02] [REI-AsyncSearchManager-17/TRACE] [REI] Search "" Used [Thread[REI-AsyncSearchManager-17,10,main]]: 605.6 μs
[21:33:02] [REI-AsyncSearchManager-17/TRACE] [REI] Search "" Used and Applied [Thread[REI-AsyncSearchManager-17,10,main]]: 38.51 ms
[21:33:07] [Render thread/DEBUG] [REI] Starting Search: "" with 20291 stacks, shouldAsync: true on Render thread
[21:33:07] [Render thread/DEBUG] [REI] Async Search: 51 partitions for ""
[21:33:07] [REI-AsyncSearchManager-17/TRACE] [REI] Search "" Used [Thread[REI-AsyncSearchManager-17,10,main]]: 576.3 μs
[21:33:07] [REI-AsyncSearchManager-17/TRACE] [REI] Search "" Used and Applied [Thread[REI-AsyncSearchManager-17,10,main]]: 51.63 ms
[21:33:34] [Render thread/DEBUG] [REI] Starting Search: "" with 20291 stacks, shouldAsync: true on Render thread
[21:33:34] [Render thread/DEBUG] [REI] Async Search: 51 partitions for ""
[21:33:34] [REI-AsyncSearchManager-16/TRACE] [REI] Search "" Used [Thread[REI-AsyncSearchManager-16,10,main]]: 530.5 μs
[21:33:34] [REI-AsyncSearchManager-16/TRACE] [REI] Search "" Used and Applied [Thread[REI-AsyncSearchManager-16,10,main]]: 54.94 ms
[21:33:43] [Render thread/DEBUG] [REI] Starting Search: "" with 20291 stacks, shouldAsync: true on Render thread
[21:33:43] [Render thread/DEBUG] [REI] Async Search: 51 partitions for ""
[21:33:43] [REI-AsyncSearchManager-16/TRACE] [REI] Search "" Used [Thread[REI-AsyncSearchManager-16,10,main]]: 2.163 ms
[21:33:43] [REI-AsyncSearchManager-16/TRACE] [REI] Search "" Used and Applied [Thread[REI-AsyncSearchManager-16,10,main]]: 43.36 ms
[21:34:19] [Render thread/DEBUG] [REI] Starting Search: "" with 20291 stacks, shouldAsync: true on Render thread
[21:34:19] [Render thread/DEBUG] [REI] Async Search: 51 partitions for ""
[21:34:19] [REI-AsyncSearchManager-15/TRACE] [REI] Search "" Used [Thread[REI-AsyncSearchManager-15,10,main]]: 836.8 μs
[21:34:19] [REI-AsyncSearchManager-15/TRACE] [REI] Search "" Used and Applied [Thread[REI-AsyncSearchManager-15,10,main]]: 56.08 ms
[23:25:48] [Render thread/DEBUG] [REI] Starting Search: "" with 20291 stacks, shouldAsync: true on Render thread
[23:25:48] [Render thread/DEBUG] [REI] Async Search: 51 partitions for ""
[23:25:48] [REI-AsyncSearchManager-18/TRACE] [REI] Search "" Used [Thread[REI-AsyncSearchManager-18,10,main]]: 1.569 ms
[23:25:48] [REI-AsyncSearchManager-18/TRACE] [REI] Search "" Used and Applied [Thread[REI-AsyncSearchManager-18,10,main]]: 40.19 ms
[23:26:28] [Render thread/DEBUG] [REI] Player quit, clearing reload tasks!
[23:26:28] [Render thread/DEBUG] [REI] Did not fulfill the request of termination of REI reload tasks because there are no uninterrupted running tasks. This is not an error.
[23:26:35] [Render thread/DEBUG] [REI] Player quit, clearing reload tasks!
[23:26:35] [Render thread/DEBUG] [REI] Did not fulfill the request of termination of REI reload tasks because there are no uninterrupted running tasks. This is not an error.
